TEAM_ID,TEAM_NAME,GP,W_PCT,MIN,OFF_RATING,DEF_RATING,NET_RATING,AST_PCT,AST_TO,AST_RATIO,OREB_PCT,DREB_PCT,REB_PCT,TM_TOV_PCT,EFG_PCT,TS_PCT,PACE,POSS,PIE,GP_RANK,W_PCT_RANK,MIN_RANK,OFF_RATING_RANK,DEF_RATING_RANK,NET_RATING_RANK,AST_PCT_RANK,AST_TO_RANK,AST_RATIO_RANK,OREB_PCT_RANK,DREB_PCT_RANK,REB_PCT_RANK,TM_TOV_PCT_RANK,EFG_PCT_RANK,TS_PCT_RANK,PACE_RANK,PIE_RANK,SEASON,SEASON_START_YEAR,TEAM_SUCCESS_GROUP,SHOOTING_EFFICIENCY_GAP,REB_PCT_BALANCE,PACE_ADJ_NET_RATING,POSSESSION_CONTROL_INDEX,TEAM_SUCCESS_GROUP_ENCODED,FGM,FGA,FG_PCT,FG3M,FG3A,FG3_PCT,FTM,FTA,FT_PCT,OREB,DREB,REB,AST,TOV,STL,BLK,BLKA,PF,PFD,PTS,PLUS_MINUS,FGM_RANK,FGA_RANK,FG_PCT_RANK,FG3M_RANK,FG3A_RANK,FG3_PCT_RANK,FTM_RANK,FTA_RANK,FT_PCT_RANK,OREB_RANK,DREB_RANK,REB_RANK,AST_RANK,TOV_RANK,STL_RANK,BLK_RANK,BLKA_RANK,PF_RANK,PFD_RANK,PTS_RANK,PLUS_MINUS_RANK,TWO_PCT,FG3A_RATE,FT_RATE,OREB_SHARE,ASSISTED_FG_RATE,BALL_CONTROL,NEXT_W_PCT,NEXT_SEASON_START_YEAR,W_PCT_CHANGE,DECLINE_RISK,PLAYER_COUNT,ROTATION_PLAYER_COUNT,MINUTES_WEIGHTED_AGE,MINUTES_WEIGHTED_AVAILABILITY,TOP3_MINUTES_SHARE,TOP5_MINUTES_SHARE,TOP3_POINTS_SHARE,MULTI_TEAM_PLAYER_SHARE,MULTI_TEAM_MINUTES_SHARE,RETURNING_MINUTES_SHARE,RETURNING_POINTS_SHARE,RETURNING_PLAYER_SHARE,MW_PLAYER_OFF_RATING,MW_PLAYER_DEF_RATING,MW_PLAYER_NET_RATING,MW_PLAYER_TS_PCT,MW_PLAYER_EFG_PCT,MW_PLAYER_USG_PCT,MW_PLAYER_PIE,MW_PLAYER_AST_PCT,MW_PLAYER_REB_PCT,MW_PLAYER_PACE,ROTATION_USAGE_STD,ROTATION_AGE_STD
1610612737,Atlanta Hawks,82,0.585,3966.0,104.6,100.8,3.9,0.663,1.71,19.0,0.234,0.698,0.474,0.152,0.516,0.552,97.63,8059,0.528,1,7,11,20,2,7,2,7,2,29,26,28,21,6,8,9,6,2015-16,2015,Average,0.036,0.464,3.995,0.322,1,38.6,84.4,0.458,9.9,28.4,0.35,15.6,20.0,0.783,8.3,33.8,42.1,25.6,15.0,9.1,5.9,5.0,19.1,18.3,102.8,3.6,9,15,11,6,7,15,29,30,8,30,13,24,2,22,3,5,14,7,29,12,7,0.512,0.336,0.237,0.197,0.663,10.6,0.524,2016.0,-0.06099999999999994,1.0,15,8,29.126513593855407,0.8875484076267058,0.3748875380023299,0.5866500316077511,0.4494082153631933,0.13333333333333333,0.07155801192005634,,,,103.05914061254676,99.43417025320457,3.629542836131081,0.5543350302818448,0.5204042416959167,0.19238969822470134,0.10496796929332815,0.16629220013137821,0.08492668482657885,99.11877611484145,0.05483383991660623,3.75624480032918
1610612737,Atlanta Hawks,82,0.524,3976.0,104.5,105.2,-0.7,0.621,1.5,17.4,0.282,0.717,0.502,0.16,0.504,0.541,97.76,8091,0.506,1,11,4,27,4,19,6,23,11,13,19,12,28,19,20,11,10,2016-17,2016,Average,0.037,0.435,-0.716,0.342,1,38.1,84.4,0.451,8.9,26.1,0.341,18.1,24.9,0.728,10.3,34.1,44.3,23.6,15.8,8.2,4.8,5.2,18.2,21.6,103.2,-0.9,23,22,18,20,16,23,13,5,28,14,10,9,10,28,7,14,22,6,3,22,19,0.501,0.309,0.295,0.233,0.619,7.8,0.293,2017.0,-0.23100000000000004,1.0,18,9,28.45042494190329,0.8470820969654782,0.3322262602567122,0.535346969100801,0.41612867928657404,0.16666666666666666,0.166536231944589,0.6005055156511028,0.6339862129335814,0.5,103.10541249590116,103.97996701555294,-0.8788082571759258,0.5394885450837483,0.5056471371042954,0.19818539212018768,0.10154033726943848,0.15492531815578042,0.09043826736457056,99.13949624169112,0.04175886096549812,3.292340531117567
1610612737,Atlanta Hawks,82,0.293,3941.0,104.4,110.1,-5.7,0.622,1.53,17.6,0.263,0.719,0.489,0.157,0.512,0.547,98.76,8114,0.468,1,27,27,26,24,26,5,23,8,18,26,26,29,22,20,8,26,2017-18,2017,Unsuccessful,0.035,0.456,-5.772,0.332,0,38.2,85.5,0.446,11.2,31.0,0.36,15.8,20.2,0.785,9.1,32.8,41.9,23.7,15.5,7.8,4.2,5.5,19.6,20.3,103.4,-5.5,28,20,25,9,7,15,22,23,7,22,23,25,8,27,12,23,28,14,14,25,26,0.495,0.363,0.236,0.217,0.62,8.2,0.354,2018.0,0.061,0.0,19,10,24.933994684029294,0.7443423914133731,0.376172956598254,0.5738370744693386,0.4597460583228687,0.05263157894736842,0.007280000269343572,0.5264589459991884,0.5823915166736431,0.3157894736842105,102.6012487243314,108.29727292603962,-5.693662009069353,0.5458349919088002,0.5124404658613954,0.19548225144687997,0.09369425246563245,0.16759976733468493,0.08740771150451557,100.29441487782594,0.045394272766506566,3.0016662039607267
1610612737,Atlanta Hawks,82,0.354,3971.0,107.5,113.1,-5.5,0.624,1.52,17.7,0.284,0.718,0.496,0.162,0.522,0.555,104.56,8642,0.464,1,26,7,23,28,26,9,29,16,8,24,20,30,17,17,1,26,2018-19,2018,Unsuccessful,0.033,0.434,-5.26,0.334,0,41.4,91.8,0.451,13.0,37.0,0.352,17.6,23.4,0.752,11.6,34.5,46.1,25.8,17.0,8.2,5.1,5.5,23.6,22.2,113.3,-6.0,15,4,21,4,3,16,18,12,21,4,18,12,10,30,11,14,24,29,5,12,26,0.518,0.403,0.255,0.252,0.623,8.8,0.299,2019.0,-0.05499999999999999,1.0,18,9,25.0524483894563,0.8109144047866029,0.34953866365219516,0.5367230562140227,0.4157693643626259,0.0,0.0,0.4710868631464684,0.4826907491026977,0.3333333333333333,106.2958988061327,111.6465587669182,-5.361025758994442,0.5524710599054323,0.5238973699155504,0.19350074025883,0.09214491595483326,0.15146603966018904,0.09048757644758433,106.04586261090854,0.037971074110904515,6.459751934999392
1610612737,Atlanta Hawks,67,0.299,3256.0,107.0,114.4,-7.4,0.589,1.48,16.9,0.267,0.708,0.484,0.155,0.515,0.554,103.28,6999,0.454,23,27,23,25,28,28,19,28,22,15,29,26,28,25,23,7,29,2019-20,2019,Unsuccessful,0.039,0.441,-7.165,0.329,0,40.6,90.6,0.449,12.0,36.1,0.333,18.5,23.4,0.79,9.9,33.4,43.3,24.0,16.2,7.8,5.1,6.4,23.1,21.0,111.8,-8.0,17,7,23,16,8,30,12,15,10,19,23,22,17,28,13,12,30,30,13,17,29,0.525,0.398,0.258,0.229,0.591,7.8,0.569,2020.0,0.26999999999999996,0.0,18,9,24.733271886655086,0.8308461763245385,0.3294948710643868,0.4979158403950463,0.4311489788247087,0.16666666666666666,0.17692528270127045,0.43617794213212524,0.5199849642901891,0.3333333333333333,106.37416544238815,111.96856343252315,-5.596893935585261,0.5517502668275452,0.5170786402036305,0.1891637992481161,0.0918362446024679,0.1501481827610413,0.09001172477101803,104.37550096731967,0.059327923182391974,3.57287448684745
1610612737,Atlanta Hawks,72,0.569,3481.0,114.3,112.1,2.2,0.591,1.82,17.6,0.284,0.742,0.516,0.133,0.539,0.581,98.68,7160,0.511,1,11,11,9,18,11,18,14,20,6,9,7,10,16,10,22,10,2020-21,2020,Average,0.042,0.458,2.229,0.383,1,40.8,87.2,0.468,12.4,33.4,0.373,19.7,24.2,0.812,10.6,35.1,45.6,24.1,13.2,7.0,4.8,5.0,19.3,19.8,113.7,2.3,19,23,17,17,19,12,2,4,5,7,10,5,19,9,24,17,17,18,9,13,9,0.528,0.383,0.278,0.232,0.591,10.9,0.524,2021.0,-0.04499999999999993,0.0,17,9,25.84338277492873,0.7893158489227515,0.3431130283993202,0.5306922818454588,0.4261932479627474,0.058823529411764705,0.07939829365441402,0.5731077264687422,0.6284051222351572,0.47058823529411764,112.98323540897269,110.75486313328008,2.254051298991592,0.5775655573346459,0.5388083637141117,0.19696887205960706,0.10229803824848618,0.1489436060028531,0.090679770554095,100.13313851970211,0.0671771198556381,4.1126123385159445
1610612737,Atlanta Hawks,82,0.524,3941.0,115.4,113.7,1.6,0.593,2.08,18.1,0.269,0.731,0.501,0.12,0.543,0.581,98.67,8099,0.509,1,16,30,2,26,14,22,4,14,17,12,14,1,8,6,17,14,2021-22,2021,Average,0.038,0.462,1.622,0.381,1,41.5,88.3,0.47,12.9,34.4,0.374,18.1,22.3,0.812,10.0,33.9,44.0,24.6,11.9,7.2,4.2,4.5,18.7,20.3,113.9,1.6,11,13,7,11,18,2,3,11,4,17,17,20,15,1,22,23,10,7,6,6,14,0.531,0.39,0.253,0.227,0.593,12.7,0.5,2022.0,-0.02400000000000002,0.0,21,9,26.500776859469198,0.8163499957756465,0.36364940590198314,0.5496836902313159,0.4461933467291806,0.09523809523809523,0.01723419710547851,0.8345000463244623,0.8938379102478232,0.5238095238095238,114.15701196474552,112.33344853387482,1.8087247544891576,0.580742797426826,0.548022361769038,0.1928855063615993,0.10267543241155289,0.15496899810228232,0.09118385756302329,99.87977221310803,0.0613751870078366,3.784308081316978
1610612737,Atlanta Hawks,82,0.5,3971.0,115.5,115.4,0.1,0.56,1.93,17.6,0.289,0.717,0.5,0.126,0.541,0.579,101.56,8407,0.5,1,17,8,7,22,19,28,6,22,11,18,16,3,19,19,6,17,2022-23,2022,Average,0.038,0.428,0.098,0.374,1,44.6,92.4,0.483,10.8,30.5,0.352,18.5,22.6,0.818,11.2,33.2,44.4,25.0,12.9,7.1,4.9,5.0,18.8,19.7,118.4,0.3,1,3,9,26,28,21,16,20,3,9,12,10,18,3,18,12,21,6,19,3,18,0.546,0.33,0.245,0.252,0.561,12.1,0.439,2023.0,-0.061,1.0,19,9,24.76748523109178,0.8497235209699786,0.3387654934756726,0.534482663439415,0.4226028041780371,0.15789473684210525,0.14813724058951724,0.5945991432162391,0.6205890655876541,0.3684210526315789,113.7568142003566,114.35074377424043,-0.5971179160305297,0.5792273866715165,0.5425389793520511,0.19390544594098078,0.09965449564584797,0.13740033770210444,0.09035612612963514,102.53007695903102,0.04823348562775107,3.142696805273545
1610612737,Atlanta Hawks,82,0.439,3971.0,116.4,118.4,-2.0,0.618,1.96,18.4,0.308,0.717,0.504,0.133,0.539,0.576,100.84,8339,0.482,1,21,3,12,27,21,19,18,21,5,16,12,13,17,18,6,22,2023-24,2023,Average,0.037,0.409,-1.983,0.371,1,43.0,92.5,0.465,13.7,37.7,0.364,18.5,23.2,0.797,12.5,32.2,44.7,26.6,13.5,7.5,4.5,5.6,18.6,19.4,118.3,-2.2,10,2,21,6,7,17,5,7,8,3,22,6,16,16,16,26,22,15,7,5,21,0.535,0.408,0.251,0.28,0.619,13.1,0.488,2024.0,0.04899999999999999,0.0,18,9,26.394067058407032,0.775409120226608,0.36805834557839434,0.5626204718458406,0.4629150718940726,0.05555555555555555,0.005506341104650955,0.9572299022274412,0.9718630392055446,0.7222222222222222,115.05544059109485,116.99337393631349,-1.9456047553332676,0.5804925087146062,0.5457840723796965,0.19395209273299432,0.09727882448429795,0.15910656792398425,0.08941544101774614,102.02686718853566,0.05409456740026878,2.7799991118215117
1610612737,Atlanta Hawks,82,0.488,3956.0,113.7,114.8,-1.1,0.682,1.91,19.9,0.3,0.715,0.503,0.149,0.546,0.579,103.41,8521,0.498,1,16,14,17,18,18,5,13,7,13,10,13,22,17,17,3,17,2024-25,2024,Average,0.033,0.415,-1.064,0.354,1,43.4,91.8,0.472,13.5,37.7,0.358,18.0,23.2,0.775,11.9,32.6,44.5,29.6,15.5,9.7,5.1,4.9,19.1,19.1,118.2,-1.1,6,5,14,14,15,18,3,4,18,9,23,14,2,26,2,12,15,22,8,5,18,0.553,0.411,0.253,0.267,0.682,14.1,,,,,18,10,25.752052092023046,0.803220084188801,0.35953308822155167,0.5321589355368366,0.40272473939519043,0.2222222222222222,0.2331864320341369,0.48278659364344323,0.5172876457838786,0.4444444444444444,113.24072052332552,113.02207502838809,0.2329728977748003,0.5818122588719754,0.5547216479598694,0.18773970004766696,0.09851815098086156,0.17287606740720263,0.0890311414827394,104.10623218238707,0.0408779891873365,3.8327535793473606
1610612738,Boston Celtics,82,0.585,3956.0,105.8,102.5,3.3,0.616,1.76,17.4,0.29,0.707,0.495,0.138,0.488,0.531,99.43,8191,0.52,1,7,23,10,4,8,5,4,10,12,24,18,5,24,21,3,9,2015-16,2015,Average,0.043,0.417,3.319,0.357,1,39.2,89.2,0.439,8.7,26.1,0.335,18.5,23.5,0.788,11.6,33.3,44.9,24.2,13.7,9.2,4.2,5.5,21.9,21.0,105.7,3.2,7,1,24,12,11,28,8,12,6,3,15,6,6,12,2,22,24,29,10,5,8,0.483,0.293,0.263,0.258,0.617,10.5,0.646,2016.0,0.061000000000000054,0.0,15,9,25.64314270264625,0.8978998029405154,0.38781496485202205,0.6045582540675115,0.4749852158486103,0.0,0.0,,,,105.01125036520321,101.45929046354591,3.5656543600193844,0.529890997120235,0.4909548091384311,0.19520900024728086,0.10341977875913332,0.1546466319955567,0.0859093122182217,100.51421434893706,0.044080173869837,2.1829869671542776
1610612738,Boston Celtics,82,0.646,3951.0,110.6,108.0,2.6,0.653,1.9,18.8,0.259,0.705,0.485,0.136,0.525,0.567,97.21,8005,0.514,1,4,25,7,14,8,2,3,2,23,29,27,7,9,6,13,7,2016-17,2016,Successful,0.042,0.446,2.675,0.349,2,38.6,85.1,0.454,12.0,33.4,0.359,18.7,23.2,0.807,9.1,32.9,42.0,25.2,13.3,7.5,4.1,5.2,20.6,20.3,108.0,2.6,21,18,16,3,3,14,10,15,3,22,22,27,4,8,18,23,23,21,11,7,8,0.515,0.392,0.273,0.217,0.653,11.9,0.671,2017.0,0.025000000000000022,0.0,15,10,26.50167754998734,0.8878886811355775,0.36973517253016114,0.5736203492786637,0.46855594445071697,0.0,0.0,0.7929898759807643,0.8036581235181213,0.7333333333333333,109.41710596473469,106.72523384797098,2.677960912849067,0.5609835818780057,0.5242020309626256,0.19514185303298745,0.10282146578925166,0.16561090466548553,0.08519402151354089,98.36020736859865,0.05552621002733754,3.3778691508109073
1610612738,Boston Celtics,82,0.671,3961.0,106.8,103.2,3.6,0.586,1.6,17.0,0.263,0.739,0.504,0.144,0.518,0.552,96.75,7987,0.519,1,4,12,18,2,7,13,17,21,19,10,11,15,15,14,22,8,2017-18,2017,Successful,0.034,0.476,3.721,0.36,2,38.3,85.1,0.45,11.5,30.4,0.377,16.0,20.7,0.771,9.4,35.1,44.5,22.5,14.0,7.4,4.5,4.4,19.7,19.2,104.0,3.6,25,25,21,7,10,2,21,20,17,20,6,8,20,15,23,18,6,17,22,20,6,0.49,0.357,0.243,0.211,0.587,8.5,0.598,2018.0,-0.07300000000000006,1.0,19,10,25.351723103413896,0.8197386418998263,0.337778210706784,0.5343772347650111,0.4090805644060082,0.05263157894736842,0.05116300560835132,0.39867236986002513,0.3862084660901229,0.21052631578947367,105.40426541755907,102.17664628013443,3.2165008105266635,0.5469661893187437,0.5139405841805282,0.19356479097079768,0.10495941607343967,0.14891412849520425,0.09186843153689733,98.02252850401936,0.04954482818619921,3.8223029707232783
1610612738,Boston Celtics,82,0.598,3956.0,111.3,107.0,4.3,0.624,2.05,18.8,0.257,0.728,0.495,0.127,0.534,0.567,100.43,8282,0.53,1,9,18,10,6,6,8,2,4,24,15,23,3,7,10,16,5,2018-19,2018,Average,0.033,0.471,4.282,0.368,1,42.1,90.5,0.465,12.6,34.5,0.365,15.6,19.5,0.802,9.8,34.7,44.5,26.3,12.8,8.6,5.3,3.9,20.4,19.5,112.4,4.4,11,9,14,6,7,7,28,29,4,20,16,22,5,3,4,10,2,12,26,14,6,0.527,0.381,0.215,0.22,0.625,13.5,0.667,2019.0,0.06900000000000006,0.0,16,8,26.366203347461592,0.8808246573356675,0.34732050524605335,0.5527896496534798,0.4218241042345277,0.0,0.0,0.9645022254323812,0.9720955483170467,0.75,109.94603047927919,105.60861091047619,4.318938003946024,0.5675619683256202,0.5353584342665175,0.1939769093586153,0.10580874235468529,0.1572713825661962,0.0877240448676835,101.70730163395031,0.03847645383867905,3.7059917700933984
1610612738,Boston Celtics,72,0.667,3486.0,112.8,106.5,6.3,0.557,1.66,16.7,0.283,0.731,0.509,0.137,0.531,0.57,99.92,7255,0.531,11,5,13,4,4,3,26,15,25,5,16,12,8,17,13,17,4,2019-20,2019,Successful,0.039,0.448,6.305,0.372,2,41.3,89.6,0.461,12.6,34.5,0.364,18.6,23.2,0.801,10.7,35.4,46.1,23.0,13.8,8.3,5.6,5.5,21.6,20.7,113.7,6.3,12,11,17,12,13,13,11,18,5,6,11,8,25,8,6,5,25,20,15,9,3,0.521,0.385,0.259,0.232,0.557,9.2,0.5,2020.0,-0.16700000000000004,1.0,17,10,25.8683283610633,0.8271135070126245,0.35100516351118766,0.5507982405813732,0.4706098008065502,0.0,0.0,0.6994623254924459,0.716729805694733,0.47058823529411764,111.62819545802257,105.0559110250526,6.552001721170396,0.5682847274813541,0.5299565858672787,0.19453522059667241,0.106082212086441,0.13961243574297186,0.09001479824058137,101.13403329126028,0.06024948132556828,3.257299494980466
1610612738,Boston Celtics,72,0.5,3476.0,113.1,111.8,1.2,0.566,1.67,17.1,0.289,0.737,0.51,0.141,0.543,0.574,98.94,7172,0.501,1,16,16,10,13,13,27,22,26,3,13,10,18,12,16,20,17,2020-21,2020,Average,0.031,0.448,1.213,0.369,1,41.5,88.9,0.466,13.6,36.4,0.374,16.1,20.8,0.775,10.6,33.6,44.3,23.5,14.1,7.7,5.3,4.6,20.4,19.3,112.6,1.5,13,11,19,11,10,10,25,25,16,4,22,15,25,16,13,6,11,24,13,16,13,0.531,0.409,0.234,0.239,0.566,9.4,0.622,2021.0,0.122,0.0,18,10,24.95746182242364,0.7753796543337577,0.3542101016127551,0.5083495171410234,0.4894864279342424,0.16666666666666666,0.10692809119108362,0.5958697119079399,0.6429208614757232,0.5555555555555556,110.08946898034517,110.80560916408675,-0.7150557135688819,0.5717869486412491,0.5454088083631655,0.1951279552903475,0.10291953111429852,0.13763859908790008,0.09778900616149717,100.66086791508536,0.062468311966948485,2.7586228448267445
1610612738,Boston Celtics,82,0.622,3981.0,113.6,106.2,7.4,0.609,1.82,18.2,0.277,0.725,0.509,0.139,0.542,0.578,97.26,8068,0.547,1,6,2,9,1,2,14,11,10,11,16,10,13,9,9,24,2,2021-22,2021,Successful,0.036,0.448,7.608,0.37,2,40.7,87.4,0.466,13.2,37.1,0.356,17.0,20.9,0.816,10.5,35.5,46.1,24.8,13.6,7.2,5.8,4.6,18.5,19.4,111.8,7.3,13,18,15,8,9,14,14,24,2,11,4,5,14,13,19,2,11,5,20,12,2,0.547,0.424,0.239,0.228,0.609,11.2,0.695,2022.0,0.07299999999999995,0.0,22,9,26.569068908724002,0.8549344391631435,0.3790698580636905,0.5989397209394609,0.5161109239923656,0.3181818181818182,0.20199063196122513,0.7700446451182538,0.7967890423262602,0.45454545454545453,112.0899318820437,105.17281656882831,6.923193789696936,0.587750226198271,0.5534864820216944,0.19544526254647426,0.11215460262811051,0.15891258307485115,0.09382739905943016,98.84132837904126,0.06687965975458375,3.909469352390929
1610612738,Boston Celtics,82,0.695,3996.0,117.3,110.6,6.7,0.632,2.0,19.1,0.255,0.746,0.506,0.133,0.566,0.6,99.15,8247,0.534,1,2,1,2,2,1,5,4,5,27,1,9,7,4,5,20,1,2022-23,2022,Successful,0.034,0.491,6.757,0.373,2,42.2,88.8,0.475,16.0,42.6,0.377,17.5,21.6,0.812,9.7,35.6,45.3,26.7,13.4,6.4,5.2,3.9,18.8,19.1,117.9,6.5,13,15,14,2,2,6,24,28,4,20,3,7,7,7,27,6,4,7,25,4,1,0.567,0.48,0.243,0.214,0.633,13.3,0.78,2023.0,0.08500000000000008,0.0,18,8,27.8891384895642,0.8170448969724979,0.3617363054167874,0.5558631295655517,0.5055320860993764,0.1111111111111111,0.04751258413511587,0.8217976504224088,0.835646751156709,0.5555555555555556,116.215703723109,109.28326271825404,6.940374958915341,0.6043745742861174,0.5749370611723792,0.19325884495609752,0.10687183567268271,0.15715552669017135,0.09150477148035355,100.34190163534126,0.07296906450681685,3.9370039370059056
1610612738,Boston Celtics,82,0.78,3966.0,122.2,110.6,11.7,0.613,2.25,19.3,0.287,0.726,0.515,0.121,0.578,0.609,97.98,8090,0.555,1,1,7,1,2,1,21,3,13,14,7,5,1,2,1,19,1,2023-24,2023,Successful,0.031,0.439,11.941,0.394,2,43.9,90.2,0.487,16.5,42.5,0.388,16.3,20.2,0.807,10.7,35.6,46.3,26.9,11.9,6.8,6.6,3.7,16.2,17.3,120.6,11.3,4,8,8,1,1,2,19,26,7,14,1,2,14,1,27,1,1,2,30,2,1,0.574,0.471,0.224,0.231,0.613,15.0,0.744,2024.0,-0.03600000000000003,0.0,18,8,28.38662424229246,0.8180187073993144,0.3560516340390372,0.5536299496109892,0.46825318455613707,0.1111111111111111,0.07158750751969617,0.6618373909493058,0.7025772686876667,0.4444444444444444,120.31870168368717,109.5253149333314,10.79980818030198,0.6043282887949883,0.5775924136231526,0.1931383847169172,0.10932018354903891,0.15298510170011573,0.09255785628058714,99.0149278471563,0.061870706921773565,4.14578098794425
1610612738,Boston Celtics,82,0.744,3966.0,119.5,110.1,9.4,0.628,2.2,19.0,0.291,0.717,0.506,0.122,0.561,0.591,96.59,7979,0.542,1,3,6,2,4,2,20,3,13,18,7,11,2,5,8,29,3,2024-25,2024,Successful,0.03,0.426,9.732,0.384,2,41.6,90.0,0.462,17.8,48.2,0.368,15.3,19.1,0.799,11.4,33.9,45.3,26.1,11.9,7.2,5.5,3.6,15.9,17.5,116.3,9.1,16,11,19,1,1,10,30,30,6,10,7,8,16,2,29,5,1,2,27,8,3,0.569,0.536,0.212,0.252,0.627,14.2,,,,,17,9,29.315764374124758,0.8125454019179695,0.37715209341621897,0.581880340096284,0.4793215370118312,0.058823529411764705,0.01585441624710696,0.9629957850725345,0.9761281541199874,0.8235294117647058,118.21821975159553,109.03774310236771,9.183678463940982,0.5933887052266008,0.5675813768516162,0.1946335411871588,0.10842787893652324,0.15976378545903047,0.08974015752405541,97.63691938864949,0.06440343522775631,3.9283710065919304
1610612739,Cleveland Cavaliers,82,0.695,3971.0,110.2,103.9,6.3,0.587,1.67,17.4,0.294,0.742,0.519,0.143,0.524,0.558,93.82,7764,0.528,1,3,9,3,10,4,16,10,11,10,5,4,13,3,4,28,5,2015-16,2015,Successful,0.034,0.448,6.715,0.376,2,38.7,84.0,0.46,10.7,29.6,0.362,16.3,21.7,0.748,10.6,33.9,44.5,22.7,13.6,6.7,3.9,4.4,20.3,20.6,104.3,6.0,8,19,10,2,3,7,26,24,21,12,11,9,13,10,28,27,7,14,12,8,4,0.515,0.352,0.258,0.238,0.587,9.1,0.622,2016.0,-0.07299999999999995,1.0,17,10,28.60319370113314,0.8488175576403948,0.3667480551937034,0.569162700202687,0.47904533516044306,0.17647058823529413,0.08835973886621995,,,,108.93507454598077,102.76318908026342,6.15123164609064,0.5583428441477534,0.5282149534638622,0.19326275230776394,0.10436469598453273,0.1501315943117795,0.09174242280533766,94.85516914006071,0.06331232107575903,3.7202150475476548
1610612739,Cleveland Cavaliers,82,0.622,3976.0,112.8,109.7,3.1,0.567,1.66,17.1,0.264,0.722,0.499,0.14,0.547,0.58,96.74,8019,0.51,1,5,4,3,21,7,20,16,15,21,14,18,11,2,3,16,9,2016-17,2016,Successful,0.033,0.458,3.204,0.359,2,39.9,84.9,0.47,13.0,33.9,0.384,17.5,23.3,0.748,9.3,34.4,43.7,22.7,13.7,6.6,4.0,4.3,18.1,20.6,110.3,3.2,5,19,5,2,2,2,19,13,23,21,7,12,13,14,30,25,8,4,6,4,7,0.527,0.399,0.274,0.213,0.569,9.0,0.61,2017.0,-0.01200000000000001,0.0,19,10,30.18519187644839,0.8367289938889895,0.35133523930651295,0.5267317863121469,0.4984777755226304,0.2631578947368421,0.22145465047920354,0.7550374461162801,0.800284148569109,0.5789473684210527,110.73336193720873,108.48646057139729,2.259410420050932,0.5720942560287275,0.5451090028702801,0.1963410532181999,0.10269145438889106,0.1615197111271192,0.0886291690231273,97.26489218131333,0.06605187355404842,4.011234224026316
1610612739,Cleveland Cavaliers,82,0.61,3946.0,112.0,111.1,1.0,0.579,1.7,17.5,0.243,0.73,0.492,0.139,0.547,0.584,98.72,8114,0.502,1,6,23,5,29,14,20,8,9,28,16,24,9,3,3,9,17,2017-18,2017,Successful,0.037,0.487,1.013,0.353,2,40.4,84.8,0.476,12.0,32.1,0.372,18.1,23.3,0.779,8.5,33.7,42.1,23.4,13.7,7.1,3.8,4.1,18.6,20.7,110.9,0.9,10,26,5,3,5,6,6,9,10,27,17,23,12,10,24,28,3,5,7,5,14,0.539,0.379,0.275,0.202,0.579,9.7,0.232,2018.0,-0.378,1.0,17,10,30.01480059175062,0.848437076978114,0.3531718761205529,0.5327856920567644,0.4541619508179854,0.23529411764705882,0.33236701236991717,0.47208092061501533,0.5073567239427925,0.29411764705882354,109.62338549914895,109.3973519093728,0.22709076667695274,0.5868502687188671,0.5554278412451632,0.19948563710238257,0.10663969968030729,0.15457821122089194,0.08836273008960475,99.32007829971373,0.058999661015975334,3.7696153649941526
1610612739,Cleveland Cavaliers,82,0.232,3951.0,106.8,116.8,-10.0,0.532,1.54,15.6,0.282,0.732,0.496,0.138,0.503,0.54,97.37,8021,0.436,1,28,24,25,30,30,29,27,29,10,11,21,13,29,29,29,30,2018-19,2018,Unsuccessful,0.037,0.45,-10.27,0.358,0,38.9,87.6,0.444,10.3,29.1,0.355,16.4,20.7,0.792,10.7,31.9,42.7,20.7,13.5,6.5,2.4,5.6,20.0,19.4,104.5,-9.6,26,23,28,20,24,13,22,27,7,12,28,26,29,9,28,30,27,6,28,29,30,0.489,0.332,0.236,0.251,0.532,7.2,0.292,2019.0,0.05999999999999997,0.0,21,8,25.10939029171352,0.7336235115491572,0.39697415816555187,0.5605605598311121,0.472962680883473,0.23809523809523808,0.2062946203774619,0.5221895857305154,0.5533130236100533,0.38095238095238093,105.11548744745026,114.99970754683298,-9.881557423788742,0.5373180054267708,0.5037279866731863,0.1938339457002298,0.08783781947953431,0.1384940973758099,0.08981428431410414,99.11299084874635,0.0413158565202272,2.48746859276655
1610612739,Cleveland Cavaliers,65,0.292,3145.0,106.9,114.8,-7.9,0.573,1.4,16.8,0.296,0.738,0.512,0.165,0.522,0.553,99.17,6497,0.453,26,29,27,26,30,29,23,30,23,2,9,7,30,22,24,23,30,2019-20,2019,Unsuccessful,0.031,0.442,-7.966,0.347,0,40.3,87.9,0.458,11.2,31.8,0.351,15.1,19.9,0.758,10.8,33.4,44.2,23.1,16.5,6.9,3.2,6.3,18.3,19.6,106.9,-7.9,20,24,19,21,20,20,29,29,20,4,22,19,24,30,25,30,29,1,26,26,28,0.519,0.362,0.226,0.244,0.573,6.6,0.306,2020.0,0.014000000000000012,0.0,18,9,25.138918936370416,0.8622650689346151,0.36244147530854076,0.5826639910970056,0.4603109093410373,0.16666666666666666,0.16011508222202916,0.6152260798990175,0.6293850598431696,0.3888888888888889,105.78497807096834,113.36430506871622,-7.58209425282463,0.5502605501797129,0.5226016108618651,0.1976914615847546,0.09691881232164809,0.13923714244190105,0.1068658846434041,100.18790188007215,0.043327634952963726,3.9157800414902435
1610612739,Cleveland Cavaliers,72,0.306,3486.0,105.2,113.5,-8.3,0.618,1.54,17.5,0.28,0.729,0.499,0.157,0.508,0.543,97.96,7107,0.46,1,26,6,28,25,28,12,29,21,7,21,15,29,29,28,25,27,2020-21,2020,Unsuccessful,0.035,0.449,-8.473,0.342,0,38.6,85.8,0.45,10.0,29.7,0.336,16.7,22.4,0.743,10.4,32.3,42.8,23.8,15.5,7.8,4.5,5.9,18.2,20.2,103.8,-8.4,29,28,25,29,28,30,14,9,26,10,28,24,21,29,12,20,29,7,6,30,28,0.51,0.346,0.261,0.243,0.617,8.3,0.537,2021.0,0.23100000000000004,0.0,21,9,23.931390517390803,0.7692122432176671,0.36107366741414937,0.5547857153198219,0.44934846574190834,0.2857142857142857,0.24442048699978752,0.5044090849864752,0.569567044976881,0.38095238095238093,104.24071147741373,112.02902451158964,-7.7869934389512965,0.5475008028167746,0.5131706829352086,0.1862417787336409,0.09000006025772309,0.15268807237500334,0.08192991283368203,99.38460353450675,0.04965908468103318,2.7397395568751004
1610612739,Cleveland Cavaliers,82,0.537,3946.0,111.0,108.9,2.1,0.634,1.75,18.7,0.277,0.724,0.506,0.148,0.538,0.571,96.83,7964,0.517,1,14,24,20,5,13,6,21,7,12,18,12,27,14,15,25,7,2021-22,2021,Average,0.033,0.447,2.169,0.358,1,39.7,84.6,0.469,11.6,32.8,0.355,16.8,22.1,0.76,10.2,34.0,44.2,25.2,14.4,7.1,4.2,4.6,17.5,20.0,107.8,2.1,21,29,9,20,22,15,18,12,21,16,16,15,11,22,26,24,15,1,11,25,13,0.542,0.388,0.261,0.231,0.635,10.8,0.622,2022.0,0.08499999999999996,0.0,22,8,25.11823087779495,0.8037296726749332,0.331035475507384,0.51207907727575,0.3813761667028435,0.18181818181818182,0.1487881559868939,0.5949964000582014,0.6098328630345127,0.4090909090909091,109.13347965513232,108.1669361590135,0.9407292537702824,0.5705980883073334,0.540565624181134,0.19470783473034647,0.1037390670692317,0.15889139436327188,0.08963572361612558,98.15270179846515,0.04399928976699511,3.774917217635375
1610612739,Cleveland Cavaliers,82,0.622,3976.0,115.5,109.9,5.6,0.6,1.87,18.6,0.273,0.715,0.496,0.137,0.556,0.59,96.27,7972,0.531,1,5,5,8,1,2,17,10,11,20,20,20,12,9,9,30,2,2022-23,2022,Successful,0.034,0.442,5.817,0.359,2,41.6,85.2,0.488,11.6,31.6,0.367,17.5,22.5,0.78,9.7,31.4,41.1,24.9,13.3,7.1,4.7,4.4,19.0,20.4,112.3,5.4,20,27,5,19,24,12,23,21,19,22,25,25,19,6,15,14,13,9,10,25,2,0.56,0.371,0.264,0.236,0.599,11.6,0.585,2023.0,-0.03700000000000003,0.0,17,8,25.43565528237037,0.8478577632221278,0.3975783264747664,0.6309206289046763,0.5288147062140521,0.058823529411764705,0.007261740050104794,0.777022500741172,0.7139957144468253,0.5294117647058824,114.19586580486558,108.58153715832147,5.60683795023687,0.5899655374678774,0.5588195628036557,0.19406958404854896,0.10565890394847899,0.15321133939846676,0.08468400843234675,97.29609943063686,0.05999570297112953,2.2603926650031405
1610612739,Cleveland Cavaliers,82,0.585,3961.0,114.7,112.1,2.5,0.671,2.07,20.2,0.274,0.721,0.501,0.138,0.557,0.586,97.62,8053,0.519,1,11,10,16,7,12,3,8,4,22,14,15,19,13,13,24,8,2023-24,2023,Average,0.029,0.447,2.561,0.363,1,41.8,87.2,0.479,13.5,36.8,0.367,15.6,20.4,0.765,9.8,33.4,43.3,28.0,13.6,7.4,4.6,5.0,17.5,18.7,112.6,2.4,19,24,12,7,8,15,26,24,22,22,11,17,8,17,19,21,17,5,16,20,13,0.562,0.422,0.234,0.226,0.67,14.4,0.78,2024.0,0.19500000000000006,0.0,18,10,26.955442082665016,0.7687752670396764,0.3247910146298932,0.5127922796834888,0.39670990192976907,0.05555555555555555,0.03996594236994372,0.6805440447944423,0.7323631762100601,0.5,113.13904446545982,110.83819230722507,2.3234550932471527,0.5859037828738846,0.5603332302494569,0.19222695547436944,0.10309007334881196,0.1662038799868864,0.08900434379095211,98.90470382328127,0.053944045083771756,2.4979991993593593
1610612739,Cleveland Cavaliers,82,0.78,3951.0,121.0,111.8,9.2,0.631,2.13,19.6,0.296,0.7,0.505,0.131,0.578,0.607,100.31,8267,0.546,1,2,18,1,8,3,19,5,8,15,22,12,4,1,1,10,2,2024-25,2024,Successful,0.029,0.404,9.172,0.374,2,44.5,90.8,0.491,15.9,41.5,0.383,17.0,21.9,0.776,11.2,34.2,45.4,28.1,13.2,8.2,4.3,4.4,18.1,18.9,121.9,9.5,4,7,2,2,4,2,15,15,17,13,5,6,9,3,14,27,8,11,11,1,2,0.58,0.457,0.241,0.247,0.631,14.9,,,,,18,11,26.871622007418758,0.8057793761918252,0.3400411835746387,0.5345678446775723,0.4482114779874214,0.16666666666666666,0.15907072712943915,0.8108422914081489,0.8326454402515723,0.6666666666666666,118.31034024418017,111.09643457169547,7.222630716187875,0.6061805546703157,0.5788051118290407,0.19206811473107852,0.10910879986030916,0.15301268902915516,0.09016611834352134,101.79780324170437,0.06370399004071439,2.081004207683563
1610612740,New Orleans Pelicans,82,0.366,3956.0,104.8,108.4,-3.7,0.577,1.65,16.8,0.252,0.748,0.493,0.137,0.498,0.537,97.64,8041,0.472,1,25,23,18,26,25,19,11,16,24,3,22,4,19,18,8,26,2015-16,2015,Unsuccessful,0.039,0.496,-3.789,0.356,0,38.5,85.9,0.448,8.6,23.8,0.36,17.3,22.2,0.776,9.5,33.1,42.6,22.2,13.4,7.7,4.2,5.2,20.9,19.9,102.7,-3.8,12,8,19,15,16,9,16,22,13,23,20,22,17,8,16,23,15,22,17,13,25,0.481,0.277,0.258,0.223,0.577,8.8,0.415,2016.0,0.04899999999999999,0.0,19,9,27.173608374233844,0.7178505066943672,0.31477613124394793,0.4922094678878649,0.4469449485783424,0.15789473684210525,0.060025009566675905,,,,103.44674397833153,107.10145330638068,-3.655230475975111,0.537238396354407,0.502254883317297,0.1950464006625494,0.09339981352561022,0.1409364488345308,0.08791910917573383,98.58374683377399,0.06955378059503112,2.006163342807532
1610612740,New Orleans Pelicans,82,0.415,3981.0,104.7,106.8,-2.1,0.582,1.77,17.1,0.228,0.728,0.48,0.129,0.504,0.539,98.56,8173,0.493,1,21,2,26,9,22,14,6,16,29,11,29,4,20,23,8,21,2016-17,2016,Average,0.035,0.5,-2.131,0.351,1,39.1,87.0,0.45,9.4,26.8,0.35,16.7,22.3,0.75,8.6,35.1,43.7,22.8,12.9,7.8,5.5,4.2,18.2,19.3,104.3,-2.1,17,12,20,14,13,19,25,21,22,29,1,13,12,5,16,5,7,5,23,18,22,0.493,0.308,0.256,0.197,0.583,9.9,0.585,2017.0,0.16999999999999998,0.0,17,7,26.580708805829072,0.8029228297836734,0.41892614602314454,0.6414845118655912,0.6067496409765438,0.23529411764705882,0.1916347357466784,0.5071775071133972,0.5168741024413595,0.35294117647058826,104.82955916781974,106.31449643569246,-1.4626156097585343,0.5435665557429725,0.5060769858420339,0.21026857561746654,0.1092019391587037,0.1649816561918077,0.09513438434389349,99.04664921879605,0.09161209259810672,1.749635530559413
1610612740,New Orleans Pelicans,82,0.585,3991.0,108.5,107.4,1.1,0.627,1.79,19.0,0.24,0.726,0.494,0.145,0.541,0.573,101.48,8443,0.525,1,8,1,12,14,13,4,5,3,29,19,21,16,4,5,1,7,2017-18,2017,Average,0.032,0.486,1.084,0.349,1,42.7,88.3,0.483,10.2,28.2,0.362,16.1,20.9,0.772,8.7,35.6,44.3,26.8,14.9,8.0,5.9,4.2,19.1,20.4,111.7,1.3,2,3,2,18,18,13,19,17,15,26,3,10,3,22,8,3,4,8,13,3,13,0.541,0.319,0.237,0.196,0.628,11.9,0.402,2018.0,-0.18299999999999994,1.0,19,8,27.87252921343267,0.8175413703176388,0.42068100347443455,0.6086389630882169,0.5126121372031662,0.21052631578947367,0.15183981998834592,0.5513004112957245,0.6538258575197889,0.3684210526315789,107.53007677418081,106.21706604114591,1.325248065712014,0.5668806075801762,0.5385731801083175,0.20355337135538346,0.10942803014058386,0.1612435592941125,0.08909376225310002,102.50049659006437,0.06382483352896426,1.899835519196333
1610612740,New Orleans Pelicans,82,0.402,3951.0,110.7,112.0,-1.3,0.619,1.82,18.6,0.285,0.729,0.509,0.142,0.529,0.563,103.89,8553,0.498,1,22,24,12,22,20,11,12,7,7,14,9,22,11,12,2,16,2018-19,2018,Average,0.034,0.444,-1.251,0.367,1,43.7,92.2,0.473,10.3,29.9,0.344,17.8,23.4,0.761,11.1,36.2,47.3,27.0,14.8,7.4,5.4,5.4,21.1,21.0,115.4,-1.3,2,3,6,22,21,24,13,11,18,8,6,5,3,24,18,7,23,19,13,3,21,0.536,0.324,0.254,0.235,0.618,12.2,0.417,2019.0,0.014999999999999958,0.0,17,10,25.948094123000566,0.8001645127347061,0.34332218688350363,0.5138603981073305,0.4876360039564787,0.23529411764705882,0.0971157645408746,0.5411375309635454,0.5551159468073414,0.4117647058823529,108.5443778709154,110.30062196713466,-1.7562440962192591,0.5489750004037716,0.5191949966211156,0.19829826921866794,0.09901528877877665,0.15265387974207686,0.09062208522131492,104.8346816660243,0.05389257833876572,2.8442925306655784
1610612740,New Orleans Pelicans,72,0.417,3486.0,110.5,111.8,-1.3,0.63,1.64,18.4,0.287,0.729,0.508,0.156,0.539,0.568,103.89,7548,0.495,11,21,13,15,21,20,7,17,7,4,18,13,29,6,14,4,18,2019-20,2019,Average,0.029,0.442,-1.251,0.352,1,42.6,91.6,0.465,13.6,36.9,0.37,17.1,23.4,0.729,11.1,35.4,46.5,26.8,16.4,7.5,5.0,4.8,21.2,21.1,115.8,-1.3,2,2,13,5,7,7,20,14,29,2,10,6,3,29,19,13,14,17,11,5,20,0.53,0.403,0.255,0.239,0.629,10.4,0.431,2020.0,0.014000000000000012,0.0,17,9,25.85751912411551,0.8701091354428704,0.35831736469688275,0.5497219353604896,0.4269272269512049,0.0,0.0,0.30021122585580423,0.2856971586140751,0.29411764705882354,109.36484423407919,110.64276946834958,-1.283108663224326,0.5657202201185695,0.541969212755785,0.1945937701281316,0.09914045228533179,0.15847375109963663,0.0895621076687703,104.9883239386116,0.044058322737811254,4.876246279442598
1610612740,New Orleans Pelicans,72,0.431,3486.0,113.0,113.3,-0.3,0.612,1.78,18.3,0.302,0.755,0.527,0.144,0.537,0.57,100.54,7303,0.508,1,21,6,11,23,18,13,18,11,1,3,2,22,17,17,10,14,2020-21,2020,Average,0.033,0.453,-0.298,0.383,1,42.5,89.1,0.477,10.6,30.4,0.348,19.0,26.1,0.729,11.7,35.7,47.4,26.0,14.6,7.6,4.4,5.9,18.0,21.3,114.6,-0.3,9,10,7,27,25,26,4,2,29,1,3,3,10,22,15,24,30,4,2,9,18,0.543,0.341,0.293,0.247,0.612,11.4,0.439,2021.0,0.008000000000000007,0.0,18,10,24.904429032879754,0.7720319614608246,0.3594729191021721,0.552874848580319,0.48746312684365783,0.1111111111111111,0.09127918807891941,0.5300329324582632,0.650196656833825,0.3333333333333333,111.5557369257833,112.18266397082894,-0.6293772837973152,0.5632930469467368,0.53522660722206,0.19320320405775893,0.10166381551437682,0.1545560688469562,0.09603122092059317,101.71251503137255,0.05412245375073085,4.517742799230607
1610612740,New Orleans Pelicans,82,0.439,3951.0,111.2,112.0,-0.8,0.621,1.78,18.1,0.306,0.742,0.518,0.143,0.517,0.557,98.02,8060,0.5,1,20,19,19,18,21,8,16,13,4,3,3,21,24,22,21,18,2021-22,2021,Average,0.04,0.436,-0.816,0.375,1,40.2,88.0,0.457,10.6,32.1,0.332,18.3,23.2,0.789,12.0,33.2,45.2,25.0,14.1,8.3,4.0,4.8,19.7,20.5,109.3,-1.0,19,16,23,28,24,27,2,6,10,3,24,11,13,17,7,26,16,14,4,21,21,0.53,0.365,0.264,0.265,0.622,10.9,0.512,2022.0,0.07300000000000001,0.0,18,8,26.752267291653286,0.8002767981362087,0.3475091021371162,0.5545790784404807,0.44598275079437133,0.2222222222222222,0.2153542128178483,0.26732673011962493,0.31854289605083974,0.2777777777777778,109.9751830378755,110.85979124642171,-0.8745351739385325,0.5612462131421371,0.5266642234105359,0.19204693168417197,0.1007815741571093,0.15168942198796403,0.09292826650208066,99.26450660093543,0.06050413209029611,4.328322423295196
1610612740,New Orleans Pelicans,82,0.512,3971.0,113.8,112.0,1.9,0.616,1.77,18.5,0.29,0.732,0.512,0.145,0.543,0.582,99.58,8239,0.514,1,15,8,20,6,10,10,19,12,9,5,5,20,17,16,16,8,2022-23,2022,Average,0.039,0.442,1.908,0.367,1,42.0,87.6,0.48,11.0,30.1,0.364,19.3,24.4,0.793,10.6,33.1,43.7,25.9,14.6,8.3,4.1,4.7,20.5,20.4,114.4,1.9,16,17,11,23,29,15,8,10,11,13,13,13,11,21,2,24,17,20,12,15,10,0.539,0.344,0.279,0.243,0.617,11.3,0.598,2023.0,0.08599999999999997,0.0,16,10,26.378524646756695,0.8197548188562969,0.352555117066096,0.5393043339267675,0.3999373629815221,0.0625,0.07632513694490708,0.8233872885220261,0.8288965445244806,0.75,112.56041036193105,111.14973382785163,1.4222972014895425,0.5812708994681712,0.5444312900286343,0.19607093790680435,0.10348865157990515,0.1562860029734636,0.09069217482741909,100.84077269386705,0.05866310595254909,3.5510561809129406
1610612740,New Orleans Pelicans,82,0.598,3941.0,116.5,111.9,4.6,0.634,2.07,19.4,0.278,0.725,0.505,0.132,0.558,0.591,98.7,8101,0.524,1,8,26,11,6,6,15,7,10,19,8,10,12,11,10,16,6,2023-24,2023,Average,0.033,0.447,4.661,0.373,1,42.5,87.4,0.486,12.5,32.6,0.383,17.6,22.8,0.771,10.4,33.6,44.0,27.0,13.0,8.3,4.6,5.2,18.4,18.4,115.1,4.4,12,23,9,18,24,4,13,9,21,17,10,13,13,11,3,22,19,11,18,13,6,0.547,0.373,0.261,0.236,0.635,14.0,0.256,2024.0,-0.34199999999999997,1.0,19,11,26.389805488075854,0.7953343798837158,0.34184029055802295,0.5477306374172861,0.4530451448040886,0.0,0.0,0.8854105321489623,0.906835604770017,0.5789473684210527,115.15231377819491,110.6202758249563,4.545036732128787,0.5918461015651199,0.5600827930697672,0.19438895696499506,0.10503986056241257,0.16126698511629678,0.09126166751186686,99.93033777676898,0.05477693307126837,3.7128323375749344
1610612740,New Orleans Pelicans,82,0.256,3951.0,109.7,119.1,-9.4,0.636,1.76,18.3,0.303,0.682,0.487,0.146,0.519,0.552,99.77,8212,0.455,1,27,18,25,29,29,13,21,22,11,29,26,18,26,27,15,26,2024-25,2024,Unsuccessful,0.033,0.379,-9.422,0.341,0,40.6,89.9,0.452,12.0,34.6,0.347,16.5,21.9,0.754,12.1,31.5,43.6,25.8,14.6,8.5,5.2,5.2,18.3,17.9,109.8,-9.4,22,13,24,27,25,24,22,14,27,7,26,20,19,19,8,10,21,13,25,25,29,0.517,0.385,0.244,0.278,0.635,11.2,,,,,21,8,26.313061886892704,0.6519017201590768,0.2973962641967482,0.4390070482079713,0.3500459981600736,0.23809523809523808,0.153934517312319,0.48414812130958346,0.5609475620975161,0.38095238095238093,108.2678099914744,117.1920132814581,-8.912384661853999,0.5504944862075679,0.5181493803825347,0.19483181294556476,0.09242106216170816,0.1634386531618185,0.0888608719556809,101.10907052899513,0.04494423628230877,3.5355339059327378
1610612741,Chicago Bulls,82,0.512,3981.0,104.1,105.5,-1.4,0.591,1.64,17.0,0.29,0.714,0.506,0.142,0.487,0.526,96.6,8008,0.494,1,14,3,23,15,18,14,12,13,11,20,12,12,26,26,15,16,2015-16,2015,Average,0.039,0.424,-1.449,0.364,1,38.6,87.4,0.441,7.9,21.4,0.371,16.5,21.0,0.787,11.1,35.2,46.3,22.8,13.9,6.0,5.7,5.7,18.8,18.7,101.6,-1.5,11,2,22,21,24,3,23,26,7,9,3,3,12,13,29,8,27,5,26,21,18,0.465,0.245,0.24,0.24,0.591,8.9,0.5,2016.0,-0.01200000000000001,0.0,15,10,27.756716599142592,0.7942150957073982,0.3488924389171485,0.5418913455788689,0.4422195416164053,0.06666666666666667,0.03927917121518156,,,,102.85792760919378,104.47486909047183,-1.6147585330676149,0.5242164358155013,0.4878930590940739,0.1972039236464674,0.09950261437747884,0.15088949809731345,0.08928789682235373,97.6600840556232,0.04388393783606936,3.935733730830886
1610612741,Chicago Bulls,82,0.5,3956.0,106.5,106.2,0.3,0.584,1.66,16.8,0.311,0.733,0.519,0.14,0.487,0.53,96.02,7919,0.504,1,15,18,21,5,14,13,15,17,3,8,4,13,30,28,19,13,2016-17,2016,Average,0.043,0.422,0.312,0.379,1,38.6,87.1,0.444,7.6,22.3,0.34,18.0,22.5,0.798,12.2,34.1,46.3,22.6,13.6,7.8,4.8,4.6,17.7,18.8,102.9,0.4,20,8,25,28,29,24,15,19,6,2,9,3,14,12,15,16,12,2,25,23,14,0.478,0.256,0.258,0.263,0.585,9.0,0.329,2017.0,-0.17099999999999999,1.0,16,10,27.124309641892722,0.7968270467529484,0.36653038352247647,0.5503198079740199,0.47058085560155566,0.1875,0.11416924054430892,0.3456675903210434,0.4156316647848451,0.25,105.28786872341551,105.13057918424256,0.14738076916288653,0.5207098243880054,0.48372577278102324,0.19560516290439292,0.09943388076033814,0.15313968539861272,0.09021902477982315,97.1532174764821,0.0470626178617382,3.826225293941798
1610612741,Chicago Bulls,82,0.329,3971.0,103.4,110.5,-7.0,0.607,1.68,17.3,0.256,0.767,0.5,0.141,0.497,0.529,98.65,8160,0.453,1,24,5,28,28,28,8,13,14,22,1,17,11,29,29,11,28,2017-18,2017,Unsuccessful,0.032,0.511,-7.096,0.359,0,38.7,88.8,0.435,11.0,31.1,0.355,14.6,19.2,0.759,9.6,35.0,44.7,23.5,14.0,7.6,3.5,5.2,19.2,17.4,102.9,-7.0,23,1,30,10,6,21,28,26,20,16,8,6,10,13,18,30,24,9,29,26,29,0.48,0.35,0.216,0.215,0.607,9.5,0.268,2018.0,-0.061,1.0,19,8,24.95216620584579,0.7995787400003269,0.3169609652307321,0.48468502349147297,0.3464367538888219,0.21052631578947367,0.08477655010891863,0.47179553546507375,0.46653804413360667,0.3684210526315789,102.2610165333304,109.28826725474214,-7.010826230995328,0.5246182369641844,0.49337850884808354,0.1906522589661764,0.08908471991521986,0.14820355928749662,0.08999679044122302,99.51402530652183,0.033824685881763926,2.8034576865007255
1610612741,Chicago Bulls,82,0.268,3981.0,104.5,112.8,-8.3,0.55,1.55,16.3,0.242,0.727,0.483,0.141,0.505,0.541,99.3,8232,0.453,1,27,3,29,25,27,25,26,26,30,16,27,20,28,28,20,27,2018-19,2018,Unsuccessful,0.036,0.485,-8.359,0.342,0,39.8,87.9,0.453,9.1,25.9,0.351,16.2,20.7,0.783,8.8,34.1,42.9,21.9,14.1,7.4,4.3,5.8,20.3,18.7,104.9,-8.4,23,22,20,30,27,19,25,26,11,30,21,25,27,19,20,26,28,9,30,27,27,0.495,0.295,0.235,0.205,0.55,7.8,0.338,2019.0,0.07,0.0,18,9,24.56592693046497,0.7389650895012283,0.31884296594869505,0.49908916864035546,0.4136085626911315,0.16666666666666666,0.20786645440584806,0.5693188030368416,0.6232161060142711,0.3888888888888889,104.40108377830225,111.26987185315006,-6.855324053029143,0.5412376389489525,0.5065808204874146,0.19228473400590274,0.09040016613066941,0.13535324531812942,0.08493948611330529,100.5370403723476,0.04826879471470027,2.8284271247461894
1610612741,Chicago Bulls,65,0.338,3135.0,105.8,108.9,-3.1,0.587,1.5,16.9,0.267,0.719,0.481,0.153,0.515,0.547,100.46,6563,0.466,26,24,29,29,9,22,20,26,21,14,23,28,26,24,26,16,25,2019-20,2019,Unsuccessful,0.032,0.452,-3.086,0.328,0,39.6,88.6,0.447,12.2,35.1,0.348,15.5,20.5,0.755,10.5,31.4,41.9,23.2,15.5,10.0,4.1,5.9,21.8,19.2,106.8,-3.1,25,16,26,14,11,22,28,27,21,13,30,29,23,27,1,26,28,24,29,27,22,0.512,0.396,0.231,0.251,0.586,7.7,0.431,2020.0,0.09299999999999997,0.0,17,8,25.06516927166401,0.8036457890647366,0.35963944710260504,0.5562735778841043,0.45010799136069113,0.0,0.0,0.5587884104199893,0.5853131749460043,0.5294117647058824,104.69388466772993,107.53417723551303,-2.84551302498671,0.5496386767676767,0.5198596723019671,0.19450475853269542,0.09394681786283893,0.1474047268474216,0.08588880659223819,101.66640293779905,0.0563625263362103,3.6206870894900596
1610612741,Chicago Bulls,72,0.431,3476.0,110.4,111.5,-1.1,0.635,1.77,19.2,0.267,0.767,0.519,0.151,0.547,0.575,99.58,7220,0.499,1,21,16,21,12,20,4,20,8,16,1,4,27,10,14,13,18,2020-21,2020,Average,0.028,0.5,-1.105,0.368,1,42.2,88.6,0.476,12.6,34.0,0.37,13.8,17.5,0.791,9.6,35.3,45.0,26.8,15.1,6.7,4.2,5.1,18.9,17.7,110.7,-0.9,10,14,9,16,17,13,30,30,11,19,8,11,8,27,28,27,18,10,30,21,20,0.542,0.384,0.198,0.213,0.635,11.7,0.561,2021.0,0.13000000000000006,0.0,17,10,26.888288931852212,0.8516640351159568,0.3434792952797079,0.5344877271843264,0.47704679995532223,0.29411764705882354,0.28266438133473176,0.530201503895289,0.578241930079303,0.5294117647058824,108.83688170403755,110.60755052702359,-1.7659350457969765,0.5693784067305325,0.5443280381559599,0.19893061290217223,0.1031944533298681,0.16176405955931822,0.09524879464472963,100.44580915084899,0.05709255643251578,4.754997371187496
1610612741,Chicago Bulls,82,0.561,3946.0,112.7,113.2,-0.5,0.572,1.86,17.8,0.249,0.735,0.495,0.13,0.541,0.579,98.76,8124,0.496,1,12,24,13,23,20,27,10,17,28,7,17,6,10,8,14,20,2021-22,2021,Average,0.038,0.486,-0.506,0.365,1,41.7,86.9,0.48,10.6,28.8,0.369,17.5,21.5,0.813,8.7,33.7,42.3,23.9,12.8,7.1,4.1,5.0,18.8,18.2,111.6,-0.4,7,20,3,29,30,4,9,17,3,29,22,28,19,6,23,25,24,8,28,13,20,0.535,0.331,0.247,0.206,0.573,11.1,0.488,2022.0,-0.07300000000000006,1.0,20,9,26.7223860410953,0.791103857772094,0.37121700885216763,0.5588224043411105,0.5389714530097295,0.1,0.05494011598822355,0.47101670010653657,0.49481449802202504,0.35,111.32664543369174,111.90480165964202,-0.5686461665185729,0.57839558891143,0.5461475793375891,0.19418720692608069,0.0992298840489548,0.1447110268952392,0.09022381546644591,100.00523202147423,0.06952768344646683,3.6750745352313836
1610612741,Chicago Bulls,82,0.488,3981.0,112.8,111.5,1.3,0.575,1.83,18.1,0.236,0.736,0.493,0.133,0.55,0.587,99.18,8225,0.512,1,19,4,24,5,13,23,14,17,28,3,22,8,12,12,18,9,2022-23,2022,Average,0.037,0.5,1.311,0.36,1,42.5,86.8,0.49,10.4,28.9,0.361,17.6,21.8,0.809,8.5,33.9,42.4,24.5,13.4,7.9,4.5,4.7,18.9,18.7,113.1,1.3,11,21,4,30,30,16,21,26,5,28,9,22,20,8,7,19,18,8,27,22,13,0.554,0.333,0.251,0.2,0.576,11.1,0.476,2023.0,-0.01200000000000001,0.0,17,8,27.883619209663514,0.8881171310979573,0.39869660143620156,0.6137332037301901,0.556140539378962,0.11764705882352941,0.10118141929386933,0.844381368896851,0.891694423552165,0.7058823529411765,111.60878049674305,110.43998482900562,1.1813168945221049,0.5835343803578755,0.5503254358275939,0.18802869605903585,0.10016726645550618,0.14024765853717464,0.08853399524552452,100.34922443155999,0.06300285211797955,4.702060718451007
1610612741,Chicago Bulls,82,0.476,3996.0,114.0,115.7,-1.7,0.594,2.04,18.2,0.291,0.717,0.501,0.124,0.534,0.568,96.94,8078,0.493,1,20,1,19,22,20,28,13,24,11,17,14,3,22,21,28,20,2023-24,2023,Average,0.034,0.426,-1.754,0.377,1,42.0,89.5,0.47,11.5,32.1,0.358,16.7,21.1,0.791,11.2,32.6,43.8,25.0,12.2,7.8,4.8,4.9,18.8,18.8,112.3,-1.4,16,13,18,27,26,20,17,18,10,8,19,14,23,3,9,18,14,17,14,22,20,0.531,0.359,0.236,0.256,0.595,12.8,0.476,2024.0,0.0,0.0,18,9,28.372886219552882,0.855172139439017,0.4243957290623957,0.637249165832499,0.5187920921138388,0.0,0.0,0.8622711044377709,0.9048446665218336,0.6111111111111112,112.61208843843843,114.06030263596931,-1.4110228812145478,0.5681742238905572,0.5370058749582917,0.19440988780447113,0.09908352018685353,0.1500047879546213,0.08934450408742076,98.21249793126458,0.04114413088367331,4.189935029992179
1610612741,Chicago Bulls,82,0.476,3951.0,113.2,114.8,-1.6,0.673,1.98,19.9,0.26,0.722,0.496,0.141,0.553,0.585,103.61,8532,0.495,1,18,18,20,19,20,7,10,6,28,5,18,15,13,13,2,20,2024-25,2024,Average,0.032,0.462,-1.544,0.355,1,43.2,92.0,0.47,15.4,42.0,0.367,16.0,19.7,0.809,10.1,35.8,45.9,29.1,14.7,7.6,4.7,5.1,17.6,16.8,117.8,-1.6,8,4,15,3,3,13,27,29,3,25,1,3,5,20,24,18,18,6,30,6,20,0.556,0.457,0.214,0.22,0.674,14.4,,,,,20,8,25.091855339093303,0.8165808776311838,0.34252001534509785,0.5054108983554058,0.4208699425100336,0.15,0.1781878606931981,0.5079329986322847,0.5253281266948693,0.4,111.45105190646161,113.12911934983485,-1.6927812155986255,0.5743663703005636,0.543562417937085,0.18542908104546815,0.09573348375421156,0.16821435467191515,0.08897441780364945,104.77755203322548,0.03431016613192072,4.092676385936225
1610612742,Dallas Mavericks,82,0.512,4001.0,105.5,105.9,-0.4,0.592,1.73,17.0,0.241,0.723,0.484,0.132,0.502,0.544,95.34,7950,0.503,1,14,1,11,16,16,13,5,12,28,14,26,2,13,14,22,13,2015-16,2015,Average,0.042,0.482,-0.42,0.352,1,37.4,84.1,0.444,9.8,28.6,0.344,17.7,22.3,0.794,9.2,33.9,43.1,22.1,12.8,6.8,3.7,4.4,19.5,21.4,102.3,-0.3,22,18,20,7,5,23,12,21,3,26,9,19,18,2,26,29,8,8,8,16,16,0.497,0.34,0.265,0.213,0.591,9.3,0.402,2016.0,-0.10999999999999999,1.0,15,8,31.067553026786882,0.8577115339671215,0.35499234773370647,0.5576456757463919,0.3828665182233681,0.06666666666666667,0.04451972167839708,,,,103.7998601768568,104.09881517245869,-0.2873015275606494,0.5445643460106318,0.5013174093824412,0.1952300170828299,0.1022818915100604,0.15007912592908637,0.08841903216910195,96.87397327820722,0.030024729390953714,2.9764702249476644
1610612742,Dallas Mavericks,82,0.402,3956.0,104.7,107.7,-3.0,0.574,1.75,16.8,0.216,0.733,0.465,0.127,0.505,0.541,93.11,7668,0.479,1,22,18,25,13,23,17,7,18,30,7,30,3,18,19,28,24,2016-17,2016,Average,0.036,0.517,-3.222,0.338,1,36.2,82.3,0.44,10.7,30.2,0.355,14.8,18.5,0.801,7.9,30.7,38.6,20.8,11.9,7.5,3.7,3.4,19.1,19.4,97.9,-2.9,30,27,29,5,6,16,29,30,4,30,30,30,27,2,19,30,2,9,21,30,23,0.489,0.367,0.225,0.205,0.575,8.9,0.293,2017.0,-0.10900000000000004,1.0,19,9,27.901553029200088,0.8045995646260241,0.39267917633610655,0.5569930526514734,0.45275485759914824,0.15789473684210525,0.16186593230430427,0.42955866267783477,0.43944636678200694,0.3157894736842105,103.70785149883986,106.04046182513174,-2.343377207030486,0.5463145560268976,0.511547766571519,0.18962741063133143,0.09462266962107467,0.12742088943781874,0.08150717368085499,94.98617689059395,0.03911553005339471,5.159194118330622
1610612742,Dallas Mavericks,82,0.293,3961.0,105.4,108.4,-2.9,0.594,1.85,17.3,0.224,0.749,0.478,0.127,0.513,0.544,96.53,7959,0.475,1,27,12,24,16,22,10,2,11,30,5,30,1,19,23,26,23,2017-18,2017,Unsuccessful,0.031,0.525,-3.004,0.351,0,38.1,85.9,0.444,11.8,32.8,0.36,14.2,18.7,0.763,8.1,33.1,41.3,22.7,12.3,7.0,3.8,4.5,19.2,19.6,102.3,-3.0,29,17,26,5,4,17,29,29,19,30,21,27,19,1,25,29,8,10,20,28,22,0.495,0.382,0.218,0.196,0.596,10.4,0.402,2018.0,0.10900000000000004,0.0,21,9,27.841382662840207,0.8344404465501126,0.3504674008764932,0.5468736544378944,0.4076364933983585,0.09523809523809523,0.09694255136187979,0.6898297365340185,0.7088140835018437,0.42857142857142855,103.7434685840387,106.96207778203707,-3.2064614747049864,0.5498977196672227,0.5226523806425545,0.19014228091296193,0.09465507758933288,0.14479825347851763,0.08477832438536691,97.8908290241502,0.049079175136698926,5.553332888711022
1610612742,Dallas Mavericks,82,0.402,3956.0,108.7,110.1,-1.5,0.603,1.64,17.0,0.273,0.734,0.503,0.142,0.519,0.555,99.6,8216,0.492,1,22,18,20,18,21,13,21,21,13,10,12,21,19,16,19,20,2018-19,2018,Average,0.036,0.461,-1.506,0.361,1,38.8,86.9,0.447,12.5,36.6,0.34,18.8,25.3,0.742,10.1,35.2,45.3,23.4,14.2,6.5,4.3,4.5,20.1,23.2,108.9,-1.3,28,28,27,7,4,27,7,5,25,16,14,16,22,20,29,26,6,8,2,21,20,0.523,0.421,0.291,0.223,0.603,9.2,0.573,2019.0,0.17099999999999993,0.0,16,9,26.980202952089805,0.8289786222182826,0.3562353923088449,0.5397288588461167,0.4291295324136247,0.25,0.29254910308134463,0.39748632180962423,0.3463557563179099,0.375,107.23868581076506,109.3671410026425,-2.1485438918086768,0.5512443115952683,0.5156120590268587,0.19609956032804318,0.09607249242512295,0.16110614415769373,0.07990454128523874,101.1891212134367,0.054248399873995254,4.201704533597564
1610612742,Dallas Mavericks,75,0.573,3635.0,115.9,111.2,4.8,0.592,1.94,17.7,0.275,0.74,0.509,0.126,0.545,0.581,99.89,7569,0.521,1,13,1,1,18,6,17,4,14,12,8,10,3,4,4,18,8,2019-20,2019,Average,0.036,0.465,4.805,0.383,1,41.7,90.3,0.461,15.1,41.3,0.367,18.6,23.8,0.779,10.5,36.4,46.9,24.7,12.7,6.1,4.8,4.1,19.5,21.3,117.0,4.9,9,9,16,2,2,10,10,11,14,11,4,4,14,2,29,16,5,6,9,3,6,0.543,0.457,0.264,0.224,0.592,12.0,0.583,2020.0,0.010000000000000009,0.0,18,11,26.612653828263227,0.8175121117345814,0.32219272295214346,0.5128619858901752,0.43846904477935594,0.16666666666666666,0.09772519640859235,0.648195934340637,0.6509812425458094,0.5555555555555556,113.76887750448357,109.44972378506574,4.317725335414881,0.5808169783139033,0.5501048583641758,0.19122393080781788,0.1044908827748813,0.15330285222885,0.09182949677406733,100.99092440898087,0.06732602311461558,2.4291616756158887
1610612742,Dallas Mavericks,72,0.583,3461.0,114.6,112.3,2.3,0.557,1.9,17.2,0.253,0.734,0.496,0.123,0.55,0.582,97.94,7062,0.51,1,8,24,8,21,10,28,9,23,21,17,16,3,8,8,26,11,2020-21,2020,Average,0.032,0.481,2.348,0.373,1,41.1,87.3,0.47,13.8,38.1,0.362,16.5,21.2,0.778,9.1,34.2,43.3,22.9,12.1,6.3,4.3,3.7,19.4,20.1,112.4,2.3,18,22,13,8,6,18,18,20,15,25,17,21,26,3,30,26,2,19,7,17,11,0.555,0.436,0.243,0.21,0.557,10.8,0.634,2021.0,0.051000000000000045,0.0,17,10,26.90709771574556,0.8214491027345336,0.35589792777096174,0.5570862624502897,0.4708323163290212,0.11764705882352941,0.07440381799588683,0.7839517119070227,0.8356114229924335,0.5882352941176471,113.49736623253133,110.66957576840458,2.8263481759449256,0.5839848130843369,0.5531556028731904,0.19499642966840067,0.10233085790855329,0.14636183181177284,0.08770731531873915,99.22391176962164,0.07289780517957999,2.2715633383201093
1610612742,Dallas Mavericks,82,0.634,3951.0,112.5,109.1,3.5,0.595,1.87,17.8,0.256,0.733,0.496,0.13,0.538,0.572,95.64,7871,0.511,1,5,19,14,7,7,20,9,18,23,10,16,7,13,14,30,12,2021-22,2021,Successful,0.034,0.477,3.66,0.366,2,39.3,85.1,0.461,13.1,37.4,0.35,16.4,21.2,0.771,9.3,33.8,43.0,23.4,12.5,6.7,4.0,3.7,19.7,20.1,108.0,3.3,25,27,18,10,8,19,22,22,16,24,20,24,25,3,29,28,1,14,10,24,8,0.549,0.439,0.249,0.216,0.595,10.9,0.463,2022.0,-0.17099999999999999,1.0,21,9,27.45931713533771,0.8030254716434247,0.3698643490433777,0.5621341965954576,0.45882885944048024,0.14285714285714285,0.13874283601252463,0.6720196842253401,0.7213727488956847,0.42857142857142855,111.04200902413764,108.1139372784049,2.92751711577565,0.5716293095870215,0.5425813467863114,0.18984374366760662,0.0996687586796348,0.1675993048450779,0.08441004004445621,96.96086906085988,0.07420542058666903,3.402976184691901
1610612742,Dallas Mavericks,82,0.463,3986.0,115.9,116.1,-0.2,0.573,1.88,17.4,0.226,0.717,0.471,0.124,0.565,0.599,97.21,8082,0.487,1,21,3,6,25,20,25,8,24,30,17,30,2,5,6,28,23,2022-23,2022,Average,0.034,0.491,-0.206,0.347,1,40.0,84.3,0.475,15.2,41.0,0.371,19.0,25.1,0.755,7.6,31.2,38.8,22.9,12.2,6.3,3.7,3.8,20.7,21.8,114.2,0.1,28,29,15,3,3,8,12,6,23,30,27,30,28,2,29,28,2,23,1,16,19,0.573,0.486,0.298,0.196,0.572,10.7,0.61,2023.0,0.14699999999999996,0.0,20,7,28.486712759859525,0.7779045688291133,0.3680473842862777,0.5727383921502504,0.5204441123091705,0.2,0.1794075333249681,0.6448358411183444,0.5792676417209351,0.45,114.8209832495447,114.41561533833726,0.4028237802152822,0.5980399073611532,0.5715202341891256,0.2017427785709006,0.10073694041547712,0.15233386839527976,0.0840095449193799,98.83524732672899,0.0912073215822287,3.692242280948596
1610612742,Dallas Mavericks,82,0.61,3941.0,117.0,114.9,2.1,0.596,2.05,18.5,0.257,0.711,0.485,0.124,0.562,0.592,100.6,8263,0.506,1,6,26,8,18,15,26,10,20,25,21,26,4,7,9,7,16,2023-24,2023,Successful,0.03,0.454,2.087,0.361,2,43.1,89.7,0.481,14.6,39.5,0.369,17.0,22.5,0.758,9.7,33.2,42.9,25.7,12.5,6.9,5.0,4.0,18.3,20.3,117.9,2.2,9,12,11,3,2,13,15,11,27,23,14,21,19,4,24,17,2,10,2,7,14,0.568,0.44,0.251,0.226,0.596,13.2,0.476,2024.0,-0.134,1.0,19,9,26.677177263510337,0.821263213748406,0.3437557503025631,0.5334722824414541,0.4925078864353312,0.15789473684210525,0.2011315484969979,0.5677194702067596,0.6502365930599369,0.47368421052631576,115.40042186502244,114.22125815242269,1.1589471684924095,0.6045094670390293,0.580504375802883,0.1967108131969408,0.10435730912861589,0.15556294615870125,0.09125110913748322,101.91867824290745,0.07377108403369285,3.7118429085533475
1610612742,Dallas Mavericks,82,0.476,3946.0,113.7,115.0,-1.3,0.601,1.8,18.2,0.271,0.694,0.488,0.14,0.549,0.583,100.15,8238,0.496,1,18,23,18,20,19,27,19,23,25,25,24,12,14,14,12,19,2024-25,2024,Average,0.034,0.423,-1.298,0.348,1,42.0,87.7,0.479,12.4,34.2,0.364,17.8,23.1,0.77,10.1,33.0,43.0,25.2,14.0,7.8,5.4,4.6,17.8,18.7,114.2,-1.2,13,21,10,26,26,15,6,6,24,24,17,23,22,13,21,7,12,8,16,15,19,0.553,0.39,0.263,0.235,0.6,11.2,,,,,19,9,28.0208250268999,0.7420081396736029,0.2976715326135438,0.4770996559314287,0.351123595505618,0.2631578947368421,0.2694615105001418,0.4110227330934919,0.4358948635634029,0.47368421052631576,111.62369083904184,113.34903825142968,-1.7081064390794851,0.5895844965128313,0.5561055382604713,0.19366811144504578,0.10190393236815264,0.1423402474989885,0.09000772164724331,101.0059375054021,0.04829180847133496,3.956554181058857
1610612743,Denver Nuggets,82,0.402,3966.0,104.9,108.2,-3.3,0.601,1.55,16.9,0.304,0.732,0.513,0.151,0.489,0.531,96.34,7963,0.479,1,21,11,17,25,23,9,15,15,3,9,7,19,23,22,17,25,2015-16,2015,Average,0.042,0.428,-3.425,0.362,1,37.7,85.4,0.442,8.0,23.7,0.338,18.5,24.1,0.766,11.5,33.1,44.6,22.7,14.7,7.4,4.8,6.3,21.0,20.9,101.9,-3.1,21,12,21,20,18,26,10,10,14,6,19,8,14,18,20,16,30,23,11,20,23,0.481,0.278,0.282,0.258,0.602,8.0,0.488,2016.0,0.08599999999999997,0.0,16,11,24.67845588219677,0.7979467952549111,0.3496831691159448,0.5317280738457879,0.3807333898099964,0.1875,0.12129442524621989,,,,103.80994095820263,107.24396013754755,-3.4287573781007143,0.5330896605277187,0.49197758255295565,0.19494175273300354,0.0959027787748583,0.14840345500075403,0.09094554204481979,97.39851433013536,0.029015242503219945,3.8804447218932805
1610612743,Denver Nuggets,82,0.488,3951.0,112.2,111.7,0.4,0.615,1.69,18.2,0.314,0.753,0.532,0.15,0.53,0.568,99.18,8167,0.503,1,18,25,4,29,13,7,10,4,2,2,1,23,5,5,6,15,2016-17,2016,Average,0.038,0.439,0.403,0.382,1,41.2,87.7,0.469,10.6,28.8,0.368,18.7,24.2,0.774,11.8,34.6,46.4,25.3,15.0,6.9,3.9,4.9,19.1,20.2,111.7,0.5,3,4,6,7,8,11,9,8,17,5,6,2,2,23,28,27,15,9,13,3,12,0.52,0.328,0.276,0.254,0.614,10.3,0.561,2017.0,0.07300000000000006,0.0,17,10,26.1633964886835,0.80403050103221,0.307196093394848,0.5007879534328215,0.36292591434823385,0.11764705882352941,0.13419186800444352,0.6256720128424554,0.6464520162550798,0.5294117647058824,111.60213758251777,110.67010384546566,0.923597379663625,0.5697357219992806,0.5317451083661213,0.19232390442069536,0.10098152672023591,0.1545860912230365,0.09638165302988247,99.87167070469751,0.022303587155433093,4.422668877499196
1610612743,Denver Nuggets,82,0.561,3976.0,111.4,110.0,1.4,0.617,1.68,18.2,0.3,0.736,0.517,0.151,0.536,0.57,97.69,8095,0.511,1,14,4,6,23,11,7,11,5,2,11,2,23,6,7,15,10,2017-18,2017,Average,0.034,0.436,1.433,0.366,1,40.7,86.6,0.47,11.5,30.9,0.371,17.1,22.3,0.767,11.0,33.5,44.5,25.1,15.0,7.6,4.9,4.8,18.7,20.7,110.0,1.5,7,12,10,6,8,7,12,12,18,2,20,7,5,23,17,12,16,6,6,6,11,0.524,0.357,0.258,0.247,0.617,10.1,0.659,2018.0,0.09799999999999998,0.0,17,9,26.23541650990798,0.8491857786335587,0.38575803482300053,0.6190552509560189,0.4433252158512287,0.058823529411764705,0.06719412827960064,0.7645667691659433,0.7700907682089883,0.5882352941176471,110.4483415098662,108.42788517907276,2.0103130073756,0.569864032284764,0.5368924699817574,0.19276935313425397,0.10240161565948167,0.15166418921065522,0.09170536106331711,98.7191886847821,0.0282842712474619,4.83045891539648
1610612743,Denver Nuggets,82,0.659,3946.0,112.1,108.1,4.0,0.653,2.04,19.3,0.308,0.744,0.524,0.136,0.527,0.558,98.49,8096,0.524,1,4,27,7,10,8,2,3,2,1,5,2,11,15,14,26,8,2018-19,2018,Successful,0.031,0.436,4.061,0.388,2,41.9,90.0,0.466,11.0,31.4,0.351,15.8,20.9,0.755,11.9,34.5,46.4,27.4,13.4,7.7,4.4,5.0,20.0,20.4,110.7,4.0,12,11,13,18,16,17,27,25,20,2,17,8,2,8,13,24,14,7,20,20,8,0.527,0.349,0.232,0.256,0.654,14.0,0.63,2019.0,-0.029000000000000026,0.0,18,11,25.433020696063522,0.8674653255947157,0.3507910119952694,0.5420348876499408,0.4284297520661157,0.0,0.0,0.9796195303260684,0.9803856749311295,0.6666666666666666,110.81255973982091,106.72527134651122,4.079220966379455,0.5598450727318803,0.5308962334009123,0.19394314368981247,0.1051592790167258,0.16685492101706367,0.0928654439939179,99.70573370586244,0.044747408623432,3.5767846496192726
1610612743,Denver Nuggets,73,0.63,3549.0,112.6,110.4,2.2,0.636,1.94,19.1,0.294,0.725,0.509,0.139,0.535,0.567,97.64,7217,0.517,3,6,3,5,16,11,5,3,2,3,20,11,9,10,15,29,11,2019-20,2019,Successful,0.032,0.431,2.253,0.37,2,42.0,88.9,0.473,11.0,30.6,0.359,16.2,20.9,0.777,10.8,33.4,44.1,26.7,13.8,8.0,4.6,4.4,20.3,20.5,111.3,2.1,8,15,4,24,26,15,25,26,16,5,24,20,4,7,9,19,8,11,17,19,11,0.532,0.344,0.235,0.245,0.636,12.9,0.653,2020.0,0.02300000000000002,0.0,17,10,26.332849242843437,0.8165420282643265,0.34215892004520077,0.5463040552786,0.41537153958232154,0.23529411764705882,0.09495848508646734,0.7194084398153279,0.7291160757649344,0.47058823529411764,110.42897479863332,108.94795685955052,1.474820953847899,0.5684900501707258,0.5378600391670407,0.1925012057170241,0.10534827839953273,0.16068123271292908,0.09082363879894167,99.0843728594423,0.040865633483405106,3.672873534441392
1610612743,Denver Nuggets,72,0.653,3496.0,116.3,111.5,4.8,0.621,1.99,19.3,0.292,0.751,0.522,0.136,0.557,0.588,97.74,7123,0.525,1,5,1,6,11,6,11,5,4,2,6,3,15,6,6,27,7,2020-21,2020,Successful,0.031,0.459,4.911,0.386,2,43.3,89.2,0.485,12.9,34.2,0.377,15.7,19.5,0.803,10.5,33.9,44.4,26.8,13.5,8.1,4.5,4.5,19.1,19.2,115.1,4.9,4,9,4,15,16,8,27,27,7,8,19,13,5,12,8,21,7,14,15,8,6,0.553,0.383,0.219,0.236,0.619,13.3,0.585,2021.0,-0.06800000000000006,1.0,18,10,27.06979982345477,0.7594458428604411,0.3385145373963256,0.5111191312503448,0.4670178653229501,0.2222222222222222,0.178727219228718,0.6469890762638615,0.722743930371049,0.5,114.15455682549607,110.28764642220055,3.869163561800026,0.5778071711385329,0.5476352233481067,0.19947447183551867,0.10643267824631737,0.16423955422329292,0.09511749388528237,98.77140339573715,0.044323921306671406,3.905124837953327
1610612743,Denver Nuggets,82,0.585,3961.0,113.8,111.5,2.3,0.667,1.92,20.0,0.268,0.752,0.515,0.146,0.556,0.59,98.41,8123,0.516,1,10,8,6,15,11,2,6,1,19,1,4,26,1,1,20,9,2021-22,2021,Average,0.034,0.484,2.337,0.369,1,41.7,86.3,0.483,12.7,35.9,0.353,16.7,21.0,0.795,9.2,34.9,44.1,27.8,14.5,7.2,3.7,4.8,20.0,19.9,112.7,2.3,8,23,2,14,13,16,19,23,8,25,9,17,3,26,18,29,17,20,13,10,11,0.575,0.416,0.243,0.209,0.667,13.3,0.646,2022.0,0.061000000000000054,0.0,20,10,28.17456747660929,0.8867808735856466,0.34401758699458224,0.5413265091057811,0.4280878128846943,0.2,0.10048882616400089,0.7129788551270677,0.7108124743537135,0.6,112.36709985774277,110.25733493449123,2.1130456397568524,0.5833260573321349,0.5514082658971069,0.19484961922625074,0.1022346864340161,0.16719642532493753,0.09167647528711276,99.57911999867427,0.04956823579672773,3.6619666847201113
1610612743,Denver Nuggets,82,0.646,3951.0,116.8,113.5,3.3,0.663,1.99,20.5,0.289,0.727,0.514,0.147,0.573,0.601,98.74,8129,0.525,1,4,25,5,15,6,2,5,1,12,11,4,23,1,3,24,3,2022-23,2022,Successful,0.028,0.438,3.342,0.367,2,43.6,86.4,0.504,11.8,31.2,0.379,16.8,22.4,0.751,10.1,32.9,43.0,28.9,14.5,7.5,4.5,4.2,18.6,19.5,115.8,3.3,3,22,1,18,25,4,27,24,26,17,15,19,2,20,11,20,10,4,23,12,6,0.576,0.361,0.259,0.235,0.663,14.4,0.695,2023.0,0.04899999999999993,0.0,17,10,27.680795398870178,0.8221902826121603,0.32979373227894054,0.5275884011546113,0.4073779457094561,0.17647058823529413,0.1454899128925688,0.43570605816737923,0.49507805508600977,0.4117647058823529,115.28229702315716,112.13680627598515,3.1211812058879658,0.6008601214821051,0.5758774881892397,0.19051689514248663,0.10351488799208222,0.1621581791457687,0.09295818237269858,99.91244340142023,0.04323713681547381,3.9446165846632044
1610612743,Denver Nuggets,82,0.695,3941.0,117.8,112.3,5.5,0.669,2.33,20.9,0.3,0.718,0.515,0.13,0.562,0.589,97.43,7996,0.533,1,2,26,5,8,4,5,2,2,6,15,6,9,8,11,26,4,2023-24,2023,Successful,0.027,0.418,5.645,0.385,2,44.0,88.8,0.496,11.7,31.2,0.374,15.1,19.9,0.762,10.7,33.7,44.4,29.5,12.6,7.1,5.6,4.8,18.2,17.9,114.9,5.3,3,17,4,25,30,10,29,29,25,13,9,7,3,5,21,10,12,9,26,14,4,0.561,0.351,0.224,0.241,0.67,16.9,0.61,2024.0,-0.08499999999999996,1.0,17,8,27.812062589867207,0.8815257878917284,0.39091068256787626,0.6019322506977925,0.49808876619239756,0.0,0.0,0.9029755561194285,0.9304523253344659,0.5882352941176471,116.37610357777216,111.05755187346699,5.297041224731457,0.5853314755984099,0.5595849498435255,0.19323017652034175,0.10600142070540473,0.17254052651611268,0.09170875623784151,98.58761358115538,0.053830753292147045,3.9031237489989987
1610612743,Denver Nuggets,82,0.61,3971.0,118.9,115.1,3.8,0.683,2.17,21.1,0.311,0.709,0.52,0.14,0.573,0.604,100.67,8328,0.529,1,6,4,4,21,9,4,4,1,5,14,2,13,2,2,8,4,2024-25,2024,Successful,0.031,0.398,3.775,0.38,2,45.4,89.8,0.506,12.0,31.9,0.376,17.9,23.3,0.77,11.2,34.5,45.7,31.0,14.3,8.0,4.9,5.1,17.6,19.0,120.8,3.9,1,16,1,28,30,5,4,1,23,12,3,4,1,17,17,15,19,6,9,3,9,0.577,0.355,0.259,0.245,0.683,16.7,,,,,17,8,27.605834214723412,0.8442903656998471,0.39483312347855287,0.6220120876353563,0.49535447384366793,0.0,0.0,0.8616704440527158,0.8823470006059382,0.6470588235294118,117.64258651892891,113.96104190380258,3.6689297238311087,0.5988033764794761,0.570510757323932,0.19359521304457314,0.10481466053890708,0.17308393721144968,0.09245590674053554,101.7080866943675,0.0449345009430393,4.240798863421843
1610612744,Golden State Warriors,82,0.89,3976.0,113.5,102.8,10.6,0.68,1.91,20.4,0.267,0.72,0.507,0.15,0.563,0.593,100.24,8303,0.567,1,1,5,1,6,2,1,1,1,22,15,11,18,1,1,2,2,2015-16,2015,Successful,0.03,0.453,10.575,0.357,2,42.5,87.3,0.487,13.1,31.6,0.416,16.7,21.8,0.763,10.0,36.2,46.2,28.9,15.2,8.4,6.1,4.1,20.7,19.8,114.9,10.8,1,3,1,1,1,1,22,23,16,21,1,4,1,24,9,2,3,19,19,1,1,0.528,0.362,0.25,0.216,0.68,13.7,0.817,2016.0,-0.07300000000000006,1.0,15,9,28.022012711929694,0.8892789065006925,0.4084975684455367,0.5970560821260653,0.5589450270098506,0.06666666666666667,0.02476688285203777,,,,112.23152289710661,101.38498196437817,10.84830843116284,0.584216342757854,0.5567662490295895,0.19461307146777038,0.11291298825462871,0.16969477268053673,0.09177653261141427,101.2810535786523,0.06469319807014652,2.884612219054927
1610612744,Golden State Warriors,82,0.817,3956.0,114.8,103.4,11.4,0.705,2.06,21.2,0.272,0.709,0.504,0.146,0.563,0.597,100.37,8279,0.579,1,1,18,1,2,1,1,1,1,17,27,10,20,1,1,4,1,2016-17,2016,Successful,0.034,0.437,11.358,0.358,2,43.1,87.1,0.495,12.0,31.2,0.383,17.8,22.6,0.788,9.4,35.0,44.4,30.4,14.8,9.6,6.8,3.8,19.3,19.4,115.9,11.6,1,9,1,4,5,3,17,18,11,20,3,7,1,22,1,1,4,12,22,1,1,0.556,0.358,0.259,0.212,0.705,15.6,0.707,2017.0,-0.10999999999999999,1.0,16,10,29.26670688168987,0.9201337139939777,0.36769250783375435,0.5604798378424105,0.5347334410339257,0.0625,0.08416466717118433,0.6271710326717179,0.636813408723748,0.5625,112.98330187404274,102.68104256328672,10.304830478827595,0.5827341335422598,0.5507012849718849,0.19294340060647963,0.11256046427736138,0.17445052339692094,0.09043716041915986,101.20225812594781,0.06227519570422882,4.261455150532504
1610612744,Golden State Warriors,82,0.707,3946.0,112.8,106.8,5.9,0.685,1.9,20.9,0.243,0.712,0.497,0.153,0.569,0.603,100.35,8251,0.554,1,3,23,3,11,3,1,1,1,27,29,19,25,1,1,5,1,2017-18,2017,Successful,0.034,0.469,5.879,0.344,2,42.8,85.1,0.503,11.3,28.9,0.391,16.6,20.3,0.815,8.4,35.1,43.5,29.3,15.4,8.0,7.5,3.7,19.6,18.5,113.5,6.0,1,24,1,8,17,1,18,22,1,28,7,17,1,26,9,1,1,15,25,1,3,0.56,0.34,0.239,0.193,0.685,13.9,0.695,2018.0,-0.01200000000000001,0.0,17,8,29.337890944416284,0.814511092456496,0.3606773948302078,0.5255671566142929,0.4943035253654342,0.0,0.0,0.8132033282649095,0.843615649183147,0.7058823529411765,111.37916421692854,105.63646502787634,5.764594390944416,0.5914371945429971,0.560611364250718,0.19346452753843554,0.10989489347862814,0.1705821985977361,0.0899226381990201,101.52268973052881,0.06012279101971231,2.9973947020704497
1610612744,Golden State Warriors,82,0.695,3961.0,115.0,108.6,6.5,0.668,2.06,20.4,0.257,0.727,0.505,0.139,0.565,0.596,101.74,8390,0.546,1,3,15,1,11,2,1,1,1,23,17,10,16,1,1,10,2,2018-19,2018,Successful,0.031,0.47,6.389,0.366,2,44.0,89.8,0.491,13.3,34.4,0.385,16.3,20.4,0.801,9.7,36.5,46.2,29.4,14.3,7.6,6.4,3.6,21.4,19.5,117.7,6.5,1,13,1,3,8,3,23,28,5,21,3,11,1,21,15,1,1,22,27,2,2,0.554,0.383,0.227,0.21,0.668,15.1,0.231,2019.0,-0.46399999999999997,1.0,17,9,29.01186097786754,0.8513006322056719,0.3880349238407809,0.5719568290835647,0.5790673575129534,0.0,0.0,0.8095243625347135,0.8376165803108808,0.5882352941176471,113.73018048472608,107.2766714886813,6.452125852057561,0.5879111075485988,0.561358966170159,0.1942964703357738,0.10856024034334763,0.16686804577968528,0.09097194344862407,102.91021526213919,0.07063119305306094,3.39934634239519
1610612744,Golden State Warriors,65,0.231,3145.0,104.4,113.0,-8.6,0.663,1.72,18.2,0.255,0.722,0.481,0.146,0.497,0.54,101.04,6623,0.462,26,30,27,30,26,30,1,11,8,25,21,27,19,30,28,15,26,2019-20,2019,Unsuccessful,0.043,0.467,-8.511,0.335,0,38.6,88.2,0.438,10.4,31.3,0.334,18.7,23.2,0.803,10.0,32.9,42.8,25.6,14.9,8.2,4.6,4.9,20.1,20.1,106.3,-8.7,29,21,29,28,25,29,9,16,4,18,26,24,9,19,7,20,17,10,21,28,30,0.496,0.355,0.263,0.234,0.663,10.7,0.542,2020.0,0.31100000000000005,0.0,16,7,24.55372389754326,0.7958939748722174,0.44587211412978917,0.6713298232675293,0.5386661211129297,0.1875,0.1974227562423575,0.27511273803954384,0.2328150572831424,0.25,103.98657362939468,111.4190101126575,-7.434584894088957,0.5287073692560216,0.48756126295514385,0.19720828014956754,0.08941471969037298,0.17359195989448423,0.08444850503991626,102.80417116667702,0.03409171303937636,2.9207211857515536
1610612744,Golden State Warriors,72,0.542,3461.0,110.5,109.4,1.1,0.67,1.84,19.6,0.222,0.727,0.48,0.146,0.551,0.583,102.81,7412,0.51,1,14,24,20,5,15,3,12,2,30,22,27,24,7,7,3,12,2020-21,2020,Average,0.032,0.505,1.07,0.334,1,41.3,88.2,0.468,14.6,38.7,0.376,16.6,21.1,0.785,8.0,35.1,43.0,27.7,15.0,8.2,4.8,4.3,21.2,19.5,113.7,1.1,15,17,14,3,5,9,16,21,13,30,12,22,1,26,6,17,6,28,11,12,14,0.539,0.439,0.239,0.186,0.671,12.7,0.646,2021.0,0.10399999999999998,0.0,17,9,27.247081676823672,0.8168525049052263,0.38798153228088983,0.5683765787348146,0.5219560878243513,0.058823529411764705,0.00488961445571143,0.7406599526523859,0.7578592814371258,0.6470588235294118,109.46920830681125,108.46608953054047,0.9962036719678954,0.5811855299776,0.5525886613331932,0.1952770350935229,0.10262824828158891,0.16186849174322737,0.08692879207852998,103.9199771711174,0.07426678635537932,3.3333333333333335
1610612744,Golden State Warriors,82,0.646,3946.0,112.1,106.6,5.5,0.669,1.82,19.5,0.269,0.736,0.51,0.15,0.552,0.582,98.74,8121,0.536,1,3,24,16,2,4,1,12,3,15,6,8,29,3,4,15,3,2021-22,2021,Successful,0.03,0.467,5.57,0.36,2,40.5,86.4,0.469,14.3,39.4,0.364,15.6,20.3,0.769,9.8,35.7,45.5,27.1,14.9,8.8,4.5,3.9,21.0,18.0,111.0,5.5,17,21,10,3,3,8,26,26,17,20,2,7,5,29,4,18,2,27,29,15,5,0.557,0.456,0.235,0.215,0.669,12.2,0.537,2022.0,-0.10899999999999999,1.0,16,11,28.32623987426151,0.7887986878072879,0.34635151962210775,0.5051069420100563,0.47174582233948986,0.0,0.0,0.6792902001123391,0.703056288478452,0.5,110.64454544147203,105.09781476919746,5.531940597359355,0.5797788164813524,0.5527634930329506,0.1933439029857817,0.10761502348291567,0.1669213472899903,0.0915390914412555,100.08962116372396,0.053853489646516296,4.287209499109671
1610612744,Golden State Warriors,82,0.537,3966.0,115.1,113.4,1.7,0.691,1.83,20.4,0.277,0.719,0.502,0.158,0.571,0.6,102.54,8472,0.51,1,11,12,10,14,11,1,13,2,16,16,14,29,3,4,1,12,2022-23,2022,Average,0.029,0.442,1.658,0.344,1,43.1,90.2,0.479,16.6,43.2,0.385,16.0,20.2,0.794,10.5,34.1,44.6,29.8,16.3,7.2,4.0,4.0,21.4,18.4,118.9,1.8,5,8,12,1,1,2,29,30,9,14,7,8,1,30,14,25,6,28,30,2,11,0.564,0.479,0.224,0.235,0.691,13.5,0.561,2023.0,0.02400000000000002,0.0,17,9,28.077169338253192,0.796136358049722,0.3548705639855291,0.5515473560369634,0.4997414417209639,0.058823529411764705,0.01854426007214306,0.7473803520116122,0.801116971765436,0.5882352941176471,113.92907023778388,111.95556310566397,1.9788771425008977,0.6023187167270803,0.5763296606007686,0.19199167352524232,0.10156638685023354,0.17281538110096897,0.08840373725320165,103.72756480670843,0.06708332758224038,4.6294814791110355
1610612744,Golden State Warriors,82,0.561,3966.0,116.9,114.5,2.4,0.671,2.05,20.1,0.315,0.725,0.521,0.142,0.557,0.586,99.91,8261,0.512,1,16,7,9,15,13,4,11,5,4,10,2,22,12,12,11,13,2023-24,2023,Average,0.029,0.41,2.402,0.379,1,43.7,91.6,0.477,14.8,38.9,0.38,15.6,20.0,0.78,12.1,34.6,46.7,29.3,14.3,7.0,4.6,5.0,19.5,17.9,117.8,2.6,5,3,13,2,4,7,24,27,17,5,4,1,4,23,23,23,15,22,24,8,12,0.548,0.425,0.218,0.259,0.67,15.0,0.585,2024.0,0.02399999999999991,0.0,18,11,29.209181375021,0.8661637501009662,0.3365587493696419,0.5317156664985712,0.4679507093300197,0.0,0.0,0.6803086232980331,0.7459873666770218,0.5,115.13912219700786,113.11136693561942,2.058340065557236,0.584225395276517,0.5588741970919481,0.19310743200537903,0.10265640006723817,0.16652408438393002,0.09247277290300888,101.27327390233651,0.05161459208113999,6.052115264397541
1610612744,Golden State Warriors,82,0.585,3946.0,114.2,111.0,3.2,0.714,2.07,20.1,0.314,0.716,0.509,0.141,0.536,0.568,99.37,8173,0.515,1,11,23,16,7,10,1,7,4,4,8,7,14,20,20,17,10,2024-25,2024,Average,0.032,0.402,3.22,0.368,1,40.8,90.4,0.451,15.4,42.4,0.364,16.9,22.1,0.764,12.5,32.8,45.4,29.1,14.0,9.4,4.8,5.4,19.2,18.6,113.8,3.3,21,8,25,4,2,16,17,13,25,5,19,7,4,14,4,17,24,23,18,17,10,0.529,0.469,0.244,0.275,0.713,15.1,,,,,17,10,29.402391055681317,0.7875244012572286,0.35355081053709325,0.5542746953644105,0.4337436640115858,0.058823529411764705,0.10122532497377533,0.7416001118455295,0.723750905141202,0.5882352941176471,113.59543295166786,109.22110764562163,4.382057439867811,0.5751352167620661,0.5422105847648727,0.1927579222547966,0.10785821820680196,0.18351221310476756,0.09290346482493846,100.83028904475165,0.04867699662058044,5.509990925582364
1610612745,Houston Rockets,82,0.5,3966.0,107.3,107.3,0.0,0.589,1.39,16.4,0.297,0.692,0.492,0.161,0.516,0.553,98.42,8139,0.49,1,17,11,7,21,15,15,26,19,8,29,23,27,7,6,7,19,2015-16,2015,Average,0.037,0.395,0.0,0.331,1,37.7,83.5,0.452,10.7,30.9,0.347,20.4,29.4,0.694,11.3,31.7,43.1,22.2,15.9,10.0,5.2,4.9,21.8,22.5,106.5,0.2,20,23,14,3,2,19,3,1,27,7,27,20,16,27,1,13,13,28,1,4,15,0.513,0.37,0.352,0.262,0.589,6.3,0.671,2016.0,0.17100000000000004,0.0,15,8,28.21877669305248,0.8622681353523881,0.4539182585834785,0.6576866927540279,0.5381777941718923,0.06666666666666667,0.04833785080106851,,,,106.0687542628776,105.73074901403356,0.3324245023201956,0.5515539511622766,0.5253463942257954,0.19745218179684193,0.10134291150627686,0.14694602475961716,0.09233437174361922,99.52009540606213,0.05288667128870941,4.636809247747852
1610612745,Houston Rockets,82,0.671,3956.0,114.1,108.4,5.7,0.626,1.67,18.1,0.281,0.717,0.499,0.15,0.545,0.583,100.55,8289,0.516,1,3,18,2,18,3,4,13,5,15,21,17,22,3,2,3,6,2016-17,2016,Successful,0.038,0.436,5.669,0.349,2,40.3,87.2,0.462,14.4,40.3,0.357,20.3,26.5,0.766,10.9,33.5,44.4,25.2,15.1,8.2,4.3,5.0,19.9,20.4,115.3,5.8,4,7,12,1,1,15,2,1,20,9,15,8,3,25,8,20,17,15,8,2,3,0.552,0.462,0.304,0.245,0.625,10.1,0.793,2017.0,0.122,0.0,15,10,27.87744827136515,0.8888784867817272,0.3967965211130682,0.6027410393919677,0.4856559369833706,0.13333333333333333,0.12580590812501422,0.582714136661889,0.562092774482155,0.4,113.05571801419732,107.5296729186173,5.500392629549867,0.5823710505475805,0.5474076941906696,0.20506092697904413,0.10896517092212689,0.16670673754774354,0.08726167538441311,101.37827082163838,0.05939031907642862,3.6345563690772495
1610612745,Houston Rockets,82,0.793,3951.0,114.1,105.7,8.4,0.557,1.56,16.4,0.254,0.75,0.503,0.141,0.551,0.59,98.02,8078,0.531,1,1,18,1,7,1,22,22,26,23,4,14,10,2,2,13,5,2017-18,2017,Successful,0.039,0.496,8.57,0.362,2,38.7,84.2,0.46,15.3,42.3,0.362,19.6,25.1,0.781,9.0,34.5,43.5,21.5,13.8,8.5,4.8,4.4,19.5,20.4,112.4,8.5,22,27,15,1,1,14,2,3,9,24,10,18,26,11,5,15,5,12,11,2,1,0.558,0.502,0.298,0.207,0.556,7.7,0.646,2018.0,-0.14700000000000002,1.0,20,9,30.580755352942603,0.7837089437202963,0.3443911507715189,0.5475043041780838,0.4731712429260113,0.1,0.07689929435728315,0.5639492551549099,0.6553133514986376,0.4,112.50343177574626,104.1917394375874,8.312677190685191,0.5808854033802953,0.5497584487176378,0.19305914021516846,0.10630147190766023,0.14412573453931152,0.09044799526338337,99.03453174098951,0.07359196816078353,3.5101264442069593
1610612745,Houston Rockets,82,0.646,3966.0,114.9,110.1,4.8,0.541,1.59,15.9,0.269,0.7,0.481,0.135,0.542,0.581,98.39,8130,0.498,1,5,11,2,17,5,28,24,28,16,29,28,9,4,3,27,17,2018-19,2018,Successful,0.039,0.431,4.879,0.346,2,39.2,87.4,0.449,16.1,45.4,0.356,19.3,24.4,0.791,10.2,31.9,42.1,21.2,13.3,8.5,4.9,4.5,22.0,20.0,113.9,4.8,25,26,24,1,1,12,3,7,9,14,29,28,28,6,5,18,8,25,24,11,5,0.55,0.519,0.279,0.242,0.541,7.9,0.611,2019.0,-0.03500000000000003,0.0,20,8,29.658332536637502,0.7998999849465417,0.38652682247731857,0.5908694995950073,0.5250260688216892,0.2,0.21178559267457506,0.6811241669782255,0.7685088633993743,0.4,113.58792889865988,108.71144976809035,4.889326125507462,0.5674847697115094,0.539219730528313,0.19372740822165693,0.0992597011719362,0.14513715741909608,0.08357355566503626,99.93078959866465,0.08466108905512615,3.24037034920393
1610612745,Houston Rockets,72,0.611,3476.0,112.5,109.8,2.7,0.53,1.47,15.5,0.249,0.713,0.48,0.14,0.537,0.578,104.04,7539,0.494,11,8,16,6,15,8,29,29,29,26,26,29,10,7,5,2,19,2019-20,2019,Successful,0.041,0.464,2.595,0.34,2,40.8,90.4,0.451,15.6,45.3,0.345,20.6,26.1,0.791,9.8,34.5,44.3,21.6,14.7,8.7,5.2,4.9,21.8,21.0,117.8,3.0,16,8,22,1,1,24,2,2,8,20,16,18,29,15,3,10,15,23,12,2,7,0.559,0.501,0.289,0.221,0.529,6.9,0.236,2020.0,-0.375,1.0,20,9,29.920495876309896,0.8283523918514805,0.38412445258072564,0.5988725304023447,0.5336473755047106,0.2,0.19681599738084335,0.5278750646387476,0.5293853746074473,0.3,110.81562374991101,108.3272015297927,2.482909677762066,0.5686465393381208,0.5352158124715652,0.19514547024666254,0.09435904705773092,0.13990351372798715,0.0775924640344769,104.9943372572501,0.0840680206663951,2.6666666666666665
1610612745,Houston Rockets,72,0.236,3461.0,107.0,114.4,-7.4,0.601,1.6,17.2,0.24,0.723,0.474,0.145,0.521,0.553,101.69,7320,0.451,1,30,24,27,27,27,16,28,25,28,25,30,23,24,27,6,28,2020-21,2020,Unsuccessful,0.032,0.483,-7.277,0.329,0,39.3,88.5,0.444,13.8,40.6,0.339,16.5,22.3,0.74,9.3,33.3,42.6,23.6,14.7,7.6,5.0,5.3,19.5,19.3,108.8,-7.9,25,15,28,9,3,28,17,10,27,23,24,27,24,23,14,14,21,21,14,24,27,0.532,0.459,0.252,0.218,0.601,8.9,0.244,2021.0,0.008000000000000007,0.0,22,9,26.8259336853981,0.6416616251780871,0.3357038943709786,0.49317169345943934,0.36683417085427134,0.22727272727272727,0.26282809506395033,0.1524163444724571,0.15201005025125627,0.18181818181818182,107.16125294886302,113.10075490267542,-5.958225444285977,0.5617164109082305,0.5335039613802832,0.19109893924875543,0.09070582487713659,0.14762315670969509,0.08326836715551342,102.30799526325762,0.05806127031947468,4.030746032714901
1610612745,Houston Rockets,82,0.244,3951.0,108.1,116.4,-8.3,0.598,1.43,17.1,0.265,0.71,0.485,0.162,0.534,0.565,101.16,8323,0.451,1,30,19,26,30,29,18,30,25,20,25,28,30,17,18,2,28,2021-22,2021,Unsuccessful,0.031,0.445,-8.205,0.323,0,39.4,86.4,0.456,13.5,38.7,0.349,17.5,24.5,0.713,9.6,32.4,42.0,23.6,16.5,7.3,4.7,5.8,20.6,22.1,109.7,-8.5,24,22,24,7,4,21,10,1,30,21,28,30,23,30,17,15,28,26,1,19,29,0.543,0.448,0.284,0.229,0.599,7.1,0.268,2022.0,0.02400000000000002,0.0,16,10,24.16822173882758,0.8346769957049526,0.32685252793949005,0.5215064504536474,0.3697852931360552,0.125,0.10344758874290397,0.5198033449415045,0.5317610412726665,0.4375,107.36606793154029,114.60685057687955,-7.280629258413556,0.5673339840331907,0.5352995016480044,0.2000630621209858,0.09399786024519588,0.15957210786554385,0.08393452608477024,101.96628461268688,0.03251599606347621,4.1952353926806065
1610612745,Houston Rockets,82,0.268,3951.0,110.5,118.6,-8.1,0.551,1.38,16.0,0.344,0.729,0.53,0.162,0.516,0.554,99.74,8220,0.457,1,28,25,27,29,29,29,30,30,1,9,1,30,30,29,14,28,2022-23,2022,Unsuccessful,0.038,0.385,-8.121,0.368,0,40.6,88.9,0.457,10.4,31.9,0.327,19.1,25.3,0.754,13.4,32.9,46.3,22.4,16.2,7.3,4.6,6.2,20.5,20.6,110.7,-7.9,25,14,28,29,22,30,10,4,25,1,17,4,30,29,13,18,30,21,6,28,28,0.53,0.359,0.285,0.289,0.552,6.2,0.5,2023.0,0.23199999999999998,0.0,15,8,21.685220239497948,0.8548902661344487,0.41858579134881524,0.6576338937284738,0.4784677320971087,0.06666666666666667,0.013384932352986153,0.7087952278600512,0.740148834939612,0.5333333333333333,109.46881598942717,117.80675814749985,-8.310049318457725,0.5535382486139246,0.5197061704445064,0.19777591270681424,0.09393549980067642,0.14231833605034602,0.0979644995059416,100.80582816075103,0.05097778315109436,0.9682458365518543
1610612745,Houston Rockets,82,0.5,3971.0,113.7,112.8,0.9,0.594,1.95,17.7,0.294,0.722,0.504,0.127,0.529,0.565,99.59,8248,0.501,1,19,3,20,10,18,27,20,29,8,12,11,7,27,24,13,18,2023-24,2023,Average,0.036,0.428,0.904,0.377,1,41.8,91.0,0.459,12.7,36.1,0.352,18.1,23.4,0.773,11.5,34.0,45.5,24.8,12.7,7.8,4.6,5.9,20.8,19.6,114.3,1.1,19,5,27,14,12,23,9,5,20,6,6,3,25,8,8,24,24,29,6,16,18,0.53,0.397,0.257,0.253,0.593,12.1,0.634,2024.0,0.134,0.0,17,9,25.517967094770423,0.8326586635219163,0.3882978259044742,0.6034765382355411,0.4491733333333333,0.0,0.0,0.4358264081255771,0.48106666666666664,0.35294117647058826,112.46289118609924,111.36931991102159,1.1080405187610176,0.5655008839083355,0.5306016868127257,0.19458590464198777,0.10045149668429447,0.14983905422647528,0.0889253267858642,100.77965857802404,0.0489476919089131,5.1303983913845315
1610612745,Houston Rockets,82,0.634,3956.0,114.9,110.3,4.6,0.549,1.68,16.4,0.363,0.715,0.533,0.14,0.523,0.553,99.03,8159,0.515,1,4,14,12,5,7,30,24,30,1,9,1,11,23,24,18,11,2024-25,2024,Successful,0.03,0.352,4.645,0.393,2,42.5,93.4,0.455,12.7,35.8,0.353,16.7,22.6,0.738,14.6,33.8,48.5,23.3,13.9,8.4,5.0,5.7,19.0,19.2,114.3,4.5,11,1,21,22,20,21,20,8,30,1,8,1,28,11,10,13,28,20,5,13,7,0.517,0.383,0.242,0.301,0.548,9.4,,,,,18,7,25.30286897927734,0.7829261330347215,0.3711428534098651,0.5863119991810098,0.4443860386879731,0.05555555555555555,0.020330205834113813,0.9031482165382088,0.9321909167367536,0.7222222222222222,113.40604453407616,108.8392547653003,4.588807909605454,0.5553431424710382,0.526822216876588,0.1935086003058644,0.10360765940992687,0.13828650224238237,0.09318751880228979,100.39259961554436,0.0409310021716487,3.4522988495984492
1610612746,LA Clippers,82,0.646,3966.0,107.2,102.7,4.5,0.596,1.76,17.4,0.234,0.697,0.472,0.133,0.524,0.556,96.81,7995,0.533,1,6,11,8,5,5,10,3,9,30,27,29,3,5,5,13,4,2015-16,2015,Successful,0.032,0.463,4.648,0.339,2,38.3,82.4,0.465,9.7,26.7,0.364,18.2,26.2,0.692,8.8,33.3,42.0,22.8,13.0,8.6,5.6,3.2,21.3,22.5,104.5,4.3,16,25,6,8,9,6,11,4,29,29,17,25,11,3,7,10,1,24,2,7,6,0.513,0.324,0.318,0.21,0.595,9.8,0.622,2016.0,-0.02400000000000002,0.0,16,10,30.23412234136912,0.8881050708409851,0.3591253562381612,0.5676998825250618,0.42934782608695654,0.0625,0.11128855050282253,,,,106.11889178270584,101.71934863517598,4.401480525016087,0.5524871742737542,0.5299128914812601,0.19597725368766847,0.10715541256867418,0.14978401741569455,0.08372789705866496,97.688268455135,0.05476540879058605,4.219004621945797
1610612746,LA Clippers,82,0.622,3951.0,111.8,107.5,4.4,0.57,1.74,17.2,0.256,0.733,0.501,0.133,0.537,0.574,96.77,7968,0.527,1,5,25,5,12,4,19,8,13,25,6,13,6,4,4,15,4,2016-17,2016,Successful,0.037,0.477,4.547,0.368,2,39.5,83.2,0.475,10.3,27.4,0.375,19.3,26.0,0.745,9.0,34.0,43.0,22.5,13.0,7.5,4.2,3.1,19.8,22.4,108.7,4.3,10,26,2,9,11,7,6,3,27,24,11,21,15,7,20,21,1,14,1,6,4,0.523,0.329,0.312,0.209,0.57,9.5,0.512,2017.0,-0.10999999999999999,1.0,15,9,30.582024466379814,0.8878159578824338,0.3505697291824854,0.5596243988863578,0.4032095163281338,0.0,0.0,0.8023591495823842,0.8158455841095276,0.6,110.64260738209737,106.27362722517503,4.365765974858685,0.5740673470851261,0.5454112994178689,0.1949989446553615,0.1053030291065553,0.1446985116004387,0.08918255327765123,97.8590112418797,0.04718940035826731,3.5624932315291997
1610612746,LA Clippers,82,0.512,3941.0,109.4,109.2,0.2,0.555,1.52,16.5,0.284,0.718,0.504,0.147,0.527,0.564,99.54,8167,0.497,1,18,27,8,19,17,24,26,25,6,27,10,18,10,10,7,19,2017-18,2017,Average,0.037,0.434,0.201,0.357,1,40.3,85.4,0.471,9.5,26.8,0.354,19.0,25.5,0.743,10.1,33.7,43.9,22.3,14.7,7.7,4.5,5.6,20.0,22.0,109.0,0.0,11,21,9,22,22,23,4,2,26,10,16,15,22,19,14,20,29,18,2,9,18,0.526,0.314,0.299,0.23,0.553,7.6,0.585,2018.0,0.07299999999999995,0.0,17,9,26.989037870282583,0.7881948547008305,0.3644504992355589,0.5325707586488768,0.43926701570680626,0.17647058823529413,0.2106328648620605,0.2831155791293818,0.2356020942408377,0.17647058823529413,107.76007577030133,108.18353692331199,-0.4259318494349968,0.5560630648884434,0.5255182758839948,0.19501720229740407,0.09545972954950012,0.1308682662197383,0.08347930338584299,100.21269070061273,0.05199667605710633,2.9355210696939795
1610612746,LA Clippers,82,0.585,3966.0,111.4,110.4,1.0,0.582,1.65,17.1,0.263,0.722,0.5,0.141,0.529,0.575,102.66,8475,0.505,1,11,11,9,19,13,21,19,20,21,21,17,19,12,5,7,13,2018-19,2018,Average,0.046,0.459,0.974,0.359,1,41.3,87.5,0.471,10.0,25.8,0.388,22.6,28.5,0.792,9.7,35.8,45.5,24.0,14.5,6.8,4.7,6.1,23.3,24.0,115.1,0.9,17,24,7,25,28,2,1,1,8,22,8,13,18,22,23,22,30,28,1,5,13,0.507,0.295,0.326,0.213,0.581,9.5,0.681,2019.0,0.09600000000000009,0.0,19,10,27.56764333824679,0.852389503929386,0.2954905100932863,0.48275301882025196,0.4317248459958932,0.2631578947368421,0.33930838506581407,0.4311055207102857,0.5265913757700206,0.3684210526315789,109.27198698630612,108.64703146138223,0.6122308076981372,0.5687989682406581,0.5299837138509876,0.18169633288162332,0.09373178170021043,0.13574986314336415,0.08524271001945871,103.02968888876369,0.058660122741092176,4.1952353926806065
1610612746,LA Clippers,72,0.681,3476.0,113.3,106.9,6.3,0.571,1.63,16.9,0.278,0.737,0.515,0.142,0.535,0.577,102.16,7396,0.532,11,4,16,2,5,2,24,19,20,10,10,3,12,9,6,8,3,2019-20,2019,Successful,0.042,0.459,6.167,0.373,2,41.6,89.2,0.466,12.4,33.5,0.371,20.8,26.3,0.791,10.7,37.0,47.7,23.7,14.6,7.1,4.7,4.7,22.1,22.9,116.3,6.4,10,14,12,13,16,6,1,1,9,8,3,3,22,13,24,18,13,26,1,4,2,0.524,0.376,0.295,0.224,0.57,9.1,0.653,2020.0,-0.028000000000000025,0.0,17,10,28.472446342228306,0.7902624964549214,0.32630060561266994,0.5112315696967776,0.4344097995545657,0.11764705882352941,0.15476693343460096,0.57492628552716,0.5006681514476615,0.47058823529411764,112.09981457162029,106.2070171710454,5.893216622001003,0.5750007249404252,0.5364983526838538,0.2079837388612263,0.11238086371033348,0.1504313792229898,0.09222236615971548,102.7058139307379,0.07555395423139678,3.1638584039112754
1610612746,LA Clippers,72,0.653,3456.0,116.7,110.6,6.1,0.584,1.85,18.1,0.27,0.754,0.518,0.135,0.564,0.599,97.63,7036,0.53,1,5,30,3,8,2,21,11,12,12,5,6,14,4,2,28,6,2020-21,2020,Successful,0.035,0.484,6.248,0.383,2,41.8,86.7,0.482,14.3,34.7,0.411,16.2,19.3,0.839,9.4,34.7,44.2,24.4,13.2,7.1,4.1,4.2,19.2,18.1,114.0,6.2,12,25,5,6,14,1,24,28,1,21,14,17,17,7,20,29,5,17,27,10,2,0.529,0.4,0.223,0.213,0.584,11.2,0.512,2021.0,-0.14100000000000001,1.0,18,9,29.289467942122773,0.7747636399753571,0.3152846794638221,0.4983987421495675,0.4125404329435183,0.16666666666666666,0.09404681740684707,0.6574954859649618,0.7175914406568799,0.5,114.96161074090581,109.10798750900776,5.850239990226529,0.6010971972518113,0.5708786509666405,0.19093966691590825,0.10733371797339089,0.14993888143702558,0.09747283834546433,98.73330407229271,0.05750169079639697,3.1894889098682944
1610612746,LA Clippers,82,0.512,3956.0,109.5,109.5,0.0,0.599,1.75,17.7,0.254,0.706,0.486,0.139,0.531,0.564,98.51,8121,0.502,1,18,13,25,8,18,17,20,19,26,27,26,14,19,19,19,17,2021-22,2021,Average,0.033,0.452,0.0,0.347,1,40.1,87.4,0.458,12.8,34.2,0.374,15.5,19.6,0.793,9.1,34.9,44.0,24.0,13.7,7.4,5.0,4.1,18.6,18.5,108.4,0.0,20,17,21,12,20,3,27,30,9,26,10,19,16,14,15,8,6,6,26,23,18,0.513,0.391,0.224,0.207,0.599,10.3,0.537,2022.0,0.025000000000000022,0.0,16,11,28.08770270986676,0.7863841239919536,0.3163005963563578,0.4972102842825744,0.32556112442797996,0.25,0.21651651476362002,0.6820893110433273,0.7077794726519939,0.5625,108.76254854725845,109.6461317757164,-0.9185035670155868,0.5739657450720298,0.5421132654086845,0.18753814922350373,0.09639970932615112,0.1334705881035938,0.08339199909676172,99.3664736757136,0.06013057417332071,3.394209945926267
1610612746,LA Clippers,82,0.537,3966.0,114.0,113.6,0.5,0.581,1.68,17.5,0.273,0.731,0.505,0.143,0.551,0.588,98.84,8168,0.498,1,11,12,17,17,17,21,26,23,21,7,11,18,11,11,21,18,2022-23,2022,Average,0.037,0.458,0.506,0.362,1,41.1,86.1,0.477,12.7,33.3,0.381,18.7,23.9,0.781,9.8,33.4,43.2,23.9,14.2,7.1,4.4,4.2,19.5,19.6,113.6,0.5,23,24,13,10,14,3,15,11,18,19,11,17,24,18,18,21,10,10,21,18,17,0.538,0.387,0.278,0.227,0.582,9.7,0.622,2023.0,0.08499999999999996,0.0,19,10,30.558701066991713,0.797523463407045,0.2748187300257423,0.4438438628675888,0.335763795121073,0.2631578947368421,0.32571725506024146,0.5521380888523386,0.5129174543163201,0.5263157894736842,112.60403324339885,113.62996194582371,-1.0244515795924793,0.5901786196309678,0.5581820074353627,0.19913821259226566,0.10380192159809358,0.16635951203610697,0.09447433417457243,100.58510450648552,0.061150715449616776,2.9748949561287032
1610612746,LA Clippers,82,0.622,3941.0,117.9,114.6,3.4,0.604,1.95,18.7,0.283,0.705,0.502,0.134,0.561,0.599,97.93,8040,0.52,1,5,26,4,16,7,24,21,18,17,24,13,15,9,7,20,7,2023-24,2023,Successful,0.038,0.422,3.472,0.368,2,42.4,86.7,0.489,12.6,33.2,0.381,18.3,22.2,0.825,10.0,32.9,43.0,25.6,13.1,7.8,5.0,4.7,18.5,18.7,115.6,3.3,14,26,6,16,21,6,8,12,3,21,17,19,21,13,7,15,9,14,15,12,7,0.557,0.383,0.256,0.233,0.604,12.5,0.61,2024.0,-0.01200000000000001,0.0,18,9,31.040874621911087,0.8711406127461254,0.3720494287562268,0.5689038173052622,0.47305009511731133,0.1111111111111111,0.07649183762762625,0.7756292819503819,0.8177975058127246,0.6666666666666666,116.95016787249743,113.63210404612892,3.3139540881840603,0.5996151858240777,0.563169712835864,0.19409113921621118,0.1046662697808783,0.15130676174487526,0.09018441244371131,98.78708861684002,0.05090950577031541,3.1071403231354586
1610612746,LA Clippers,82,0.61,3961.0,114.3,109.4,4.9,0.605,1.69,18.4,0.282,0.734,0.512,0.151,0.554,0.589,98.24,8099,0.521,1,6,9,15,3,5,24,23,20,19,1,4,23,11,9,22,8,2024-25,2024,Successful,0.035,0.452,4.988,0.361,2,41.6,86.3,0.482,12.5,33.4,0.373,17.3,21.7,0.797,10.3,33.5,43.8,25.2,14.9,9.4,4.5,4.3,18.3,17.8,112.9,4.7,17,26,6,25,29,7,10,17,7,23,10,17,23,22,3,20,6,14,26,20,6,0.55,0.387,0.251,0.235,0.606,10.3,,,,,18,10,30.79637101607431,0.8323064738444322,0.3733283575588609,0.5585088782290338,0.4912745747735807,0.2777777777777778,0.1843933837618678,0.5566714094654964,0.6813563066048155,0.3888888888888889,113.52752218080059,108.65615747026267,4.878787745008497,0.592219802980265,0.5615460089753022,0.18916994838745402,0.10454280083317492,0.1575117147074822,0.09200840991422783,99.46591341983596,0.0646665292094759,2.9597297173897483
1610612747,Los Angeles Lakers,82,0.207,3946.0,100.7,110.3,-9.7,0.513,1.31,14.1,0.271,0.712,0.484,0.142,0.46,0.509,96.55,7930,0.424,1,29,28,29,30,29,28,27,30,19,22,27,11,30,30,16,30,2015-16,2015,Unsuccessful,0.049,0.441,-10.047,0.342,0,35.1,84.8,0.414,7.8,24.6,0.317,19.3,24.7,0.781,10.7,32.3,43.0,18.0,13.7,7.2,4.1,5.6,20.3,19.2,97.3,-9.6,30,14,30,22,13,30,6,8,11,11,24,21,30,11,23,24,25,13,24,30,29,0.453,0.29,0.291,0.249,0.513,4.3,0.317,2016.0,0.11000000000000001,0.0,15,9,26.957198090893737,0.8277350038273902,0.35974210170636933,0.551560736610914,0.430969681784014,0.0,0.0,,,,99.78073039364759,109.2687846342288,-9.502121794221999,0.5110629977192095,0.46376873931407336,0.19558292566311877,0.08511986433519178,0.12962731179253256,0.08563444399391791,97.442894086839,0.05834190413225967,5.26577582714346
1610612747,Los Angeles Lakers,82,0.317,3941.0,105.3,112.0,-6.7,0.532,1.38,15.6,0.284,0.717,0.494,0.153,0.501,0.537,99.26,8143,0.446,1,28,30,24,30,30,26,28,27,11,18,21,27,22,25,5,30,2016-17,2016,Unsuccessful,0.036,0.433,-6.75,0.341,0,39.3,87.4,0.45,8.9,25.7,0.346,17.0,22.6,0.754,11.4,32.1,43.5,20.9,15.2,8.2,3.9,5.4,20.7,18.5,104.6,-6.9,13,6,21,19,19,22,23,17,21,7,26,17,26,26,5,28,26,22,28,17,30,0.493,0.294,0.259,0.262,0.532,5.7,0.427,2017.0,0.10999999999999999,0.0,16,10,25.269461314698397,0.7982685428286822,0.3558831329638547,0.5318844314709896,0.41000388752105743,0.125,0.09772067738440376,0.5658823349012301,0.6358688609563302,0.5,104.4894538202282,110.66575015795716,-6.160572552430797,0.5258505317571421,0.49554863747360556,0.18596264500606213,0.08286599753123335,0.12594955320690487,0.08990403976512563,100.11478981766186,0.040927863369592116,4.570557952810575
1610612747,Los Angeles Lakers,82,0.427,3981.0,106.0,107.3,-1.3,0.584,1.51,17.0,0.279,0.729,0.505,0.155,0.517,0.548,100.9,8361,0.491,1,21,3,23,13,21,17,27,19,8,17,9,26,16,19,3,20,2017-18,2017,Average,0.031,0.45,-1.288,0.35,1,40.7,88.4,0.461,10.0,29.1,0.345,16.6,23.3,0.714,10.7,35.7,46.4,23.8,15.8,7.7,4.7,5.5,21.2,20.5,108.1,-1.5,7,2,14,20,15,29,16,8,30,4,2,2,7,29,13,17,26,24,9,11,21,0.518,0.329,0.264,0.231,0.585,8.0,0.451,2018.0,0.02400000000000002,0.0,20,7,24.149334821126914,0.7630187897652816,0.3899111887171312,0.5975899440445683,0.4450143875891405,0.15,0.09831302167536633,0.2915694965320207,0.3326660828224697,0.25,105.52955007673279,106.76365375869925,-1.2144436404614831,0.5455341533529331,0.5160782469836274,0.19480955111477116,0.09636797244091039,0.1456994405009946,0.09000886785319556,101.69012090565992,0.03933166144261814,3.1943828249996997
1610612747,Los Angeles Lakers,82,0.451,3956.0,107.4,108.9,-1.6,0.6,1.63,17.8,0.27,0.725,0.502,0.15,0.527,0.554,103.6,8534,0.495,1,20,18,24,13,22,16,22,14,14,19,14,28,14,18,4,19,2018-19,2018,Average,0.027,0.455,-1.544,0.352,1,42.6,90.5,0.47,10.3,31.0,0.333,16.3,23.3,0.699,10.2,36.4,46.6,25.6,15.7,7.5,5.4,5.1,20.7,20.8,111.8,-1.7,6,8,9,20,17,29,24,14,29,15,4,6,11,29,16,8,20,13,15,16,23,0.543,0.343,0.257,0.219,0.601,9.9,0.732,2019.0,0.28099999999999997,0.0,20,11,26.9511966873816,0.7293320184339948,0.2947223761384078,0.46535354259144984,0.3893027105317608,0.15,0.19032951226146563,0.4591092122138543,0.45675563831988414,0.35,106.44941102346895,108.12795025289965,-1.6684506323135635,0.5526323863131555,0.5273909137104665,0.19013807181773065,0.09614759041487356,0.14892987949319894,0.08665554130696707,104.35885369406788,0.04919719134629167,4.273694281288421
1610612747,Los Angeles Lakers,71,0.732,3418.0,111.7,106.1,5.6,0.6,1.67,18.0,0.283,0.737,0.512,0.149,0.542,0.573,101.2,7211,0.539,21,3,22,11,3,5,15,14,10,6,11,6,23,5,9,11,2,2019-20,2019,Successful,0.031,0.454,5.534,0.363,2,42.3,88.3,0.48,11.0,31.6,0.349,17.7,24.3,0.729,10.7,35.1,45.7,25.4,15.2,8.6,6.6,3.7,20.7,21.7,113.4,5.8,4,20,1,23,23,21,17,8,28,7,13,9,10,22,5,1,1,14,5,11,5,0.552,0.358,0.275,0.234,0.6,10.2,0.583,2020.0,-0.14900000000000002,1.0,18,11,30.002996569484296,0.882191265845224,0.35161658180428956,0.5335515081801884,0.4882058613295211,0.1111111111111111,0.07899274645394305,0.5036354557280004,0.5077436263998094,0.3333333333333333,110.38013389855192,105.45906944300387,4.951449977788333,0.573552272068992,0.5500184408268837,0.19607041707064027,0.10789714389205592,0.1574836811965666,0.09269193810405515,102.17392342595164,0.05828683703805539,3.5790944881871867
1610612747,Los Angeles Lakers,72,0.583,3491.0,109.8,106.8,2.9,0.607,1.62,18.0,0.269,0.748,0.511,0.152,0.536,0.569,98.85,7184,0.517,1,8,4,24,1,8,15,27,15,14,7,9,28,18,19,21,8,2020-21,2020,Average,0.033,0.479,2.934,0.359,1,40.6,86.1,0.472,11.1,31.2,0.354,17.2,23.3,0.739,9.7,34.6,44.2,24.7,15.2,7.8,5.4,4.5,19.1,21.3,109.5,2.8,21,27,12,25,24,21,11,6,28,17,15,16,15,28,11,5,8,16,3,22,8,0.537,0.362,0.271,0.219,0.608,9.5,0.402,2021.0,-0.18099999999999994,1.0,17,12,28.42922033815419,0.8307560148604871,0.31350675053460236,0.47984907798847837,0.35328776808861656,0.11764705882352941,0.11576959186836289,0.5650549129300236,0.5724723073297195,0.5882352941176471,108.217819500194,106.001490351268,2.2258190913539866,0.5590530578679408,0.5286116934174602,0.1990385507898307,0.1039849502290331,0.15278229728169943,0.09549880179673857,100.12539177264324,0.06365723097618647,4.487637339278753
1610612747,Los Angeles Lakers,82,0.402,3996.0,110.0,112.8,-2.9,0.576,1.65,17.3,0.256,0.72,0.49,0.142,0.537,0.567,100.47,8360,0.482,1,23,1,22,21,22,26,24,22,25,21,22,19,15,17,7,23,2021-22,2021,Average,0.03,0.464,-2.886,0.348,1,41.6,88.8,0.469,12.0,34.5,0.347,16.8,23.0,0.732,9.5,34.5,44.0,24.0,14.5,7.6,5.2,4.1,20.2,20.1,112.1,-3.0,9,10,8,18,17,22,17,9,29,23,12,18,17,27,11,7,5,21,9,11,22,0.545,0.389,0.259,0.216,0.577,9.5,0.524,2022.0,0.122,0.0,21,9,30.613470438495362,0.7597766579092239,0.34992258465824,0.5174753301984064,0.4565691837625491,0.14285714285714285,0.06421780079578915,0.2535240038268195,0.3512658227848101,0.14285714285714285,108.96632463058683,111.80406429699093,-2.8124898075434315,0.5666751350542754,0.536241895137708,0.19477859854567336,0.09657929477666179,0.15059023620130696,0.08410112539595074,101.64674299965854,0.06694608112337704,5.6524877075452915
1610612747,Los Angeles Lakers,82,0.524,3976.0,113.9,113.2,0.7,0.589,1.8,17.9,0.269,0.727,0.505,0.137,0.542,0.582,101.92,8436,0.511,1,14,5,19,12,16,20,17,18,22,10,10,11,18,17,4,10,2022-23,2022,Average,0.04,0.458,0.687,0.368,1,42.9,89.0,0.482,10.8,31.2,0.346,20.6,26.6,0.775,10.0,35.7,45.7,25.3,14.1,6.4,4.6,5.1,17.9,21.5,117.2,0.6,8,13,10,24,26,25,2,1,20,18,2,6,15,15,26,16,23,1,2,6,16,0.555,0.351,0.299,0.219,0.59,11.2,0.573,2023.0,0.04899999999999993,0.0,17,10,26.968415435987467,0.8063392043737708,0.30238972997538804,0.48517721243542633,0.4137268095741613,0.29411764705882354,0.4032121777155399,0.3186056081767567,0.4081514947611266,0.23529411764705882,112.96400034771997,112.30272379854225,0.661161132044843,0.5879131675962885,0.5523119053664781,0.19530768819593344,0.10561625287674323,0.146434233947007,0.08998214058435273,102.36784171382679,0.05879328192914562,4.2059481689626175
1610612747,Los Angeles Lakers,82,0.573,3971.0,115.4,114.8,0.6,0.654,2.04,20.1,0.244,0.725,0.496,0.137,0.566,0.601,101.38,8387,0.518,1,12,3,15,17,19,8,12,6,29,11,21,17,5,5,4,9,2023-24,2023,Average,0.035,0.481,0.592,0.359,1,43.7,87.5,0.499,11.8,31.4,0.377,18.9,24.2,0.782,8.2,34.9,43.1,28.5,14.0,7.4,5.5,4.8,15.6,19.7,118.0,0.6,6,22,2,24,28,8,2,2,15,30,2,18,5,19,19,11,11,1,4,6,19,0.569,0.359,0.277,0.19,0.652,14.5,0.61,2024.0,0.03700000000000003,0.0,19,7,28.86065473280618,0.8420371917524714,0.3605602911901239,0.5739877561930223,0.48469485364453796,0.15789473684210525,0.12362261774667674,0.629163141408943,0.7388559403099292,0.3684210526315789,114.01366146693069,113.88376917640463,0.13842982028934273,0.588049348774806,0.5547578035166344,0.19324999631746748,0.1021187772488229,0.175407281425582,0.0856113878636616,102.20604713350133,0.04981516857753432,4.120630029101702
1610612747,Los Angeles Lakers,82,0.61,3946.0,115.0,113.8,1.2,0.635,1.86,18.9,0.273,0.702,0.495,0.142,0.557,0.593,98.34,8084,0.511,1,6,23,11,17,14,14,16,14,23,21,21,16,8,7,20,13,2024-25,2024,Successful,0.036,0.429,1.22,0.353,2,40.9,85.5,0.479,13.3,36.4,0.366,18.2,23.2,0.785,9.7,32.8,42.4,26.0,14.0,7.7,4.5,4.2,17.3,19.2,113.4,1.2,20,30,9,15,19,14,2,3,13,27,20,26,18,12,22,22,4,5,6,19,14,0.562,0.426,0.271,0.229,0.636,12.0,,,,,21,8,28.95545954165861,0.7515657984037677,0.3535572095649257,0.5383485979860894,0.5264183381088825,0.3333333333333333,0.28258910924921543,0.5488073377481716,0.5793696275071634,0.3333333333333333,113.23590854018086,112.35624710020824,0.8662810837932073,0.586388429749228,0.5603883988410107,0.18490050850886056,0.09677770423720751,0.16854409572343604,0.08520047044023948,99.85136953795994,0.07479304780526062,4.841229182759271
1610612748,Miami Heat,82,0.585,3966.0,105.5,103.7,1.7,0.543,1.48,16.3,0.28,0.729,0.512,0.148,0.508,0.545,94.14,7779,0.525,1,7,11,12,8,11,26,20,20,15,11,8,16,11,13,25,7,2015-16,2015,Average,0.037,0.449,1.806,0.364,1,38.4,81.7,0.47,6.1,18.0,0.336,17.1,23.0,0.744,9.8,34.3,44.1,20.8,14.1,6.7,6.5,4.1,18.3,19.6,100.0,1.6,13,27,4,28,28,27,18,14,23,22,6,13,23,14,27,1,4,4,20,23,12,0.507,0.22,0.282,0.222,0.542,6.7,0.5,2016.0,-0.08499999999999996,1.0,15,9,29.460408656402375,0.8282365859009392,0.3309904920255149,0.5302160343965436,0.3719557987340414,0.2,0.18833685800984032,,,,104.05104239121704,103.18215305846725,0.8777385730746856,0.5419770021698243,0.5038214228403474,0.19440868561241292,0.10452229959962298,0.14584684495480726,0.08815799895494661,95.46025673912278,0.049528393153776565,4.148478822798771
1610612748,Miami Heat,82,0.5,3956.0,107.4,106.4,1.0,0.544,1.58,16.3,0.284,0.718,0.499,0.14,0.512,0.541,95.51,7875,0.5,1,15,18,17,6,10,24,19,21,12,16,16,12,15,18,22,18,2016-17,2016,Average,0.029,0.434,1.047,0.359,1,39.0,85.8,0.455,9.9,27.0,0.365,15.2,21.6,0.706,10.6,33.0,43.6,21.2,13.4,7.2,5.7,4.9,20.5,18.7,103.2,1.1,18,14,15,12,12,12,28,26,30,11,20,15,22,11,22,3,14,20,27,21,10,0.495,0.315,0.252,0.243,0.544,7.8,0.537,2017.0,0.03700000000000003,0.0,14,10,27.12563852095063,0.8390547767595357,0.3685167382080423,0.5772896819274906,0.45644850818094324,0.0,0.0,0.5103016316793665,0.5614773820981713,0.5,106.3778434991034,105.26614333174022,1.1022396808451793,0.5395728139794815,0.512761750039599,0.19445929073537757,0.1011955900436945,0.13976492172824906,0.08857912170921411,96.56763124575451,0.047470517165921,2.4269322199023193
1610612748,Miami Heat,82,0.537,3986.0,106.2,105.8,0.4,0.585,1.58,17.1,0.261,0.741,0.501,0.148,0.52,0.551,96.1,7985,0.505,1,15,2,21,8,16,16,19,16,20,7,16,19,14,16,27,15,2017-18,2017,Average,0.031,0.48,0.416,0.353,1,38.8,85.3,0.455,11.0,30.6,0.36,14.7,19.5,0.755,9.3,34.2,43.5,22.7,14.4,7.6,5.3,4.6,20.1,19.4,103.4,0.5,19,23,17,11,9,16,26,25,22,21,13,18,17,16,21,6,10,20,21,23,16,0.508,0.359,0.229,0.214,0.585,8.3,0.476,2018.0,-0.061000000000000054,1.0,18,10,27.557938502976715,0.8299589565210355,0.3307855352741689,0.5159187301412265,0.3489357080799305,0.16666666666666666,0.1159745792210912,0.750452960663337,0.75,0.6111111111111112,105.1793048493217,104.79534378043599,0.39650387238098056,0.5514959510578685,0.5207091200726566,0.19395451056823027,0.10144711648923949,0.150154560315109,0.08797617888060694,97.5182692360857,0.03509928774206109,4.62709412050371
1610612748,Miami Heat,82,0.476,3946.0,106.7,107.1,-0.4,0.612,1.65,17.6,0.291,0.731,0.509,0.149,0.515,0.542,98.73,8122,0.501,1,17,27,26,7,17,12,20,17,6,13,6,26,21,27,23,14,2018-19,2018,Average,0.027,0.44,-0.405,0.36,1,39.6,88.0,0.45,11.3,32.4,0.349,15.1,21.7,0.695,11.2,35.1,46.3,24.3,14.7,7.6,5.5,4.7,20.9,20.1,105.7,-0.2,24,21,22,15,14,21,29,22,30,7,15,10,17,23,14,4,11,15,22,26,16,0.509,0.368,0.247,0.242,0.614,9.6,0.603,2019.0,0.127,0.0,15,10,27.533114209389197,0.7983546519039754,0.38115052554672496,0.6009569284125761,0.42128279883381925,0.13333333333333333,0.0204513699606001,0.9692065267943326,0.9834349324145243,0.7333333333333333,105.75222176579655,105.94787494558068,-0.221947805381952,0.5466473691750988,0.5187180594353389,0.1978843759554967,0.10461667854628365,0.1590202269551779,0.09603802676292426,99.73382880550503,0.03342154993413681,4.955804677345547
1610612748,Miami Heat,73,0.603,3549.0,111.9,109.3,2.7,0.657,1.74,18.8,0.257,0.753,0.512,0.149,0.547,0.587,98.7,7306,0.525,3,11,3,7,12,7,3,10,4,23,3,5,22,3,1,27,6,2019-20,2019,Successful,0.04,0.496,2.736,0.363,2,39.5,84.4,0.468,13.4,35.4,0.379,19.7,25.2,0.783,8.5,35.9,44.4,25.9,14.9,7.5,4.5,4.1,20.6,21.7,112.0,2.9,26,30,10,6,9,2,5,4,13,29,6,17,5,18,18,21,4,13,7,15,8,0.533,0.419,0.299,0.191,0.656,11.0,0.556,2020.0,-0.04699999999999993,0.0,18,11,26.654545119979943,0.8453088362789384,0.3392572502721938,0.5379806111118646,0.3848022206800833,0.1111111111111111,0.15358804664342712,0.46469143639442734,0.47918112421929215,0.3333333333333333,110.56993483504186,108.68861183374074,1.8884675621812583,0.5879124429727786,0.5502741833473818,0.18770781190755248,0.10365442970273234,0.16320686278211027,0.09001193229465299,100.20339092677025,0.04587784715419994,3.933328664142534
1610612748,Miami Heat,72,0.556,3476.0,110.6,110.7,-0.1,0.671,1.87,19.5,0.24,0.733,0.491,0.144,0.546,0.581,97.09,7036,0.509,1,13,16,18,10,17,2,10,3,29,19,22,21,11,9,29,13,2020-21,2020,Average,0.035,0.493,-0.103,0.347,1,39.2,83.7,0.468,12.9,36.2,0.358,16.7,21.1,0.79,8.0,33.5,41.5,26.3,14.1,7.9,4.0,4.0,18.9,19.6,108.1,0.0,26,30,15,14,11,19,13,21,12,29,23,29,9,17,9,30,4,12,10,25,16,0.554,0.432,0.252,0.193,0.671,12.2,0.646,2021.0,0.08999999999999997,0.0,17,8,27.850187847933558,0.744654810871389,0.3572101548938204,0.5480656499069886,0.40636704119850187,0.11764705882352941,0.09731939454514349,0.7693543207154787,0.7716604244694132,0.6470588235294118,109.1997211448427,109.55881139598856,-0.34293235644468545,0.5735705315908202,0.540553431488877,0.2016819272598659,0.10484009025298548,0.1802536102501273,0.08590298801322696,98.37220100672899,0.05258505015686492,5.267826876426369
1610612748,Miami Heat,82,0.646,3971.0,113.0,108.4,4.5,0.644,1.75,18.8,0.278,0.735,0.51,0.149,0.547,0.584,96.53,7987,0.529,1,3,5,12,4,6,5,19,6,10,9,9,28,5,3,28,5,2021-22,2021,Successful,0.037,0.457,4.662,0.361,2,39.6,84.8,0.467,13.6,35.8,0.379,17.3,21.4,0.808,9.8,33.9,43.7,25.5,14.6,7.4,3.2,4.0,20.5,20.6,110.0,4.5,22,28,13,6,14,1,12,19,5,18,18,22,8,28,16,30,4,25,3,17,6,0.531,0.422,0.252,0.224,0.644,10.9,0.537,2022.0,-0.10899999999999999,1.0,21,10,28.648106844479944,0.7705737807612962,0.3133703115433316,0.5071095951033768,0.4016708805100583,0.14285714285714285,0.026279057231474934,0.628603677024093,0.710014290425415,0.47619047619047616,111.59782718001621,107.21482871733082,4.407672820355257,0.5804671814327593,0.5465300000057783,0.19300073419299568,0.10511897558696846,0.1607185262218919,0.09036710285413192,97.65129556419147,0.048924533722867515,4.825971404805462
1610612748,Miami Heat,82,0.537,3961.0,112.3,112.8,-0.5,0.608,1.77,17.8,0.274,0.733,0.498,0.138,0.53,0.574,96.76,7991,0.496,1,11,18,25,9,21,14,21,21,18,4,18,13,25,21,29,22,2022-23,2022,Average,0.044,0.459,-0.517,0.36,1,39.2,85.3,0.46,12.0,34.8,0.344,19.1,23.0,0.831,9.7,30.9,40.6,23.8,13.5,8.0,3.0,3.8,18.5,20.0,109.5,-0.3,30,26,26,17,10,27,10,19,2,20,29,27,25,9,6,30,1,3,17,30,21,0.539,0.408,0.27,0.239,0.607,10.3,0.561,2023.0,0.02400000000000002,0.0,18,9,28.29246819282618,0.7800969433139616,0.35644267535695445,0.5649921026740592,0.47495077663530955,0.1111111111111111,0.0648053156832063,0.8814582395653845,0.899584336031503,0.6666666666666666,111.50245278403311,111.57866030978032,-0.06909243783530233,0.5683408418598098,0.528444416008886,0.1934803555408541,0.10065608817170454,0.15354343619960742,0.0895347077931688,97.7567628252087,0.03959080826107787,4.371625682868
1610612748,Miami Heat,82,0.561,3951.0,113.3,111.5,1.8,0.648,2.04,19.1,0.261,0.734,0.498,0.13,0.538,0.578,96.88,7975,0.509,1,16,21,21,5,17,11,14,15,24,3,18,10,20,16,29,15,2023-24,2023,Average,0.04,0.473,1.858,0.368,1,39.8,85.6,0.465,12.5,33.7,0.37,18.0,22.0,0.818,9.3,33.0,42.3,25.8,12.7,7.5,3.4,4.7,17.3,18.9,110.1,1.8,28,28,22,19,18,12,10,13,5,26,16,26,18,6,15,30,10,4,11,26,16,0.526,0.394,0.257,0.22,0.648,13.1,0.451,2024.0,-0.11000000000000004,1.0,20,9,28.09288412972441,0.7787104437757176,0.3215017476147079,0.5145394841391338,0.39729448491155045,0.15,0.15641638817161596,0.6495248740035311,0.6702393340270552,0.5,111.8304475601029,110.93118501787815,0.9058565048798429,0.5739737745680987,0.5363249078575273,0.19853308930516225,0.10443906570145817,0.16996203452080252,0.08703567006084506,98.13212209355656,0.04761133800023729,3.2317865716108862
1610612748,Miami Heat,82,0.451,3986.0,112.4,112.0,0.4,0.653,1.94,19.2,0.263,0.724,0.496,0.138,0.544,0.576,97.08,8066,0.505,1,20,1,21,9,16,10,12,11,27,4,20,9,19,18,27,15,2024-25,2024,Average,0.032,0.461,0.412,0.358,1,40.5,87.0,0.465,13.7,37.3,0.367,16.0,20.2,0.791,9.7,33.7,43.4,26.4,13.6,8.1,3.8,4.7,15.5,17.0,110.6,0.6,24,24,18,12,16,12,26,27,8,26,9,21,14,8,15,30,13,1,29,24,15,0.539,0.429,0.232,0.224,0.652,12.8,,,,,19,10,27.197600496143483,0.8439351368015262,0.3380601208279963,0.5047031659496489,0.4405089058524173,0.15789473684210525,0.22177542769538644,0.6306855402305512,0.664529262086514,0.5263157894736842,110.48299182750182,110.80391705408276,-0.31379789072248393,0.5707344529895088,0.5421318766579023,0.1905909206924582,0.09844033015636199,0.16650654033540668,0.08485522537154236,98.54333037229425,0.0452990066116245,3.383784863137726
1610612749,Milwaukee Bucks,82,0.402,3966.0,103.4,107.8,-4.5,0.603,1.52,17.6,0.286,0.689,0.49,0.159,0.499,0.537,95.05,7858,0.483,1,21,11,26,23,26,8,17,8,13,30,25,24,17,17,23,24,2015-16,2015,Average,0.038,0.403,-4.734,0.331,1,38.4,82.2,0.467,5.4,15.6,0.345,17.0,22.7,0.747,10.5,31.2,41.7,23.1,15.2,8.2,5.8,5.6,20.7,19.5,99.0,-4.2,14,26,5,30,30,21,21,18,22,15,29,27,9,25,13,7,26,17,21,25,26,0.495,0.19,0.276,0.252,0.602,7.9,0.512,2016.0,0.10999999999999999,0.0,16,8,23.8499501586153,0.8279027114016312,0.4082625584548278,0.608444027897707,0.49169026221839224,0.0625,0.0022368436337458744,,,,102.57429713209591,106.75824303773685,-4.18394590564094,0.5322865659917273,0.49753636072535923,0.1953948596789511,0.09693523961828619,0.15084987734524294,0.088032664163009,95.95898181904808,0.03376365464519503,2.9895651857753496
1610612749,Milwaukee Bucks,82,0.512,3956.0,108.5,108.7,-0.2,0.624,1.73,18.5,0.26,0.706,0.487,0.146,0.527,0.565,94.99,7828,0.504,1,13,18,13,19,16,5,9,3,22,28,26,19,7,7,26,14,2016-17,2016,Average,0.038,0.446,-0.211,0.341,1,38.8,81.9,0.474,8.8,23.7,0.37,17.2,22.4,0.768,8.8,31.6,40.4,24.2,14.0,8.1,5.3,4.6,20.2,19.3,103.6,-0.2,19,29,4,22,24,10,21,20,19,25,28,29,5,18,10,6,9,17,24,20,16,0.515,0.289,0.274,0.218,0.624,10.2,0.537,2017.0,0.025000000000000022,0.0,17,10,25.840613638953457,0.830611666715905,0.33561310041350506,0.5138034813095419,0.41154220252890955,0.11764705882352941,0.0968428290674205,0.4162041987384116,0.5158327029071652,0.4117647058823529,107.36286299543724,107.58557011868173,-0.23687026338505926,0.560393475861703,0.5272027445244537,0.1969282065370945,0.10248426136514414,0.1544878755145398,0.08887176622371105,96.17057998957262,0.05537652932425433,4.775981574503821
1610612749,Milwaukee Bucks,82,0.537,3966.0,109.0,109.1,-0.2,0.585,1.68,17.7,0.244,0.709,0.48,0.142,0.531,0.571,97.03,8013,0.502,1,15,8,10,18,20,15,12,7,26,30,28,12,8,6,20,16,2017-18,2017,Average,0.04,0.465,-0.206,0.338,1,39.7,83.0,0.478,8.8,24.7,0.355,18.3,23.4,0.783,8.4,31.5,39.8,23.2,13.8,8.8,5.4,4.5,21.4,19.9,106.5,-0.3,14,28,3,27,25,22,5,7,8,29,28,30,14,11,2,5,7,26,16,15,20,0.53,0.298,0.282,0.211,0.584,9.4,0.732,2018.0,0.19499999999999995,0.0,19,8,26.05116341206935,0.8091875211590985,0.4055539756562064,0.6079738298222249,0.5578711484593838,0.15789473684210525,0.19361147966887582,0.7478757109442242,0.7417366946778712,0.5263157894736842,108.07098513959998,108.15319681381592,-0.1114146577181838,0.5666202275776291,0.5312628445886975,0.19718624270983143,0.10257156909108583,0.14868447859449768,0.08765087372999923,98.12887742537032,0.06318610903513525,2.29128784747792
1610612749,Milwaukee Bucks,82,0.732,3956.0,113.5,104.9,8.6,0.601,1.88,18.3,0.25,0.757,0.516,0.133,0.55,0.583,103.57,8533,0.553,1,1,18,4,1,1,15,10,10,26,2,5,7,2,2,5,1,2018-19,2018,Successful,0.033,0.507,8.304,0.383,2,43.4,91.1,0.476,13.5,38.2,0.353,17.9,23.2,0.773,9.3,40.4,49.7,26.0,13.9,7.5,5.9,4.8,19.6,20.2,118.1,8.9,3,6,3,2,2,15,12,15,14,25,1,1,7,13,17,2,12,5,21,1,1,0.565,0.419,0.255,0.187,0.599,12.1,0.767,2019.0,0.03500000000000003,0.0,18,11,27.697178046200808,0.8038811382864798,0.3202962769977549,0.5061073677699254,0.439333711906114,0.2777777777777778,0.2108226795406274,0.5468045112498224,0.6378004921446148,0.3888888888888889,111.80184799913178,104.50335893906504,7.3060369294918335,0.5756623908350086,0.544933070503637,0.19068494746148235,0.10888847068860456,0.15884156564827895,0.09319036448431528,104.68276339032948,0.0563115595196687,2.631657241114569
1610612749,Milwaukee Bucks,73,0.767,3519.0,111.9,102.5,9.4,0.598,1.71,18.0,0.241,0.775,0.524,0.142,0.552,0.583,105.51,7739,0.562,3,1,6,8,1,1,16,12,11,28,1,1,13,1,3,1,1,2019-20,2019,Successful,0.031,0.534,8.909,0.382,2,43.3,90.9,0.476,13.8,38.9,0.355,18.3,24.7,0.742,9.5,42.2,51.7,25.9,15.1,7.2,5.9,4.5,19.6,21.7,118.7,10.1,1,4,3,4,4,18,14,6,27,25,1,1,6,20,23,3,9,7,6,1,1,0.567,0.428,0.272,0.184,0.598,10.8,0.639,2020.0,-0.128,1.0,16,12,29.842917167440373,0.9084726360257628,0.3050735107737073,0.4842543094601746,0.45612657091561937,0.0625,0.06164920614189375,0.7308627839847677,0.8095825852782765,0.625,110.03327447071197,101.55541413094278,8.478054748426914,0.5780478320840726,0.5483823469475521,0.19177423784934514,0.11159845965724553,0.15272021890997362,0.09411228519822903,106.74885480103376,0.06852594804565316,4.258977446393546
1610612749,Milwaukee Bucks,72,0.639,3466.0,116.5,110.7,5.8,0.569,1.84,18.0,0.269,0.755,0.519,0.134,0.566,0.593,102.85,7423,0.533,1,7,22,5,9,4,25,13,13,13,4,5,13,2,5,2,4,2020-21,2020,Successful,0.027,0.486,5.639,0.385,2,44.7,91.8,0.487,14.4,37.1,0.389,16.2,21.4,0.76,10.3,37.8,48.1,25.5,13.8,8.1,4.6,4.8,17.3,18.3,120.1,5.9,1,1,3,5,8,5,23,16,23,12,1,2,14,15,7,19,15,2,24,1,3,0.554,0.404,0.233,0.214,0.57,11.7,0.622,2021.0,-0.017000000000000015,0.0,19,10,28.697172743040884,0.8720478144031385,0.33409416235442246,0.5347427356515374,0.4629464285714286,0.21052631578947367,0.1623542424241334,0.5465633299728003,0.5896205357142857,0.3157894736842105,114.18494938864335,109.14060694395809,5.049110409530334,0.5806158363534341,0.5538396319334393,0.19102300942401,0.1030231420576901,0.14109831179100824,0.09287602107237843,104.05085313240444,0.06487033220201667,3.6345563690772495
1610612749,Milwaukee Bucks,82,0.622,3951.0,114.3,111.1,3.2,0.572,1.78,17.3,0.269,0.747,0.512,0.133,0.546,0.58,100.59,8284,0.516,1,6,19,3,14,8,28,15,21,16,2,6,10,6,7,3,10,2021-22,2021,Successful,0.034,0.478,3.181,0.379,2,41.8,89.4,0.468,14.1,38.4,0.366,17.8,22.9,0.776,10.2,36.5,46.7,23.9,13.4,7.6,4.0,4.4,18.2,19.7,115.5,3.4,6,8,12,4,5,5,8,10,15,15,1,2,18,12,13,27,9,3,17,3,7,0.543,0.43,0.256,0.218,0.572,10.5,0.707,2022.0,0.08499999999999996,0.0,19,10,28.910293511204685,0.848646123434108,0.3295503540440141,0.5223180160124452,0.47520618018582317,0.2631578947368421,0.15018347593439454,0.6150079794010755,0.7378640776699029,0.42105263157894735,112.53377185115399,109.2776335795325,3.268316924712004,0.5818005150569286,0.5544181882568697,0.1925864858114179,0.1044811272915633,0.14821839075931714,0.09242307832218005,102.0590685909987,0.07219175853239759,3.8935844667863573
1610612749,Milwaukee Bucks,82,0.707,3966.0,114.3,110.9,3.4,0.604,1.76,18.1,0.284,0.745,0.521,0.143,0.555,0.583,101.45,8389,0.523,1,1,12,15,4,5,15,23,16,14,2,3,19,10,15,10,5,2022-23,2022,Successful,0.028,0.461,3.351,0.378,2,42.7,90.4,0.473,14.8,40.3,0.368,16.6,22.4,0.743,11.1,37.5,48.6,25.8,14.6,6.4,4.9,3.9,18.1,19.0,116.9,3.6,10,7,19,4,4,10,28,23,29,11,1,1,12,22,27,11,5,2,26,8,5,0.557,0.446,0.248,0.228,0.604,11.2,0.598,2023.0,-0.10899999999999999,1.0,18,8,30.485746834020873,0.7723947445983745,0.34377597309140917,0.5418576386091597,0.4747196953670404,0.05555555555555555,0.04546390015184855,0.8216334758337844,0.8657711021789719,0.6666666666666666,112.7948594366667,109.58707684790802,3.2251598895124336,0.5796952523703747,0.5547204310983391,0.1964374771105838,0.1056401701470192,0.15988264671979696,0.09306614326020188,103.17074085805972,0.07777973707849622,3.2379584617471546
1610612749,Milwaukee Bucks,82,0.598,3961.0,117.6,115.0,2.6,0.615,2.05,19.0,0.255,0.731,0.499,0.128,0.568,0.601,100.51,8295,0.511,1,8,10,6,19,11,20,9,16,26,4,16,8,4,6,8,14,2023-24,2023,Average,0.033,0.476,2.587,0.371,1,43.1,88.5,0.487,14.2,38.1,0.373,18.5,23.9,0.774,9.4,34.8,44.2,26.5,12.9,6.8,5.0,4.2,19.2,19.2,119.0,2.6,8,19,7,5,5,11,7,3,19,24,3,9,17,9,26,15,3,21,9,4,11,0.573,0.431,0.27,0.213,0.615,13.6,0.585,2024.0,-0.013000000000000012,0.0,19,9,30.73606690854097,0.8458848720153811,0.36755322926188355,0.5789140851194775,0.5110136549387023,0.15789473684210525,0.10552879712552422,0.6172646402965527,0.6389913286155686,0.5263157894736842,115.97208362205741,113.63164417726368,2.3318119885044317,0.5927367857058319,0.5622934112383028,0.1922765685864102,0.1026928975661574,0.16009448629705014,0.09051900933893349,101.58278374780437,0.07114634543766675,2.7888667551135846
1610612749,Milwaukee Bucks,82,0.585,3951.0,115.1,112.7,2.4,0.607,1.91,18.7,0.235,0.725,0.491,0.133,0.568,0.598,99.92,8228,0.513,1,11,18,10,12,11,23,14,18,30,3,23,5,3,3,14,12,2024-25,2024,Average,0.03,0.49,2.402,0.358,1,42.0,86.4,0.486,14.2,36.6,0.387,17.3,23.1,0.75,8.2,35.1,43.4,25.5,13.4,7.3,4.7,3.8,17.9,18.9,115.5,2.5,12,25,4,8,18,1,8,5,28,30,2,22,21,7,27,19,2,9,12,11,11,0.558,0.424,0.267,0.189,0.607,12.1,,,,,19,9,29.267123575901223,0.8310803058374323,0.3347666042509727,0.5274469122562437,0.45109183368232125,0.21052631578947367,0.20026272294270098,0.5900336955483908,0.655100209392761,0.47368421052631576,113.11298763423265,112.04356842058118,1.0980140603478523,0.5888705510885501,0.5633266390415985,0.19778147594440068,0.10146908725535501,0.15823281099043301,0.09024444822045137,100.92318234202791,0.07009799137679859,3.8297084310253524
1610612750,Minnesota Timberwolves,82,0.354,3976.0,105.4,109.0,-3.5,0.619,1.56,17.6,0.279,0.702,0.494,0.155,0.498,0.549,96.2,7965,0.497,1,26,5,13,28,24,4,14,6,18,25,20,23,18,9,19,14,2015-16,2015,Unsuccessful,0.051,0.423,-3.638,0.339,0,37.7,81.3,0.464,5.5,16.4,0.338,21.4,27.0,0.792,10.0,31.5,41.6,23.4,15.0,8.0,4.6,5.2,20.7,21.6,102.4,-3.5,19,29,7,29,29,25,1,2,4,20,28,29,8,23,14,19,17,18,7,15,24,0.496,0.202,0.332,0.24,0.621,8.4,0.378,2016.0,0.02400000000000002,0.0,14,8,24.579671967665547,0.9029486664860875,0.4153287752908255,0.6558575470644874,0.5481950601646611,0.0,0.0,,,,104.4087201051099,107.91519927972756,-3.521638095782841,0.5449304099014192,0.49629801991691497,0.19363210932196637,0.10060050156882366,0.14969627073205763,0.09094390230883127,97.2202900061133,0.059633778179820206,4.898979485566356
1610612750,Minnesota Timberwolves,82,0.378,3961.0,110.0,110.9,-0.9,0.6,1.69,17.7,0.309,0.71,0.507,0.146,0.511,0.555,95.48,7870,0.501,1,24,13,10,27,20,10,11,7,4,25,8,18,16,15,23,16,2016-17,2016,Unsuccessful,0.044,0.401,-0.943,0.361,0,39.5,84.4,0.467,7.3,21.0,0.349,19.3,24.2,0.799,11.4,31.0,42.4,23.7,14.0,8.0,4.5,5.0,20.1,20.5,105.6,-1.1,12,21,8,30,30,20,6,8,5,6,29,25,9,19,12,19,19,16,7,13,20,0.508,0.249,0.287,0.269,0.6,9.7,0.573,2017.0,0.19499999999999995,0.0,15,9,24.479167374615358,0.8691281681569972,0.4331734878195204,0.6424160856526558,0.556340435228438,0.06666666666666667,0.03185607901178712,0.8217407096254481,0.9094223538794577,0.6,109.09342499418962,109.93799143318,-0.8264160565492465,0.5464918700205369,0.5037472347420622,0.19506854117425468,0.09998144806492505,0.14520339016683445,0.09119251963012541,96.25528611586313,0.05941962098519891,3.265986323710904
1610612750,Minnesota Timberwolves,82,0.573,3961.0,112.5,110.2,2.3,0.553,1.82,17.0,0.289,0.72,0.503,0.128,0.523,0.566,96.75,7985,0.518,1,12,12,4,25,10,26,3,20,4,25,13,3,13,9,23,9,2017-18,2017,Average,0.043,0.431,2.377,0.375,1,41.0,86.1,0.476,8.0,22.5,0.357,19.4,24.1,0.804,10.3,31.6,42.0,22.7,12.5,8.4,4.2,4.7,18.2,20.9,109.5,2.2,4,15,4,30,30,19,3,5,2,7,27,24,18,2,6,24,12,3,5,8,10,0.519,0.261,0.28,0.245,0.554,10.2,0.439,2018.0,-0.13399999999999995,1.0,15,9,27.838758606707184,0.9068696730041952,0.43526893896215163,0.6611626925822371,0.4992791394033492,0.06666666666666667,0.021161615757977016,0.5106152578426246,0.5042697127647776,0.4,111.56028227097185,108.98719589494402,2.5359443601539686,0.5690127713039795,0.5273598176297163,0.1949273158767221,0.10477166782831886,0.13891047308338952,0.0885142751142969,97.7317578516683,0.04410621299421838,5.050363634383783
1610612750,Minnesota Timberwolves,82,0.439,3966.0,110.6,112.2,-1.6,0.591,1.88,17.4,0.292,0.709,0.497,0.129,0.511,0.552,100.88,8341,0.498,1,21,11,13,24,23,19,9,18,4,27,19,5,25,22,13,15,2018-19,2018,Average,0.041,0.417,-1.586,0.368,1,41.6,91.3,0.456,10.1,28.7,0.351,19.1,24.3,0.787,11.3,33.5,44.8,24.6,13.1,8.3,5.0,5.5,20.3,21.9,112.5,-1.5,13,5,17,23,26,20,4,8,10,6,25,19,15,4,7,17,25,10,8,13,22,0.503,0.314,0.266,0.252,0.591,11.5,0.297,2019.0,-0.14200000000000002,1.0,18,11,26.668620530893786,0.7762784835557518,0.352294380338307,0.5229229921152548,0.4449006050129646,0.16666666666666666,0.16213777967721893,0.595676211358245,0.6843128781331028,0.3888888888888889,109.33828232714569,110.65400098688357,-1.315718659737836,0.5466586965291844,0.5082903659933975,0.19185383230825456,0.09820183023538617,0.14362400943113804,0.08791220502402175,102.12720278226833,0.04943014103737928,4.47767649309991
1610612750,Minnesota Timberwolves,64,0.297,3112.0,107.6,111.6,-4.0,0.59,1.55,16.7,0.264,0.731,0.488,0.146,0.514,0.551,103.94,6736,0.472,30,28,30,24,20,24,18,24,26,18,17,23,18,26,25,3,24,2019-20,2019,Unsuccessful,0.037,0.467,-3.848,0.342,0,40.4,91.6,0.441,13.3,39.7,0.336,19.1,25.4,0.753,10.5,34.3,44.8,23.8,15.3,8.7,5.7,5.5,21.4,21.6,113.3,-4.3,18,1,28,8,3,28,7,3,23,10,18,14,20,26,4,4,26,19,8,12,24,0.522,0.433,0.277,0.234,0.589,8.5,0.319,2020.0,0.02200000000000002,0.0,17,8,23.663322214567525,0.7052785316630903,0.35069093334059875,0.5371858494568411,0.43310391136478094,0.4117647058823529,0.40724964288911464,0.21285158069408602,0.24492194057411448,0.11764705882352941,105.97985764865997,110.7553743079963,-4.783959681824256,0.5358072504213325,0.5016163304440112,0.1964432440848036,0.08713286912161751,0.14377052190734188,0.08101014765772883,105.23757934997387,0.06038987911893847,2.117634293262177
1610612750,Minnesota Timberwolves,72,0.319,3481.0,109.3,114.5,-5.3,0.63,1.8,18.0,0.271,0.717,0.484,0.139,0.52,0.555,101.96,7389,0.469,1,25,11,25,28,26,6,17,14,11,27,25,17,25,25,5,26,2020-21,2020,Unsuccessful,0.035,0.446,-5.198,0.345,0,40.7,90.9,0.448,13.1,37.6,0.349,17.6,23.1,0.761,10.5,33.0,43.5,25.6,14.3,8.8,5.5,5.5,20.9,19.9,112.1,-5.6,20,6,27,12,7,25,8,7,22,9,27,20,11,19,3,3,26,27,8,18,26,0.518,0.414,0.254,0.241,0.629,11.3,0.561,2021.0,0.24200000000000005,0.0,16,11,23.42615838360624,0.7806422231266027,0.33178138465958057,0.4959567174183664,0.42450142450142453,0.0,0.0,0.6610445274346453,0.6966431314257401,0.6875,108.01174239203294,113.28540311213254,-5.270472622809537,0.5509822937853107,0.5175910575505124,0.19406736455041654,0.09422368294551374,0.15750171837594562,0.08574872124868332,103.10994538063774,0.06505852419358998,2.9345477075579947
1610612750,Minnesota Timberwolves,82,0.561,3956.0,113.8,111.0,2.7,0.617,1.79,18.1,0.284,0.706,0.49,0.141,0.539,0.573,101.47,8357,0.504,1,12,13,7,13,10,10,14,12,7,28,21,17,12,12,1,16,2021-22,2021,Average,0.034,0.422,2.661,0.349,1,41.6,91.0,0.457,14.8,41.3,0.358,18.0,23.1,0.778,11.2,32.9,44.2,25.7,14.3,8.8,5.6,4.8,21.8,20.9,115.9,2.6,10,5,22,1,1,12,4,8,14,6,25,16,7,21,3,3,19,29,2,1,9,0.539,0.454,0.254,0.253,0.618,11.4,0.512,2022.0,-0.049000000000000044,0.0,17,9,24.531039434163944,0.8579772170320863,0.35284620739747125,0.5467528848032784,0.4738329495499267,0.058823529411764705,0.009793348637614009,0.8303502387648782,0.8635126648524178,0.6470588235294118,112.62254033797458,109.7683587600248,2.8479734229736495,0.570353000557403,0.5377276084396774,0.19481437375627583,0.10102145867291173,0.15467856695153548,0.08724776418737992,102.56815326670643,0.05285643261832757,3.784308081316978
1610612750,Minnesota Timberwolves,82,0.512,3966.0,113.3,113.1,0.2,0.61,1.71,18.6,0.258,0.703,0.485,0.15,0.56,0.592,101.55,8383,0.503,1,15,12,23,10,18,12,24,10,26,26,27,25,8,8,7,16,2022-23,2022,Average,0.032,0.445,0.197,0.335,1,42.9,87.4,0.49,12.2,33.3,0.365,17.9,23.7,0.755,9.1,32.8,41.9,26.2,15.3,8.0,5.4,4.1,21.6,20.2,115.8,0.0,9,18,3,14,15,13,18,16,24,26,18,23,8,27,5,4,8,29,15,13,20,0.567,0.381,0.271,0.217,0.611,10.9,0.683,2023.0,0.17100000000000004,0.0,18,9,26.484377236285532,0.8047228581018561,0.3706379817157125,0.5700397539631359,0.41442608789547564,0.16666666666666666,0.16124383932005915,0.544434295032723,0.624014685239175,0.4444444444444444,112.50770549139148,112.01410741076462,0.5065368429761826,0.5901414318299266,0.5610645471447775,0.18881796531503414,0.09904009950834664,0.15491351494626915,0.08541551765725186,102.5282384141852,0.055999999999999994,4.594682917363407
1610612750,Minnesota Timberwolves,82,0.683,3961.0,114.6,108.4,6.3,0.646,1.88,19.3,0.275,0.725,0.508,0.144,0.559,0.594,97.79,8081,0.543,1,4,10,17,1,3,12,22,14,21,9,8,23,10,8,23,2,2023-24,2023,Successful,0.035,0.45,6.442,0.364,2,41.3,85.0,0.485,12.6,32.7,0.387,17.8,22.9,0.777,9.4,34.2,43.6,26.6,14.2,7.9,6.1,4.5,18.8,19.9,113.0,6.5,23,29,10,15,23,3,11,8,18,25,5,15,15,22,6,5,5,18,3,18,3,0.549,0.385,0.269,0.216,0.644,12.4,0.598,2024.0,-0.08500000000000008,1.0,17,8,27.434352635929148,0.8862556818925267,0.3983063227705953,0.6160409422896891,0.5009487666034156,0.058823529411764705,0.02509093538064694,0.962915178309069,0.9708672842951223,0.7058823529411765,113.57174858852176,106.96335458987477,6.628136606301346,0.5958168755967449,0.5665756638500205,0.19420180552201569,0.11095220506493843,0.1632259694246995,0.09184236438402396,98.81793310097048,0.06205932141910674,4.58257569495584
1610612750,Minnesota Timberwolves,82,0.598,3966.0,115.7,110.8,5.0,0.637,1.81,18.7,0.3,0.709,0.507,0.146,0.554,0.588,97.95,8097,0.524,1,10,6,8,6,4,11,18,17,14,13,10,19,10,11,25,6,2024-25,2024,Average,0.034,0.409,5.105,0.361,1,41.0,87.6,0.468,15.0,39.9,0.377,17.2,21.8,0.789,11.1,33.2,44.3,26.1,14.5,8.0,5.0,4.5,18.3,19.2,114.3,5.0,19,22,16,5,5,4,12,16,10,15,13,15,17,18,18,14,11,12,7,13,4,0.545,0.455,0.249,0.251,0.637,11.6,,,,,20,8,27.309710054221462,0.8657044295063299,0.3925167387295906,0.613136879508814,0.48355919739468434,0.1,0.012707617616437478,0.7200081023535293,0.715831494904927,0.5,114.33458912335477,109.48376241659506,4.8509071902488605,0.5893663994435365,0.5592619556033899,0.19473698108733553,0.1055754840329548,0.16105475311625309,0.08902955946609878,99.09572267102826,0.056395921838374094,4.520785330006281
1610612751,Brooklyn Nets,82,0.256,3951.0,102.4,109.7,-7.4,0.583,1.51,17.0,0.279,0.716,0.494,0.153,0.492,0.527,96.12,7903,0.46,1,28,26,27,29,28,18,19,14,17,19,21,22,21,23,20,27,2015-16,2015,Unsuccessful,0.035,0.437,-7.699,0.341,0,38.2,84.4,0.453,6.5,18.4,0.352,15.7,20.7,0.757,10.5,31.9,42.4,22.3,14.8,7.6,4.0,5.2,18.0,18.4,98.6,-7.4,17,17,13,26,27,13,27,27,18,14,25,23,15,19,19,25,18,2,28,26,28,0.48,0.218,0.245,0.248,0.584,7.5,0.244,2016.0,-0.01200000000000001,0.0,17,9,26.656849301131732,0.7987030622451858,0.38903609723809596,0.5766599544119193,0.46795387503352104,0.058823529411764705,0.03434993966775315,,,,101.06269647003165,108.68002353640532,-7.642265342773292,0.5267869284498669,0.4908401829581078,0.1975505229491566,0.09383730910467356,0.1381799303923729,0.0916974528521632,97.30631610102147,0.03150308626856176,2.5385910352879693
1610612751,Brooklyn Nets,82,0.244,3951.0,103.6,110.1,-6.5,0.566,1.29,15.9,0.241,0.716,0.483,0.162,0.507,0.551,101.75,8371,0.46,1,30,25,29,23,28,21,29,26,28,22,28,29,17,16,1,28,2016-17,2016,Unsuccessful,0.044,0.475,-6.388,0.321,0,37.8,85.2,0.444,10.7,31.6,0.338,19.4,24.6,0.788,8.8,35.1,43.9,21.4,16.5,7.2,4.7,5.6,21.0,20.4,105.8,-6.7,25,17,24,6,4,26,4,7,9,26,1,10,20,29,21,18,30,25,9,12,29,0.506,0.371,0.289,0.2,0.566,4.9,0.341,2017.0,0.09700000000000003,0.0,18,10,26.34527244803667,0.8010854359682784,0.3089773658222768,0.49190690290724687,0.39691690688056147,0.2222222222222222,0.08720313463688316,0.30893652967020185,0.39265572126832937,0.16666666666666666,102.24049960833194,108.63657666318916,-6.398272729491994,0.5443617921524226,0.501510992912639,0.19234997596500766,0.09195543268012245,0.1415698057671058,0.08758566213083221,102.86884047227055,0.04261560746956447,3.492849839314596
1610612751,Brooklyn Nets,82,0.341,3971.0,106.1,109.7,-3.6,0.619,1.56,17.3,0.251,0.731,0.489,0.151,0.514,0.551,99.66,8238,0.474,1,23,5,22,21,24,6,21,12,24,14,25,22,18,15,6,24,2017-18,2017,Unsuccessful,0.037,0.48,-3.612,0.338,0,38.2,86.8,0.441,12.7,35.7,0.356,17.4,22.6,0.772,9.7,34.8,44.4,23.7,15.2,6.2,4.8,5.5,20.6,19.7,106.6,-3.7,27,10,29,2,2,20,8,11,14,15,9,9,9,25,30,16,27,23,19,14,24,0.499,0.411,0.26,0.218,0.62,8.5,0.512,2018.0,0.17099999999999999,0.0,18,10,25.55022583566028,0.8513036653382017,0.33827599556621574,0.5354406210267642,0.3527462121212121,0.16666666666666666,0.1234071096620914,0.4873956966915597,0.4955018939393939,0.3888888888888889,104.71198724666938,108.35430871189354,-3.6302104832728745,0.5537948301649525,0.5178225624921384,0.18748579836674828,0.09336648902339734,0.15244123839554646,0.08419020189005286,100.91470943468238,0.047123667089902926,3.4409301068170506
1610612751,Brooklyn Nets,82,0.512,3996.0,108.9,109.0,-0.1,0.592,1.58,16.9,0.282,0.72,0.501,0.146,0.52,0.556,101.52,8452,0.492,1,14,1,19,15,15,18,25,23,9,23,15,25,18,15,11,21,2018-19,2018,Average,0.036,0.438,-0.099,0.355,1,40.3,89.7,0.449,12.8,36.2,0.353,19.0,25.5,0.745,11.0,35.6,46.6,23.8,15.1,6.6,4.1,5.3,21.5,22.0,112.2,-0.1,20,14,25,5,5,14,6,4,24,10,10,7,21,26,27,28,22,23,7,15,15,0.514,0.404,0.284,0.236,0.591,8.7,0.486,2019.0,-0.026000000000000023,0.0,17,11,25.92255217523245,0.8117025532362826,0.34486199948385876,0.5273168140134853,0.4268185801928133,0.0,0.0,0.7003134675020195,0.7668711656441718,0.47058823529411764,107.79053803935281,107.67570951338982,0.10640259684582262,0.561759796300764,0.5270956723999808,0.19393134901987813,0.0987974322396576,0.15565093775455047,0.08769463658701224,102.7086653236348,0.05572897817351815,3.9270201939009413
1610612751,Brooklyn Nets,72,0.486,3496.0,108.7,109.2,-0.5,0.606,1.6,17.3,0.28,0.736,0.511,0.148,0.52,0.554,101.7,7404,0.5,11,14,11,22,10,15,13,21,19,9,12,9,21,23,22,10,16,2019-20,2019,Average,0.034,0.456,-0.492,0.363,1,40.4,90.3,0.448,13.1,38.1,0.343,17.9,24.1,0.745,10.6,37.3,47.9,24.5,15.3,6.4,4.5,5.3,21.0,21.1,111.8,-0.6,19,10,24,9,5,26,15,9,25,9,2,2,15,24,27,23,21,16,10,16,15,0.523,0.422,0.267,0.221,0.606,9.2,0.667,2020.0,0.18100000000000005,0.0,22,7,27.054231593917564,0.7644143307953531,0.34078435081938696,0.5450767148850977,0.39303049159925324,0.13636363636363635,0.07092277937037658,0.4830967725989137,0.5401369010578718,0.2727272727272727,107.4935891367597,108.28081928711886,-0.8023077065674065,0.5607984798194149,0.5320317685515314,0.1931287034259914,0.09979415123567552,0.15546426672509986,0.08893437860206319,102.85412554157207,0.05770332286261991,3.6589281356759136
1610612751,Brooklyn Nets,72,0.667,3481.0,117.3,113.1,4.2,0.621,1.98,19.3,0.252,0.726,0.503,0.134,0.575,0.61,100.27,7280,0.532,1,4,11,1,22,7,10,6,5,22,23,13,12,1,1,11,5,2020-21,2020,Successful,0.035,0.474,4.189,0.369,2,43.1,87.3,0.494,14.2,36.1,0.392,18.1,22.5,0.804,8.9,35.5,44.4,26.8,13.5,6.7,5.3,4.6,19.0,18.9,118.6,4.5,6,21,1,7,12,2,5,8,6,27,5,14,7,13,27,7,9,13,18,2,7,0.564,0.414,0.258,0.2,0.622,13.3,0.537,2021.0,-0.13,1.0,21,10,29.134355808893506,0.7539092028453039,0.3269071910969203,0.49752808395676806,0.39845524761472056,0.14285714285714285,0.19347400039086743,0.4410393728798391,0.42628350749659244,0.42857142857142855,115.4490295177415,112.0155697487919,3.443183298529154,0.6054780567326546,0.5765799460089934,0.19626799186780092,0.10545951952297443,0.16310111711331282,0.08823386438088815,101.08374428161191,0.06364503122789712,3.3778691508109073
1610612751,Brooklyn Nets,82,0.537,3951.0,113.2,112.3,0.9,0.602,1.8,18.3,0.281,0.704,0.499,0.141,0.54,0.576,99.4,8177,0.512,1,14,19,10,20,15,16,13,9,9,30,15,18,11,11,11,11,2021-22,2021,Average,0.036,0.423,0.905,0.358,1,42.0,88.4,0.475,11.5,31.7,0.361,17.5,21.7,0.805,10.3,34.1,44.4,25.3,14.1,7.1,5.5,4.9,20.4,19.7,112.9,0.8,5,12,4,24,28,10,10,14,6,14,15,13,10,17,24,5,21,22,16,9,15,0.538,0.359,0.245,0.232,0.602,11.2,0.549,2022.0,0.01200000000000001,0.0,17,12,29.33876427146086,0.7133868405359817,0.3464478120941348,0.5168612578612123,0.4034324942791762,0.17647058823529413,0.21594217693152687,0.44147747889921174,0.528604118993135,0.4117647058823529,112.05313084443668,110.94887263133067,1.0964648494757065,0.5747270908697503,0.5487115644721587,0.1901719526484636,0.1023681838310472,0.13832656069403534,0.09159534131112115,100.1407243195972,0.054592174856434826,5.291502622129181
1610612751,Brooklyn Nets,82,0.549,3946.0,114.6,113.5,1.1,0.616,1.86,18.9,0.234,0.689,0.472,0.139,0.562,0.598,98.77,8111,0.51,1,9,29,12,16,14,9,11,6,29,29,29,16,7,7,23,13,2022-23,2022,Average,0.036,0.455,1.114,0.333,1,41.5,85.1,0.487,12.8,33.8,0.378,17.7,22.1,0.8,8.2,32.3,40.5,25.5,13.7,7.1,6.2,3.9,21.1,18.5,113.4,0.9,21,28,7,9,13,5,19,25,7,29,20,29,13,14,16,1,3,25,28,20,15,0.559,0.397,0.26,0.202,0.614,11.8,0.39,2023.0,-0.15900000000000003,1.0,19,9,27.80886513809709,0.7969545115541119,0.37193292902823405,0.5684913318192116,0.4328212894850714,0.3157894736842105,0.4248682772883934,0.33544174388017306,0.35114668974469926,0.3684210526315789,113.1331516070634,112.96630361219047,0.1592255579532088,0.585002329897253,0.5582369476263809,0.1772604136325476,0.09283358634617134,0.14651278125016026,0.07847383347634282,99.15049369463328,0.0354964786985977,2.5867659392939593
1610612751,Brooklyn Nets,82,0.39,3961.0,112.4,115.4,-2.9,0.63,1.95,18.6,0.289,0.715,0.497,0.134,0.531,0.561,97.56,8050,0.483,1,22,10,23,20,22,16,19,19,12,19,20,14,25,27,25,21,2023-24,2023,Unsuccessful,0.03,0.426,-2.973,0.363,0,40.7,89.1,0.456,13.3,36.7,0.362,15.8,20.9,0.756,11.4,32.6,44.1,25.6,13.1,6.8,5.2,5.0,18.5,18.2,110.4,-2.9,25,16,28,9,9,19,23,20,28,7,20,11,20,12,28,12,16,13,21,25,22,0.523,0.412,0.235,0.259,0.629,12.5,0.317,2024.0,-0.07300000000000001,1.0,18,8,26.20066453682059,0.7861953796031684,0.37547824383466977,0.5773947359961418,0.4640141077923509,0.16666666666666666,0.19383350723000856,0.5971654072552138,0.6383776038796429,0.3888888888888889,110.70153317526375,113.96182731426455,-3.2632711252985205,0.5655962040304469,0.5381928620583754,0.1932107568110324,0.09805299642115017,0.16068763319756496,0.08529213760127338,98.76378267277359,0.04893730044659186,2.7271780286589284
1610612751,Brooklyn Nets,82,0.317,3956.0,108.1,115.4,-7.3,0.669,1.66,18.4,0.294,0.699,0.487,0.156,0.516,0.552,96.73,7970,0.452,1,25,14,28,23,26,9,25,21,16,23,25,27,27,26,28,27,2024-25,2024,Unsuccessful,0.036,0.405,-7.547,0.331,0,37.6,86.1,0.437,13.6,39.4,0.344,16.3,20.7,0.787,10.9,30.4,41.3,25.2,15.2,7.8,4.3,5.6,20.7,18.9,105.1,-7.1,30,28,29,13,8,25,23,23,11,18,29,29,24,23,20,26,27,28,14,29,26,0.514,0.458,0.24,0.264,0.67,10.0,,,,,20,10,24.64867988585366,0.7138160272471892,0.3238940905513045,0.5092529161861333,0.3319180819180819,0.15,0.1263445033438466,0.6395276146925648,0.6695804195804196,0.45,106.092743257916,113.75831795302908,-7.669528939674843,0.5442730354826185,0.5094871734226122,0.1961254382820389,0.09034759231857938,0.1552335155977598,0.08510010347436613,98.21877646254511,0.024224780700761776,2.685144316419511
1610612752,New York Knicks,82,0.39,3961.0,103.9,106.7,-2.8,0.557,1.53,16.0,0.28,0.718,0.502,0.142,0.483,0.527,94.12,7763,0.487,1,24,19,24,18,22,23,16,24,16,17,13,10,28,24,26,21,2015-16,2015,Unsuccessful,0.044,0.438,-2.975,0.36,0,36.9,84.0,0.439,7.4,21.5,0.346,17.2,21.4,0.805,10.4,34.0,44.4,20.5,13.4,5.7,5.7,4.2,19.7,18.5,98.4,-2.7,25,21,26,24,23,20,17,25,1,16,7,10,26,7,30,9,5,10,27,27,22,0.472,0.256,0.255,0.234,0.556,7.1,0.378,2016.0,-0.01200000000000001,0.0,16,9,27.63551914668878,0.8687017996247105,0.35697794520731113,0.5615359802650052,0.432,0.0,0.0,,,,102.51806498275194,105.35573397868728,-2.8286876596114507,0.526393915878916,0.48530933877405047,0.1957094276049257,0.09729457145579014,0.13981138397333906,0.08877842562942066,95.37234282617563,0.048733085068020404,4.254264382017033
1610612752,New York Knicks,82,0.378,3971.0,107.1,110.7,-3.6,0.551,1.57,16.3,0.305,0.698,0.5,0.143,0.496,0.534,96.63,7990,0.482,1,24,7,18,25,24,22,20,22,5,30,15,16,25,27,17,22,2016-17,2016,Unsuccessful,0.038,0.393,-3.726,0.357,0,39.6,88.5,0.447,8.6,24.7,0.348,16.6,21.1,0.788,12.0,33.2,45.2,21.8,13.9,7.1,5.5,4.6,20.3,18.5,104.3,-3.7,8,3,23,24,21,21,26,28,10,3,17,5,19,17,23,4,10,19,29,18,24,0.486,0.279,0.238,0.265,0.551,7.9,0.354,2017.0,-0.02400000000000002,0.0,15,10,27.828005847640288,0.8068878323642819,0.38711104841149263,0.5882334977036264,0.49481609479140953,0.06666666666666667,0.016163619339084764,0.3949826431961095,0.46284867933843493,0.3333333333333333,106.14577824370079,109.60126864930788,-3.4423139726640475,0.5338353075605471,0.49894860613162634,0.19733661839696895,0.09717537074302471,0.12567005109478396,0.09162767705300263,97.51035504740037,0.05146610535099776,3.5623026261113755
1610612752,New York Knicks,82,0.354,3966.0,106.3,109.7,-3.4,0.573,1.58,17.2,0.289,0.727,0.509,0.15,0.51,0.544,97.64,8059,0.481,1,22,8,20,22,23,21,18,15,3,18,6,21,24,24,17,22,2017-18,2017,Unsuccessful,0.034,0.438,-3.482,0.359,0,40.7,87.7,0.464,8.2,23.3,0.352,14.9,19.0,0.787,10.5,33.6,44.0,23.3,14.7,6.7,5.1,4.7,20.5,18.4,104.5,-3.6,9,5,12,29,29,27,24,28,5,5,19,13,13,21,29,8,14,22,28,18,23,0.505,0.266,0.217,0.239,0.572,8.6,0.207,2018.0,-0.147,1.0,18,10,26.60327010992341,0.8097945670977863,0.3166379499883059,0.49318236565280865,0.3681948424068768,0.1111111111111111,0.08153866502921743,0.36944927922159254,0.35004775549188155,0.3888888888888889,105.45009206272175,108.98609965023172,-3.5189718669987107,0.5378282273414896,0.5036617894155023,0.19926784146641635,0.09676244681866797,0.14964685055268293,0.08999419943536031,98.78965659203249,0.054976449503401,4.512205669071391
1610612752,New York Knicks,82,0.207,3956.0,104.0,112.9,-8.9,0.525,1.43,14.9,0.264,0.717,0.486,0.14,0.49,0.529,100.16,8244,0.442,1,30,18,30,26,28,30,30,30,20,25,25,17,30,30,17,29,2018-19,2018,Unsuccessful,0.039,0.453,-8.886,0.346,0,38.2,88.3,0.433,10.0,29.5,0.34,18.1,23.9,0.759,10.5,34.3,44.7,20.1,14.0,6.8,5.1,5.6,20.9,20.8,104.6,-9.2,29,18,30,24,22,28,11,10,19,13,20,20,30,17,24,13,26,16,14,28,28,0.48,0.334,0.271,0.235,0.526,6.1,0.318,2019.0,0.11100000000000002,0.0,17,9,23.615798077209295,0.8059658101612093,0.3330061073736773,0.5115400784609306,0.34444151738672285,0.23529411764705882,0.22246615682943247,0.32792617911071353,0.3209957850368809,0.35294117647058826,102.8220760601017,110.83139878192206,-8.014152644921067,0.5456192782870856,0.513199117741365,0.18384463879358207,0.090012230479945,0.1316913487469215,0.09396703548566193,101.248203272933,0.04330768471709791,2.9355210696939786
1610612752,New York Knicks,66,0.318,3193.0,105.9,112.4,-6.5,0.552,1.54,16.0,0.3,0.742,0.513,0.143,0.501,0.531,99.11,6594,0.461,24,25,24,27,23,26,27,25,28,1,7,4,14,29,30,25,27,2019-20,2019,Unsuccessful,0.03,0.442,-6.558,0.37,0,40.0,89.3,0.447,9.6,28.4,0.337,16.3,23.5,0.694,12.0,34.5,46.5,22.1,14.3,7.6,4.7,5.0,22.2,19.8,105.8,-6.5,24,13,25,30,29,27,24,12,30,1,17,6,27,11,17,17,19,28,25,29,26,0.499,0.318,0.263,0.258,0.552,7.8,0.569,2020.0,0.25099999999999995,0.0,18,10,24.76545886649859,0.8260378366228928,0.32386680827096714,0.4982309819686519,0.4158128154152011,0.05555555555555555,0.08866477874742337,0.34467151675896013,0.3179385227098945,0.3888888888888889,104.34552621761365,110.38322465472558,-6.036664110497755,0.5309103951973853,0.5080726414939958,0.18415657145662476,0.08801261637145402,0.13899674088463743,0.0905236895128924,100.84935343012388,0.04761522865638682,4.243819034784589
1610612752,New York Knicks,72,0.569,3486.0,110.2,107.8,2.4,0.543,1.65,16.3,0.264,0.738,0.505,0.133,0.524,0.559,96.32,6994,0.502,1,11,6,22,4,9,29,24,27,17,12,12,11,23,23,30,15,2020-21,2020,Average,0.035,0.474,2.492,0.372,1,39.4,86.5,0.456,11.8,30.0,0.392,16.4,20.9,0.784,9.7,35.5,45.1,21.4,12.9,7.0,5.1,5.4,20.5,17.9,107.0,2.3,24,26,21,21,27,3,21,23,14,16,7,9,29,6,21,11,25,25,29,26,10,0.488,0.347,0.242,0.215,0.543,8.5,0.451,2021.0,-0.11799999999999994,1.0,16,9,26.34402415851055,0.8313819233312285,0.4113377352925843,0.5862769455833263,0.47790802524797116,0.125,0.07861866387884037,0.6485139876452455,0.6541285585469535,0.625,109.05399149684763,106.54296783450499,2.5051351648772364,0.5693055784550382,0.5373964239355716,0.19580093056015416,0.10248812910062398,0.14323635081284772,0.09001970107950673,97.49706276764739,0.06638105486088967,4.416579314300398
1610612752,New York Knicks,82,0.451,3956.0,109.7,110.2,-0.4,0.581,1.65,16.4,0.291,0.74,0.512,0.137,0.513,0.55,96.42,7958,0.491,1,19,13,23,11,19,24,25,29,6,4,5,12,26,25,29,22,2021-22,2021,Average,0.037,0.449,-0.415,0.375,1,37.7,86.2,0.437,13.2,36.9,0.357,18.0,24.1,0.744,11.5,34.6,46.1,21.9,13.3,7.0,4.9,4.6,20.4,20.4,106.5,-0.1,30,24,27,9,10,13,5,2,26,4,11,4,30,10,27,13,13,23,5,26,19,0.497,0.428,0.28,0.249,0.581,8.6,0.573,2022.0,0.12199999999999994,0.0,21,7,26.42905132161938,0.8024731520021008,0.3576814641621485,0.5612765464586341,0.43718371837183717,0.047619047619047616,0.0494687898240659,0.6989816605060436,0.7214521452145215,0.42857142857142855,108.38957392413627,109.02090126620877,-0.6008299940101515,0.5637867041153048,0.5327682005806097,0.19412133329445438,0.09834034649574283,0.14503362395314065,0.08920036997946965,97.6422321627688,0.05311635283766677,2.871393034605969
1610612752,New York Knicks,82,0.573,3991.0,117.0,114.2,2.8,0.546,1.77,16.6,0.318,0.727,0.521,0.131,0.541,0.577,97.75,8134,0.509,1,8,2,4,19,7,30,22,29,2,12,2,5,20,20,26,14,2022-23,2022,Average,0.036,0.409,2.864,0.39,1,42.0,89.4,0.47,12.6,35.7,0.354,19.4,25.5,0.761,12.6,34.0,46.6,22.9,13.0,6.4,4.1,4.5,20.3,20.7,116.0,2.9,17,12,20,11,8,19,7,3,22,3,8,3,28,4,25,23,14,18,5,11,7,0.547,0.399,0.285,0.27,0.545,9.9,0.61,2023.0,0.03700000000000003,0.0,17,8,25.383431775019353,0.8383596085186861,0.3454259777768616,0.558211254604164,0.48775729197151496,0.11764705882352941,0.11833179507639133,0.6694572307124843,0.6877377816798361,0.6470588235294118,115.56465777143401,113.09363324575365,2.4739082787359123,0.5820318126704161,0.5528491051414577,0.18969306528840044,0.10124285033417006,0.14515996295267536,0.09554005381533902,98.85421462202393,0.07179734935915114,1.8540496217739157
1610612752,New York Knicks,82,0.61,3946.0,117.3,112.4,4.9,0.59,1.84,17.8,0.333,0.729,0.527,0.138,0.54,0.574,95.96,7883,0.515,1,6,23,7,9,5,29,23,28,1,6,1,18,16,20,30,11,2023-24,2023,Successful,0.034,0.396,5.106,0.389,2,41.3,88.7,0.465,13.2,35.8,0.369,17.0,21.8,0.78,12.7,32.5,45.2,24.4,13.2,7.5,4.1,5.3,17.6,19.1,112.8,4.6,22,18,20,10,13,14,16,14,16,1,21,5,29,15,17,29,20,6,10,19,5,0.531,0.404,0.246,0.281,0.591,11.2,0.622,2024.0,0.01200000000000001,0.0,19,10,27.519962273846495,0.8181866393927834,0.37486304628668743,0.5479440007920406,0.4638401460594381,0.3157894736842105,0.31846445095660164,0.5620590815934288,0.5562430266761335,0.42105263157894735,115.59342726391992,112.58354908027466,3.0171588422576208,0.5781837950698666,0.5498951920799126,0.19423235029687494,0.10283170135252187,0.15055324201616063,0.09289441438884792,97.52800179331501,0.061767386216352076,3.4292856398964497
1610612752,New York Knicks,82,0.622,3976.0,117.3,113.3,4.0,0.634,2.07,19.6,0.305,0.71,0.508,0.134,0.556,0.589,97.64,8093,0.527,1,5,2,5,13,8,17,6,10,9,12,9,7,9,10,26,5,2024-25,2024,Successful,0.033,0.405,4.097,0.374,2,43.3,89.2,0.486,12.6,34.1,0.369,16.5,20.7,0.8,10.9,31.8,42.6,27.5,13.3,8.2,4.0,5.0,17.2,19.0,115.8,4.1,7,18,5,24,27,8,21,23,5,19,25,24,11,5,13,29,16,4,10,9,8,0.557,0.382,0.232,0.256,0.635,14.2,,,,,18,8,27.868053971840368,0.824258134484035,0.4344200266642462,0.6766777023154077,0.5137007874015748,0.1111111111111111,0.03976647035163632,0.5509781681560645,0.5406824146981627,0.3333333333333333,116.12225667492477,111.86089808238529,4.2926203132541865,0.581790570005883,0.5526315995035929,0.19438000841984718,0.10563710643228214,0.16139179804972337,0.08712411932514165,98.70212568704605,0.04915266396646269,2.057759704144291
1610612753,Orlando Magic,82,0.427,3981.0,104.4,106.0,-1.6,0.596,1.67,17.6,0.271,0.726,0.495,0.144,0.5,0.533,96.68,8018,0.488,1,20,3,22,17,19,11,9,7,20,13,17,14,16,20,14,20,2015-16,2015,Average,0.033,0.455,-1.655,0.351,1,39.5,86.8,0.455,7.8,22.2,0.35,15.2,20.1,0.757,10.3,33.0,43.3,23.6,14.1,8.2,5.1,5.5,20.7,18.3,102.1,-1.6,5,4,12,23,22,16,30,29,17,18,21,17,7,14,12,15,21,19,30,18,19,0.491,0.256,0.232,0.238,0.597,9.5,0.354,2016.0,-0.07300000000000001,1.0,15,8,24.503547620212064,0.8742063940633961,0.36565667782808925,0.5676714926632779,0.43166605817208226,0.13333333333333333,0.14171184654773053,,,,103.35693998127452,104.86955491288394,-1.5089798123997424,0.5285673009541776,0.4951362716952175,0.19779185595774057,0.09693556859177929,0.15070114107116137,0.0865500276378219,97.92328777741288,0.030813957876261205,3.3819373146171707
1610612753,Orlando Magic,82,0.354,3961.0,103.7,110.3,-6.5,0.58,1.67,16.8,0.267,0.726,0.491,0.137,0.489,0.524,96.9,7989,0.46,1,26,13,28,24,29,15,14,19,20,12,23,8,29,29,14,29,2016-17,2016,Unsuccessful,0.035,0.459,-6.708,0.354,0,38.3,87.0,0.44,8.5,26.1,0.328,16.0,21.4,0.747,9.8,33.3,43.2,22.2,13.3,7.1,4.8,5.1,19.3,18.7,101.1,-6.6,22,11,28,25,15,29,27,27,25,17,16,20,18,9,24,15,20,11,26,27,28,0.489,0.3,0.246,0.227,0.58,8.9,0.305,2017.0,-0.04899999999999999,0.0,18,9,25.479946414629026,0.8730352699459681,0.35711114884460515,0.5688795646587183,0.4118232731798382,0.1111111111111111,0.10872003426528876,0.5697958542737798,0.6130678282514002,0.3333333333333333,103.08497336460091,108.91168838404485,-5.81216936323529,0.5203700934898267,0.485850526077954,0.19405311359754077,0.08959898340710082,0.14663519381839657,0.08190748723473137,97.94256738864404,0.034067833567026494,3.583225665910466
1610612753,Orlando Magic,82,0.305,3946.0,104.7,109.4,-4.7,0.604,1.61,17.5,0.248,0.714,0.48,0.147,0.512,0.545,98.58,8096,0.472,1,26,23,25,20,25,9,16,10,25,28,29,17,21,22,12,25,2017-18,2017,Unsuccessful,0.033,0.466,-4.768,0.333,0,38.8,85.9,0.452,10.3,29.3,0.351,15.5,20.5,0.757,8.8,32.8,41.6,23.4,14.5,7.6,4.9,4.9,19.3,19.0,103.4,-4.8,20,17,19,17,14,28,23,21,21,25,24,26,11,17,20,13,19,11,24,24,25,0.504,0.341,0.239,0.212,0.603,8.9,0.512,2018.0,0.20700000000000002,0.0,18,9,25.905329753514973,0.7369816591159124,0.3096868773049519,0.4943114543850645,0.376271186440678,0.05555555555555555,0.011365830941788153,0.5867031905132608,0.6451977401129944,0.3888888888888889,103.40831656280241,107.94570843164115,-4.55771771655299,0.5422282254849453,0.5078655715530092,0.19304599934922684,0.09294762777455508,0.13840233465093596,0.08490786841227345,99.44679851689492,0.04214115023596148,2.581988897471611
1610612753,Orlando Magic,82,0.512,3956.0,108.2,107.6,0.6,0.632,1.94,18.6,0.259,0.754,0.504,0.133,0.518,0.55,98.65,8133,0.508,1,14,18,22,8,14,5,5,6,22,3,11,6,20,23,24,11,2018-19,2018,Average,0.032,0.495,0.608,0.371,1,40.4,89.1,0.454,11.4,32.1,0.356,15.0,19.2,0.782,10.0,35.4,45.4,25.5,13.2,6.6,5.4,4.4,18.6,18.7,107.3,0.7,18,15,18,12,15,11,30,30,12,17,13,15,12,5,26,6,5,2,29,24,14,0.509,0.36,0.215,0.22,0.631,12.3,0.452,2019.0,-0.06,1.0,17,7,25.61534236738929,0.8761883822331064,0.3945385369709821,0.6210813645190227,0.47328680928955497,0.058823529411764705,0.01906135168044326,0.8195937776379559,0.8702665598901728,0.47058823529411764,107.1162200063962,106.3472801666674,0.7819279093168731,0.5503090015223278,0.5177871116417275,0.19465103936016606,0.1025341877804167,0.15936208895462636,0.09141109488749238,99.90374900448889,0.04676035299529825,3.1815796359028696
1610612753,Orlando Magic,73,0.452,3514.0,107.9,109.2,-1.3,0.608,1.86,17.5,0.267,0.749,0.5,0.129,0.506,0.544,98.99,7255,0.496,3,18,9,23,11,19,12,5,17,16,5,15,4,27,27,26,17,2019-20,2019,Average,0.038,0.482,-1.313,0.371,1,39.3,88.6,0.444,11.1,32.2,0.343,17.6,22.7,0.774,10.3,34.2,44.5,23.9,12.8,8.2,5.4,4.6,18.3,19.5,107.3,-1.0,27,17,27,22,19,25,19,20,17,15,19,16,18,4,8,8,12,2,28,24,16,0.5,0.363,0.256,0.231,0.608,11.1,0.292,2020.0,-0.16000000000000003,1.0,19,9,26.451263955173534,0.8108074802910317,0.3282107372987277,0.5375550220752883,0.42169557781578304,0.10526315789473684,0.09873173852649464,0.8709619681416427,0.9089909601759101,0.6842105263157895,106.77561140703392,107.95507997459151,-1.2029600940255234,0.5434808442395582,0.5035569877957036,0.19160842746947,0.09760330508298767,0.1475892590011773,0.08881326742733558,100.38872263287992,0.03715433278158073,3.303570832737446
1610612753,Orlando Magic,72,0.292,3466.0,104.6,113.9,-9.3,0.57,1.7,16.3,0.252,0.744,0.488,0.129,0.49,0.527,99.17,7158,0.45,1,28,22,29,26,29,24,21,28,23,8,23,5,30,30,17,29,2020-21,2020,Unsuccessful,0.037,0.492,-9.378,0.359,0,38.3,89.2,0.429,10.9,31.8,0.343,16.6,21.4,0.775,10.4,35.1,45.4,21.8,12.8,6.9,4.4,5.3,17.2,18.6,104.0,-9.3,30,8,30,26,22,27,15,15,17,11,10,7,28,5,25,22,24,1,20,29,29,0.477,0.357,0.24,0.229,0.569,9.0,0.268,2021.0,-0.023999999999999966,0.0,22,10,24.936177246769574,0.6168724837497811,0.3044999957843187,0.4646113518980107,0.34510380905672716,0.3181818181818182,0.3420079112807639,0.2710591034088887,0.295242766061795,0.22727272727272727,103.6841331849118,112.56734846067724,-8.87925982397977,0.5248500503219228,0.4859112477041177,0.18402728610853122,0.08266562114071012,0.13306435492753244,0.08270823224942989,100.86094216484557,0.03213347164562211,3.661966684720111
1610612753,Orlando Magic,82,0.268,3956.0,103.9,112.1,-8.1,0.62,1.64,17.4,0.249,0.735,0.49,0.144,0.503,0.538,99.71,8223,0.458,1,29,13,29,19,28,9,26,20,27,8,23,23,28,28,10,26,2021-22,2021,Unsuccessful,0.035,0.486,-8.124,0.346,0,38.3,88.3,0.434,12.2,36.9,0.331,15.5,19.7,0.787,9.1,35.2,44.3,23.7,14.5,6.8,4.5,5.2,19.7,18.3,104.2,-8.0,28,14,28,15,11,28,28,29,11,27,7,14,20,25,28,20,27,14,27,29,27,0.508,0.418,0.223,0.205,0.619,9.2,0.415,2022.0,0.14699999999999996,0.0,21,9,23.86828066464514,0.7640684358410227,0.3251836719202,0.5084212455565177,0.37555921827172123,0.047619047619047616,0.005540248137464492,0.7213280832194682,0.7263951024252413,0.5238095238095238,103.0476131968181,110.89938832446349,-7.852465662600345,0.5395935030781247,0.5061604581864712,0.19476735138012963,0.09344988558759289,0.15546530476237375,0.08738851569221218,100.7492392831547,0.030811654040173792,3.2697642154582587
1610612753,Orlando Magic,82,0.415,3956.0,111.3,113.7,-2.3,0.574,1.54,17.0,0.281,0.73,0.505,0.151,0.532,0.573,99.66,8205,0.485,1,25,22,26,18,24,24,28,27,15,8,12,27,23,22,15,24,2022-23,2022,Average,0.041,0.449,-2.308,0.354,1,40.5,86.3,0.47,10.8,31.1,0.346,19.6,25.0,0.784,10.2,33.1,43.2,23.2,15.1,7.4,4.7,5.1,20.1,20.5,111.4,-2.6,26,23,21,25,27,24,6,8,16,15,14,16,26,24,12,15,22,16,7,26,24,0.538,0.36,0.29,0.236,0.573,8.1,0.573,2023.0,0.15799999999999997,0.0,17,9,23.117980409389496,0.7486277855775546,0.3787575141021094,0.5588625888240727,0.44947817836812143,0.058823529411764705,0.02538250032644844,0.7580448470693265,0.7600806451612904,0.5882352941176471,110.06437664092435,112.4535613625819,-2.3768593067439157,0.5733256118940214,0.5336219464105953,0.19766945202041486,0.09932831933232268,0.1499413450416419,0.09115288612830305,100.82148273342455,0.03706184354445392,2.3622546250521443
1610612753,Orlando Magic,82,0.573,3956.0,112.9,110.8,2.2,0.61,1.68,18.1,0.297,0.737,0.515,0.15,0.541,0.577,97.37,8022,0.513,1,12,17,22,3,14,22,27,25,7,2,4,26,15,17,27,12,2023-24,2023,Average,0.036,0.44,2.259,0.365,1,40.5,84.9,0.476,11.0,31.3,0.352,18.5,24.4,0.759,10.5,31.8,42.3,24.7,14.7,8.2,5.2,4.6,19.7,20.9,110.5,2.0,26,30,15,30,29,24,6,1,26,15,25,25,28,24,5,13,7,23,1,24,15,0.55,0.369,0.287,0.248,0.61,10.0,0.5,2024.0,-0.07299999999999995,1.0,19,9,24.434911949537273,0.8338612839486218,0.3617347574528849,0.5250069039376021,0.45963828848698723,0.0,0.0,0.8696695708108255,0.9237979708866343,0.7368421052631579,111.63506110826724,109.59310429660665,2.028940885455256,0.580431843738634,0.5483889394709901,0.19353645817897702,0.10359367978190294,0.15422439843129068,0.09000752335551576,98.46595765192033,0.061006577261274064,4.661372658534007
1610612753,Orlando Magic,82,0.5,3946.0,108.9,109.1,-0.2,0.603,1.62,17.1,0.302,0.72,0.501,0.147,0.51,0.55,96.51,7935,0.497,1,15,23,27,2,17,25,26,27,12,6,15,20,29,28,30,18,2024-25,2024,Average,0.04,0.418,-0.207,0.354,1,38.2,85.8,0.445,11.2,35.3,0.318,17.9,23.0,0.775,11.1,30.7,41.8,23.0,14.2,8.9,6.0,4.4,20.1,20.3,105.4,-0.1,29,29,27,30,23,30,5,7,19,14,28,27,30,16,6,1,8,26,1,28,17,0.535,0.411,0.268,0.266,0.602,8.8,,,,,16,9,24.763928330549078,0.7856154158047401,0.33196721867650625,0.5158162150572071,0.4576075671934479,0.0,0.0,0.7581269572872039,0.7650248010151113,0.75,108.65173251836903,108.1854162646354,0.4589509958387785,0.5544421120675422,0.5188882026047553,0.203095989820184,0.10835203490015828,0.16694289550263292,0.0938830316346014,98.60990898328953,0.06790189000805992,2.0
1610612754,Indiana Pacers,82,0.549,3976.0,103.8,102.2,1.6,0.554,1.43,16.1,0.271,0.714,0.494,0.151,0.497,0.536,97.35,8068,0.518,1,11,5,25,3,12,24,25,22,21,21,19,20,20,19,11,10,2015-16,2015,Average,0.039,0.443,1.644,0.343,1,38.3,85.2,0.45,8.1,23.0,0.351,17.4,22.8,0.764,10.3,33.9,44.2,21.2,14.9,9.0,4.8,4.5,20.0,20.4,102.2,1.7,15,13,17,18,20,14,14,17,15,17,10,12,22,20,4,17,9,11,13,17,11,0.486,0.27,0.268,0.233,0.554,6.3,0.512,2016.0,-0.03700000000000003,0.0,15,10,27.549587996604796,0.8715940263900952,0.3973747656611799,0.5653592943794105,0.4591499409681228,0.06666666666666667,0.06942554027479138,,,,102.60317303617836,101.47122763695948,1.1336754231873754,0.5343253414065707,0.4991221497249594,0.19431552410229702,0.10250167013555903,0.14624126780417473,0.0854576986451969,98.56280242006896,0.045905990894435554,2.8653097563788803
1610612754,Indiana Pacers,82,0.512,3971.0,107.9,108.1,-0.2,0.572,1.63,17.2,0.255,0.713,0.488,0.141,0.516,0.558,96.59,7989,0.505,1,13,7,16,15,17,18,18,14,26,24,25,15,13,13,18,12,2016-17,2016,Average,0.042,0.458,-0.207,0.347,1,39.3,84.5,0.465,8.6,23.0,0.376,17.9,22.1,0.81,9.0,33.0,42.0,22.5,13.8,8.2,5.0,5.0,19.5,19.5,105.1,-0.2,15,20,10,23,27,4,16,23,2,23,21,26,16,16,9,9,16,13,20,15,17,0.499,0.272,0.262,0.214,0.573,8.7,0.585,2017.0,0.07299999999999995,0.0,16,7,27.676293147120827,0.8615105923622114,0.3927034108930203,0.6035243369141752,0.48315511095780156,0.0625,0.018004477843173588,0.6150502066610677,0.6205588133839255,0.5625,106.42555201105047,106.71721100124465,-0.26381722314142586,0.5536943221874632,0.5141489292368506,0.19573527368225302,0.10070979440441376,0.14371657622660433,0.08662113232955142,97.76302222798297,0.04769503461085453,3.481730744843983
1610612754,Indiana Pacers,82,0.585,3951.0,108.5,107.3,1.3,0.544,1.67,16.8,0.271,0.721,0.496,0.136,0.525,0.557,96.84,7977,0.509,1,8,18,11,12,12,28,14,22,15,24,20,5,12,13,21,12,2017-18,2017,Average,0.032,0.45,1.342,0.36,1,40.8,86.4,0.472,9.0,24.5,0.369,14.9,19.2,0.779,9.6,32.7,42.3,22.2,13.3,8.8,4.1,5.2,18.8,18.5,105.6,1.4,6,14,6,25,26,9,24,27,11,17,25,22,23,5,3,25,25,7,26,17,12,0.514,0.284,0.222,0.227,0.544,8.9,0.585,2018.0,0.0,0.0,19,9,26.948569965208456,0.8795524754841003,0.36928731662665215,0.5741070285319104,0.4259979984432336,0.05263157894736842,0.05609840257922799,0.37166751894950095,0.3440453686200378,0.3157894736842105,107.13779424950484,106.17898074346729,0.9784347146235753,0.5539483067720881,0.5236643310026479,0.19251640540847328,0.10197699159283667,0.13534655808793264,0.09032794379486697,98.1606117027933,0.04194381897988408,3.034777840832814
1610612754,Indiana Pacers,82,0.585,3941.0,109.4,106.0,3.4,0.628,1.9,18.9,0.269,0.722,0.499,0.139,0.53,0.561,98.64,8097,0.527,1,11,30,18,3,9,7,8,3,15,22,18,15,10,13,25,7,2018-19,2018,Average,0.031,0.453,3.447,0.36,1,41.3,87.0,0.475,9.5,25.4,0.374,15.8,21.1,0.752,9.3,33.7,43.0,26.0,13.7,8.7,4.9,5.2,19.4,20.0,108.0,3.3,16,27,4,29,29,5,26,23,22,25,23,24,9,10,3,20,21,4,23,22,10,0.516,0.292,0.243,0.216,0.63,12.3,0.616,2019.0,0.031000000000000028,0.0,17,10,27.82108821368145,0.871535406191302,0.3419489383715237,0.5417456537025889,0.3727503705272073,0.058823529411764705,0.09923882942834293,0.7171146707460705,0.7263391911920389,0.5882352941176471,107.97772681071663,105.14262634300371,2.832587101943702,0.558677350212025,0.5286060422215139,0.19366920498292642,0.10309499840615327,0.15345261386907674,0.08423380260188555,99.86685502955538,0.04294659474277327,3.03315017762062
1610612754,Indiana Pacers,73,0.616,3524.0,109.5,107.5,1.9,0.614,1.95,18.9,0.243,0.718,0.487,0.132,0.534,0.565,99.41,7299,0.52,3,7,5,19,6,13,10,2,3,27,24,24,5,12,18,22,9,2019-20,2019,Successful,0.031,0.475,1.911,0.355,2,42.1,88.5,0.476,10.2,28.0,0.363,15.0,19.1,0.787,8.7,34.1,42.8,25.9,13.2,7.4,5.2,4.6,19.8,18.8,109.4,2.0,7,18,2,29,30,14,30,30,12,28,20,25,7,5,20,11,11,9,30,23,13,0.527,0.316,0.216,0.203,0.615,12.7,0.472,2020.0,-0.14400000000000002,1.0,17,9,26.153375520242147,0.8138311992391377,0.351123912220961,0.5493060915626182,0.42132932782576044,0.0,0.0,0.47041013999243286,0.4729002378270121,0.47058823529411764,108.00646870034052,106.36455739689747,1.636706876655316,0.5640324048429814,0.533918417517972,0.19418491373439273,0.10457468946273174,0.15363572219069238,0.08624834733257661,100.63298573968973,0.03448814432185982,2.4088314876309775
1610612754,Indiana Pacers,72,0.472,3491.0,111.9,111.9,0.1,0.633,2.02,19.2,0.247,0.701,0.476,0.131,0.542,0.575,102.05,7419,0.502,1,17,4,14,14,16,5,4,6,26,30,29,7,13,15,4,16,2020-21,2020,Average,0.033,0.454,0.098,0.345,1,43.3,91.2,0.474,12.3,34.0,0.364,16.4,20.7,0.792,9.0,33.7,42.7,27.4,13.5,8.5,6.4,5.3,20.2,18.1,115.3,0.0,3,3,11,18,18,17,20,26,9,26,21,26,2,13,5,1,23,22,26,6,17,0.542,0.373,0.227,0.211,0.633,13.9,0.305,2021.0,-0.16699999999999998,1.0,19,8,27.035331021171395,0.780679589240245,0.3627572045089254,0.5580397499480154,0.4067593480345158,0.05263157894736842,0.08492916280157484,0.8592403600782121,0.8336529242569511,0.6842105263157895,110.87177508396152,110.5432458080232,0.3428215643629988,0.5767503819031556,0.5452983731449702,0.19594831685296935,0.10118302057140524,0.16547246161384888,0.08404831687202872,103.18385366157214,0.04832701108076104,2.537222891273055
1610612754,Indiana Pacers,82,0.305,3976.0,111.9,115.5,-3.6,0.612,1.76,18.1,0.31,0.725,0.512,0.145,0.531,0.564,98.55,8166,0.478,1,26,3,18,28,24,13,18,11,3,17,7,24,20,20,18,24,2021-22,2021,Unsuccessful,0.033,0.415,-3.653,0.367,0,41.4,89.5,0.463,12.2,35.4,0.344,16.4,21.4,0.768,11.3,32.6,43.9,25.4,14.4,7.1,5.6,4.9,20.4,19.2,111.5,-3.5,12,7,17,16,15,25,20,18,19,5,26,21,9,23,24,4,20,24,22,14,24,0.54,0.396,0.239,0.257,0.614,11.0,0.427,2022.0,0.122,0.0,20,9,25.57737478133758,0.6730205894896337,0.37625203349441044,0.5308048475518393,0.38315381822582595,0.25,0.4035354056098042,0.29991356981712863,0.29262979547379886,0.25,110.45812630722982,113.39343136178537,-2.942800276673104,0.5579892043476619,0.5259705316973625,0.19599384148984736,0.09717898212473847,0.1737261126528758,0.08369184795303945,100.51451702715437,0.024478763787070822,3.235604395235786
1610612754,Indiana Pacers,82,0.427,3951.0,113.8,117.1,-3.3,0.643,1.81,18.9,0.285,0.685,0.482,0.146,0.545,0.581,101.68,8377,0.482,1,23,25,21,26,25,4,15,7,13,30,28,22,16,18,5,25,2022-23,2022,Average,0.036,0.4,-3.245,0.336,1,42.0,89.6,0.469,13.6,37.0,0.367,18.7,23.7,0.79,10.1,31.4,41.5,27.0,14.9,7.7,5.8,5.3,21.2,20.2,116.3,-3.2,17,11,22,6,7,11,14,14,13,16,24,24,6,23,10,2,26,27,14,10,25,0.54,0.413,0.265,0.243,0.643,12.1,0.573,2023.0,0.14599999999999996,0.0,17,11,25.498371136276525,0.8367176249577319,0.33031912115518186,0.5110336053507728,0.38916155419222903,0.11764705882352941,0.098513785214172,0.5884185827655034,0.6286298568507157,0.5294117647058824,112.29873699400623,115.6578323258478,-3.3477832353464603,0.5790151716997893,0.5424881707868914,0.19180356456643277,0.09673030342830996,0.16201358300227683,0.08283136218363829,102.68849047744021,0.02889822551674287,3.1986567428653054
1610612754,Indiana Pacers,82,0.573,3941.0,120.5,117.6,2.9,0.654,2.38,21.0,0.284,0.7,0.492,0.126,0.578,0.606,102.16,8389,0.517,1,12,26,2,24,10,6,1,1,16,26,24,6,1,3,2,10,2023-24,2023,Average,0.028,0.416,2.839,0.366,1,47.0,92.7,0.507,13.2,35.3,0.374,16.1,20.5,0.782,10.1,31.4,41.5,30.8,12.9,7.7,5.9,5.4,21.4,18.3,123.3,3.0,1,1,1,11,15,9,21,22,13,20,28,28,1,9,11,8,21,30,20,1,9,0.589,0.381,0.221,0.243,0.655,17.9,0.61,2024.0,0.03700000000000003,0.0,18,9,25.97905583575296,0.8466708950707569,0.3614042651181071,0.5549009728707739,0.4380303927373199,0.1111111111111111,0.18503590047249768,0.6621502365951081,0.6711071640023683,0.5555555555555556,118.21428358343333,115.73001818830305,2.4914221331131,0.6099399913257118,0.5828242284471638,0.19862565684792638,0.10722448668470781,0.17232861095384275,0.08655140571948979,103.04328745829503,0.03579709623370913,3.1269438398822866
1610612754,Indiana Pacers,82,0.61,3971.0,115.4,113.3,2.1,0.671,2.22,20.5,0.254,0.705,0.483,0.13,0.562,0.594,100.76,8341,0.521,1,6,4,9,14,13,8,2,2,29,18,28,3,4,5,7,9,2024-25,2024,Successful,0.032,0.451,2.084,0.353,2,43.6,89.3,0.488,13.2,35.8,0.368,17.0,21.6,0.789,9.2,32.7,41.8,29.2,13.2,8.5,5.5,4.5,18.7,18.8,117.4,2.2,5,17,3,16,21,9,14,18,9,29,22,28,3,3,9,6,10,15,15,7,12,0.568,0.401,0.242,0.22,0.67,16.0,,,,,21,10,26.382101309765094,0.8596054124566849,0.357062463894458,0.5577012405287518,0.42230705736690055,0.09523809523809523,0.056383974275677824,0.9061854176509861,0.9242674370614941,0.6190476190476191,113.84878725208219,111.7594146740888,2.078603057186199,0.590495376416196,0.5584614540926693,0.1919359670028745,0.10440309334775148,0.16702489131205028,0.08548227942905572,102.09996173912005,0.03695673145720546,3.6
1610612755,Philadelphia 76ers,82,0.122,3961.0,98.4,108.6,-10.2,0.594,1.31,16.3,0.25,0.693,0.466,0.165,0.487,0.519,98.44,8119,0.428,1,30,19,30,27,30,12,28,21,26,28,30,29,27,29,6,29,2015-16,2015,Unsuccessful,0.032,0.443,-10.362,0.301,0,36.2,84.0,0.431,9.3,27.5,0.339,15.7,22.6,0.694,9.5,31.8,41.2,21.5,16.4,8.3,6.0,5.7,21.7,19.2,97.4,-10.2,28,20,29,9,8,24,28,19,28,24,26,30,20,29,10,3,28,25,25,29,30,0.476,0.327,0.269,0.231,0.594,5.1,0.341,2016.0,0.21900000000000003,0.0,14,9,24.00975340536252,0.848337484946334,0.3339840257328434,0.5372544595669407,0.3514271151885831,0.07142857142857142,0.11576521882939661,,,,97.50838158227101,107.33425939866441,-9.851768947692415,0.5202196414765601,0.48908113276150206,0.19447813602007738,0.08920199970060855,0.15474220791470739,0.08232354496736641,99.72141997392694,0.035449842849083146,2.060804110110156
1610612755,Philadelphia 76ers,82,0.341,3966.0,102.7,108.2,-5.5,0.631,1.43,17.4,0.273,0.709,0.49,0.167,0.501,0.539,99.07,8179,0.47,1,27,10,30,16,27,3,26,10,16,26,24,30,21,22,7,26,2016-17,2016,Unsuccessful,0.038,0.436,-5.552,0.323,0,37.7,85.3,0.442,10.1,29.8,0.34,17.0,22.0,0.771,9.8,33.0,42.8,23.8,16.7,8.4,5.1,5.4,21.9,19.6,102.4,-5.7,27,16,27,10,7,25,24,24,18,17,19,23,8,30,3,7,27,28,19,25,27,0.497,0.349,0.258,0.229,0.631,7.1,0.634,2017.0,0.293,0.0,16,10,24.720036872840325,0.8400137637046164,0.36130444861258654,0.573360250432086,0.35671181440257477,0.0625,0.06874353668010186,0.4910481881605283,0.44588976800321845,0.3125,101.3550867033621,106.8454931551009,-5.475996131974072,0.5323601131952133,0.49346689393839666,0.19602490251747504,0.09353344439250602,0.16159096363344233,0.08495340425398828,100.20639861131221,0.03032490725459849,3.0397368307141326
1610612755,Philadelphia 76ers,82,0.634,3956.0,108.5,103.9,4.6,0.663,1.64,19.1,0.286,0.736,0.52,0.163,0.535,0.568,100.75,8299,0.542,1,5,16,13,3,4,2,15,2,5,12,1,30,7,8,4,2,2017-18,2017,Successful,0.033,0.45,4.566,0.357,2,40.8,86.6,0.472,11.0,29.8,0.369,17.1,22.8,0.752,10.9,36.5,47.4,27.1,16.5,8.3,5.1,5.1,22.1,20.4,109.8,4.5,5,13,8,12,12,10,11,10,23,3,1,1,2,30,7,9,21,29,11,7,4,0.525,0.344,0.263,0.23,0.664,10.6,0.622,2018.0,-0.01200000000000001,0.0,19,9,26.871844071049416,0.8575581813886599,0.3498173537636796,0.5374794326664841,0.39488521949254934,0.15789473684210525,0.1735153102876547,0.5292080772072216,0.5261780104712042,0.42105263157894735,106.75857054606945,103.06943317768422,3.6824678629158547,0.5650369068732081,0.5336808668136007,0.1947818687041171,0.10821246459708661,0.16214009514480046,0.09084968608929188,101.9575866230032,0.05626085629118423,4.15739709641549
1610612755,Philadelphia 76ers,82,0.622,3961.0,111.6,109.0,2.6,0.648,1.8,18.7,0.278,0.741,0.517,0.144,0.532,0.574,102.59,8467,0.529,1,7,15,8,14,11,3,14,5,11,7,4,24,8,6,8,6,2018-19,2018,Successful,0.042,0.463,2.534,0.373,2,41.5,88.2,0.471,10.8,30.2,0.359,21.2,27.5,0.771,10.9,36.9,47.8,26.9,14.9,7.4,5.3,4.1,21.3,22.1,115.2,2.7,14,20,8,19,19,8,2,2,16,11,2,4,4,25,19,11,4,20,6,4,11,0.529,0.342,0.312,0.228,0.648,12.0,0.589,2019.0,-0.03300000000000003,0.0,19,9,27.323846496723252,0.8250369648446181,0.37906010734903955,0.5865543770009198,0.45374240121580545,0.3684210526315789,0.4725845848475258,0.4758729252218759,0.5181420972644377,0.3684210526315789,109.54537029871767,107.81205797061718,1.7246829550066956,0.5724253684768652,0.5340518992096299,0.20439333973399199,0.11435156742683719,0.1654278425622867,0.09987007791966429,103.58425570267364,0.057486230235306496,3.4138425546082707
1610612755,Philadelphia 76ers,73,0.589,3519.0,110.7,108.4,2.3,0.628,1.82,18.5,0.281,0.753,0.516,0.142,0.534,0.566,99.59,7304,0.523,3,12,6,14,8,10,8,7,6,7,2,2,11,13,16,20,7,2019-20,2019,Average,0.032,0.472,2.309,0.374,1,41.1,87.9,0.468,11.6,31.6,0.368,16.9,22.4,0.755,10.5,35.0,45.4,25.8,14.2,8.0,5.3,4.0,20.9,20.5,110.7,2.4,14,25,11,19,22,9,21,21,22,12,14,10,8,10,9,9,2,15,18,20,10,0.524,0.359,0.255,0.231,0.628,11.6,0.681,2020.0,0.09200000000000008,0.0,17,10,26.653957199596572,0.8443185196841532,0.33286437519286693,0.5138598387406511,0.3924925913730655,0.11764705882352941,0.1809954635477841,0.49050928462143895,0.5506530567445944,0.4117647058823529,108.3881902634714,107.54456458118459,0.8430409514366339,0.5642662313674125,0.5326781580296636,0.19488915818080482,0.10621956629792409,0.1564805483615319,0.08989161844318395,101.1470362677623,0.055683121320558165,3.5270384177096794
1610612755,Philadelphia 76ers,72,0.681,3486.0,112.5,107.0,5.5,0.572,1.64,17.2,0.277,0.737,0.511,0.143,0.541,0.579,100.12,7272,0.536,1,3,6,13,2,5,23,25,24,8,14,8,20,14,11,12,2,2020-21,2020,Successful,0.038,0.46,5.493,0.368,2,41.4,86.9,0.476,11.3,30.1,0.374,19.6,25.5,0.767,10.0,35.0,45.1,23.7,14.4,9.1,6.2,4.7,20.2,21.0,113.6,5.6,14,24,8,23,26,11,3,3,20,13,13,10,22,21,1,2,12,23,4,14,5,0.53,0.346,0.293,0.222,0.572,9.3,0.622,2021.0,-0.05900000000000005,1.0,21,10,27.52165628085799,0.8168417302520935,0.3157449329212972,0.4904360775064231,0.41015395463626747,0.14285714285714285,0.08995738006640125,0.5500271161920701,0.620049359501704,0.3333333333333333,110.69633474351984,106.25147748922488,4.454860798729928,0.5660962237315276,0.5365132928053751,0.19174201273684213,0.10401092334518063,0.14611699047121476,0.0883705396031895,101.2509409950938,0.06641874735343929,4.635730794599704
1610612755,Philadelphia 76ers,82,0.622,3961.0,113.0,110.2,2.8,0.602,1.89,17.9,0.246,0.724,0.49,0.129,0.534,0.578,96.71,7975,0.517,1,6,8,11,12,9,15,8,16,30,19,20,5,16,10,26,8,2021-22,2021,Successful,0.044,0.478,2.895,0.361,2,39.4,84.5,0.466,11.6,31.8,0.364,19.6,23.8,0.821,8.5,33.8,42.3,23.7,12.5,7.7,5.3,4.6,19.4,19.4,109.9,2.6,23,30,16,22,27,7,1,3,1,30,19,29,21,4,9,6,13,12,19,18,10,0.528,0.376,0.282,0.201,0.602,11.2,0.659,2022.0,0.03700000000000003,0.0,19,9,27.48892427529037,0.8536299840284723,0.38467890082864137,0.5884471399416807,0.5202848511005611,0.2631578947368421,0.1909101412778078,0.7090990211221954,0.7191411307725507,0.47368421052631576,111.46270559608737,109.1501596851368,2.3335049935922147,0.570778513633028,0.5284374716727729,0.20072773532588584,0.10663128422320613,0.16933611590705483,0.08842688143736495,98.3031705171484,0.07855987729743254,4.058218303944372
1610612755,Philadelphia 76ers,82,0.659,3976.0,117.0,112.7,4.4,0.616,1.84,18.6,0.258,0.721,0.496,0.139,0.563,0.608,97.44,8072,0.524,1,3,5,3,8,3,8,12,9,25,14,19,15,6,2,27,4,2022-23,2022,Successful,0.045,0.463,4.516,0.357,2,40.8,83.8,0.487,12.6,32.6,0.387,21.0,25.1,0.835,8.7,32.2,40.9,25.2,13.7,7.7,4.7,4.6,20.4,19.6,115.2,4.3,24,30,6,12,16,1,1,5,1,27,22,26,16,13,8,13,16,19,20,14,3,0.551,0.389,0.3,0.213,0.618,11.5,0.573,2023.0,-0.08600000000000008,1.0,19,9,28.558909195267027,0.8512889926567261,0.3242645082844695,0.5201867663727386,0.4571739776215467,0.10526315789473684,0.11040698907508603,0.620598000424183,0.7372017031389246,0.47368421052631576,115.16977297558053,111.80665996354799,3.360200719097107,0.5952308585865896,0.5568484652003195,0.19500721992124295,0.10501561374050702,0.1572689928864392,0.09027276514109749,98.74236881087798,0.07841973170693492,4.570436400267363
1610612755,Philadelphia 76ers,82,0.573,3956.0,116.2,113.0,3.1,0.6,2.07,18.0,0.292,0.701,0.493,0.122,0.532,0.574,98.17,8090,0.506,1,12,17,14,11,9,25,6,26,10,25,22,2,24,19,18,17,2023-24,2023,Average,0.042,0.409,3.158,0.371,1,41.5,89.4,0.464,12.1,33.3,0.363,19.5,23.6,0.826,11.0,31.9,43.0,24.9,12.0,8.5,6.0,6.1,20.3,18.5,114.6,3.0,21,14,23,22,19,18,1,4,2,9,23,20,24,2,1,6,27,27,17,15,9,0.524,0.372,0.264,0.256,0.6,12.9,0.293,2024.0,-0.27999999999999997,1.0,21,9,29.00008713712985,0.7530349391030345,0.34092977938816865,0.5194180764824115,0.4391885105955609,0.3333333333333333,0.37782111422414755,0.46347611854843684,0.5650296273978106,0.3333333333333333,115.63983753095475,112.155808869273,3.468836982237052,0.5762680504921938,0.5425184128619169,0.19196369916418257,0.09988034483426948,0.1565145870097206,0.08371831107748835,99.59338591136384,0.08260631010483281,4.346134936801766
1610612755,Philadelphia 76ers,82,0.293,3961.0,111.0,117.3,-6.3,0.584,1.7,17.1,0.279,0.678,0.471,0.138,0.527,0.563,98.13,8098,0.459,1,26,9,23,26,25,29,22,28,21,30,30,8,22,22,24,25,2024-25,2024,Unsuccessful,0.036,0.399,-6.42,0.333,0,39.7,87.4,0.454,12.7,37.2,0.341,17.5,22.5,0.78,10.4,29.4,39.8,23.2,13.6,9.2,4.5,5.1,19.0,18.7,109.6,-6.2,26,23,23,21,17,27,7,9,15,22,30,30,29,9,5,23,19,19,17,26,25,0.538,0.426,0.257,0.261,0.584,9.6,,,,,23,8,27.30371329358813,0.6774919116774691,0.31117891005770487,0.47718607536973057,0.3684210526315789,0.17391304347826086,0.18447888822906852,0.36730790178639144,0.40288871867819237,0.2608695652173913,109.83280047006558,116.14597488772651,-6.303498658185922,0.5668208213480808,0.5328791324321172,0.19960004436004,0.094901009576575,0.15778896045211585,0.08102071912115699,99.521087025811,0.039733487136167644,4.205650960315181
1610612756,Phoenix Suns,82,0.28,3941.0,101.5,107.9,-6.5,0.558,1.21,15.4,0.297,0.733,0.508,0.173,0.487,0.526,99.39,8152,0.45,1,27,29,28,24,27,22,30,26,7,8,10,30,25,25,4,28,2015-16,2015,Unsuccessful,0.039,0.436,-6.54,0.335,0,37.2,85.6,0.435,9.0,25.8,0.348,17.5,23.2,0.751,11.5,33.3,44.8,20.7,17.2,7.7,3.8,5.5,22.7,21.6,100.9,-6.7,23,11,28,11,12,18,13,13,20,5,15,7,24,30,17,28,23,30,6,22,27,0.472,0.301,0.271,0.257,0.556,3.5,0.293,2016.0,0.012999999999999956,0.0,16,11,26.48055893215204,0.7916948382441114,0.33634857450575184,0.5172925461693484,0.37816593886462885,0.1875,0.09848322798438305,,,,100.59451851740995,106.51061623437774,-5.936644284368971,0.5303387411916417,0.49316888653337054,0.1904281147049107,0.09078628677225388,0.1341641051695341,0.0887536603782413,100.38018840677312,0.04860687296230395,4.692177418386887
1610612756,Phoenix Suns,82,0.293,3966.0,106.1,111.3,-5.2,0.491,1.27,14.4,0.299,0.718,0.503,0.152,0.493,0.538,100.85,8320,0.462,1,29,10,22,28,26,29,30,30,6,17,11,26,26,24,2,27,2016-17,2016,Unsuccessful,0.045,0.419,-5.156,0.351,0,39.9,88.5,0.45,7.5,22.6,0.332,20.4,26.3,0.776,11.9,33.1,45.0,19.6,15.4,8.2,4.9,5.3,24.8,22.2,107.7,-5.6,6,2,19,29,28,27,1,2,15,4,18,6,29,27,6,13,25,30,2,9,26,0.492,0.255,0.297,0.264,0.491,4.2,0.256,2017.0,-0.03699999999999998,0.0,17,10,24.61838161582051,0.7873666061027894,0.38206821561401255,0.5635182952661307,0.4824436536180308,0.0,0.0,0.6486070287054349,0.7163701067615659,0.5294117647058824,105.14721100390416,110.41183754355595,-5.280488696577482,0.5443938887199617,0.5036340341566081,0.20361372169909744,0.09387984858635458,0.13096527444158138,0.08808722884334172,101.91860585766044,0.05198278561216204,5.2687759489277965
1610612756,Phoenix Suns,82,0.256,3941.0,102.8,111.7,-9.0,0.553,1.35,15.6,0.271,0.724,0.493,0.155,0.495,0.532,101.14,8293,0.442,1,30,27,30,30,30,27,30,29,14,22,22,27,30,28,2,30,2017-18,2017,Unsuccessful,0.037,0.453,-8.899,0.338,0,38.5,87.1,0.442,9.3,27.9,0.334,17.7,23.9,0.741,10.3,33.9,44.1,21.3,15.7,6.9,4.5,6.0,22.0,20.9,103.9,-9.4,24,7,28,23,20,30,7,6,27,8,15,12,29,28,27,21,30,28,4,21,30,0.493,0.32,0.274,0.234,0.553,5.6,0.232,2018.0,-0.023999999999999994,0.0,18,10,23.740576283756994,0.7727300980017954,0.3129469976743378,0.49927418680647173,0.42784720584767744,0.1111111111111111,0.11311088361384895,0.6372514735406793,0.62685687337892,0.5,101.9610112577333,110.73404569787151,-8.787052131671043,0.5381684619480397,0.5053342710199059,0.19285210443561335,0.0884835816093738,0.14427019531995247,0.08468754217497469,102.07323334414465,0.05682605036424756,4.237924020083418
1610612756,Phoenix Suns,82,0.232,3976.0,105.3,114.2,-8.9,0.595,1.53,17.3,0.247,0.683,0.464,0.153,0.514,0.552,101.15,8371,0.45,1,28,4,28,29,29,17,28,19,28,30,30,29,23,21,12,28,2018-19,2018,Unsuccessful,0.038,0.436,-8.799,0.311,0,40.1,87.4,0.459,9.6,29.3,0.329,17.6,22.7,0.779,9.1,31.3,40.4,23.9,15.6,9.0,5.1,5.0,23.6,20.7,107.5,-9.3,22,25,16,28,23,30,17,20,13,28,30,30,20,28,2,15,15,29,17,23,29,0.525,0.335,0.26,0.225,0.596,8.3,0.466,2019.0,0.234,0.0,17,9,23.794134028146075,0.7798209682223862,0.3435086481459509,0.5404645636966815,0.4261400829151211,0.17647058823529413,0.18132036957977365,0.3602906585698155,0.4287584551603753,0.29411764705882354,104.8442604229024,112.54100072682216,-7.687291381710158,0.5493400630626576,0.514368182778951,0.1995860248317791,0.09169988362143194,0.1468523701715404,0.07997258367617371,102.35770196760782,0.05117894049916708,5.333333333333333
1610612756,Phoenix Suns,73,0.466,3519.0,111.3,110.8,0.5,0.661,1.84,19.2,0.261,0.734,0.498,0.145,0.532,0.576,101.74,7449,0.512,3,16,6,12,17,14,2,6,1,21,14,16,16,15,7,9,13,2019-20,2019,Average,0.044,0.473,0.491,0.353,1,41.2,88.1,0.468,11.4,31.8,0.358,19.9,23.8,0.834,9.8,33.8,43.5,27.2,14.8,7.7,4.0,5.5,22.0,22.6,113.6,0.2,13,22,9,20,21,16,3,10,1,22,21,21,1,16,15,29,24,25,3,10,14,0.529,0.361,0.27,0.225,0.66,12.4,0.708,2020.0,0.24199999999999994,0.0,17,9,24.779919782763027,0.7929372283298837,0.3845317959175789,0.59318986521405,0.4626755358462675,0.058823529411764705,0.0027538949294270525,0.4940975424277545,0.5524759793052476,0.29411764705882354,110.53785822240334,109.4821032921296,1.0601462767695617,0.5777815115246678,0.5356589947073946,0.1953524720186834,0.10358854739846084,0.1646141187643525,0.09011723660027027,102.88016443577635,0.05119678809369891,3.4569664858008986
1610612756,Phoenix Suns,72,0.708,3496.0,116.3,110.4,5.9,0.622,2.15,19.6,0.248,0.741,0.5,0.126,0.564,0.597,98.0,7137,0.534,1,2,1,7,6,3,9,1,1,25,11,14,4,3,3,24,3,2020-21,2020,Successful,0.033,0.493,6.02,0.374,2,43.3,88.3,0.49,13.1,34.6,0.378,15.6,18.7,0.834,8.8,34.2,42.9,26.9,12.5,7.2,4.3,3.6,19.1,18.0,115.3,5.8,2,16,2,13,15,7,28,29,2,28,18,23,3,4,19,25,1,14,28,7,4,0.562,0.392,0.212,0.205,0.621,14.4,0.78,2021.0,0.07200000000000006,0.0,16,7,26.982912369377946,0.8470828277521477,0.38762322095255836,0.6015806510825362,0.46353478313108254,0.0625,0.04568392266202271,0.6567865944776811,0.691096960230686,0.5,114.97825729612367,109.07486079821753,5.880675162167933,0.598260677980461,0.5686720097357144,0.19334172731034874,0.1069045211806468,0.15765091783576707,0.09055856140832015,99.24318207736243,0.055306566757760446,4.43087497693452
1610612756,Phoenix Suns,82,0.78,3946.0,114.2,106.8,7.5,0.627,2.12,19.5,0.264,0.728,0.503,0.129,0.549,0.581,100.26,8242,0.548,1,1,24,5,3,1,7,3,5,21,13,13,4,4,5,8,1,2021-22,2021,Successful,0.032,0.464,7.481,0.374,2,43.7,90.1,0.485,11.6,31.9,0.364,15.9,19.9,0.797,9.8,35.5,45.3,27.4,12.9,8.6,4.4,4.0,19.9,18.9,114.8,7.5,1,6,1,21,26,9,24,27,7,19,5,10,4,7,6,22,3,19,24,5,1,0.552,0.354,0.221,0.216,0.627,14.5,0.549,2022.0,-0.23099999999999998,1.0,22,10,28.02631750454526,0.8038374996614905,0.3486497408176745,0.5204512866385709,0.4052733380840884,0.13636363636363635,0.12605512693515666,0.7538491301421614,0.7802097119006414,0.45454545454545453,112.5110443528472,106.05895738060465,6.444992189172254,0.5781403890866816,0.5495985236913925,0.19062111209684085,0.10663517863462442,0.15664236070004214,0.08803065636056052,101.2151067363648,0.05100794055830916,4.363484845854286
1610612756,Phoenix Suns,82,0.549,3956.0,114.5,112.3,2.2,0.647,2.01,19.3,0.307,0.714,0.508,0.136,0.535,0.57,98.83,8141,0.514,1,9,22,14,7,9,3,3,4,5,21,7,10,22,24,22,7,2022-23,2022,Average,0.035,0.407,2.226,0.372,1,42.1,90.1,0.467,12.2,32.6,0.374,17.2,21.7,0.793,11.8,32.4,44.2,27.3,13.5,7.1,5.3,4.0,21.2,19.9,113.6,2.1,15,9,23,13,17,7,26,27,10,5,19,11,4,11,16,5,7,26,18,17,9,0.52,0.362,0.241,0.267,0.648,13.8,0.598,2023.0,0.04899999999999993,0.0,17,8,29.166242927885357,0.760638134966357,0.2966947364485138,0.4739072634413339,0.42083333333333334,0.29411764705882354,0.23640657498862688,0.5695416395566483,0.5660416666666667,0.47058823529411764,113.25199373377505,110.81583757030009,2.4215826260306366,0.5742274360572707,0.5411410669492678,0.1991867087952002,0.10729252814487303,0.1628112276993957,0.09122827752753937,100.04028133925148,0.06407502926257623,4.69041575982343
1610612756,Phoenix Suns,82,0.598,3956.0,116.8,113.7,3.1,0.637,1.82,19.4,0.292,0.714,0.514,0.15,0.565,0.603,99.0,8158,0.527,1,8,17,10,13,8,14,24,11,9,20,7,25,6,4,15,5,2023-24,2023,Average,0.038,0.422,3.131,0.364,1,42.5,86.1,0.493,12.4,32.6,0.382,18.9,23.4,0.808,10.1,33.9,44.1,27.0,14.9,7.4,6.0,4.5,18.0,19.7,116.2,3.1,13,27,5,20,25,5,3,6,6,19,7,10,12,25,18,6,6,8,5,10,8,0.563,0.379,0.272,0.229,0.635,12.1,0.439,2024.0,-0.15899999999999997,1.0,18,9,29.524929108859066,0.8475763749677747,0.3742942778971359,0.5690223481650641,0.4973539588845919,0.2777777777777778,0.18574738551315154,0.31121369834721885,0.43191532668430693,0.2777777777777778,115.15108809480365,112.67440851342417,2.482204434186436,0.5957317870072844,0.563337278119844,0.19202967709086308,0.10342593311462807,0.16396055618608357,0.09038292089932246,100.32108791531712,0.05734689762024329,3.6851386559504444
1610612756,Phoenix Suns,82,0.439,3966.0,114.7,117.7,-3.0,0.673,1.97,20.0,0.264,0.709,0.493,0.142,0.561,0.595,98.31,8121,0.495,1,21,6,13,27,23,6,11,5,26,15,22,17,6,4,21,21,2024-25,2024,Average,0.034,0.445,-3.052,0.351,1,41.2,86.3,0.478,14.3,38.0,0.378,16.8,20.8,0.81,9.5,32.9,42.5,27.8,14.1,7.2,4.8,4.0,17.9,18.4,113.6,-3.0,18,26,11,7,12,3,18,22,2,28,18,25,10,15,28,16,3,10,20,18,23,0.557,0.44,0.241,0.224,0.675,13.7,,,,,18,10,29.489290539334707,0.7890474487858867,0.34346352243172656,0.5115143232700183,0.460366481367099,0.16666666666666666,0.15263131111801748,0.502904034498453,0.6254889849701462,0.3333333333333333,112.5484840052749,115.87506693140872,-3.33670908696212,0.5883472815152184,0.5589782675225593,0.1917487266432552,0.0977568360494874,0.17400708674796492,0.0845780785183437,99.5844567086406,0.05645741758174916,3.858756276314948
1610612757,Portland Trail Blazers,82,0.537,3961.0,107.6,106.8,0.8,0.552,1.46,16.0,0.294,0.728,0.51,0.15,0.511,0.548,97.06,8012,0.493,1,12,19,6,19,13,25,21,23,9,12,9,17,8,10,12,18,2015-16,2015,Average,0.037,0.434,0.824,0.36,1,38.6,85.9,0.45,10.5,28.5,0.37,17.4,23.0,0.754,11.6,33.9,45.5,21.3,14.6,6.9,4.6,5.2,21.7,19.5,105.1,0.8,10,8,16,5,6,4,15,14,19,4,8,5,21,17,25,18,16,26,22,6,13,0.49,0.332,0.268,0.255,0.552,6.7,0.5,2016.0,-0.03700000000000003,0.0,16,10,24.878514252875007,0.9200751082327044,0.3869170289755578,0.5947807337801359,0.49857841464801544,0.125,0.03739884658891458,,,,106.57700556622918,105.68905891389052,0.8975767432596652,0.547716931904015,0.5143533000519767,0.19549713301481253,0.09913916681251661,0.14590341646173235,0.09003603185494985,98.19072740960915,0.054754817139681874,2.1071307505705477
1610612757,Portland Trail Blazers,82,0.5,3986.0,109.4,110.0,-0.6,0.534,1.54,16.0,0.269,0.72,0.496,0.139,0.52,0.559,97.38,8088,0.493,1,15,1,11,22,18,25,21,25,19,15,20,10,11,12,12,20,2016-17,2016,Average,0.039,0.451,-0.616,0.357,1,39.5,86.1,0.459,10.4,27.7,0.375,18.5,23.7,0.78,10.1,33.5,43.7,21.1,13.7,7.0,5.0,5.3,21.2,19.8,107.9,-0.5,9,13,14,8,10,6,11,11,14,15,14,14,23,15,25,10,24,26,16,8,18,0.498,0.322,0.275,0.231,0.534,7.4,0.598,2017.0,0.09799999999999998,0.0,14,9,24.963454144437993,0.8786068094556446,0.40281565110371026,0.6107057657255989,0.5464468183929401,0.07142857142857142,0.0723654450291742,0.7975902636642466,0.8171156525777984,0.6428571428571429,107.73473704025582,108.60192248080568,-0.8773669524475193,0.5530148229904145,0.5174663008976964,0.19699653549569177,0.09746043510241036,0.13219148973251715,0.08683134299485744,98.46708830159258,0.05845986277400552,2.0
1610612757,Portland Trail Blazers,82,0.598,3951.0,108.4,105.7,2.7,0.496,1.44,15.0,0.279,0.746,0.513,0.139,0.511,0.549,97.11,7992,0.51,1,7,18,14,6,9,30,28,30,7,6,4,8,23,17,19,11,2017-18,2017,Average,0.038,0.467,2.78,0.374,1,39.3,87.0,0.452,10.3,28.1,0.366,16.7,20.9,0.8,10.2,35.3,45.5,19.5,13.5,7.0,5.2,5.1,19.5,19.1,105.6,2.6,15,8,20,16,19,11,15,18,3,9,5,3,30,8,26,7,22,13,23,16,9,0.492,0.323,0.24,0.224,0.496,6.0,0.646,2018.0,0.04800000000000004,0.0,15,10,25.878770118108957,0.8902640678440508,0.3960338885939711,0.6077216005845728,0.5627332089552238,0.06666666666666667,0.006269774833909009,0.9259201275006876,0.9502098880597015,0.7333333333333333,107.2617937792546,104.71303198395448,2.55765342676143,0.5464872794038923,0.5133290122494628,0.19597082333940366,0.10152874170232455,0.13021186420434339,0.08944274816637848,98.22972664479444,0.061410503987510155,2.570992026436488
1610612757,Portland Trail Blazers,82,0.646,3971.0,113.7,109.5,4.2,0.544,1.66,16.6,0.308,0.739,0.526,0.137,0.528,0.568,99.96,8269,0.521,1,5,7,3,16,7,27,18,24,2,8,1,12,13,9,18,9,2018-19,2018,Successful,0.04,0.431,4.202,0.389,2,42.3,90.6,0.467,11.0,30.7,0.359,19.0,23.3,0.814,11.8,36.2,48.0,23.0,13.8,6.7,5.0,5.1,20.4,20.7,114.7,4.2,7,7,12,17,18,9,5,13,2,3,7,3,25,11,25,16,18,11,16,6,7,0.523,0.339,0.257,0.246,0.544,9.2,0.473,2019.0,-0.17300000000000004,1.0,16,11,26.465016035642165,0.8808108644741498,0.34886204854118075,0.5285813289264856,0.45255899776633973,0.1875,0.1723882473211626,0.7508893689832447,0.7588618044090512,0.625,112.11418465761511,109.12998468682366,3.020484884969109,0.5685716596608789,0.5292690275997439,0.1956057563287425,0.10617262571195811,0.13672556107315423,0.09724727212014085,100.78368943886682,0.0474963243466932,2.307014098263549
1610612757,Portland Trail Blazers,74,0.473,3567.0,113.2,114.3,-1.1,0.488,1.61,15.2,0.266,0.712,0.492,0.126,0.533,0.57,101.17,7519,0.486,2,15,2,3,27,18,30,20,30,17,28,20,2,14,12,13,20,2019-20,2019,Average,0.037,0.446,-1.087,0.366,1,42.2,91.2,0.463,12.9,34.1,0.377,17.7,22.1,0.804,10.2,35.1,45.3,20.6,12.8,6.3,6.1,4.9,21.7,20.1,115.0,-1.1,5,3,14,10,15,3,18,23,3,16,12,12,30,3,28,2,16,22,22,6,19,0.513,0.374,0.242,0.225,0.488,7.8,0.583,2020.0,0.10999999999999999,0.0,16,8,28.047600080390605,0.8298323485329661,0.42713812164531295,0.6331307620813238,0.5671419714817111,0.1875,0.12230033255697259,0.544534101123658,0.6326100433973961,0.4375,112.27609419173805,113.1586508760685,-0.9058645596262543,0.5715696534353584,0.5382150056333102,0.1987027547134658,0.10005236960624077,0.13041029999108905,0.08739885080269738,102.01023192609645,0.05689230505964756,5.356071321407137
1610612757,Portland Trail Blazers,72,0.583,3461.0,117.1,115.3,1.8,0.515,1.92,15.9,0.273,0.731,0.495,0.112,0.54,0.577,98.97,7137,0.493,1,8,24,2,29,12,30,7,30,10,20,18,1,15,13,19,20,2020-21,2020,Average,0.037,0.458,1.819,0.383,1,41.3,91.1,0.453,15.7,40.8,0.385,17.8,21.6,0.823,10.6,33.9,44.5,21.3,11.1,6.9,5.0,4.6,18.9,19.1,116.1,1.8,15,4,23,2,2,6,6,13,3,3,20,12,30,1,25,13,10,10,16,5,12,0.509,0.448,0.237,0.238,0.516,10.2,0.329,2021.0,-0.25399999999999995,1.0,15,9,28.364041147038126,0.8539535225833002,0.41256254399812137,0.620311315616271,0.5122765196662694,0.06666666666666667,0.1329085006806181,0.500941957783699,0.6060786650774732,0.4,116.21968468293379,113.87521038496782,2.3524725374887345,0.5844934610342243,0.5488129308099692,0.2006781893157872,0.1039954224377086,0.13695339968066744,0.09113061660595691,100.14570774791791,0.059406529964887995,4.0276819911981905
1610612757,Portland Trail Blazers,82,0.329,3946.0,107.3,116.3,-9.1,0.595,1.58,17.0,0.268,0.721,0.487,0.146,0.515,0.55,98.74,8120,0.447,1,25,24,27,29,30,21,29,26,18,20,25,25,25,26,15,30,2021-22,2021,Unsuccessful,0.035,0.453,-9.216,0.341,0,38.5,87.1,0.442,12.7,36.8,0.346,16.4,21.6,0.76,10.4,32.5,42.9,22.9,14.5,8.0,4.5,5.0,21.1,19.4,106.2,-8.9,26,19,26,13,12,23,21,16,22,12,27,27,26,24,8,21,23,28,21,27,30,0.513,0.423,0.248,0.242,0.595,8.4,0.402,2022.0,0.07300000000000001,0.0,24,10,25.876464229399232,0.6780634218259898,0.2591371873882685,0.3948761131880464,0.31407813244402094,0.2916666666666667,0.2697642909105773,0.3554613953282339,0.4012625059552168,0.25,105.82758919079964,113.33881485189688,-7.518557585191237,0.547219561529254,0.5120121023323597,0.19233878304011046,0.093267652569798,0.170525382684246,0.09108351406333229,100.1445639805575,0.046907995054148284,4.044749683231338
1610612757,Portland Trail Blazers,82,0.402,3946.0,114.0,118.0,-4.0,0.597,1.67,17.8,0.264,0.709,0.486,0.145,0.549,0.589,99.25,8157,0.474,1,26,29,18,28,26,18,27,19,24,25,26,21,14,10,17,26,2022-23,2022,Average,0.04,0.445,-4.03,0.341,1,40.5,85.4,0.474,12.9,35.3,0.365,19.6,24.6,0.796,9.4,31.1,40.5,24.2,14.5,6.7,4.6,4.3,20.0,20.5,113.4,-4.0,27,25,17,8,9,14,5,9,8,24,28,28,22,19,24,17,12,14,8,19,26,0.551,0.413,0.288,0.232,0.598,9.7,0.256,2023.0,-0.14600000000000002,1.0,20,10,25.2813871279168,0.7377233662549987,0.3410355523832836,0.5168283732405516,0.4840004338865387,0.15,0.16426362997629718,0.5591884576161702,0.6090682286582059,0.45,112.06782615318271,116.4391273238957,-4.383130331260658,0.5833631106498905,0.5501398131045371,0.19747216910816104,0.0931089815139249,0.14188043301803002,0.0805381544179779,100.57549984763627,0.06345746606980145,3.4365680554879163
1610612757,Portland Trail Blazers,82,0.256,3976.0,107.6,116.6,-9.0,0.587,1.52,16.7,0.32,0.697,0.498,0.154,0.503,0.539,97.88,8103,0.434,1,27,2,29,23,28,30,30,30,3,28,19,29,30,30,21,30,2023-24,2023,Unsuccessful,0.036,0.377,-9.195,0.344,0,39.4,89.7,0.439,11.5,33.2,0.345,16.2,20.5,0.791,12.6,30.1,42.7,23.1,15.2,7.6,4.3,6.4,20.2,17.9,106.4,-9.0,29,10,29,28,20,30,20,23,9,2,30,22,30,29,12,27,28,26,26,29,27,0.494,0.37,0.229,0.295,0.586,7.9,0.439,2024.0,0.183,0.0,20,12,24.610898505330642,0.7522991227787724,0.26692448977093824,0.43762134822279547,0.34973976012672553,0.05,0.05194737742278788,0.4267614162853161,0.44772572980312286,0.35,106.99475318321468,115.63785228408412,-8.63103110385076,0.5378273961404775,0.5042806597274258,0.19365597305354063,0.08616211609797379,0.14365590275468945,0.08648997852659564,98.89417955534076,0.054132296788105674,3.377828033251874
1610612757,Portland Trail Blazers,82,0.439,3956.0,111.0,113.7,-2.7,0.587,1.49,16.9,0.332,0.682,0.501,0.16,0.521,0.555,99.51,8192,0.473,1,21,14,22,16,21,28,29,29,2,28,14,29,25,23,16,24,2024-25,2024,Average,0.034,0.35,-2.713,0.341,1,40.5,90.2,0.45,12.9,37.7,0.342,16.9,22.2,0.762,13.4,31.4,44.8,23.8,16.0,8.3,5.3,5.5,19.0,19.3,110.9,-3.0,23,9,26,19,14,26,16,12,26,2,27,12,27,29,11,8,26,21,3,22,22,0.526,0.418,0.246,0.299,0.588,7.8,,,,,19,10,24.463945943157093,0.8114793553475179,0.35757417783117534,0.5552214003629043,0.428085573230938,0.05263157894736842,0.005770941405088693,0.8169207954719814,0.8134942402633023,0.7894736842105263,109.67723667044292,112.4637540882193,-2.80407676617545,0.5553500558540545,0.5241444836915742,0.194705609051197,0.09487583333627435,0.14811095008360042,0.08834134868845069,100.6548787814926,0.043257831660868065,2.80178514522438
1610612758,Sacramento Kings,82,0.402,3961.0,105.3,107.6,-2.3,0.612,1.52,17.6,0.281,0.717,0.5,0.16,0.51,0.546,100.66,8302,0.494,1,21,19,14,22,20,6,18,5,14,18,14,25,10,11,1,17,2015-16,2015,Average,0.036,0.436,-2.285,0.34,1,40.0,86.4,0.464,8.0,22.4,0.359,18.5,25.5,0.725,10.6,33.7,44.2,24.5,16.2,8.9,4.5,5.3,20.4,22.0,106.6,-2.5,4,6,8,19,21,10,9,6,26,13,14,11,4,28,5,20,19,15,4,3,21,0.5,0.259,0.295,0.24,0.612,8.3,0.39,2016.0,-0.01200000000000001,0.0,15,9,27.12075460742237,0.8622024665704292,0.361587141294286,0.5685677859126484,0.4561784897025172,0.0,0.0,,,,104.28985884877558,106.3704516620382,-2.088292140031979,0.5474981613228984,0.5153893329125643,0.19600730758226043,0.09910604678953129,0.15214481309433647,0.08876661768913575,101.72596540267611,0.05968580284898909,2.7666443551086073
1610612758,Sacramento Kings,82,0.39,3976.0,106.6,110.8,-4.2,0.594,1.54,17.3,0.258,0.723,0.492,0.152,0.516,0.556,95.42,7911,0.478,1,23,4,20,26,25,11,22,12,24,13,22,24,14,14,24,25,2016-17,2016,Unsuccessful,0.04,0.465,-4.402,0.34,0,37.9,82.1,0.461,9.0,23.9,0.376,18.1,23.3,0.775,8.7,32.3,41.1,22.5,14.6,7.6,4.0,5.1,20.3,20.1,102.8,-3.9,24,28,13,18,23,5,14,13,16,28,25,28,16,21,17,26,21,18,14,24,25,0.497,0.291,0.284,0.212,0.594,7.9,0.329,2017.0,-0.061,1.0,16,11,27.37973827455795,0.7731686285591207,0.2994463601583032,0.4737413145280188,0.3233778247654288,0.1875,0.21973346258913778,0.37367984777319124,0.40148011100832565,0.3125,104.28115397685515,109.16514106181188,-4.891488250629815,0.5519270875207561,0.5186450193049517,0.18264615652772548,0.08703231886844974,0.1370117432235098,0.0739873884268638,97.00256127928125,0.03321505185035073,3.0989200998289657
1610612758,Sacramento Kings,82,0.329,3951.0,103.1,110.4,-7.3,0.556,1.57,16.6,0.264,0.731,0.489,0.143,0.502,0.529,95.5,7860,0.451,1,24,18,29,27,29,23,20,23,17,15,27,14,27,30,30,29,2017-18,2017,Unsuccessful,0.027,0.467,-7.644,0.346,0,38.8,86.1,0.45,9.0,24.0,0.375,12.3,16.7,0.735,9.5,31.4,40.9,21.6,13.7,7.8,4.1,4.7,20.0,17.3,98.8,-7.0,21,15,22,26,28,3,30,30,28,19,29,28,25,9,11,25,14,19,30,30,28,0.48,0.279,0.194,0.232,0.557,7.9,0.476,2018.0,0.14699999999999996,0.0,16,11,26.646564911320034,0.8276657632756087,0.33799515294650423,0.534979208549145,0.38460528044135034,0.125,0.012366346311282231,0.45003434795493225,0.4673584657822146,0.3125,102.07741199999819,108.85194850558204,-6.773702826816393,0.5271472704990535,0.5020630036666386,0.19630235789802242,0.09148358104606324,0.13926279554915455,0.08719117715380623,96.62709884046897,0.041273528226108865,6.183154935684345
1610612758,Sacramento Kings,82,0.476,3946.0,109.6,110.8,-1.2,0.588,1.9,17.7,0.268,0.713,0.487,0.128,0.524,0.554,103.88,8545,0.495,1,17,27,17,21,18,20,7,15,18,26,24,4,16,20,3,18,2018-19,2018,Average,0.03,0.445,-1.155,0.359,1,43.2,93.1,0.464,11.3,29.9,0.378,16.5,22.7,0.726,11.0,34.4,45.4,25.4,13.4,8.3,4.4,5.1,21.4,21.4,114.2,-1.1,4,2,15,16,20,4,21,19,27,9,19,14,14,7,10,24,18,21,10,9,19,0.505,0.321,0.244,0.242,0.588,12.0,0.431,2019.0,-0.044999999999999984,0.0,17,9,25.413856349333066,0.8548978253932759,0.373540919321476,0.5755121667237312,0.43068866712775417,0.29411764705882354,0.2246350816392475,0.4980415304151301,0.533544116194052,0.35294117647058826,107.85454791167658,109.70502913528487,-1.89272554567309,0.5500444820990384,0.51745834492225,0.2030234145613547,0.10123453097115537,0.14634891161561867,0.08797485764143825,104.23194686515791,0.0316571135687727,3.095197394929804
1610612758,Sacramento Kings,72,0.431,3491.0,109.5,111.4,-1.9,0.582,1.64,17.4,0.258,0.736,0.492,0.144,0.534,0.566,99.6,7239,0.479,11,20,12,18,19,21,22,16,18,22,13,21,15,11,17,19,21,2019-20,2019,Average,0.032,0.478,-1.908,0.348,1,40.9,88.4,0.462,12.7,34.9,0.364,15.7,20.3,0.77,9.7,32.9,42.6,23.8,14.5,7.7,4.1,4.2,22.2,19.5,110.1,-2.0,15,19,15,11,12,12,27,28,18,23,25,27,21,12,14,27,6,27,27,22,21,0.527,0.395,0.23,0.228,0.582,9.3,0.431,2020.0,0.0,0.0,18,9,27.06857948920449,0.8417238011493727,0.35969583135292915,0.548700698433736,0.40305887764489423,0.16666666666666666,0.19173002843293083,0.6258118540453014,0.6881324747010119,0.5,108.32626212179419,110.59488629910543,-2.279613189184031,0.5665920562936109,0.5350549131137567,0.19757195540268133,0.09722942879377769,0.14467418393717682,0.0874883913237697,101.24976567383295,0.050226155204899633,2.586765939293959
1610612758,Sacramento Kings,72,0.431,3461.0,112.7,116.5,-3.8,0.599,1.91,18.4,0.253,0.713,0.482,0.133,0.549,0.578,100.71,7266,0.481,1,21,24,12,30,24,17,8,10,20,29,26,8,9,12,9,24,2020-21,2020,Average,0.029,0.46,-3.773,0.349,1,42.6,88.6,0.481,12.1,33.3,0.364,16.4,22.0,0.745,9.4,32.0,41.4,25.5,13.4,7.5,5.0,4.7,19.4,18.7,113.7,-3.7,8,13,6,19,20,16,21,11,25,22,30,30,12,11,16,15,13,20,19,11,24,0.552,0.376,0.248,0.227,0.599,12.1,0.366,2021.0,-0.065,1.0,19,8,25.90531384768303,0.7706291801225331,0.3730298159059604,0.5733759732126393,0.42718678951776956,0.2631578947368421,0.24022955675156707,0.5682382033046914,0.63096805073591,0.3684210526315789,111.20317457509209,114.77485405772183,-3.569067673337174,0.5846597242832643,0.5547439606250321,0.1945570669005666,0.09969802883906267,0.15716873030525474,0.08605243486584038,101.61411741192634,0.04390312488878212,3.0388114452858046
1610612758,Sacramento Kings,82,0.366,3961.0,109.6,114.8,-5.2,0.585,1.68,17.3,0.259,0.714,0.484,0.14,0.525,0.561,100.1,8252,0.473,1,24,8,24,27,25,23,22,23,22,22,29,16,22,21,9,25,2021-22,2021,Unsuccessful,0.036,0.455,-5.195,0.344,0,40.5,88.1,0.46,11.4,33.2,0.344,17.9,23.3,0.768,9.6,33.4,42.9,23.7,14.1,7.2,4.5,4.8,18.9,20.3,110.3,-5.5,18,15,20,25,21,24,7,5,18,22,23,26,22,19,20,19,18,11,7,16,25,0.53,0.377,0.264,0.224,0.585,9.6,0.585,2022.0,0.21899999999999997,0.0,20,8,26.980524865823902,0.793155684101217,0.32402315668531856,0.5207709532137201,0.3925069666632263,0.3,0.4046564107772534,0.4607036985314422,0.48725358654143874,0.45,108.17620410954994,112.93127837058951,-4.762130789568066,0.5720029675057369,0.5345158443652384,0.19465730494079117,0.09698356021341221,0.1400713299542008,0.09161517372274822,101.05085104230479,0.038999799678972706,3.0998991919093113
1610612758,Sacramento Kings,82,0.585,3966.0,118.6,116.0,2.6,0.626,2.02,19.3,0.265,0.731,0.499,0.133,0.572,0.608,100.99,8343,0.511,1,7,12,1,24,8,7,2,3,23,6,17,6,2,1,12,11,2022-23,2022,Average,0.036,0.466,2.575,0.366,1,43.6,88.2,0.494,13.8,37.3,0.369,19.8,25.1,0.79,9.5,32.9,42.5,27.3,13.5,7.0,3.4,4.2,19.7,20.9,120.7,2.6,4,16,2,5,6,9,3,7,12,23,15,20,3,9,20,29,9,11,4,1,8,0.585,0.423,0.285,0.224,0.626,13.8,0.561,2023.0,-0.02399999999999991,0.0,20,8,25.847630746584716,0.8933047190937897,0.3934218527430447,0.6236862222603204,0.4606072833652779,0.05,0.019375333592729232,0.6325925202901395,0.6572177948148895,0.5,117.40077843047172,114.53513508287162,2.8795465549790946,0.6057546281910215,0.5711604654694272,0.194302135227861,0.1018203632870863,0.16010789837082856,0.0893284333849223,102.21694467735011,0.04654416585352023,2.54644359843292
1610612758,Sacramento Kings,82,0.561,3971.0,116.2,114.4,1.8,0.654,2.16,19.9,0.285,0.744,0.507,0.131,0.556,0.582,99.46,8226,0.5,1,16,3,13,14,16,7,4,8,15,1,9,11,14,14,14,19,2023-24,2023,Average,0.026,0.459,1.81,0.376,1,43.3,90.9,0.477,14.4,39.3,0.366,15.5,20.9,0.745,10.8,33.2,44.0,28.3,13.1,7.6,4.2,4.5,19.9,18.3,116.6,1.7,7,6,14,4,3,16,27,21,30,12,15,12,7,13,13,28,4,24,19,9,17,0.56,0.432,0.23,0.245,0.654,15.2,0.488,2024.0,-0.07300000000000006,1.0,20,8,26.77614838632176,0.8473222528506872,0.40750154395319477,0.6195017280479098,0.4909713574097136,0.05,0.010655063161268465,0.8945978834756885,0.9150062266500623,0.55,114.65166487750307,112.94100919127759,1.6887326889907546,0.5831126445322125,0.5586898658683912,0.19372632326799355,0.09960786961707802,0.16742920062851394,0.08956598516176659,100.71056613112496,0.052734594906948894,2.54644359843292
1610612758,Sacramento Kings,82,0.488,3976.0,115.9,115.3,0.6,0.615,1.99,18.8,0.294,0.728,0.51,0.133,0.548,0.582,98.91,8189,0.502,1,16,2,7,22,15,22,9,16,17,2,6,6,15,15,19,16,2024-25,2024,Average,0.034,0.434,0.607,0.377,1,43.0,90.1,0.478,12.6,35.2,0.357,17.1,21.2,0.806,11.0,33.2,44.2,26.5,13.3,7.6,4.4,4.3,18.9,18.5,115.7,0.5,9,10,12,23,24,19,13,19,4,16,14,16,13,6,25,25,5,17,19,10,16,0.554,0.391,0.235,0.249,0.616,13.2,,,,,20,9,28.473036104199455,0.8701973542894973,0.39728799490479516,0.6204680572274611,0.487234477124183,0.15,0.2725922983150842,0.5195568147535254,0.4632352941176471,0.3,114.69690607856744,114.25235852359864,0.4689263694441706,0.594555784809904,0.5629804689898438,0.19437782029313355,0.10458182737371596,0.15486444504848773,0.09739372223101733,100.54226095318035,0.04874980215217846,3.80058475033046
1610612759,San Antonio Spurs,82,0.817,3941.0,109.3,98.2,11.1,0.611,1.88,18.8,0.266,0.746,0.516,0.138,0.526,0.564,94.54,7767,0.578,1,2,29,4,1,1,7,2,3,23,4,6,6,2,3,24,1,2015-16,2015,Successful,0.038,0.48,11.741,0.378,2,40.1,82.9,0.484,7.0,18.5,0.375,16.4,20.4,0.803,9.4,34.5,43.9,24.5,13.1,8.3,5.9,3.9,17.5,19.5,103.5,10.6,3,24,2,25,26,2,25,28,2,25,5,15,3,4,11,6,2,1,22,10,2,0.514,0.223,0.246,0.214,0.611,11.4,0.744,2016.0,-0.07299999999999995,1.0,18,11,30.99590139928666,0.8478729048171227,0.31829212305617255,0.4912835474980171,0.4091059420130085,0.2222222222222222,0.09726981584000735,,,,107.65465302788282,97.44469725920918,10.218361612464557,0.5564368922348217,0.5197793517751896,0.19541288811247484,0.11377437511774179,0.1527781302686966,0.09090527071503089,95.83211151866692,0.038566032243091936,5.246013835001276
1610612759,San Antonio Spurs,82,0.744,3961.0,110.3,102.9,7.4,0.606,1.77,18.1,0.282,0.73,0.511,0.141,0.524,0.564,94.86,7832,0.551,1,2,13,9,1,2,9,5,6,14,10,6,14,10,9,27,2,2016-17,2016,Successful,0.04,0.448,7.801,0.37,2,39.3,83.7,0.469,9.2,23.5,0.391,17.6,22.0,0.797,10.0,33.9,43.9,23.8,13.4,8.0,5.9,4.1,18.3,19.8,105.3,7.2,14,24,7,17,25,1,18,24,7,16,12,11,7,10,11,2,5,7,17,14,2,0.5,0.281,0.263,0.228,0.606,10.4,0.573,2017.0,-0.17100000000000004,1.0,16,11,29.937346797946645,0.8769728256753344,0.3340730455272238,0.5047950012623075,0.4542086372583073,0.0,0.0,0.689813935874779,0.7260622901470418,0.5,108.86237093326602,101.30919189598585,7.563530547841453,0.5626504926365395,0.527426885466633,0.1949141254733653,0.10976502810738029,0.15218438963224776,0.091773556004376,96.23203852730792,0.05383200068287135,4.6974584300959314
1610612759,San Antonio Spurs,82,0.573,3946.0,107.1,104.1,3.0,0.583,1.73,17.3,0.277,0.741,0.508,0.137,0.507,0.543,95.7,7867,0.525,1,12,23,17,4,8,18,6,13,9,8,8,6,26,25,28,6,2017-18,2017,Average,0.036,0.464,3.135,0.371,1,39.0,85.4,0.457,8.5,24.1,0.352,16.1,20.9,0.772,10.4,33.9,44.2,22.8,13.1,7.7,5.6,3.9,17.2,19.7,102.7,2.9,17,22,16,28,27,26,19,18,13,6,14,11,15,4,14,4,2,1,18,27,8,0.498,0.282,0.245,0.235,0.585,9.7,0.585,2018.0,0.01200000000000001,0.0,17,11,29.483428873120463,0.8677108495172636,0.33422503801317793,0.5168407670214563,0.3951804368471035,0.0,0.0,0.86786340598074,0.8691832858499525,0.6470588235294118,105.37846081263727,102.6602725375908,2.7342963507349216,0.5415639655347186,0.5074991659064031,0.1939747268119615,0.10562158844399391,0.1458764681534043,0.090715071295827,97.14658812045953,0.04047078325805741,5.799686511904211
1610612759,San Antonio Spurs,82,0.585,3961.0,112.2,110.6,1.6,0.58,2.03,18.1,0.246,0.744,0.501,0.122,0.534,0.572,98.88,8162,0.516,1,11,15,6,20,12,22,4,12,29,6,16,1,6,8,22,10,2018-19,2018,Average,0.038,0.498,1.618,0.379,1,42.3,88.4,0.478,9.9,25.3,0.392,17.2,21.0,0.819,9.2,35.5,44.7,24.5,12.1,6.1,4.7,4.0,18.1,19.6,111.7,1.7,8,17,2,26,30,1,20,24,1,27,12,21,16,1,30,21,3,1,25,18,12,0.513,0.286,0.238,0.206,0.579,12.4,0.451,2019.0,-0.13399999999999995,1.0,15,9,28.773323880696527,0.9149376164105638,0.39370768639211406,0.5862635979715057,0.4787657597876576,0.0,0.0,0.6207452115859043,0.6326034063260341,0.4,110.85214834535067,109.12962035778926,1.712976345672111,0.5775305089301829,0.5434945659462198,0.1955755696464581,0.10303842310300204,0.14596647902600643,0.0894138743575803,100.12298715447247,0.049737334761080665,3.711842908553348
1610612759,San Antonio Spurs,71,0.451,3443.0,111.7,112.6,-0.9,0.585,1.96,17.9,0.233,0.751,0.495,0.123,0.531,0.572,101.14,7249,0.502,21,19,21,10,24,16,21,1,12,30,4,18,1,16,11,14,15,2019-20,2019,Average,0.041,0.518,-0.89,0.372,1,42.2,89.4,0.472,10.7,28.5,0.376,19.0,23.4,0.81,9.0,35.6,44.6,24.7,12.6,7.3,5.5,4.3,19.4,20.1,114.1,-1.1,6,12,5,26,28,4,8,13,2,27,9,15,13,1,22,6,7,5,23,8,18,0.517,0.319,0.262,0.202,0.585,12.1,0.458,2020.0,0.007000000000000006,0.0,17,11,27.63963302179348,0.9067615457310146,0.3370593539044615,0.527688372973511,0.4057036577805332,0.0,0.0,0.8016272411646348,0.8378177309361439,0.6470588235294118,110.34477905975983,111.31094059145084,-0.9254345717514212,0.5720764833597124,0.5354812786274812,0.1956388695572413,0.10133952236627171,0.14881409374688964,0.08918954324835432,102.4120497208241,0.03799303981494723,4.554536381772854
1610612759,San Antonio Spurs,72,0.458,3496.0,110.5,112.0,-1.5,0.584,2.14,17.9,0.243,0.733,0.485,0.113,0.517,0.554,99.45,7236,0.493,1,19,1,19,17,21,20,2,16,27,18,24,2,27,26,15,21,2020-21,2020,Average,0.037,0.49,-1.508,0.372,1,41.9,90.5,0.462,9.9,28.4,0.35,17.4,22.0,0.792,9.3,34.6,43.9,24.4,11.4,7.0,5.1,5.1,18.0,18.6,111.1,-1.7,11,7,20,30,30,24,9,12,10,24,16,18,16,2,22,10,19,3,22,20,21,0.515,0.314,0.243,0.212,0.582,13.0,0.415,2021.0,-0.04300000000000004,0.0,17,9,25.938879481196157,0.848862839505219,0.34639472226720786,0.5447741908653141,0.40559440559440557,0.11764705882352941,0.05875714237141858,0.8530518812268464,0.8877372627372627,0.7058823529411765,109.30135770505956,110.61902272623603,-1.3235407354135829,0.5586745968224238,0.5249016060974963,0.19134372871151115,0.09785087499347851,0.14531507389625814,0.08728449050139415,100.76146125170717,0.04044597066717372,4.7945442245314265
1610612759,San Antonio Spurs,82,0.415,3961.0,111.9,111.7,0.2,0.646,2.19,19.5,0.281,0.711,0.494,0.126,0.527,0.556,100.51,8290,0.51,1,22,8,17,16,17,4,1,4,8,24,18,2,21,23,6,13,2021-22,2021,Average,0.029,0.43,0.199,0.368,1,43.2,92.7,0.467,11.3,32.0,0.352,15.4,20.4,0.754,11.0,34.3,45.3,27.9,12.7,7.6,4.9,4.9,18.1,18.9,113.2,0.1,3,2,14,26,25,18,29,25,25,7,13,9,2,5,11,10,21,2,24,8,17,0.526,0.345,0.22,0.243,0.646,15.2,0.268,2022.0,-0.14699999999999996,1.0,18,10,24.13352326531714,0.8404741497226592,0.36350802302778956,0.5552885340610006,0.42889203874320814,0.16666666666666666,0.13303335066946745,0.6690139341992394,0.7205291755256319,0.3888888888888889,110.9929926535317,110.02510451437433,0.973162187414867,0.5558301957632289,0.529620964834665,0.19039302754193876,0.09838223591101382,0.14901571284157247,0.08693622256894487,101.62622840739463,0.03722311110049777,3.2186953878862163
1610612759,San Antonio Spurs,82,0.268,3971.0,109.7,119.6,-9.9,0.632,1.78,18.7,0.299,0.709,0.495,0.148,0.525,0.554,102.07,8451,0.452,1,28,8,29,30,30,6,18,8,7,24,21,24,26,28,2,29,2022-23,2022,Unsuccessful,0.029,0.41,-9.699,0.347,0,43.1,92.6,0.465,11.1,32.2,0.345,15.8,21.2,0.743,11.8,31.9,43.7,27.2,15.3,7.0,3.9,5.3,19.9,18.5,113.0,-10.0,6,1,25,22,20,26,30,29,28,7,23,12,5,26,22,26,25,12,29,23,30,0.53,0.348,0.229,0.27,0.631,11.9,0.268,2023.0,0.0,0.0,20,9,23.931532658640926,0.7671145605017861,0.3124471966098642,0.4749209484400716,0.36184369707234454,0.15,0.12942087660885188,0.5789409286846253,0.6436002903459956,0.4,108.34180537907902,117.42263830673346,-9.073234803603023,0.5491249384037987,0.5185811648120814,0.19326674216388387,0.08751798078719575,0.1564420458834012,0.08066496337352161,103.20440227771962,0.03322463759335648,3.5276684147527875
1610612759,San Antonio Spurs,82,0.268,3966.0,109.3,115.6,-6.4,0.712,1.97,20.5,0.269,0.721,0.492,0.148,0.532,0.563,101.8,8413,0.48,1,26,7,26,21,25,1,17,3,23,13,23,24,23,25,3,23,2023-24,2023,Unsuccessful,0.031,0.452,-6.287,0.344,0,41.9,90.7,0.462,12.6,36.4,0.347,15.6,20.0,0.782,10.4,33.9,44.2,29.9,15.1,7.1,6.3,4.6,17.2,17.9,112.1,-6.5,18,7,25,16,11,28,25,28,14,18,8,8,2,27,22,3,8,3,25,23,25,0.54,0.401,0.221,0.235,0.714,14.8,0.415,2024.0,0.14699999999999996,0.0,18,9,23.131376953111413,0.8784676765063408,0.34317339484252,0.5593629897470779,0.4407673322862912,0.05555555555555555,0.004950154190261184,0.8069393789547331,0.7614987659860893,0.6666666666666666,107.83471243029446,114.00131929346502,-6.181582940033411,0.5615222553507566,0.5299762159609522,0.19608515065021412,0.09757557765708696,0.18122652215067941,0.09001108551126207,103.03403332112745,0.05104028909705657,2.6293687924887186
1610612759,San Antonio Spurs,82,0.415,3946.0,113.5,116.3,-2.8,0.685,2.06,20.1,0.278,0.69,0.485,0.138,0.544,0.575,100.08,8231,0.493,1,23,23,19,25,22,3,8,3,22,26,27,10,18,19,13,22,2024-25,2024,Average,0.031,0.412,-2.798,0.347,1,41.8,89.8,0.465,14.1,39.6,0.357,16.2,21.0,0.774,10.9,32.7,43.7,28.6,13.9,8.2,5.5,4.3,16.6,17.4,113.9,-2.8,14,15,17,9,7,20,24,21,21,17,21,19,6,10,12,4,7,3,28,16,21,0.552,0.441,0.234,0.249,0.684,14.7,,,,,19,9,26.627363098464453,0.8250375933483359,0.32678049282112825,0.527061419723684,0.3682871955394698,0.10526315789473684,0.12346804204836186,0.5239722384372522,0.5456323975349702,0.5263157894736842,112.23623382079352,114.72882846652932,-2.4860904865504816,0.5771542437348091,0.5453430778929952,0.20287526977590992,0.10144144901461785,0.17330899607889308,0.08453163318577277,101.44590598684493,0.05273834784417628,6.069555681665628
1610612760,Oklahoma City Thunder,82,0.671,3966.0,112.1,104.8,7.4,0.558,1.44,16.7,0.347,0.72,0.541,0.162,0.524,0.565,97.54,8061,0.546,1,5,11,2,11,3,21,22,17,1,16,1,28,4,2,10,3,2015-16,2015,Successful,0.041,0.373,7.587,0.379,2,41.1,86.4,0.476,8.3,23.7,0.349,19.7,25.2,0.782,13.1,35.6,48.6,23.0,15.9,7.4,5.9,4.5,20.6,20.2,110.2,7.3,2,7,3,17,17,17,4,7,10,1,2,1,10,26,21,4,11,16,15,2,3,0.523,0.274,0.292,0.27,0.56,7.1,0.573,2016.0,-0.09800000000000009,1.0,15,8,26.23144854872646,0.9133781518862389,0.38452073696459904,0.58917638613163,0.5373831775700935,0.06666666666666667,0.08063906159310501,,,,110.69544886443693,103.59116475642432,7.107418689193899,0.5527222301868528,0.5188565740940045,0.19549584479619275,0.10647719994586415,0.14463034614922018,0.09569589406864625,98.50813934181073,0.07339863333196334,2.8613807855648994
1610612760,Oklahoma City Thunder,82,0.573,3961.0,107.9,107.1,0.8,0.532,1.4,15.5,0.323,0.742,0.528,0.152,0.5,0.54,98.18,8099,0.499,1,10,13,15,10,11,27,27,28,1,5,2,25,24,21,9,19,2016-17,2016,Average,0.04,0.419,0.815,0.376,1,39.5,87.4,0.452,8.4,25.8,0.327,19.2,25.8,0.745,12.2,34.4,46.6,21.0,15.0,7.9,5.0,5.5,20.9,20.7,106.6,0.8,11,5,17,26,18,30,8,4,26,1,7,1,25,24,14,10,28,24,5,11,11,0.505,0.295,0.295,0.262,0.532,6.0,0.585,2017.0,0.01200000000000001,0.0,15,10,25.396399934874,0.9104281190424561,0.3659444236671739,0.5696016352428361,0.505974364544862,0.2,0.24312404890253023,0.466377334218875,0.5597436454486204,0.4666666666666667,107.07279930553764,105.72352082581052,1.3377232983415435,0.5372041608902273,0.5074566770266435,0.1958974219616466,0.10051361713651956,0.13756988535245412,0.09517910253475537,98.96616584641227,0.08308766454775343,2.932575659723036
1610612760,Oklahoma City Thunder,82,0.585,3966.0,110.1,106.4,3.7,0.535,1.53,15.8,0.32,0.725,0.515,0.143,0.514,0.546,97.34,8036,0.508,1,8,8,7,9,6,29,25,28,1,20,3,13,17,21,18,14,2017-18,2017,Average,0.032,0.405,3.801,0.372,1,39.9,88.1,0.453,10.7,30.4,0.354,17.3,24.2,0.716,12.5,32.6,45.1,21.3,14.0,9.1,5.0,4.6,20.2,21.3,107.9,3.4,13,4,18,15,11,24,10,4,29,1,26,5,28,13,1,11,9,21,3,12,7,0.506,0.345,0.275,0.277,0.534,7.3,0.598,2018.0,0.013000000000000012,0.0,17,10,28.030842438008452,0.9083869392728896,0.40467227920085186,0.6060922195457845,0.5555186905551869,0.058823529411764705,0.05888288573896983,0.5034902461423201,0.5005529750055298,0.47058823529411764,108.55871919201337,105.23918007454816,3.290803349005694,0.5474676894912414,0.5215617182108093,0.19197800626434242,0.09979494953128686,0.139026584842,0.08955436693493936,98.6409617903699,0.06923445673940108,3.746998799039039
1610612760,Oklahoma City Thunder,82,0.598,3971.0,109.8,106.5,3.4,0.548,1.67,16.3,0.298,0.738,0.509,0.134,0.514,0.545,103.38,8549,0.506,1,9,7,16,4,10,26,17,27,3,9,7,8,22,25,6,12,2018-19,2018,Average,0.031,0.44,3.289,0.375,1,42.6,94.0,0.454,11.4,32.6,0.348,17.8,25.0,0.713,12.6,35.5,48.1,23.4,14.0,9.3,5.2,5.1,22.4,22.5,114.5,3.4,5,1,19,13,13,22,14,6,28,1,11,2,23,14,1,12,16,27,3,7,9,0.508,0.347,0.266,0.262,0.549,9.4,0.611,2019.0,0.013000000000000012,0.0,17,8,26.312324530599955,0.8923523973611304,0.3936348966272962,0.6318474875626984,0.5188224433275208,0.11764705882352941,0.06455202582580734,0.70175597952002,0.7263309057339215,0.47058823529411764,108.65699851395541,105.79492397058087,2.870831736844218,0.5481036007928793,0.5220523219386055,0.19483255079172693,0.10000063808519959,0.1408644685113779,0.09139563998486712,104.38969035660395,0.06716723531603783,2.8034576865007255
1610612760,Oklahoma City Thunder,72,0.611,3486.0,110.1,108.1,2.1,0.543,1.58,16.3,0.241,0.728,0.492,0.137,0.53,0.573,99.42,7218,0.519,11,8,13,17,7,12,28,22,27,29,19,22,7,18,10,21,10,2019-20,2019,Successful,0.043,0.487,2.112,0.355,2,40.0,85.5,0.468,10.7,30.2,0.355,19.8,24.8,0.796,8.2,34.7,42.9,21.7,13.7,7.6,4.9,4.0,19.3,22.8,110.4,2.0,23,28,8,27,27,17,4,5,7,30,15,23,28,6,16,15,3,4,2,21,12,0.53,0.353,0.29,0.191,0.542,8.0,0.306,2020.0,-0.305,1.0,17,9,25.85444539187462,0.8563138170543861,0.3812005701178393,0.5831129640526052,0.477521722704949,0.0,0.0,0.47012334519562726,0.42173529782143304,0.4117647058823529,108.8012841727187,106.56276083920503,2.234935201042184,0.567834405184874,0.5304046318004912,0.19381742507627983,0.10392800830759549,0.13820747223979035,0.08679009082722146,100.77908461519678,0.05313040096002326,4.760952285695233
1610612760,Oklahoma City Thunder,72,0.306,3471.0,102.8,113.4,-10.6,0.568,1.37,16.1,0.254,0.742,0.494,0.158,0.509,0.539,101.61,7353,0.442,1,26,19,30,24,30,26,30,29,19,10,20,30,28,29,7,30,2020-21,2020,Unsuccessful,0.03,0.488,-10.432,0.336,0,38.8,88.0,0.441,11.9,35.1,0.339,15.5,21.3,0.725,9.9,35.7,45.6,22.1,16.1,7.0,4.4,5.3,18.1,18.6,105.0,-10.6,27,19,29,20,13,29,29,17,30,14,3,6,27,30,23,23,21,6,23,28,30,0.509,0.399,0.242,0.217,0.57,6.0,0.293,2021.0,-0.013000000000000012,0.0,18,9,23.34537858183007,0.7505896600222256,0.3094617390442116,0.4847071313317889,0.33527858830068086,0.1111111111111111,0.12343746286746357,0.39997037591853085,0.4425455050715576,0.2777777777777778,103.24218468176852,112.20266780628553,-8.966674782900144,0.5396323087075131,0.5092035836124335,0.1979611910191913,0.08795442419062338,0.15192047101879796,0.08135325334285017,102.40498728479518,0.039358748850936695,3.4138425546082702
1610612760,Oklahoma City Thunder,82,0.293,3961.0,103.8,111.7,-8.0,0.58,1.59,16.4,0.256,0.727,0.487,0.14,0.497,0.53,99.39,8198,0.451,1,27,8,30,17,27,25,28,28,24,14,24,15,29,30,12,27,2021-22,2021,Unsuccessful,0.033,0.471,-8.049,0.347,0,38.3,89.1,0.43,12.1,37.4,0.323,15.0,19.9,0.756,10.4,35.2,45.6,22.2,14.0,7.6,4.6,6.0,18.3,17.8,103.7,-8.1,27,9,30,17,7,30,30,28,24,12,6,6,28,15,14,16,29,4,30,30,28,0.507,0.42,0.223,0.228,0.58,8.2,0.488,2022.0,0.195,0.0,26,9,22.867639627904616,0.7091688350388679,0.28036959027683506,0.4331076975979117,0.35120863647031214,0.038461538461538464,0.010753061890445817,0.5732984532740435,0.638347805679418,0.4230769230769231,102.43346949384207,110.46788390081431,-8.026839839596054,0.5290614317362703,0.4999737903403526,0.19407074847647396,0.09077513350974846,0.14657080409416742,0.08724851479770648,100.58561006145483,0.04521334884279472,2.1829869671542776
1610612760,Oklahoma City Thunder,82,0.488,3971.0,114.2,113.2,1.0,0.567,1.87,17.2,0.289,0.693,0.487,0.127,0.531,0.57,101.94,8435,0.498,1,19,8,16,13,15,27,9,26,10,28,25,4,24,23,3,20,2022-23,2022,Average,0.039,0.404,0.981,0.36,1,43.1,92.6,0.465,12.1,34.1,0.356,19.2,23.7,0.809,11.4,32.3,43.7,24.4,13.0,8.2,4.2,5.5,21.0,20.4,117.5,1.1,6,2,24,15,12,17,9,14,6,8,21,14,21,5,4,22,28,24,10,5,14,0.53,0.368,0.256,0.261,0.566,11.4,0.695,2023.0,0.20699999999999996,0.0,16,8,23.08651934151895,0.8433943211069084,0.3727300656986718,0.5663966866318652,0.4799439292646107,0.0625,0.042556947634762456,0.6812644158346709,0.7167349579469484,0.625,112.96333066647632,112.31859717807163,0.6291306236881146,0.5674545850329743,0.5329725006004169,0.19620381012341964,0.1006489919553383,0.15085006106254728,0.0864530968616482,102.94643926012452,0.05514242921743655,2.1758618981911515
1610612760,Oklahoma City Thunder,82,0.695,3961.0,118.3,111.0,7.3,0.609,2.14,19.4,0.25,0.698,0.484,0.125,0.573,0.608,100.85,8324,0.538,1,2,10,3,4,2,23,5,12,28,27,28,5,3,2,5,3,2023-24,2023,Successful,0.035,0.448,7.238,0.359,2,44.5,89.3,0.499,13.3,34.2,0.389,17.7,21.5,0.825,8.8,33.2,42.0,27.1,12.7,8.5,6.6,5.1,18.8,18.9,120.1,7.4,2,15,3,8,16,1,12,17,4,29,12,27,11,7,1,1,18,19,12,3,2,0.566,0.383,0.241,0.21,0.609,14.4,0.829,2024.0,0.134,0.0,19,9,24.593168045364195,0.8704986475871044,0.3391804416875111,0.5383749605212009,0.481808479674008,0.15789473684210525,0.12402241713802792,0.6761515600210617,0.7313476278257495,0.5789473684210527,116.37579736591655,110.40969867397486,5.979918580194621,0.5971696120522573,0.5683201445466894,0.18992749901288306,0.1054773030514515,0.1508387824201388,0.08833800632711204,102.01431136471264,0.054367973506558774,3.8297084310253524
1610612760,Oklahoma City Thunder,82,0.829,3941.0,119.2,106.6,12.7,0.602,2.29,18.9,0.281,0.704,0.496,0.116,0.56,0.593,100.9,8286,0.562,1,1,29,3,1,1,26,1,15,20,19,19,1,7,6,5,1,2024-25,2024,Successful,0.033,0.423,12.587,0.38,2,44.6,92.7,0.482,14.5,38.8,0.374,16.7,20.4,0.819,10.6,34.2,44.8,26.9,11.7,10.3,5.7,4.8,19.9,18.1,120.5,12.9,3,3,7,6,10,6,19,26,1,20,6,11,12,1,1,2,14,25,23,4,1,0.558,0.419,0.22,0.237,0.603,15.2,,,,,18,9,25.255916449766403,0.8360643740884701,0.3505842984231767,0.5343196973067712,0.49478692175321387,0.0,0.0,0.7882854404590813,0.8433039781354388,0.6111111111111112,118.1376807983847,105.16956952664847,12.964430585008971,0.5860450741718527,0.5596185058708986,0.19373875224478018,0.11238297511307432,0.15553554995952415,0.08814249995982022,102.03446254441978,0.06662998991111702,2.819683897877671
1610612761,Toronto Raptors,82,0.683,3956.0,109.3,104.8,4.4,0.511,1.43,14.9,0.3,0.736,0.52,0.139,0.504,0.552,93.35,7707,0.525,1,4,23,5,12,6,30,24,28,5,7,3,7,12,7,29,8,2015-16,2015,Successful,0.048,0.436,4.713,0.381,2,36.7,81.3,0.451,8.6,23.4,0.37,20.8,26.7,0.777,10.2,33.2,43.4,18.7,13.1,7.8,5.5,5.4,19.6,22.0,102.7,4.5,27,28,15,14,19,5,2,3,12,19,18,16,29,5,15,11,20,9,3,14,5,0.485,0.288,0.328,0.235,0.51,5.6,0.622,2016.0,-0.061000000000000054,1.0,16,8,26.908965788832898,0.8557370404504516,0.3858589801015216,0.5776223701478398,0.49893892949776,0.0625,0.023618357918758038,,,,107.84258333007664,103.81432010386636,4.032837299300866,0.5505360359931553,0.5079548583311038,0.19337410261780247,0.10556308204794701,0.13092272133479096,0.09128654812687488,94.52271021281314,0.05613989223359802,4.013648589500581
1610612761,Toronto Raptors,82,0.622,3956.0,111.4,107.1,4.3,0.472,1.46,14.5,0.291,0.717,0.505,0.132,0.517,0.561,95.41,7867,0.516,1,5,18,6,11,6,30,25,29,8,20,9,5,12,11,25,5,2016-17,2016,Successful,0.044,0.426,4.507,0.373,2,39.2,84.4,0.464,8.8,24.3,0.363,19.7,24.7,0.796,10.6,32.6,43.3,18.5,12.7,8.3,4.9,4.8,20.8,20.3,106.9,4.2,16,22,11,21,22,13,3,6,8,12,23,18,30,4,4,12,13,23,10,10,5,0.506,0.288,0.293,0.245,0.472,5.8,0.72,2017.0,0.09799999999999998,0.0,16,9,27.09830329881115,0.8663039279148815,0.33255705387759765,0.5288764166909896,0.4801058201058201,0.125,0.21259521594299244,0.7008206806628217,0.7617989417989418,0.625,109.26817829309648,106.58922893808545,2.670868981903979,0.5593989552290237,0.5219209853249333,0.18965197821184013,0.10303484060864265,0.11588814159154709,0.09469268575880539,96.62070139986653,0.0641065856288389,2.6666666666666665
1610612761,Toronto Raptors,82,0.72,3966.0,113.0,105.3,7.7,0.59,1.82,17.9,0.274,0.725,0.502,0.135,0.539,0.575,98.02,8104,0.538,1,2,8,2,5,2,11,4,6,12,21,15,4,5,4,14,3,2017-18,2017,Successful,0.036,0.451,7.856,0.367,2,41.3,87.4,0.472,11.8,33.0,0.358,17.3,21.8,0.794,9.8,34.2,44.0,24.3,13.4,7.6,6.1,4.9,21.7,19.9,111.7,7.8,3,6,7,4,3,18,9,13,4,14,11,14,6,6,18,2,18,27,16,4,2,0.542,0.378,0.249,0.223,0.588,10.9,0.707,2018.0,-0.013000000000000012,0.0,16,11,26.35534463341557,0.903045013070092,0.3632609043652556,0.5324360180064539,0.4424596730540219,0.0625,0.016056770025707188,0.8282151821892845,0.8574212406625528,0.625,111.49760835747642,104.29005363265291,7.215985089864243,0.5765294701478615,0.544577846145238,0.19298003343308412,0.1066934057396772,0.14695057495601108,0.08925818300226646,99.06577966495071,0.04262754318532243,3.437758254761643
1610612761,Toronto Raptors,82,0.707,3976.0,112.6,106.8,5.8,0.603,1.81,18.2,0.265,0.726,0.502,0.138,0.543,0.579,100.51,8334,0.533,1,2,4,5,5,3,14,13,11,19,18,13,14,3,4,15,4,2018-19,2018,Successful,0.036,0.461,5.771,0.364,2,42.2,89.1,0.474,12.4,33.8,0.366,17.7,22.0,0.804,9.6,35.6,45.2,25.4,14.0,8.3,5.3,4.5,21.0,20.5,114.4,6.1,9,16,5,8,11,6,16,21,3,24,9,17,13,16,9,9,6,17,19,8,3,0.539,0.379,0.247,0.212,0.602,11.4,0.736,2019.0,0.029000000000000026,0.0,18,10,28.58792420328578,0.8577952513701844,0.35492275769121967,0.5646244367025063,0.42106354307038457,0.2222222222222222,0.21262639297575636,0.5616881369463584,0.5388203586607235,0.5,111.46088348317213,105.75471510908025,5.696496686669002,0.5786604238970019,0.5428794739951975,0.19823978003758233,0.109887293254218,0.16600624268749614,0.089527128213383,101.15503883335516,0.04286677034720483,3.9
1610612761,Toronto Raptors,72,0.736,3476.0,110.8,104.7,6.1,0.627,1.7,18.1,0.256,0.721,0.496,0.146,0.536,0.574,101.19,7328,0.53,11,2,16,13,2,4,9,13,9,24,22,17,17,8,8,12,5,2019-20,2019,Successful,0.038,0.465,6.028,0.35,2,40.2,87.9,0.458,13.8,37.0,0.374,18.5,23.2,0.796,9.5,35.9,45.4,25.2,14.8,8.8,5.0,5.5,21.7,20.4,112.8,6.2,21,23,20,3,6,5,13,17,6,24,7,11,11,17,2,13,23,21,19,13,4,0.519,0.421,0.264,0.209,0.627,10.4,0.375,2020.0,-0.361,1.0,18,10,27.110070539848795,0.7770154008336215,0.36063582716937126,0.556800849777511,0.42485833949248586,0.05555555555555555,0.005012886433746162,0.8171053744614766,0.8381374722838137,0.5555555555555556,109.65264669808307,103.66161758728293,6.0000991426256105,0.5720784751866098,0.5353674383390636,0.19437229536014622,0.10665636968617226,0.15693818669488527,0.08779322070983975,102.17794016514064,0.05286586800573694,4.214261501141095
1610612761,Toronto Raptors,72,0.375,3461.0,111.6,112.0,-0.4,0.607,1.82,17.7,0.256,0.716,0.479,0.133,0.529,0.567,99.57,7177,0.486,1,24,24,16,15,19,14,15,19,18,28,28,9,21,20,14,23,2020-21,2020,Unsuccessful,0.038,0.46,-0.402,0.346,0,39.7,88.7,0.448,14.5,39.3,0.368,17.4,21.3,0.815,9.4,32.1,41.6,24.1,13.2,8.6,5.4,5.6,21.2,19.5,111.3,-0.5,23,12,26,4,4,15,10,17,4,20,29,28,20,8,4,4,27,28,12,19,19,0.51,0.443,0.24,0.226,0.607,10.9,0.585,2021.0,0.20999999999999996,0.0,18,12,26.940946897631363,0.7814763292261131,0.3134367393659185,0.4853940405514057,0.3920404295641188,0.16666666666666666,0.2347483669467477,0.5342951481540917,0.6176879343019583,0.4444444444444444,110.27096795336962,111.1225367070239,-0.8421965746000296,0.5538633746139072,0.5190014967232746,0.18628680989499782,0.09282089632577781,0.14562885272361986,0.08433506626730855,100.3410457390394,0.04100508098597864,3.847798793538398
1610612761,Toronto Raptors,82,0.585,3971.0,112.1,109.9,2.2,0.543,1.77,16.1,0.325,0.714,0.508,0.128,0.51,0.543,96.63,8000,0.494,1,10,5,15,9,12,30,17,30,2,23,11,3,27,27,27,21,2021-22,2021,Average,0.033,0.389,2.277,0.38,1,40.6,91.3,0.445,11.9,34.2,0.349,16.2,21.3,0.759,13.4,32.0,45.3,22.1,12.5,9.0,4.6,5.1,19.6,19.1,109.4,2.3,14,4,25,19,19,20,23,21,23,2,30,8,29,2,2,17,25,13,23,20,12,0.503,0.375,0.233,0.296,0.544,9.6,0.5,2022.0,-0.08499999999999996,1.0,20,7,25.222961612609417,0.7979978234359417,0.3689072325939313,0.5701091465795628,0.44527816486225746,0.1,0.08137096756709578,0.6205279624224022,0.6784221245578305,0.4,110.73791365577246,108.73253664764088,2.0096189975062235,0.5396274470537232,0.5087976062412422,0.19344114259716488,0.09871074594643903,0.13752467836531537,0.08935284209971846,97.84678001651382,0.02818741939669005,3.2261685116103473
1610612761,Toronto Raptors,82,0.5,3961.0,114.6,113.1,1.5,0.571,2.05,17.2,0.316,0.721,0.502,0.118,0.517,0.555,97.85,8076,0.496,1,17,18,13,11,12,26,1,25,3,15,15,1,28,27,25,21,2022-23,2022,Average,0.038,0.405,1.533,0.384,1,41.9,91.3,0.459,10.7,32.0,0.335,18.4,23.4,0.784,12.7,30.3,43.0,23.9,11.7,9.4,5.2,4.6,20.0,19.6,112.9,1.5,19,5,27,28,21,28,17,18,17,2,30,18,23,1,1,9,15,13,22,24,12,0.526,0.35,0.256,0.295,0.57,12.2,0.305,2023.0,-0.195,1.0,18,8,26.472972498838118,0.8468406140970364,0.3638719899988765,0.5722431500022787,0.42054032578466427,0.1111111111111111,0.13413262022172334,0.777150591260445,0.8297576479936433,0.5555555555555556,113.01322620362839,112.68128988861397,0.32344144416050935,0.5554964033786486,0.5218355526307814,0.19456488696955304,0.10036019467089467,0.14656876632220975,0.0935943745376651,98.98038671689541,0.028689882798645247,3.0413812651491097
1610612761,Toronto Raptors,82,0.305,3961.0,111.8,118.1,-6.3,0.674,2.04,19.9,0.281,0.694,0.484,0.139,0.535,0.566,99.91,8241,0.474,1,25,10,24,26,24,2,15,7,18,29,27,20,21,23,12,25,2023-24,2023,Unsuccessful,0.031,0.413,-6.306,0.345,0,42.3,89.7,0.471,11.5,33.1,0.347,16.3,21.6,0.756,10.9,31.8,42.7,28.5,14.0,7.7,4.7,5.8,18.4,18.1,112.4,-6.4,15,10,16,26,22,27,18,16,29,11,26,23,6,20,10,19,23,12,22,21,24,0.544,0.369,0.241,0.255,0.674,14.5,0.366,2024.0,0.061,0.0,22,9,25.76498741222187,0.7828867024515747,0.31894260388056994,0.5134376271064495,0.40152985500627925,0.2727272727272727,0.5146921598313028,0.33030604629105825,0.3517524831601781,0.2727272727272727,110.96389603964856,116.96824912728441,-6.00104579696526,0.5663634166773813,0.5350093046188037,0.19069522697256727,0.09277206909321695,0.15417409112023125,0.08758392647123567,101.4650312591603,0.04078701076217256,3.5276684147527875
1610612761,Toronto Raptors,82,0.366,3961.0,109.6,113.6,-4.1,0.685,1.86,19.6,0.311,0.696,0.5,0.152,0.522,0.553,100.62,8297,0.477,1,24,9,26,15,24,2,15,9,6,24,17,25,24,25,9,23,2024-25,2024,Unsuccessful,0.031,0.385,-4.075,0.348,0,41.6,91.0,0.458,11.8,34.0,0.348,15.8,21.1,0.748,12.6,32.5,45.1,28.5,15.3,8.1,4.2,5.9,21.2,18.1,110.9,-4.3,15,6,20,29,28,23,28,20,29,4,24,10,7,24,16,28,29,30,24,23,24,0.523,0.374,0.232,0.279,0.685,13.2,,,,,20,9,24.601845338911637,0.7183311050583734,0.30801802564615877,0.48361017559724645,0.3707574735895707,0.15,0.0766050620839755,0.593060603684437,0.6591368846931894,0.45,108.02659692119849,112.25224645075723,-4.21884909605771,0.5524512540674253,0.522378715871651,0.20116611340535162,0.09920897425110782,0.17378956486005767,0.09150447990113272,101.8871050367359,0.047198817729491166,2.4993826398226653
1610612762,Utah Jazz,82,0.488,3991.0,105.0,103.2,1.8,0.526,1.27,15.1,0.303,0.731,0.517,0.161,0.501,0.54,91.66,7625,0.508,1,19,2,16,7,10,27,29,27,4,10,5,26,15,16,30,12,2015-16,2015,Average,0.039,0.428,1.964,0.356,1,36.1,80.4,0.449,8.5,23.9,0.355,17.1,23.0,0.744,10.7,32.5,43.2,19.0,14.9,7.7,5.2,4.7,20.2,19.9,97.7,1.8,29,30,18,16,15,12,19,16,24,10,23,18,28,21,18,14,12,12,18,28,10,0.488,0.297,0.286,0.248,0.526,4.1,0.622,2016.0,0.134,0.0,16,10,24.68864646216054,0.8596326747997584,0.36901925053927015,0.5463406661692572,0.4626699629171817,0.0625,0.0526344593260031,,,,103.57954702964838,101.4486911079421,2.118160605740485,0.5393383988879434,0.5040283019196475,0.19512134453438684,0.10236224161923506,0.13441119111416108,0.09147848060393615,93.12043358946212,0.04382419423104092,2.3323807579381204
1610612762,Utah Jazz,82,0.622,3951.0,109.0,104.7,4.3,0.544,1.48,16.2,0.27,0.743,0.514,0.148,0.526,0.563,92.09,7579,0.534,1,5,25,12,3,5,23,24,23,18,4,5,21,8,10,30,3,2016-17,2016,Successful,0.037,0.473,4.669,0.366,2,37.0,79.5,0.466,9.6,26.0,0.372,17.1,22.9,0.747,9.4,33.8,43.2,20.1,13.6,6.7,5.0,3.8,18.8,20.2,100.7,3.9,28,30,9,13,17,9,22,16,24,19,13,19,28,13,29,8,3,8,12,28,6,0.512,0.327,0.288,0.218,0.543,6.5,0.585,2017.0,-0.03700000000000003,0.0,15,11,27.395087910233702,0.8194404884633509,0.3660561883067578,0.5399970471610562,0.43194478081860016,0.0,0.0,0.6988150679152958,0.7195446839428433,0.6666666666666666,107.31725472032399,103.16361597907705,4.133349624567621,0.5643422682865099,0.5340575154813129,0.19392367594701768,0.1074631538850924,0.13641665122753735,0.09252924204842658,93.47036500548386,0.036464859116870633,4.7915214374925235
1610612762,Utah Jazz,82,0.585,3951.0,107.4,103.0,4.4,0.586,1.53,17.1,0.256,0.756,0.509,0.152,0.527,0.564,96.58,7951,0.532,1,8,18,16,1,5,14,24,17,21,3,7,24,9,11,25,4,2017-18,2017,Average,0.037,0.5,4.556,0.357,1,38.3,82.9,0.462,10.8,29.6,0.366,16.8,21.5,0.779,9.0,34.2,43.3,22.4,14.7,8.6,5.1,4.6,19.6,20.5,104.1,4.3,26,29,13,13,13,12,14,15,12,23,11,20,21,20,4,9,11,16,8,19,5,0.516,0.357,0.259,0.208,0.585,7.7,0.61,2018.0,0.025000000000000022,0.0,19,9,26.79444676541761,0.8618229053244597,0.3867681751611697,0.6064209334177513,0.4401677769553417,0.05263157894736842,0.10817348385663947,0.4317152440309144,0.42326671601283,0.3157894736842105,106.57651984483822,101.896094457913,4.669594682158689,0.5708061134087883,0.5345062083012151,0.18699337573552852,0.10439840367089948,0.14350734756253816,0.09218555524666769,98.09890830827287,0.04345879274285776,2.7125679146074893
1610612762,Utah Jazz,82,0.61,3951.0,110.3,105.3,5.0,0.644,1.72,18.5,0.275,0.759,0.522,0.149,0.538,0.572,100.84,8308,0.539,1,8,24,14,2,4,4,15,8,12,1,3,27,5,7,14,3,2018-19,2018,Successful,0.034,0.484,4.958,0.373,2,40.4,86.4,0.468,12.1,34.0,0.356,18.8,25.5,0.736,10.0,36.4,46.4,26.0,15.1,8.1,5.9,4.6,21.1,22.4,111.7,5.3,19,29,10,9,9,10,8,3,26,18,5,9,8,27,12,3,9,18,4,17,4,0.54,0.394,0.295,0.216,0.644,10.9,0.611,2019.0,0.0010000000000000009,0.0,17,8,27.78607171326853,0.8814277444358782,0.3922861200997115,0.598229039296885,0.45003287310979617,0.058823529411764705,0.06758344761428658,0.9093232146838076,0.9101468332237563,0.8235294117647058,108.55630645085019,103.63246660237658,4.927898711045957,0.5802627983408432,0.5514408174691102,0.19280506140771614,0.10817064598012524,0.1602313369351537,0.09237225058604173,102.37526129523665,0.053352600686377046,4.328322423295196
1610612762,Utah Jazz,72,0.611,3471.0,111.8,109.3,2.5,0.56,1.48,16.8,0.261,0.746,0.512,0.152,0.549,0.585,99.15,7169,0.513,11,8,19,9,13,9,25,27,24,20,6,8,25,2,2,24,12,2019-20,2019,Successful,0.036,0.485,2.521,0.36,2,40.1,85.1,0.471,13.4,35.2,0.38,17.8,22.8,0.779,9.1,35.8,44.9,22.4,15.1,6.1,4.1,4.6,20.4,20.8,111.3,2.5,22,29,6,7,10,1,16,19,15,26,8,13,26,21,30,28,10,12,14,18,9,0.535,0.414,0.268,0.203,0.559,7.3,0.722,2020.0,0.11099999999999999,0.0,18,8,27.763493693172194,0.8787728367334462,0.3930724074089877,0.6307754905052203,0.4900354566572931,0.05555555555555555,0.0980619280666805,0.6022176648702401,0.5520234747524148,0.3333333333333333,110.49873444480869,107.89157428473614,2.593648543538718,0.5921898889806178,0.5630889110908269,0.19657506743910497,0.10484899133993407,0.1451502331475101,0.09067267857473278,100.4836313986617,0.0645174395028197,2.8722813232690143
1610612762,Utah Jazz,72,0.722,3471.0,116.5,107.5,9.0,0.573,1.66,17.3,0.284,0.757,0.529,0.142,0.563,0.597,99.37,7193,0.542,1,1,19,4,3,1,22,23,22,5,2,1,19,5,4,16,1,2020-21,2020,Successful,0.034,0.473,9.057,0.387,2,41.3,88.1,0.468,16.7,43.0,0.389,17.2,21.5,0.799,10.6,37.6,48.3,23.7,14.2,6.6,5.2,3.9,18.5,19.0,116.4,9.3,17,18,16,1,1,4,12,14,8,4,2,1,23,18,29,8,3,8,17,4,1,0.545,0.488,0.244,0.219,0.574,9.5,0.598,2021.0,-0.124,1.0,17,9,29.03155104809509,0.8821854630345058,0.37976780524858894,0.5903942649460973,0.4595779990516833,0.058823529411764705,0.0186736468209264,0.8893003904659571,0.9160739687055477,0.6470588235294118,115.14199544788292,105.83507080631665,9.310223349500239,0.6050288759384681,0.5769196926849306,0.19327273959906419,0.1086646613111115,0.144596442061318,0.09478058450692751,100.76528392036626,0.07062262778710203,2.7125679146074897
1610612762,Utah Jazz,82,0.598,3946.0,116.2,110.0,6.2,0.552,1.6,16.7,0.3,0.738,0.525,0.143,0.555,0.589,97.5,8014,0.528,1,9,24,1,10,3,29,27,27,5,5,2,22,2,2,23,6,2021-22,2021,Average,0.034,0.438,6.359,0.382,1,40.6,86.2,0.471,14.5,40.3,0.36,17.9,23.4,0.767,10.8,35.6,46.3,22.4,14.0,7.2,4.9,4.3,18.9,20.3,113.6,6.0,15,25,6,2,2,11,6,4,20,10,3,3,27,16,20,11,8,10,8,7,3,0.569,0.468,0.271,0.233,0.552,8.4,0.451,2022.0,-0.14699999999999996,1.0,20,9,29.152201147297752,0.8281651205128779,0.3348167361920451,0.543793124323304,0.4362161051766639,0.25,0.1424428003817062,0.6943286279767347,0.7302793755135579,0.45,113.90485253364523,108.59565316405526,5.316051756929238,0.5861178366899196,0.5576720377728297,0.19913567700881757,0.10475478281712414,0.13783291193223587,0.09303231002975021,99.09818566655193,0.060801031505220086,3.8522079607466035
1610612762,Utah Jazz,82,0.451,3961.0,115.3,116.0,-0.7,0.611,1.69,18.2,0.308,0.711,0.512,0.151,0.547,0.584,101.02,8329,0.498,1,22,18,9,23,22,11,25,14,4,23,6,28,15,14,11,19,2022-23,2022,Average,0.037,0.403,-0.693,0.361,1,42.5,89.8,0.473,13.3,37.8,0.353,18.7,23.8,0.786,11.8,34.1,45.9,26.0,15.4,6.1,5.2,4.9,20.5,20.5,117.1,-0.9,12,10,18,7,5,20,13,12,14,6,6,5,10,28,30,7,19,21,8,7,22,0.562,0.421,0.265,0.257,0.612,10.6,0.378,2023.0,-0.07300000000000001,1.0,20,8,26.850116285652913,0.7698089839331892,0.38030487504529714,0.5652595615543423,0.4726392852711255,0.1,0.07219643660454476,0.19390589190860738,0.20957935227695743,0.15,113.24267214395016,114.30174156645428,-1.049593260807494,0.5954699762482543,0.5625229870339299,0.1967344517630679,0.10027218302885546,0.13942467175030196,0.09297456472335378,102.43481469509734,0.05034614558235814,5.109733358992424
1610612762,Utah Jazz,82,0.378,3961.0,114.5,119.6,-5.1,0.648,1.74,18.9,0.325,0.717,0.521,0.155,0.539,0.579,100.26,8281,0.478,1,23,10,18,30,23,10,26,17,2,18,3,30,18,15,10,24,2023-24,2023,Unsuccessful,0.04,0.392,-5.087,0.366,0,42.0,89.9,0.467,12.9,36.5,0.354,18.8,22.6,0.83,12.2,33.2,45.5,27.2,15.7,6.5,5.6,6.4,18.6,19.2,115.7,-4.9,17,9,19,13,10,22,4,10,1,4,12,3,10,30,29,9,28,16,8,11,23,0.545,0.406,0.251,0.268,0.648,11.5,0.207,2024.0,-0.171,1.0,18,9,24.868984712560245,0.7480498677970376,0.3552480480328716,0.5626550306374594,0.44564187588820464,0.16666666666666666,0.03638493180675432,0.6094172555651126,0.6445997157745145,0.5,113.00893075178101,118.40096120229053,-5.387305921136402,0.5752043542917811,0.5375412709940973,0.2040422780948335,0.09821262311887935,0.1665940554899378,0.0922913245422839,101.3081579028931,0.052793331041611075,3.972125095937662
1610612762,Utah Jazz,82,0.207,3961.0,110.2,119.4,-9.2,0.633,1.48,17.9,0.311,0.705,0.508,0.17,0.533,0.568,100.85,8322,0.45,1,30,9,24,30,28,18,30,24,7,16,8,30,21,21,6,28,2024-25,2024,Unsuccessful,0.035,0.394,-9.122,0.338,0,40.3,88.7,0.454,14.0,39.8,0.35,17.3,22.4,0.774,12.0,33.4,45.4,25.5,17.2,6.8,4.4,6.4,18.9,19.3,111.9,-9.3,25,20,22,10,6,22,8,10,22,8,11,5,20,30,30,24,30,18,4,21,28,0.538,0.449,0.253,0.264,0.633,8.3,,,,,18,10,23.88863667038233,0.7785587328699471,0.2911303763300259,0.45757554032152364,0.3495872317006054,0.1111111111111111,0.06514568446537826,0.6504393526185664,0.7368189323059989,0.5555555555555556,109.06152449630781,118.06686623594199,-9.023792431965001,0.5670073276605855,0.5349978871987102,0.19328159534314543,0.09000577522832123,0.15828428084515112,0.08797863453827555,101.85751496195503,0.04390227784523259,2.8442925306655784
1610612763,Memphis Grizzlies,82,0.512,3966.0,104.7,107.1,-2.4,0.562,1.56,16.0,0.298,0.709,0.495,0.14,0.477,0.524,93.95,7763,0.483,1,14,11,19,20,21,20,13,25,6,23,16,9,29,27,27,23,2015-16,2015,Average,0.047,0.411,-2.555,0.355,1,36.8,83.6,0.44,6.1,18.5,0.331,19.3,24.7,0.783,11.2,30.5,41.6,20.7,13.3,8.8,4.3,5.7,21.7,21.1,99.1,-2.2,26,22,23,27,25,29,5,9,9,8,30,28,25,6,6,21,29,27,9,24,20,0.472,0.221,0.295,0.269,0.562,7.4,0.524,2016.0,0.01200000000000001,0.0,21,9,30.707238064953945,0.7610303890448461,0.34424885209311357,0.5382723319762593,0.39775021632535335,0.38095238095238093,0.25167634870808214,,,,103.41639318558772,106.24605386739243,-2.8495965991458827,0.5215295752357086,0.48137108344157575,0.19214822974859597,0.09368426787370276,0.13653648994095108,0.09225492276464994,95.23551548236958,0.02991386812454784,5.163977794943222
1610612763,Memphis Grizzlies,82,0.524,3981.0,107.0,106.5,0.5,0.584,1.65,16.5,0.295,0.731,0.507,0.137,0.491,0.535,92.84,7702,0.501,1,11,2,19,7,12,12,17,20,7,9,7,9,28,26,29,17,2016-17,2016,Average,0.044,0.436,0.539,0.37,1,36.4,83.6,0.435,9.4,26.5,0.354,18.3,23.4,0.784,10.8,32.0,42.8,21.3,12.9,8.0,4.2,5.0,22.4,20.8,100.5,0.5,29,25,30,15,14,17,12,12,13,10,27,24,21,6,13,22,18,29,4,29,13,0.473,0.317,0.28,0.252,0.585,8.4,0.268,2017.0,-0.256,1.0,16,9,29.79666974675844,0.8509204734088976,0.35445798490328423,0.5445516077481799,0.4784694881889764,0.0625,0.012081638642950816,0.6874575420867665,0.7579970472440944,0.5,105.49122178111213,105.0690147289818,0.4147681783006255,0.5364216870882724,0.49159373854030963,0.19506581396757633,0.10092869178007975,0.1499573178629112,0.08920617630923099,94.1922722485438,0.05416458685465812,5.465943944999486
1610612763,Memphis Grizzlies,82,0.268,3941.0,103.6,110.4,-6.8,0.586,1.44,16.6,0.276,0.721,0.493,0.156,0.5,0.539,95.65,7865,0.46,1,29,27,27,26,27,12,29,24,10,23,23,28,28,27,29,27,2017-18,2017,Unsuccessful,0.039,0.445,-7.109,0.337,0,36.7,82.8,0.444,9.2,26.2,0.352,16.6,21.1,0.786,9.5,31.0,40.5,21.5,15.0,7.5,4.8,5.1,23.2,20.4,99.3,-6.2,30,30,27,24,24,25,17,16,6,18,30,29,26,24,22,14,23,30,10,29,27,0.486,0.316,0.255,0.235,0.586,6.5,0.402,2018.0,0.134,0.0,22,9,26.21138508503434,0.697267465812809,0.34804261522041874,0.5187877128343604,0.40893825884784296,0.09090909090909091,0.018135778403745688,0.5224695970278875,0.5294497545853785,0.36363636363636365,102.3526602160041,109.14533063486341,-6.798470005503578,0.5346605325727734,0.4963472855796333,0.1984664934259814,0.09237997375634066,0.1548897723832478,0.08557657193103267,97.02526070960904,0.03985002749507239,4.0490815907307995
1610612763,Memphis Grizzlies,82,0.402,3976.0,105.6,108.0,-2.4,0.631,1.71,17.9,0.247,0.724,0.484,0.143,0.508,0.548,97.15,8038,0.49,1,22,4,27,9,24,6,16,13,27,20,26,23,27,24,30,22,2018-19,2018,Average,0.04,0.477,-2.47,0.341,1,38.0,84.4,0.45,9.9,28.9,0.342,17.7,23.0,0.772,8.8,33.0,41.8,23.9,14.0,8.3,5.5,4.9,22.0,21.4,103.5,-2.6,30,30,23,27,25,25,15,18,15,29,26,29,19,15,6,4,13,24,9,30,24,0.506,0.342,0.273,0.211,0.629,9.9,0.466,2019.0,0.064,0.0,22,7,27.244882518470902,0.6846192936014173,0.35940365252602385,0.5278939428183088,0.38851686507936506,0.3181818181818182,0.4692670564218627,0.2241677936496367,0.2819940476190476,0.22727272727272727,104.7859309176482,106.75079129149367,-1.9514637843869642,0.5390476760553655,0.5032865607870755,0.18792827030881,0.09450132956897427,0.14526429966158177,0.08095688396506431,99.71636372979889,0.05363900499769602,3.653346243584121
1610612763,Memphis Grizzlies,73,0.466,3514.0,108.7,109.7,-1.0,0.633,1.77,18.7,0.271,0.733,0.506,0.147,0.528,0.561,103.31,7562,0.507,3,16,9,21,14,17,6,9,5,13,15,14,20,20,21,6,14,2019-20,2019,Average,0.033,0.462,-0.968,0.359,1,42.5,90.9,0.468,10.9,31.5,0.347,16.6,21.8,0.763,10.3,36.2,46.5,26.9,15.2,7.9,5.5,5.3,21.2,20.2,112.6,-1.1,3,6,7,25,24,23,23,24,19,14,5,5,2,23,12,7,22,18,20,14,17,0.532,0.347,0.24,0.222,0.633,11.7,0.528,2020.0,0.062,0.0,17,10,24.4751901408826,0.8214759439219559,0.35718089899639716,0.5319914786248069,0.42575984055804683,0.11764705882352941,0.11656999646061302,0.4161497904892151,0.4550323866467364,0.35294117647058826,106.71672003054175,107.7151632135107,-0.9796843530077587,0.5611885029537991,0.5302903391909233,0.19751214909879863,0.10447932636760393,0.1588862289420786,0.09289275173815878,104.47443456565722,0.04602705725983359,4.467661580737736
1610612763,Memphis Grizzlies,72,0.528,3481.0,111.7,110.5,1.2,0.628,2.03,18.9,0.285,0.736,0.507,0.131,0.528,0.56,100.77,7302,0.511,1,15,11,15,7,14,7,3,9,4,15,11,6,22,22,8,9,2020-21,2020,Average,0.032,0.451,1.191,0.376,1,42.8,91.8,0.467,11.2,31.4,0.356,16.4,21.3,0.771,11.2,35.3,46.5,26.9,13.3,9.1,5.1,5.2,18.7,18.3,113.3,1.0,7,2,18,24,23,20,19,17,18,2,9,4,4,10,1,12,20,9,25,15,15,0.523,0.342,0.232,0.241,0.629,13.6,0.683,2021.0,0.15500000000000003,0.0,17,10,24.49078928198463,0.841681317488896,0.34853637590527714,0.5407609410880184,0.42747995991983967,0.0,0.0,0.8204114728332961,0.8570891783567134,0.6470588235294118,110.5159463212753,108.95766271211764,1.5506401481065022,0.5612436495208074,0.5304772999349426,0.1949620458008067,0.102140563019577,0.1577048601628948,0.09046680700294601,102.07428647524273,0.04056365368159037,2.244994432064365
1610612763,Memphis Grizzlies,82,0.683,3956.0,114.3,108.9,5.3,0.597,1.97,17.9,0.338,0.726,0.526,0.13,0.522,0.553,100.52,8295,0.53,1,2,13,4,6,5,19,5,15,1,15,1,8,23,24,4,4,2021-22,2021,Successful,0.031,0.388,5.273,0.396,2,43.5,94.4,0.461,11.5,32.7,0.353,17.0,23.1,0.734,14.1,35.0,49.2,26.0,13.2,9.8,6.5,6.0,19.8,19.8,115.6,5.7,2,1,19,23,23,17,15,7,28,1,8,1,6,9,1,1,30,17,14,2,4,0.519,0.346,0.245,0.287,0.598,12.8,0.622,2022.0,-0.061000000000000054,1.0,22,10,24.363058957009766,0.8414420989322012,0.32323222957350306,0.5025534859766054,0.4451476793248945,0.0,0.0,0.7867002602123003,0.8585443037974684,0.5,112.83341839052754,107.46310509053484,5.3846005905563255,0.5526674142888333,0.5267233947463584,0.19389808756181837,0.10639595031437053,0.15140204932991333,0.09393546001606624,101.88769242349787,0.0651604941663275,2.5
1610612763,Memphis Grizzlies,82,0.622,3956.0,114.7,110.7,4.0,0.596,1.91,18.2,0.302,0.711,0.507,0.133,0.54,0.57,101.5,8360,0.519,1,5,22,11,3,4,19,7,15,6,22,8,9,21,25,8,6,2022-23,2022,Successful,0.03,0.409,3.941,0.374,2,43.7,92.1,0.475,12.0,34.2,0.351,17.5,23.8,0.733,12.0,34.6,46.6,26.0,13.6,8.3,5.8,5.2,20.0,20.0,116.9,3.9,2,4,16,16,11,23,25,13,30,4,4,2,9,12,3,3,24,14,16,9,4,0.547,0.371,0.258,0.258,0.595,12.4,0.329,2023.0,-0.293,1.0,18,12,24.78173022975766,0.7878450871210864,0.2982194417238959,0.47557428009724906,0.40763296792529435,0.05555555555555555,0.06427100377488326,0.8245141947469631,0.8631749898497767,0.6111111111111112,113.45357240601402,109.26149192274035,4.181719559342821,0.5722989910511874,0.5485716094797596,0.19274456737413964,0.10358256359730149,0.150931479564608,0.08886082626805257,102.54304238288775,0.06258078112860742,2.229848026709942
1610612763,Memphis Grizzlies,82,0.329,3956.0,106.8,113.7,-6.9,0.644,1.64,17.9,0.287,0.706,0.488,0.152,0.509,0.543,98.68,8128,0.458,1,24,17,30,12,26,13,29,27,13,23,25,28,29,29,17,26,2023-24,2023,Unsuccessful,0.034,0.419,-6.992,0.336,0,38.4,88.2,0.435,13.1,37.8,0.346,16.0,21.0,0.764,10.9,31.7,42.6,24.7,15.1,8.2,6.1,6.5,19.1,18.8,105.8,-7.0,30,21,30,12,6,29,22,19,23,10,27,24,27,26,4,4,30,20,13,30,26,0.502,0.429,0.238,0.256,0.643,9.6,0.585,2024.0,0.25599999999999995,0.0,23,9,24.66241059328248,0.6851156261637831,0.3045953491177258,0.4614253105480296,0.4012104400453915,0.17391304347826086,0.15585754374655733,0.6514597328808176,0.6827638381036439,0.43478260869565216,105.96363851048167,112.18197194204892,-6.21052401290108,0.5481732809736864,0.5134085565119381,0.20312588119233368,0.09654340456629017,0.1629955670403275,0.08460809932289101,99.69378007988865,0.05967587348789467,2.7397395568751004
1610612763,Memphis Grizzlies,82,0.585,3941.0,117.2,112.6,4.7,0.635,1.81,19.1,0.33,0.702,0.518,0.151,0.554,0.588,103.69,8513,0.524,1,11,29,6,11,6,15,17,12,3,20,3,24,12,12,1,7,2024-25,2024,Average,0.034,0.372,4.533,0.367,1,44.8,93.3,0.479,13.9,37.9,0.367,18.3,23.3,0.786,12.9,34.4,47.3,28.4,15.7,8.9,5.6,5.5,20.9,20.2,121.7,4.9,2,2,8,11,13,11,1,2,12,3,4,2,8,28,7,3,25,29,2,2,5,0.558,0.406,0.25,0.273,0.634,12.7,,,,,19,10,25.63444082554184,0.823901401378515,0.33058548758735534,0.4998168890410032,0.3802876036527763,0.05263157894736842,0.013428362014247552,0.5780937862266469,0.6375564185997691,0.5263157894736842,114.16429362458273,110.50455474587322,3.6457566608931873,0.584075583225281,0.5537038597933732,0.1872573415259033,0.09990717700450386,0.1474959350210932,0.08577680056718831,103.68523644181485,0.05960067113716086,3.0397368307141326
1610612764,Washington Wizards,82,0.5,3951.0,104.5,105.1,-0.5,0.619,1.69,18.1,0.25,0.737,0.49,0.145,0.511,0.544,99.16,8163,0.497,1,17,26,21,14,17,3,8,4,25,6,24,15,9,15,5,15,2015-16,2015,Average,0.033,0.487,-0.504,0.345,1,39.5,85.8,0.46,8.6,24.2,0.358,16.5,22.5,0.73,9.1,32.8,41.8,24.5,14.5,8.6,3.9,4.3,20.8,20.1,104.1,-0.5,6,10,9,13,14,11,24,20,25,27,22,26,5,16,8,26,6,21,16,9,17,0.502,0.282,0.262,0.218,0.62,10.0,0.598,2016.0,0.09799999999999998,0.0,17,10,27.7238312183397,0.8321714969491911,0.34268681871262296,0.5323437651992478,0.3730420884389984,0.17647058823529413,0.1486530353371241,,,,103.44857048414781,103.82863374736962,-0.3929624915938158,0.5412756339242761,0.5104294861855964,0.2006082123990419,0.09866756064592597,0.15774783679815682,0.08606603267603101,100.22406645565916,0.047310041217483625,3.419064199455752
1610612764,Washington Wizards,82,0.598,3971.0,110.4,108.8,1.7,0.577,1.68,17.6,0.286,0.716,0.501,0.143,0.528,0.564,97.94,8109,0.511,1,9,7,8,20,9,16,12,8,10,23,14,17,6,8,10,8,2016-17,2016,Average,0.036,0.43,1.736,0.358,1,41.3,87.0,0.475,9.2,24.8,0.372,17.3,22.1,0.784,10.3,32.6,42.9,23.9,14.2,8.5,4.1,4.6,21.3,19.8,109.2,1.8,2,10,3,16,20,8,20,22,12,13,24,22,6,20,2,24,10,27,18,5,9,0.516,0.285,0.254,0.24,0.579,9.7,0.524,2017.0,-0.07399999999999995,1.0,17,8,26.62972052051659,0.9037216598829858,0.3593966651673192,0.5774707584866907,0.46062567421790723,0.17647058823529413,0.17538552777605546,0.6739015277492191,0.7183485338825145,0.4117647058823529,108.91265761302665,107.9719375030919,0.9462212206584953,0.5615381757412571,0.5260327970014624,0.19592837002409152,0.10090373931733417,0.15386484669830358,0.08518289396261884,99.14569063599927,0.053935001390562703,3.307189138830738
1610612764,Washington Wizards,82,0.524,3971.0,108.1,107.7,0.4,0.631,1.73,18.4,0.274,0.732,0.504,0.148,0.525,0.56,97.67,8087,0.509,1,17,5,15,15,15,3,7,4,11,13,12,20,11,12,16,13,2017-18,2017,Average,0.035,0.458,0.41,0.356,1,39.9,85.6,0.467,9.9,26.5,0.375,16.8,21.8,0.772,10.0,33.1,43.1,25.2,14.6,7.9,4.3,4.7,21.3,20.0,106.6,0.6,12,19,11,21,23,4,13,14,16,13,22,21,4,18,10,22,13,25,15,13,15,0.508,0.31,0.255,0.232,0.632,10.6,0.39,2018.0,-0.134,1.0,15,10,27.329685888498116,0.886962834228263,0.3815234844858802,0.5834129814995942,0.4486916951080774,0.06666666666666667,0.01960094062805652,0.8117769962333258,0.8328782707622298,0.6666666666666666,107.00492127442618,106.7553783114478,0.2430714752460823,0.5605399986681373,0.5247776996233326,0.19363250960397893,0.10176201685638772,0.15812296689072486,0.0896626286808316,98.53720468815683,0.04542917564737446,3.2878564445547194
1610612764,Washington Wizards,82,0.39,3986.0,110.2,112.9,-2.7,0.623,1.87,18.4,0.252,0.706,0.477,0.136,0.531,0.567,102.23,8486,0.487,1,25,2,15,27,25,10,11,9,25,28,29,10,9,11,9,23,2018-19,2018,Unsuccessful,0.036,0.454,-2.641,0.341,0,42.1,90.1,0.468,11.3,33.3,0.341,18.4,23.9,0.768,9.7,32.7,42.4,26.3,14.1,8.3,4.6,4.6,20.7,21.2,114.0,-2.9,10,10,11,14,12,26,10,9,17,23,27,27,6,18,7,23,10,13,12,10,25,0.542,0.37,0.265,0.229,0.625,12.2,0.347,2019.0,-0.04300000000000004,0.0,19,8,27.120017836571126,0.7712647188087329,0.38899709528034215,0.5861225045008451,0.4369092108155639,0.3157894736842105,0.3531818210740154,0.3553186154679804,0.40195647395031875,0.2631578947368421,108.43583601360544,112.1918590893684,-3.75774023266304,0.5646365489089545,0.5284190784243352,0.19632142053190194,0.09898858129268363,0.16310230938196418,0.08692849154921074,102.7646832151365,0.0525380814267137,3.822221212855164
1610612764,Washington Wizards,72,0.347,3471.0,110.2,114.7,-4.5,0.602,1.77,17.6,0.262,0.712,0.478,0.136,0.523,0.562,103.38,7475,0.473,11,23,19,16,29,25,14,8,16,19,27,30,6,21,19,5,22,2019-20,2019,Unsuccessful,0.039,0.45,-4.353,0.342,0,41.5,90.9,0.457,12.0,32.6,0.368,19.4,24.6,0.788,10.2,31.9,42.0,25.0,14.2,8.0,4.3,5.0,22.7,22.2,114.4,-4.7,11,5,21,17,18,8,6,7,11,17,28,28,12,9,11,24,18,29,4,7,25,0.506,0.359,0.271,0.243,0.602,10.8,0.472,2020.0,0.125,0.0,21,10,25.453126404900516,0.759987499170994,0.31364897326905783,0.48252537363670883,0.39872504209766657,0.14285714285714285,0.13260810440767412,0.3470933116623189,0.41640606206398845,0.23809523809523808,108.78454170779183,113.0767898322278,-4.282338433243309,0.5595274001802919,0.5220127668061549,0.19086732494852277,0.09316059170051597,0.15876229197011738,0.08250916370557608,104.479725827575,0.05697095751345593,4.011234224026317
1610612764,Washington Wizards,72,0.472,3481.0,110.7,112.3,-1.6,0.59,1.77,17.8,0.25,0.736,0.494,0.137,0.531,0.569,104.67,7585,0.496,1,17,11,17,20,22,19,19,17,24,16,19,16,20,18,1,19,2020-21,2020,Average,0.038,0.486,-1.529,0.357,1,43.2,90.9,0.475,10.2,29.0,0.351,20.1,26.2,0.769,9.7,35.5,45.2,25.5,14.4,7.3,4.1,4.8,21.6,22.0,116.6,-1.8,5,5,10,28,29,23,1,1,19,15,6,8,13,20,18,28,15,30,1,3,22,0.533,0.319,0.288,0.215,0.59,11.1,0.427,2021.0,-0.044999999999999984,0.0,18,10,27.200760275277563,0.799740008985623,0.36707606454722763,0.5337727085867924,0.49589966232513266,0.16666666666666666,0.12303227458291557,0.48746677696272483,0.5155571635311144,0.5,109.4468209674409,111.01150256994597,-1.5377743680669653,0.5732812284921233,0.5395075127237474,0.1935904355641215,0.09938913656831827,0.1517780374524634,0.08899887701143167,105.8095571162956,0.06879978197639873,4.026164427839479
1610612764,Washington Wizards,82,0.427,3966.0,110.2,113.6,-3.4,0.617,1.91,18.5,0.247,0.731,0.494,0.133,0.532,0.568,97.8,8079,0.496,1,21,7,21,25,23,11,7,8,29,11,19,11,18,16,22,19,2021-22,2021,Average,0.036,0.484,-3.476,0.361,1,40.6,86.0,0.472,10.5,30.6,0.342,17.0,21.7,0.783,9.0,34.1,43.1,25.0,13.1,6.4,5.0,4.2,18.8,19.9,108.6,-3.4,15,26,5,30,29,26,15,15,12,28,14,23,12,8,30,8,7,9,12,22,23,0.543,0.356,0.252,0.209,0.616,11.9,0.427,2022.0,0.0,0.0,23,10,26.443208266520298,0.7653938416451773,0.35156402071305304,0.528593822137289,0.38511875908870574,0.2608695652173913,0.211824098186956,0.4989937023795556,0.4963645176926806,0.391304347826087,108.6140523562469,112.60321481183786,-4.009588719396931,0.5594915894018003,0.5252145288967228,0.19532842110846932,0.09734785287960257,0.15398888536748406,0.08825627246862316,99.15255991955011,0.05043847737590816,3.583294573433783
1610612764,Washington Wizards,82,0.427,3951.0,113.7,114.9,-1.2,0.603,1.8,18.5,0.273,0.724,0.505,0.142,0.55,0.585,99.16,8161,0.504,1,23,25,22,21,23,16,16,13,19,13,13,17,13,13,19,15,2022-23,2022,Average,0.035,0.451,-1.21,0.363,1,42.1,86.9,0.485,11.3,31.7,0.356,17.6,22.4,0.785,9.4,34.2,43.6,25.4,14.1,6.8,5.2,5.0,18.8,19.4,113.2,-1.2,14,20,8,21,23,18,22,22,15,24,5,15,14,16,23,9,20,5,24,21,23,0.558,0.365,0.258,0.216,0.603,11.3,0.183,2023.0,-0.244,1.0,19,10,26.494380019793006,0.8049417594733513,0.3442911718527021,0.5426196618859812,0.45508033491740213,0.05263157894736842,0.05141324658351897,0.7229241916589577,0.7759674134419552,0.5263157894736842,112.97294416343429,113.77658362481628,-0.7873518848935556,0.5904966522039171,0.5587707452758591,0.1941811308836579,0.10045105091739864,0.1513005445788615,0.08975380133015315,100.27276905396755,0.059599077174063694,2.727636339397171
1610612764,Washington Wizards,82,0.183,3946.0,110.2,118.9,-8.7,0.65,2.0,19.5,0.24,0.683,0.459,0.136,0.538,0.567,103.07,8461,0.454,1,29,23,25,28,27,9,16,9,30,30,30,16,19,22,1,27,2023-24,2023,Unsuccessful,0.029,0.443,-8.441,0.323,0,43.0,91.4,0.47,12.4,35.5,0.348,15.4,20.2,0.764,9.2,31.9,41.1,27.9,14.0,7.6,5.1,6.0,20.0,18.0,113.7,-9.3,11,4,17,21,14,25,28,25,24,28,24,29,9,20,14,14,26,25,23,17,29,0.547,0.388,0.221,0.224,0.649,13.9,0.22,2024.0,0.037000000000000005,0.0,18,7,24.970423218421423,0.7922705830326309,0.38225130249922695,0.604388240702579,0.4595028067361668,0.1111111111111111,0.0892668843615035,0.4267806669140346,0.46580364302898386,0.2777777777777778,108.79254087747971,117.813772362258,-9.00582307001921,0.5652330358100633,0.5376338932923848,0.20041585041900903,0.09031181893041748,0.16597124066157734,0.07944181543832844,104.15327225956857,0.04966171276029164,2.864276807966203
1610612764,Washington Wizards,82,0.22,3946.0,105.8,118.0,-12.2,0.637,1.61,17.8,0.272,0.685,0.476,0.152,0.512,0.546,101.82,8371,0.437,1,29,23,30,28,30,12,27,25,24,27,29,26,28,29,4,30,2024-25,2024,Unsuccessful,0.034,0.413,-11.982,0.324,0,39.4,89.9,0.439,13.1,39.1,0.335,16.0,20.6,0.778,10.6,33.1,43.7,25.1,15.6,7.6,5.1,5.2,19.7,18.2,108.0,-12.4,27,12,28,17,9,29,25,25,16,21,15,18,25,27,23,11,21,24,21,27,30,0.518,0.435,0.229,0.243,0.637,9.5,,,,,19,7,23.615264547380914,0.6949968188031566,0.3453992875287701,0.5403837186763955,0.381230577998757,0.3157894736842105,0.17061891433819817,0.46240601334847914,0.5141081417029211,0.42105263157894735,105.20983823328412,116.05452478000025,-10.853321407592114,0.5438535033489814,0.5108694943679224,0.1871271450136764,0.08376830109588078,0.16072093522924277,0.07607839403093497,103.05297899528131,0.04561775522575323,2.762725657973388
1610612765,Detroit Pistons,82,0.537,3976.0,105.3,104.9,0.3,0.512,1.44,14.8,0.313,0.753,0.521,0.14,0.491,0.522,95.75,7942,0.486,1,12,5,15,13,14,29,23,29,2,2,2,8,22,28,21,22,2015-16,2015,Average,0.031,0.44,0.313,0.381,1,37.9,86.4,0.439,9.0,26.2,0.345,17.1,25.5,0.668,12.5,33.9,46.3,19.4,13.5,7.0,3.7,4.5,19.0,21.6,102.0,0.6,18,5,25,10,10,22,20,5,30,2,11,2,27,9,24,30,9,6,5,19,14,0.48,0.303,0.295,0.27,0.512,5.9,0.451,2016.0,-0.08600000000000002,1.0,15,9,25.11221767967879,0.9131024791432528,0.42380366421260535,0.6755981445208751,0.4758679085520745,0.06666666666666667,0.12817120328898957,,,,104.33179156847956,103.96335592762823,0.40343127480812613,0.5252386298868533,0.493980811762768,0.19613488855243358,0.09941992989513168,0.12811616624179128,0.09450864411962738,96.60641843624431,0.04491473403387059,4.755763235340599
1610612765,Detroit Pistons,82,0.451,3961.0,105.3,106.7,-1.4,0.53,1.78,16.1,0.286,0.775,0.519,0.123,0.492,0.521,95.52,7890,0.482,1,19,13,23,8,21,28,4,24,9,1,3,2,27,30,21,23,2016-17,2016,Average,0.029,0.489,-1.466,0.396,1,39.9,88.8,0.449,7.7,23.4,0.33,13.9,19.3,0.719,11.1,34.6,45.7,21.1,11.9,7.0,3.8,4.1,17.9,17.5,101.3,-1.1,7,1,22,27,26,28,30,29,29,8,5,4,24,3,25,29,6,3,30,26,21,0.492,0.264,0.217,0.243,0.529,9.2,0.476,2017.0,0.024999999999999967,0.0,15,9,25.77598005554153,0.8841527751265902,0.38677236388117486,0.6071529075149374,0.42496088578649654,0.0,0.0,0.7510630312210722,0.7584546876880491,0.6,104.20225968189852,105.62196351931331,-1.4047009761844653,0.5193468021543383,0.4913536185306743,0.19568665488513007,0.09657095278969957,0.1331770185979972,0.09244681873264331,96.5095022519566,0.036458330687830595,2.739739556875101
1610612765,Detroit Pistons,82,0.476,3961.0,106.6,106.7,-0.1,0.582,1.7,17.1,0.269,0.74,0.499,0.138,0.512,0.543,96.75,7981,0.489,1,19,12,19,10,19,19,10,18,16,9,18,7,20,26,23,21,2017-18,2017,Average,0.031,0.471,-0.103,0.361,1,39.1,86.9,0.45,10.8,28.9,0.373,14.7,19.8,0.745,10.1,33.6,43.7,22.8,13.4,7.7,3.9,4.9,18.4,18.4,103.8,-0.1,16,9,23,14,16,5,27,24,25,11,18,16,15,7,14,27,17,4,27,22,19,0.488,0.333,0.228,0.231,0.583,9.4,0.5,2018.0,0.02400000000000002,0.0,19,9,27.07646171924692,0.7996542535905979,0.3246647803897201,0.5032334545722542,0.39149994080738726,0.2631578947368421,0.2521289096861621,0.48714346765053523,0.49863856990647565,0.3684210526315789,105.38318755259398,105.39744382461701,-0.02627492858795483,0.5508814696198592,0.5205621461294501,0.18694651462424444,0.10006551320391147,0.16009017345149715,0.09224995308221708,98.16442690111592,0.05054981652407141,3.3920750049941657
1610612765,Detroit Pistons,82,0.5,3971.0,108.4,108.7,-0.3,0.579,1.63,16.5,0.291,0.745,0.509,0.14,0.509,0.544,97.88,8101,0.482,1,16,7,21,12,16,23,23,25,5,4,8,18,26,26,28,25,2018-19,2018,Average,0.035,0.454,-0.306,0.369,1,38.8,88.3,0.44,12.1,34.8,0.348,17.3,23.1,0.747,11.4,33.6,45.0,22.5,13.8,6.9,4.0,5.1,22.1,21.3,107.0,-0.2,27,19,29,9,6,23,19,17,23,5,24,18,26,11,22,29,17,26,11,25,17,0.499,0.394,0.262,0.253,0.58,8.7,0.303,2019.0,-0.197,1.0,17,9,27.45553160504723,0.8342138815695693,0.40038860567957263,0.5696160755293909,0.5339144972534033,0.17647058823529413,0.14352364187109212,0.656530374795142,0.7658227848101266,0.4117647058823529,107.1886479799727,107.4093979640361,-0.22436655790934493,0.5361266851513499,0.5025822306181439,0.19365319825811703,0.09699375603361217,0.14734804921078984,0.09096336419823392,99.13632453050617,0.05213396797946566,3.4354721852756236
1610612765,Detroit Pistons,66,0.303,3193.0,108.8,112.3,-3.5,0.612,1.58,17.7,0.277,0.717,0.493,0.155,0.529,0.561,97.86,6507,0.473,24,26,24,20,22,23,11,23,13,11,25,19,27,19,20,28,23,2019-20,2019,Unsuccessful,0.032,0.44,-3.577,0.338,0,39.3,85.7,0.459,12.0,32.7,0.367,16.6,22.4,0.743,9.8,32.0,41.7,24.1,15.3,7.4,4.5,5.6,19.7,19.8,107.2,-3.6,28,27,18,18,17,11,22,22,26,21,27,30,16,25,21,22,27,8,24,25,23,0.515,0.382,0.261,0.235,0.613,8.8,0.278,2020.0,-0.024999999999999967,0.0,19,10,26.008203418063996,0.7475824906353108,0.3437454318345108,0.5248470218496146,0.387583076673691,0.21052631578947367,0.144722705592482,0.47464848002530435,0.4404279461825255,0.3684210526315789,107.16418102447074,111.00878539227577,-3.8333776558091177,0.5611893289495826,0.5293802581814908,0.18311734789836187,0.08715322585286427,0.15827917864988797,0.06940592980397202,99.74186345930325,0.05233402335001581,3.458323293158117
1610612765,Detroit Pistons,72,0.278,3486.0,107.6,112.2,-4.5,0.626,1.62,17.8,0.267,0.725,0.493,0.151,0.519,0.556,98.19,7132,0.473,1,29,6,26,19,25,8,26,18,15,24,21,26,26,24,23,25,2020-21,2020,Unsuccessful,0.037,0.458,-4.583,0.342,0,38.7,85.6,0.452,11.6,32.9,0.351,17.8,23.4,0.759,9.6,33.1,42.7,24.2,14.9,7.4,5.2,5.8,20.5,20.4,106.6,-4.5,28,29,24,22,21,22,7,5,24,18,26,25,18,25,17,8,28,26,5,27,25,0.514,0.384,0.273,0.225,0.625,9.3,0.28,2021.0,0.0020000000000000018,0.0,17,9,24.67521471396434,0.7652948261529559,0.3205999837618703,0.4993263193354267,0.397196261682243,0.23529411764705882,0.21359171794873089,0.052592477913370086,0.039169873556899396,0.058823529411764705,106.14971651352228,111.08571093002627,-4.946416058199071,0.5611316246652145,0.5282704714655215,0.19318518144597013,0.09232555120129382,0.1444924665668509,0.08855557247727795,99.62079358967053,0.043261764260297805,4.570436400267363
1610612765,Detroit Pistons,82,0.28,3956.0,105.6,113.3,-7.7,0.615,1.65,17.1,0.276,0.707,0.481,0.143,0.494,0.533,98.81,8141,0.45,1,28,13,28,24,26,12,23,24,13,26,30,20,30,29,13,29,2021-22,2021,Unsuccessful,0.039,0.431,-7.793,0.338,0,38.2,88.6,0.431,11.3,34.6,0.326,17.2,22.0,0.782,11.0,32.0,43.0,23.5,14.2,7.7,4.8,5.2,21.9,19.8,104.8,-7.7,29,11,29,26,16,29,13,13,13,8,29,25,24,20,10,14,26,30,14,28,26,0.498,0.391,0.248,0.256,0.615,9.3,0.207,2022.0,-0.07300000000000004,1.0,25,9,23.939141403862855,0.6967859889812784,0.3485455061895514,0.5198049557026395,0.4113082039911308,0.12,0.08687112512930704,0.6901249813517417,0.6735649174673565,0.4,104.6838307271779,112.1292308337444,-7.445435007490511,0.5296655269507661,0.4936263260043444,0.1922996770038163,0.08970019042541941,0.15344200103788488,0.08532483503159588,99.8043147150823,0.04367924613829636,3.2356043952357862
1610612765,Detroit Pistons,82,0.207,3961.0,109.9,117.8,-7.9,0.581,1.52,16.7,0.292,0.702,0.491,0.15,0.52,0.561,99.88,8231,0.449,1,30,18,28,27,28,22,29,28,8,27,23,26,27,26,13,30,2022-23,2022,Unsuccessful,0.041,0.41,-7.909,0.341,0,39.6,87.1,0.454,11.4,32.4,0.351,19.8,25.7,0.771,11.2,31.3,42.4,23.0,15.1,7.0,3.8,5.5,22.1,21.0,110.3,-8.2,29,19,30,20,19,22,4,2,21,10,26,21,27,25,20,27,27,30,3,29,29,0.516,0.372,0.295,0.264,0.581,7.9,0.171,2023.0,-0.035999999999999976,0.0,19,10,24.60032388046803,0.7463657070560258,0.34411514048170805,0.511232007380689,0.3878982406086543,0.15789473684210525,0.12257382021003646,0.48296633834003677,0.42534474560152163,0.47368421052631576,108.71541061087828,116.63031621964376,-7.933289329274655,0.5624353983362205,0.5272380952208938,0.1948008184791038,0.09030074275587925,0.15277688397982847,0.08683138537558313,100.73103955750545,0.04346906946324018,4.825971404805461
1610612765,Detroit Pistons,82,0.171,3951.0,109.0,118.0,-9.0,0.623,1.67,18.2,0.277,0.73,0.499,0.151,0.526,0.562,100.45,8269,0.449,1,30,21,27,25,29,17,28,23,20,5,17,27,28,26,9,28,2023-24,2023,Unsuccessful,0.036,0.453,-8.96,0.348,0,40.9,88.2,0.463,11.0,31.7,0.348,17.0,21.7,0.785,10.5,32.8,43.3,25.5,15.2,6.5,4.7,6.0,20.6,17.8,109.9,-9.1,24,20,24,29,27,26,14,15,12,15,18,16,22,28,30,20,25,28,28,27,28,0.529,0.359,0.246,0.242,0.623,10.3,0.537,2024.0,0.366,0.0,24,8,23.708202971780565,0.7269575370655255,0.29311558188173165,0.448951302700592,0.39301260022909507,0.3333333333333333,0.3082199879727558,0.5165825368631173,0.5758304696449026,0.4166666666666667,107.77513311306727,115.39472819208751,-7.590034274667905,0.5560683032691132,0.5258115624945415,0.18294995645738335,0.08672557075681246,0.15874653496316363,0.08838127096788889,101.2632512252423,0.04959318879644663,2.222048604328897
1610612765,Detroit Pistons,82,0.537,3961.0,114.6,112.5,2.1,0.618,1.78,18.6,0.305,0.714,0.511,0.147,0.547,0.58,100.27,8268,0.509,1,14,9,14,10,12,21,20,19,10,11,5,21,16,16,11,14,2024-25,2024,Average,0.033,0.409,2.094,0.364,1,42.7,89.8,0.476,12.8,35.4,0.362,17.2,22.3,0.774,11.4,33.4,44.8,26.4,14.9,8.0,5.3,5.0,20.7,18.9,115.5,1.9,10,14,13,20,22,17,11,11,20,11,12,13,15,21,19,9,17,27,13,12,13,0.55,0.394,0.248,0.254,0.618,11.5,,,,,18,10,26.429995194658712,0.8572462064407212,0.32555967582635886,0.5224394794817323,0.40505344995140913,0.1111111111111111,0.13332513817764657,0.471326987097254,0.498153547133139,0.3888888888888889,112.79588401516904,111.3339737783277,1.4736854501433319,0.5788524450401132,0.5479750598548225,0.19424097564998313,0.09989224089595915,0.16502998270924912,0.08671513304860946,101.38584415048925,0.05263924391554271,4.749736834815167
1610612766,Charlotte Hornets,82,0.585,3971.0,106.4,103.7,2.7,0.586,1.73,16.7,0.244,0.754,0.499,0.129,0.502,0.545,96.24,7966,0.511,1,7,9,9,9,9,17,6,18,27,1,15,1,14,12,18,11,2015-16,2015,Average,0.043,0.51,2.805,0.37,1,37.0,84.4,0.439,10.6,29.4,0.362,18.7,23.7,0.79,9.0,35.0,43.9,21.7,12.5,7.3,5.3,5.5,18.1,20.4,103.4,2.7,24,16,27,4,4,8,7,11,5,28,4,14,19,1,22,12,21,3,14,11,9,0.48,0.348,0.281,0.205,0.586,9.2,0.439,2016.0,-0.14599999999999996,1.0,16,10,26.849004803255408,0.8823160746979967,0.38128842894280335,0.5991014814041611,0.4299054511497607,0.0625,0.11603730600166681,,,,105.46016049235439,102.36674281624192,3.094862181860959,0.5486223879088525,0.5050981825833529,0.193660552167264,0.1036678992923524,0.14676333056636662,0.08620007737565633,97.02494384548727,0.03751119832796601,2.773084924772409
1610612766,Charlotte Hornets,82,0.439,3966.0,108.4,108.4,0.0,0.611,2.01,17.6,0.247,0.749,0.496,0.119,0.501,0.547,95.92,7934,0.505,1,20,10,14,17,15,8,2,9,27,3,19,1,23,17,20,11,2016-17,2016,Average,0.046,0.502,0.0,0.377,1,37.7,85.4,0.442,10.0,28.6,0.351,19.4,23.8,0.815,8.8,34.8,43.6,23.1,11.5,7.0,4.8,5.5,16.6,19.9,104.9,0.2,26,15,26,11,9,18,5,10,1,26,4,16,11,1,27,17,28,1,15,16,15,0.488,0.335,0.279,0.202,0.613,11.6,0.439,2017.0,0.0,0.0,17,8,26.95319608779264,0.8668731467113445,0.4069710883383717,0.6313479715432299,0.46918971373119844,0.17647058823529413,0.04067792910312446,0.7836899583767276,0.8130761766132946,0.47058823529411764,107.34712120075854,107.19866252405608,0.17239130136277314,0.5438967314534909,0.49772243056743837,0.19633206064069278,0.10093759757104863,0.15719925706930193,0.08678881725756786,96.84901839652173,0.04438450602406204,2.9553976043842223
1610612766,Charlotte Hornets,82,0.439,3956.0,109.0,109.0,-0.1,0.554,1.7,16.1,0.271,0.763,0.512,0.128,0.508,0.549,98.66,8143,0.5,1,20,16,9,17,18,25,9,27,13,2,5,2,25,18,10,18,2017-18,2017,Average,0.041,0.492,-0.101,0.384,1,39.0,86.7,0.45,10.0,27.2,0.369,20.2,27.0,0.747,10.1,35.4,45.5,21.6,12.7,6.8,4.5,4.9,17.2,22.4,108.2,0.3,18,11,24,19,21,8,1,1,24,12,4,3,24,3,28,18,20,2,1,10,17,0.487,0.314,0.311,0.222,0.554,8.9,0.476,2018.0,0.03699999999999998,0.0,17,8,27.053086812714216,0.8663139864153233,0.36002577035403255,0.5573100560678423,0.46188091263216474,0.058823529411764705,0.02470061451101453,0.7211022089683897,0.7254312743461324,0.5294117647058824,107.746712547624,107.83003160665965,-0.10088344911004665,0.5489696359704307,0.5105122924688672,0.19532679422259044,0.10022675946126103,0.13921674055322983,0.09184427940447029,99.68630127962334,0.04807659903736953,3.082207001484488
1610612766,Charlotte Hornets,82,0.476,3966.0,110.7,112.0,-1.3,0.578,1.9,17.0,0.268,0.731,0.495,0.122,0.514,0.554,99.18,8202,0.486,1,17,11,11,23,19,24,6,22,17,12,22,2,24,19,21,24,2018-19,2018,Average,0.04,0.463,-1.311,0.373,1,40.2,89.8,0.448,11.9,33.9,0.351,18.4,23.1,0.797,9.9,33.9,43.8,23.2,12.2,7.2,4.9,6.0,18.9,20.6,110.7,-1.1,21,12,26,11,10,18,9,16,6,19,22,23,24,2,21,18,29,3,18,19,18,0.506,0.378,0.257,0.226,0.577,11.0,0.354,2019.0,-0.122,1.0,17,9,27.4029129075306,0.8283481815673721,0.35497781164836556,0.5370420993129795,0.42790991370237846,0.058823529411764705,0.059267216276645156,0.7419026343150784,0.7876236581772258,0.5882352941176471,108.82575391507179,110.60627790975792,-1.750389308388691,0.5530724567781559,0.5162970840656685,0.19317653728598655,0.096604067592424,0.15385646680748422,0.08371544150168621,100.2238401370586,0.054463262054161306,3.7940824619919713
1610612766,Charlotte Hornets,65,0.354,3150.0,105.9,112.8,-7.0,0.639,1.63,17.7,0.28,0.706,0.486,0.15,0.504,0.539,96.24,6317,0.455,26,22,26,28,25,27,4,18,15,8,30,25,24,28,29,30,28,2019-20,2019,Unsuccessful,0.035,0.426,-7.273,0.336,0,37.3,85.9,0.434,12.1,34.3,0.352,16.2,21.6,0.748,11.0,31.8,42.8,23.8,14.6,6.6,4.1,5.0,18.8,20.6,102.9,-6.8,30,26,30,15,14,19,26,25,24,3,29,26,19,14,26,25,20,3,16,30,27,0.488,0.399,0.251,0.257,0.638,9.2,0.458,2020.0,0.10400000000000004,0.0,14,8,24.388387647256522,0.8402752420826883,0.43099388126306354,0.6406709132872458,0.4905719673161534,0.0,0.0,0.6322587351618852,0.6414204902576995,0.6428571428571429,104.50342101782923,111.40850615036166,-6.955106593378469,0.5355890612709128,0.502479363257205,0.1977363247283627,0.09256312155136831,0.16567948612576316,0.08664852433148083,97.43501364373147,0.03400896021639003,2.222048604328897
1610612766,Charlotte Hornets,72,0.458,3471.0,110.1,112.0,-1.9,0.672,1.81,19.2,0.276,0.722,0.496,0.149,0.532,0.564,99.0,7159,0.489,1,19,19,23,16,23,1,16,7,9,26,17,25,19,21,18,22,2020-21,2020,Average,0.032,0.446,-1.919,0.347,1,39.9,87.8,0.455,13.7,37.0,0.369,15.9,20.9,0.761,10.6,33.2,43.8,26.8,14.8,7.8,4.8,4.8,18.0,18.6,109.5,-1.9,22,20,22,10,9,14,26,24,21,6,25,19,5,24,10,16,14,5,21,23,23,0.516,0.421,0.238,0.242,0.672,12.0,0.524,2021.0,0.066,0.0,17,10,25.327043059731462,0.8230151830052708,0.34866219061698084,0.5241217068758457,0.38556905529382596,0.058823529411764705,0.05858287718189812,0.7636974276433147,0.7408876766674932,0.5882352941176471,108.43739569510214,110.24027197971394,-1.811815962871628,0.5595890857913233,0.5283056440791526,0.19276611611478,0.09715278653744262,0.17129679978390977,0.08624947089770531,100.40045773373662,0.03937778561575041,3.7629775444453557
1610612766,Charlotte Hornets,82,0.524,3976.0,113.6,113.1,0.5,0.656,2.12,19.6,0.27,0.706,0.486,0.131,0.544,0.572,100.52,8322,0.504,1,16,3,8,22,16,3,2,2,14,29,27,9,7,13,5,15,2021-22,2021,Average,0.028,0.436,0.497,0.355,1,42.8,91.4,0.468,13.9,38.2,0.365,15.8,21.4,0.74,10.8,33.7,44.6,28.1,13.3,8.6,4.9,4.6,19.9,19.6,115.3,0.4,4,3,11,5,6,6,25,19,27,9,21,12,1,10,5,11,12,18,18,4,16,0.543,0.418,0.234,0.242,0.657,14.8,0.329,2022.0,-0.195,1.0,17,9,25.94784745160362,0.8536477182526268,0.3749178437503719,0.5626821921364333,0.454217229966904,0.11764705882352941,0.09588700125984387,0.6887630169629123,0.7029385217129676,0.47058823529411764,112.41145988285128,111.47676061338908,0.9194365593428245,0.5839909229540574,0.5600852549683832,0.19546389525846394,0.10453768750187753,0.16022884688617592,0.09052513716055208,101.46723462367397,0.0492531881527468,3.7449554547450483
1610612766,Charlotte Hornets,82,0.329,3966.0,108.4,114.7,-6.3,0.609,1.77,17.8,0.276,0.717,0.491,0.139,0.516,0.551,101.47,8390,0.473,1,27,12,30,20,27,13,20,20,17,19,24,14,29,30,9,27,2022-23,2022,Unsuccessful,0.035,0.441,-6.209,0.352,0,41.3,90.4,0.457,10.7,32.5,0.33,17.6,23.6,0.749,11.0,33.5,44.5,25.1,14.2,7.7,5.2,5.7,20.3,20.3,111.0,-6.2,22,6,29,27,18,29,20,17,27,12,10,9,17,17,9,8,29,17,13,27,27,0.528,0.36,0.261,0.247,0.608,10.9,0.256,2023.0,-0.07300000000000001,1.0,17,9,25.00188773114799,0.7362294134790704,0.36813389442829286,0.5431818748410212,0.439469320066335,0.058823529411764705,0.027884011902459736,0.7376461921435382,0.7900242377854318,0.5882352941176471,106.98437779811248,112.88307879355644,-5.866352826148861,0.5452889107664143,0.5110606143856714,0.20031685159101884,0.09254767176679855,0.15321335682518702,0.08055486651945026,102.55199149478092,0.051679448837025785,3.8713891978187434
1610612766,Charlotte Hornets,82,0.256,3946.0,108.6,119.2,-10.6,0.62,1.8,18.4,0.253,0.709,0.475,0.14,0.529,0.56,97.81,8047,0.447,1,27,23,28,29,30,18,25,22,27,22,29,21,26,28,22,29,2023-24,2023,Unsuccessful,0.031,0.456,-10.837,0.335,0,40.0,87.0,0.46,12.1,34.0,0.355,14.5,18.4,0.786,9.3,31.0,40.3,24.8,13.8,6.9,4.5,4.8,18.0,17.5,106.6,-10.2,27,25,26,23,17,21,30,30,11,27,29,30,26,18,25,25,13,7,29,28,30,0.526,0.391,0.211,0.231,0.62,11.0,0.232,2024.0,-0.023999999999999994,0.0,22,6,25.113426264623616,0.736485412949098,0.3790345598495611,0.5358319560232052,0.45211122554067973,0.3181818181818182,0.3263975204232108,0.29252392886177975,0.2808959835221421,0.3181818181818182,107.74959229275093,116.57195047329625,-8.811057775068923,0.5628157293076427,0.5345778111575791,0.18226853446513952,0.08417104994000807,0.14376288512623503,0.08332911102694421,98.87592564546857,0.03947045308413201,2.793842435706702
1610612766,Charlotte Hornets,82,0.232,3951.0,106.7,115.7,-9.1,0.635,1.57,17.5,0.308,0.705,0.5,0.157,0.503,0.537,98.22,8079,0.45,1,28,18,29,24,27,16,28,26,8,17,16,28,30,30,23,29,2024-25,2024,Unsuccessful,0.034,0.397,-9.265,0.343,0,38.3,89.1,0.43,13.0,38.3,0.339,15.5,19.8,0.783,12.2,33.0,45.2,24.3,15.5,7.4,4.5,5.3,18.7,18.1,105.1,-9.1,28,19,30,18,11,28,29,28,14,6,16,9,26,25,26,21,23,16,22,30,27,0.498,0.43,0.222,0.27,0.634,8.8,,,,,21,10,24.92402222158982,0.7124260760775677,0.29197889949033407,0.4327297592649133,0.3820537660450472,0.14285714285714285,0.11778460628029318,0.4770476163715408,0.618430612739162,0.38095238095238093,105.59949747994862,114.39171081159184,-8.822854001842314,0.5428688155771969,0.511576045870923,0.19576146694523697,0.09120007824579324,0.15637796039717913,0.09154054152803909,99.55298968863003,0.06782654347672451,4.2296571965113205
