TEAM_ID,SEASON,SEASON_START_YEAR,PLAYER_COUNT,ROTATION_PLAYER_COUNT,MINUTES_WEIGHTED_AGE,MINUTES_WEIGHTED_AVAILABILITY,TOP3_MINUTES_SHARE,TOP5_MINUTES_SHARE,TOP3_POINTS_SHARE,MULTI_TEAM_PLAYER_SHARE,MULTI_TEAM_MINUTES_SHARE,RETURNING_MINUTES_SHARE,RETURNING_POINTS_SHARE,RETURNING_PLAYER_SHARE,MW_PLAYER_OFF_RATING,MW_PLAYER_DEF_RATING,MW_PLAYER_NET_RATING,MW_PLAYER_TS_PCT,MW_PLAYER_EFG_PCT,MW_PLAYER_USG_PCT,MW_PLAYER_PIE,MW_PLAYER_AST_PCT,MW_PLAYER_REB_PCT,MW_PLAYER_PACE,ROTATION_USAGE_STD,ROTATION_AGE_STD
1610612737,2015-16,2015,15,8,29.126513593855407,0.8875484076267058,0.3748875380023299,0.5866500316077511,0.4494082153631933,0.13333333333333333,0.07155801192005634,,,,103.05914061254676,99.43417025320457,3.629542836131081,0.5543350302818448,0.5204042416959167,0.19238969822470134,0.10496796929332815,0.16629220013137821,0.08492668482657885,99.11877611484145,0.05483383991660623,3.75624480032918
1610612738,2015-16,2015,15,9,25.64314270264625,0.8978998029405154,0.38781496485202205,0.6045582540675115,0.4749852158486103,0.0,0.0,,,,105.01125036520321,101.45929046354591,3.5656543600193844,0.529890997120235,0.4909548091384311,0.19520900024728086,0.10341977875913332,0.1546466319955567,0.0859093122182217,100.51421434893706,0.044080173869837,2.1829869671542776
1610612739,2015-16,2015,17,10,28.60319370113314,0.8488175576403948,0.3667480551937034,0.569162700202687,0.47904533516044306,0.17647058823529413,0.08835973886621995,,,,108.93507454598077,102.76318908026342,6.15123164609064,0.5583428441477534,0.5282149534638622,0.19326275230776394,0.10436469598453273,0.1501315943117795,0.09174242280533766,94.85516914006071,0.06331232107575903,3.7202150475476548
1610612740,2015-16,2015,19,9,27.173608374233844,0.7178505066943672,0.31477613124394793,0.4922094678878649,0.4469449485783424,0.15789473684210525,0.060025009566675905,,,,103.44674397833153,107.10145330638068,-3.655230475975111,0.537238396354407,0.502254883317297,0.1950464006625494,0.09339981352561022,0.1409364488345308,0.08791910917573383,98.58374683377399,0.06955378059503112,2.006163342807532
1610612741,2015-16,2015,15,10,27.756716599142592,0.7942150957073982,0.3488924389171485,0.5418913455788689,0.4422195416164053,0.06666666666666667,0.03927917121518156,,,,102.85792760919378,104.47486909047183,-1.6147585330676149,0.5242164358155013,0.4878930590940739,0.1972039236464674,0.09950261437747884,0.15088949809731345,0.08928789682235373,97.6600840556232,0.04388393783606936,3.935733730830886
1610612742,2015-16,2015,15,8,31.067553026786882,0.8577115339671215,0.35499234773370647,0.5576456757463919,0.3828665182233681,0.06666666666666667,0.04451972167839708,,,,103.7998601768568,104.09881517245869,-0.2873015275606494,0.5445643460106318,0.5013174093824412,0.1952300170828299,0.1022818915100604,0.15007912592908637,0.08841903216910195,96.87397327820722,0.030024729390953714,2.9764702249476644
1610612743,2015-16,2015,16,11,24.67845588219677,0.7979467952549111,0.3496831691159448,0.5317280738457879,0.3807333898099964,0.1875,0.12129442524621989,,,,103.80994095820263,107.24396013754755,-3.4287573781007143,0.5330896605277187,0.49197758255295565,0.19494175273300354,0.0959027787748583,0.14840345500075403,0.09094554204481979,97.39851433013536,0.029015242503219945,3.8804447218932805
1610612744,2015-16,2015,15,9,28.022012711929694,0.8892789065006925,0.4084975684455367,0.5970560821260653,0.5589450270098506,0.06666666666666667,0.02476688285203777,,,,112.23152289710661,101.38498196437817,10.84830843116284,0.584216342757854,0.5567662490295895,0.19461307146777038,0.11291298825462871,0.16969477268053673,0.09177653261141427,101.2810535786523,0.06469319807014652,2.884612219054927
1610612745,2015-16,2015,15,8,28.21877669305248,0.8622681353523881,0.4539182585834785,0.6576866927540279,0.5381777941718923,0.06666666666666667,0.04833785080106851,,,,106.0687542628776,105.73074901403356,0.3324245023201956,0.5515539511622766,0.5253463942257954,0.19745218179684193,0.10134291150627686,0.14694602475961716,0.09233437174361922,99.52009540606213,0.05288667128870941,4.636809247747852
1610612746,2015-16,2015,16,10,30.23412234136912,0.8881050708409851,0.3591253562381612,0.5676998825250618,0.42934782608695654,0.0625,0.11128855050282253,,,,106.11889178270584,101.71934863517598,4.401480525016087,0.5524871742737542,0.5299128914812601,0.19597725368766847,0.10715541256867418,0.14978401741569455,0.08372789705866496,97.688268455135,0.05476540879058605,4.219004621945797
1610612747,2015-16,2015,15,9,26.957198090893737,0.8277350038273902,0.35974210170636933,0.551560736610914,0.430969681784014,0.0,0.0,,,,99.78073039364759,109.2687846342288,-9.502121794221999,0.5110629977192095,0.46376873931407336,0.19558292566311877,0.08511986433519178,0.12962731179253256,0.08563444399391791,97.442894086839,0.05834190413225967,5.26577582714346
1610612748,2015-16,2015,15,9,29.460408656402375,0.8282365859009392,0.3309904920255149,0.5302160343965436,0.3719557987340414,0.2,0.18833685800984032,,,,104.05104239121704,103.18215305846725,0.8777385730746856,0.5419770021698243,0.5038214228403474,0.19440868561241292,0.10452229959962298,0.14584684495480726,0.08815799895494661,95.46025673912278,0.049528393153776565,4.148478822798771
1610612749,2015-16,2015,16,8,23.8499501586153,0.8279027114016312,0.4082625584548278,0.608444027897707,0.49169026221839224,0.0625,0.0022368436337458744,,,,102.57429713209591,106.75824303773685,-4.18394590564094,0.5322865659917273,0.49753636072535923,0.1953948596789511,0.09693523961828619,0.15084987734524294,0.088032664163009,95.95898181904808,0.03376365464519503,2.9895651857753496
1610612750,2015-16,2015,14,8,24.579671967665547,0.9029486664860875,0.4153287752908255,0.6558575470644874,0.5481950601646611,0.0,0.0,,,,104.4087201051099,107.91519927972756,-3.521638095782841,0.5449304099014192,0.49629801991691497,0.19363210932196637,0.10060050156882366,0.14969627073205763,0.09094390230883127,97.2202900061133,0.059633778179820206,4.898979485566356
1610612751,2015-16,2015,17,9,26.656849301131732,0.7987030622451858,0.38903609723809596,0.5766599544119193,0.46795387503352104,0.058823529411764705,0.03434993966775315,,,,101.06269647003165,108.68002353640532,-7.642265342773292,0.5267869284498669,0.4908401829581078,0.1975505229491566,0.09383730910467356,0.1381799303923729,0.0916974528521632,97.30631610102147,0.03150308626856176,2.5385910352879693
1610612752,2015-16,2015,16,9,27.63551914668878,0.8687017996247105,0.35697794520731113,0.5615359802650052,0.432,0.0,0.0,,,,102.51806498275194,105.35573397868728,-2.8286876596114507,0.526393915878916,0.48530933877405047,0.1957094276049257,0.09729457145579014,0.13981138397333906,0.08877842562942066,95.37234282617563,0.048733085068020404,4.254264382017033
1610612753,2015-16,2015,15,8,24.503547620212064,0.8742063940633961,0.36565667782808925,0.5676714926632779,0.43166605817208226,0.13333333333333333,0.14171184654773053,,,,103.35693998127452,104.86955491288394,-1.5089798123997424,0.5285673009541776,0.4951362716952175,0.19779185595774057,0.09693556859177929,0.15070114107116137,0.0865500276378219,97.92328777741288,0.030813957876261205,3.3819373146171707
1610612754,2015-16,2015,15,10,27.549587996604796,0.8715940263900952,0.3973747656611799,0.5653592943794105,0.4591499409681228,0.06666666666666667,0.06942554027479138,,,,102.60317303617836,101.47122763695948,1.1336754231873754,0.5343253414065707,0.4991221497249594,0.19431552410229702,0.10250167013555903,0.14624126780417473,0.0854576986451969,98.56280242006896,0.045905990894435554,2.8653097563788803
1610612755,2015-16,2015,14,9,24.00975340536252,0.848337484946334,0.3339840257328434,0.5372544595669407,0.3514271151885831,0.07142857142857142,0.11576521882939661,,,,97.50838158227101,107.33425939866441,-9.851768947692415,0.5202196414765601,0.48908113276150206,0.19447813602007738,0.08920199970060855,0.15474220791470739,0.08232354496736641,99.72141997392694,0.035449842849083146,2.060804110110156
1610612756,2015-16,2015,16,11,26.48055893215204,0.7916948382441114,0.33634857450575184,0.5172925461693484,0.37816593886462885,0.1875,0.09848322798438305,,,,100.59451851740995,106.51061623437774,-5.936644284368971,0.5303387411916417,0.49316888653337054,0.1904281147049107,0.09078628677225388,0.1341641051695341,0.0887536603782413,100.38018840677312,0.04860687296230395,4.692177418386887
1610612757,2015-16,2015,16,10,24.878514252875007,0.9200751082327044,0.3869170289755578,0.5947807337801359,0.49857841464801544,0.125,0.03739884658891458,,,,106.57700556622918,105.68905891389052,0.8975767432596652,0.547716931904015,0.5143533000519767,0.19549713301481253,0.09913916681251661,0.14590341646173235,0.09003603185494985,98.19072740960915,0.054754817139681874,2.1071307505705477
1610612758,2015-16,2015,15,9,27.12075460742237,0.8622024665704292,0.361587141294286,0.5685677859126484,0.4561784897025172,0.0,0.0,,,,104.28985884877558,106.3704516620382,-2.088292140031979,0.5474981613228984,0.5153893329125643,0.19600730758226043,0.09910604678953129,0.15214481309433647,0.08876661768913575,101.72596540267611,0.05968580284898909,2.7666443551086073
1610612759,2015-16,2015,18,11,30.99590139928666,0.8478729048171227,0.31829212305617255,0.4912835474980171,0.4091059420130085,0.2222222222222222,0.09726981584000735,,,,107.65465302788282,97.44469725920918,10.218361612464557,0.5564368922348217,0.5197793517751896,0.19541288811247484,0.11377437511774179,0.1527781302686966,0.09090527071503089,95.83211151866692,0.038566032243091936,5.246013835001276
1610612760,2015-16,2015,15,8,26.23144854872646,0.9133781518862389,0.38452073696459904,0.58917638613163,0.5373831775700935,0.06666666666666667,0.08063906159310501,,,,110.69544886443693,103.59116475642432,7.107418689193899,0.5527222301868528,0.5188565740940045,0.19549584479619275,0.10647719994586415,0.14463034614922018,0.09569589406864625,98.50813934181073,0.07339863333196334,2.8613807855648994
1610612761,2015-16,2015,16,8,26.908965788832898,0.8557370404504516,0.3858589801015216,0.5776223701478398,0.49893892949776,0.0625,0.023618357918758038,,,,107.84258333007664,103.81432010386636,4.032837299300866,0.5505360359931553,0.5079548583311038,0.19337410261780247,0.10556308204794701,0.13092272133479096,0.09128654812687488,94.52271021281314,0.05613989223359802,4.013648589500581
1610612762,2015-16,2015,16,10,24.68864646216054,0.8596326747997584,0.36901925053927015,0.5463406661692572,0.4626699629171817,0.0625,0.0526344593260031,,,,103.57954702964838,101.4486911079421,2.118160605740485,0.5393383988879434,0.5040283019196475,0.19512134453438684,0.10236224161923506,0.13441119111416108,0.09147848060393615,93.12043358946212,0.04382419423104092,2.3323807579381204
1610612763,2015-16,2015,21,9,30.707238064953945,0.7610303890448461,0.34424885209311357,0.5382723319762593,0.39775021632535335,0.38095238095238093,0.25167634870808214,,,,103.41639318558772,106.24605386739243,-2.8495965991458827,0.5215295752357086,0.48137108344157575,0.19214822974859597,0.09368426787370276,0.13653648994095108,0.09225492276464994,95.23551548236958,0.02991386812454784,5.163977794943222
1610612764,2015-16,2015,17,10,27.7238312183397,0.8321714969491911,0.34268681871262296,0.5323437651992478,0.3730420884389984,0.17647058823529413,0.1486530353371241,,,,103.44857048414781,103.82863374736962,-0.3929624915938158,0.5412756339242761,0.5104294861855964,0.2006082123990419,0.09866756064592597,0.15774783679815682,0.08606603267603101,100.22406645565916,0.047310041217483625,3.419064199455752
1610612765,2015-16,2015,15,9,25.11221767967879,0.9131024791432528,0.42380366421260535,0.6755981445208751,0.4758679085520745,0.06666666666666667,0.12817120328898957,,,,104.33179156847956,103.96335592762823,0.40343127480812613,0.5252386298868533,0.493980811762768,0.19613488855243358,0.09941992989513168,0.12811616624179128,0.09450864411962738,96.60641843624431,0.04491473403387059,4.755763235340599
1610612766,2015-16,2015,16,10,26.849004803255408,0.8823160746979967,0.38128842894280335,0.5991014814041611,0.4299054511497607,0.0625,0.11603730600166681,,,,105.46016049235439,102.36674281624192,3.094862181860959,0.5486223879088525,0.5050981825833529,0.193660552167264,0.1036678992923524,0.14676333056636662,0.08620007737565633,97.02494384548727,0.03751119832796601,2.773084924772409
1610612737,2016-17,2016,18,9,28.45042494190329,0.8470820969654782,0.3322262602567122,0.535346969100801,0.41612867928657404,0.16666666666666666,0.166536231944589,0.6005055156511028,0.6339862129335814,0.5,103.10541249590116,103.97996701555294,-0.8788082571759258,0.5394885450837483,0.5056471371042954,0.19818539212018768,0.10154033726943848,0.15492531815578042,0.09043826736457056,99.13949624169112,0.04175886096549812,3.292340531117567
1610612738,2016-17,2016,15,10,26.50167754998734,0.8878886811355775,0.36973517253016114,0.5736203492786637,0.46855594445071697,0.0,0.0,0.7929898759807643,0.8036581235181213,0.7333333333333333,109.41710596473469,106.72523384797098,2.677960912849067,0.5609835818780057,0.5242020309626256,0.19514185303298745,0.10282146578925166,0.16561090466548553,0.08519402151354089,98.36020736859865,0.05552621002733754,3.3778691508109073
1610612739,2016-17,2016,19,10,30.18519187644839,0.8367289938889895,0.35133523930651295,0.5267317863121469,0.4984777755226304,0.2631578947368421,0.22145465047920354,0.7550374461162801,0.800284148569109,0.5789473684210527,110.73336193720873,108.48646057139729,2.259410420050932,0.5720942560287275,0.5451090028702801,0.1963410532181999,0.10269145438889106,0.1615197111271192,0.0886291690231273,97.26489218131333,0.06605187355404842,4.011234224026316
1610612740,2016-17,2016,17,7,26.580708805829072,0.8029228297836734,0.41892614602314454,0.6414845118655912,0.6067496409765438,0.23529411764705882,0.1916347357466784,0.5071775071133972,0.5168741024413595,0.35294117647058826,104.82955916781974,106.31449643569246,-1.4626156097585343,0.5435665557429725,0.5060769858420339,0.21026857561746654,0.1092019391587037,0.1649816561918077,0.09513438434389349,99.04664921879605,0.09161209259810672,1.749635530559413
1610612741,2016-17,2016,16,10,27.124309641892722,0.7968270467529484,0.36653038352247647,0.5503198079740199,0.47058085560155566,0.1875,0.11416924054430892,0.3456675903210434,0.4156316647848451,0.25,105.28786872341551,105.13057918424256,0.14738076916288653,0.5207098243880054,0.48372577278102324,0.19560516290439292,0.09943388076033814,0.15313968539861272,0.09021902477982315,97.1532174764821,0.0470626178617382,3.826225293941798
1610612742,2016-17,2016,19,9,27.901553029200088,0.8045995646260241,0.39267917633610655,0.5569930526514734,0.45275485759914824,0.15789473684210525,0.16186593230430427,0.42955866267783477,0.43944636678200694,0.3157894736842105,103.70785149883986,106.04046182513174,-2.343377207030486,0.5463145560268976,0.511547766571519,0.18962741063133143,0.09462266962107467,0.12742088943781874,0.08150717368085499,94.98617689059395,0.03911553005339471,5.159194118330622
1610612743,2016-17,2016,17,10,26.1633964886835,0.80403050103221,0.307196093394848,0.5007879534328215,0.36292591434823385,0.11764705882352941,0.13419186800444352,0.6256720128424554,0.6464520162550798,0.5294117647058824,111.60213758251777,110.67010384546566,0.923597379663625,0.5697357219992806,0.5317451083661213,0.19232390442069536,0.10098152672023591,0.1545860912230365,0.09638165302988247,99.87167070469751,0.022303587155433093,4.422668877499196
1610612744,2016-17,2016,16,10,29.26670688168987,0.9201337139939777,0.36769250783375435,0.5604798378424105,0.5347334410339257,0.0625,0.08416466717118433,0.6271710326717179,0.636813408723748,0.5625,112.98330187404274,102.68104256328672,10.304830478827595,0.5827341335422598,0.5507012849718849,0.19294340060647963,0.11256046427736138,0.17445052339692094,0.09043716041915986,101.20225812594781,0.06227519570422882,4.261455150532504
1610612745,2016-17,2016,15,10,27.87744827136515,0.8888784867817272,0.3967965211130682,0.6027410393919677,0.4856559369833706,0.13333333333333333,0.12580590812501422,0.582714136661889,0.562092774482155,0.4,113.05571801419732,107.5296729186173,5.500392629549867,0.5823710505475805,0.5474076941906696,0.20506092697904413,0.10896517092212689,0.16670673754774354,0.08726167538441311,101.37827082163838,0.05939031907642862,3.6345563690772495
1610612746,2016-17,2016,15,9,30.582024466379814,0.8878159578824338,0.3505697291824854,0.5596243988863578,0.4032095163281338,0.0,0.0,0.8023591495823842,0.8158455841095276,0.6,110.64260738209737,106.27362722517503,4.365765974858685,0.5740673470851261,0.5454112994178689,0.1949989446553615,0.1053030291065553,0.1446985116004387,0.08918255327765123,97.8590112418797,0.04718940035826731,3.5624932315291997
1610612747,2016-17,2016,16,10,25.269461314698397,0.7982685428286822,0.3558831329638547,0.5318844314709896,0.41000388752105743,0.125,0.09772067738440376,0.5658823349012301,0.6358688609563302,0.5,104.4894538202282,110.66575015795716,-6.160572552430797,0.5258505317571421,0.49554863747360556,0.18596264500606213,0.08286599753123335,0.12594955320690487,0.08990403976512563,100.11478981766186,0.040927863369592116,4.570557952810575
1610612748,2016-17,2016,14,10,27.12563852095063,0.8390547767595357,0.3685167382080423,0.5772896819274906,0.45644850818094324,0.0,0.0,0.5103016316793665,0.5614773820981713,0.5,106.3778434991034,105.26614333174022,1.1022396808451793,0.5395728139794815,0.512761750039599,0.19445929073537757,0.1011955900436945,0.13976492172824906,0.08857912170921411,96.56763124575451,0.047470517165921,2.4269322199023193
1610612749,2016-17,2016,17,10,25.840613638953457,0.830611666715905,0.33561310041350506,0.5138034813095419,0.41154220252890955,0.11764705882352941,0.0968428290674205,0.4162041987384116,0.5158327029071652,0.4117647058823529,107.36286299543724,107.58557011868173,-0.23687026338505926,0.560393475861703,0.5272027445244537,0.1969282065370945,0.10248426136514414,0.1544878755145398,0.08887176622371105,96.17057998957262,0.05537652932425433,4.775981574503821
1610612750,2016-17,2016,15,9,24.479167374615358,0.8691281681569972,0.4331734878195204,0.6424160856526558,0.556340435228438,0.06666666666666667,0.03185607901178712,0.8217407096254481,0.9094223538794577,0.6,109.09342499418962,109.93799143318,-0.8264160565492465,0.5464918700205369,0.5037472347420622,0.19506854117425468,0.09998144806492505,0.14520339016683445,0.09119251963012541,96.25528611586313,0.05941962098519891,3.265986323710904
1610612751,2016-17,2016,18,10,26.34527244803667,0.8010854359682784,0.3089773658222768,0.49190690290724687,0.39691690688056147,0.2222222222222222,0.08720313463688316,0.30893652967020185,0.39265572126832937,0.16666666666666666,102.24049960833194,108.63657666318916,-6.398272729491994,0.5443617921524226,0.501510992912639,0.19234997596500766,0.09195543268012245,0.1415698057671058,0.08758566213083221,102.86884047227055,0.04261560746956447,3.492849839314596
1610612752,2016-17,2016,15,10,27.828005847640288,0.8068878323642819,0.38711104841149263,0.5882334977036264,0.49481609479140953,0.06666666666666667,0.016163619339084764,0.3949826431961095,0.46284867933843493,0.3333333333333333,106.14577824370079,109.60126864930788,-3.4423139726640475,0.5338353075605471,0.49894860613162634,0.19733661839696895,0.09717537074302471,0.12567005109478396,0.09162767705300263,97.51035504740037,0.05146610535099776,3.5623026261113755
1610612753,2016-17,2016,18,9,25.479946414629026,0.8730352699459681,0.35711114884460515,0.5688795646587183,0.4118232731798382,0.1111111111111111,0.10872003426528876,0.5697958542737798,0.6130678282514002,0.3333333333333333,103.08497336460091,108.91168838404485,-5.81216936323529,0.5203700934898267,0.485850526077954,0.19405311359754077,0.08959898340710082,0.14663519381839657,0.08190748723473137,97.94256738864404,0.034067833567026494,3.583225665910466
1610612754,2016-17,2016,16,7,27.676293147120827,0.8615105923622114,0.3927034108930203,0.6035243369141752,0.48315511095780156,0.0625,0.018004477843173588,0.6150502066610677,0.6205588133839255,0.5625,106.42555201105047,106.71721100124465,-0.26381722314142586,0.5536943221874632,0.5141489292368506,0.19573527368225302,0.10070979440441376,0.14371657622660433,0.08662113232955142,97.76302222798297,0.04769503461085453,3.481730744843983
1610612755,2016-17,2016,16,10,24.720036872840325,0.8400137637046164,0.36130444861258654,0.573360250432086,0.35671181440257477,0.0625,0.06874353668010186,0.4910481881605283,0.44588976800321845,0.3125,101.3550867033621,106.8454931551009,-5.475996131974072,0.5323601131952133,0.49346689393839666,0.19602490251747504,0.09353344439250602,0.16159096363344233,0.08495340425398828,100.20639861131221,0.03032490725459849,3.0397368307141326
1610612756,2016-17,2016,17,10,24.61838161582051,0.7873666061027894,0.38206821561401255,0.5635182952661307,0.4824436536180308,0.0,0.0,0.6486070287054349,0.7163701067615659,0.5294117647058824,105.14721100390416,110.41183754355595,-5.280488696577482,0.5443938887199617,0.5036340341566081,0.20361372169909744,0.09387984858635458,0.13096527444158138,0.08808722884334172,101.91860585766044,0.05198278561216204,5.2687759489277965
1610612757,2016-17,2016,14,9,24.963454144437993,0.8786068094556446,0.40281565110371026,0.6107057657255989,0.5464468183929401,0.07142857142857142,0.0723654450291742,0.7975902636642466,0.8171156525777984,0.6428571428571429,107.73473704025582,108.60192248080568,-0.8773669524475193,0.5530148229904145,0.5174663008976964,0.19699653549569177,0.09746043510241036,0.13219148973251715,0.08683134299485744,98.46708830159258,0.05845986277400552,2.0
1610612758,2016-17,2016,16,11,27.37973827455795,0.7731686285591207,0.2994463601583032,0.4737413145280188,0.3233778247654288,0.1875,0.21973346258913778,0.37367984777319124,0.40148011100832565,0.3125,104.28115397685515,109.16514106181188,-4.891488250629815,0.5519270875207561,0.5186450193049517,0.18264615652772548,0.08703231886844974,0.1370117432235098,0.0739873884268638,97.00256127928125,0.03321505185035073,3.0989200998289657
1610612759,2016-17,2016,16,11,29.937346797946645,0.8769728256753344,0.3340730455272238,0.5047950012623075,0.4542086372583073,0.0,0.0,0.689813935874779,0.7260622901470418,0.5,108.86237093326602,101.30919189598585,7.563530547841453,0.5626504926365395,0.527426885466633,0.1949141254733653,0.10976502810738029,0.15218438963224776,0.091773556004376,96.23203852730792,0.05383200068287135,4.6974584300959314
1610612760,2016-17,2016,15,10,25.396399934874,0.9104281190424561,0.3659444236671739,0.5696016352428361,0.505974364544862,0.2,0.24312404890253023,0.466377334218875,0.5597436454486204,0.4666666666666667,107.07279930553764,105.72352082581052,1.3377232983415435,0.5372041608902273,0.5074566770266435,0.1958974219616466,0.10051361713651956,0.13756988535245412,0.09517910253475537,98.96616584641227,0.08308766454775343,2.932575659723036
1610612761,2016-17,2016,16,9,27.09830329881115,0.8663039279148815,0.33255705387759765,0.5288764166909896,0.4801058201058201,0.125,0.21259521594299244,0.7008206806628217,0.7617989417989418,0.625,109.26817829309648,106.58922893808545,2.670868981903979,0.5593989552290237,0.5219209853249333,0.18965197821184013,0.10303484060864265,0.11588814159154709,0.09469268575880539,96.62070139986653,0.0641065856288389,2.6666666666666665
1610612762,2016-17,2016,15,11,27.395087910233702,0.8194404884633509,0.3660561883067578,0.5399970471610562,0.43194478081860016,0.0,0.0,0.6988150679152958,0.7195446839428433,0.6666666666666666,107.31725472032399,103.16361597907705,4.133349624567621,0.5643422682865099,0.5340575154813129,0.19392367594701768,0.1074631538850924,0.13641665122753735,0.09252924204842658,93.47036500548386,0.036464859116870633,4.7915214374925235
1610612763,2016-17,2016,16,9,29.79666974675844,0.8509204734088976,0.35445798490328423,0.5445516077481799,0.4784694881889764,0.0625,0.012081638642950816,0.6874575420867665,0.7579970472440944,0.5,105.49122178111213,105.0690147289818,0.4147681783006255,0.5364216870882724,0.49159373854030963,0.19506581396757633,0.10092869178007975,0.1499573178629112,0.08920617630923099,94.1922722485438,0.05416458685465812,5.465943944999486
1610612764,2016-17,2016,17,8,26.62972052051659,0.9037216598829858,0.3593966651673192,0.5774707584866907,0.46062567421790723,0.17647058823529413,0.17538552777605546,0.6739015277492191,0.7183485338825145,0.4117647058823529,108.91265761302665,107.9719375030919,0.9462212206584953,0.5615381757412571,0.5260327970014624,0.19592837002409152,0.10090373931733417,0.15386484669830358,0.08518289396261884,99.14569063599927,0.053935001390562703,3.307189138830738
1610612765,2016-17,2016,15,9,25.77598005554153,0.8841527751265902,0.38677236388117486,0.6071529075149374,0.42496088578649654,0.0,0.0,0.7510630312210722,0.7584546876880491,0.6,104.20225968189852,105.62196351931331,-1.4047009761844653,0.5193468021543383,0.4913536185306743,0.19568665488513007,0.09657095278969957,0.1331770185979972,0.09244681873264331,96.5095022519566,0.036458330687830595,2.739739556875101
1610612766,2016-17,2016,17,8,26.95319608779264,0.8668731467113445,0.4069710883383717,0.6313479715432299,0.46918971373119844,0.17647058823529413,0.04067792910312446,0.7836899583767276,0.8130761766132946,0.47058823529411764,107.34712120075854,107.19866252405608,0.17239130136277314,0.5438967314534909,0.49772243056743837,0.19633206064069278,0.10093759757104863,0.15719925706930193,0.08678881725756786,96.84901839652173,0.04438450602406204,2.9553976043842223
1610612737,2017-18,2017,19,10,24.933994684029294,0.7443423914133731,0.376172956598254,0.5738370744693386,0.4597460583228687,0.05263157894736842,0.007280000269343572,0.5264589459991884,0.5823915166736431,0.3157894736842105,102.6012487243314,108.29727292603962,-5.693662009069353,0.5458349919088002,0.5124404658613954,0.19548225144687997,0.09369425246563245,0.16759976733468493,0.08740771150451557,100.29441487782594,0.045394272766506566,3.0016662039607267
1610612738,2017-18,2017,19,10,25.351723103413896,0.8197386418998263,0.337778210706784,0.5343772347650111,0.4090805644060082,0.05263157894736842,0.05116300560835132,0.39867236986002513,0.3862084660901229,0.21052631578947367,105.40426541755907,102.17664628013443,3.2165008105266635,0.5469661893187437,0.5139405841805282,0.19356479097079768,0.10495941607343967,0.14891412849520425,0.09186843153689733,98.02252850401936,0.04954482818619921,3.8223029707232783
1610612739,2017-18,2017,17,10,30.01480059175062,0.848437076978114,0.3531718761205529,0.5327856920567644,0.4541619508179854,0.23529411764705882,0.33236701236991717,0.47208092061501533,0.5073567239427925,0.29411764705882354,109.62338549914895,109.3973519093728,0.22709076667695274,0.5868502687188671,0.5554278412451632,0.19948563710238257,0.10663969968030729,0.15457821122089194,0.08836273008960475,99.32007829971373,0.058999661015975334,3.7696153649941526
1610612740,2017-18,2017,19,8,27.87252921343267,0.8175413703176388,0.42068100347443455,0.6086389630882169,0.5126121372031662,0.21052631578947367,0.15183981998834592,0.5513004112957245,0.6538258575197889,0.3684210526315789,107.53007677418081,106.21706604114591,1.325248065712014,0.5668806075801762,0.5385731801083175,0.20355337135538346,0.10942803014058386,0.1612435592941125,0.08909376225310002,102.50049659006437,0.06382483352896426,1.899835519196333
1610612741,2017-18,2017,19,8,24.95216620584579,0.7995787400003269,0.3169609652307321,0.48468502349147297,0.3464367538888219,0.21052631578947367,0.08477655010891863,0.47179553546507375,0.46653804413360667,0.3684210526315789,102.2610165333304,109.28826725474214,-7.010826230995328,0.5246182369641844,0.49337850884808354,0.1906522589661764,0.08908471991521986,0.14820355928749662,0.08999679044122302,99.51402530652183,0.033824685881763926,2.8034576865007255
1610612742,2017-18,2017,21,9,27.841382662840207,0.8344404465501126,0.3504674008764932,0.5468736544378944,0.4076364933983585,0.09523809523809523,0.09694255136187979,0.6898297365340185,0.7088140835018437,0.42857142857142855,103.7434685840387,106.96207778203707,-3.2064614747049864,0.5498977196672227,0.5226523806425545,0.19014228091296193,0.09465507758933288,0.14479825347851763,0.08477832438536691,97.8908290241502,0.049079175136698926,5.553332888711022
1610612743,2017-18,2017,17,9,26.23541650990798,0.8491857786335587,0.38575803482300053,0.6190552509560189,0.4433252158512287,0.058823529411764705,0.06719412827960064,0.7645667691659433,0.7700907682089883,0.5882352941176471,110.4483415098662,108.42788517907276,2.0103130073756,0.569864032284764,0.5368924699817574,0.19276935313425397,0.10240161565948167,0.15166418921065522,0.09170536106331711,98.7191886847821,0.0282842712474619,4.83045891539648
1610612744,2017-18,2017,17,8,29.337890944416284,0.814511092456496,0.3606773948302078,0.5255671566142929,0.4943035253654342,0.0,0.0,0.8132033282649095,0.843615649183147,0.7058823529411765,111.37916421692854,105.63646502787634,5.764594390944416,0.5914371945429971,0.560611364250718,0.19346452753843554,0.10989489347862814,0.1705821985977361,0.0899226381990201,101.52268973052881,0.06012279101971231,2.9973947020704497
1610612745,2017-18,2017,20,9,30.580755352942603,0.7837089437202963,0.3443911507715189,0.5475043041780838,0.4731712429260113,0.1,0.07689929435728315,0.5639492551549099,0.6553133514986376,0.4,112.50343177574626,104.1917394375874,8.312677190685191,0.5808854033802953,0.5497584487176378,0.19305914021516846,0.10630147190766023,0.14412573453931152,0.09044799526338337,99.03453174098951,0.07359196816078353,3.5101264442069593
1610612746,2017-18,2017,17,9,26.989037870282583,0.7881948547008305,0.3644504992355589,0.5325707586488768,0.43926701570680626,0.17647058823529413,0.2106328648620605,0.2831155791293818,0.2356020942408377,0.17647058823529413,107.76007577030133,108.18353692331199,-0.4259318494349968,0.5560630648884434,0.5255182758839948,0.19501720229740407,0.09545972954950012,0.1308682662197383,0.08347930338584299,100.21269070061273,0.05199667605710633,2.9355210696939795
1610612747,2017-18,2017,20,7,24.149334821126914,0.7630187897652816,0.3899111887171312,0.5975899440445683,0.4450143875891405,0.15,0.09831302167536633,0.2915694965320207,0.3326660828224697,0.25,105.52955007673279,106.76365375869925,-1.2144436404614831,0.5455341533529331,0.5160782469836274,0.19480955111477116,0.09636797244091039,0.1456994405009946,0.09000886785319556,101.69012090565992,0.03933166144261814,3.1943828249996997
1610612748,2017-18,2017,18,10,27.557938502976715,0.8299589565210355,0.3307855352741689,0.5159187301412265,0.3489357080799305,0.16666666666666666,0.1159745792210912,0.750452960663337,0.75,0.6111111111111112,105.1793048493217,104.79534378043599,0.39650387238098056,0.5514959510578685,0.5207091200726566,0.19395451056823027,0.10144711648923949,0.150154560315109,0.08797617888060694,97.5182692360857,0.03509928774206109,4.62709412050371
1610612749,2017-18,2017,19,8,26.05116341206935,0.8091875211590985,0.4055539756562064,0.6079738298222249,0.5578711484593838,0.15789473684210525,0.19361147966887582,0.7478757109442242,0.7417366946778712,0.5263157894736842,108.07098513959998,108.15319681381592,-0.1114146577181838,0.5666202275776291,0.5312628445886975,0.19718624270983143,0.10257156909108583,0.14868447859449768,0.08765087372999923,98.12887742537032,0.06318610903513525,2.29128784747792
1610612750,2017-18,2017,15,9,27.838758606707184,0.9068696730041952,0.43526893896215163,0.6611626925822371,0.4992791394033492,0.06666666666666667,0.021161615757977016,0.5106152578426246,0.5042697127647776,0.4,111.56028227097185,108.98719589494402,2.5359443601539686,0.5690127713039795,0.5273598176297163,0.1949273158767221,0.10477166782831886,0.13891047308338952,0.0885142751142969,97.7317578516683,0.04410621299421838,5.050363634383783
1610612751,2017-18,2017,18,10,25.55022583566028,0.8513036653382017,0.33827599556621574,0.5354406210267642,0.3527462121212121,0.16666666666666666,0.1234071096620914,0.4873956966915597,0.4955018939393939,0.3888888888888889,104.71198724666938,108.35430871189354,-3.6302104832728745,0.5537948301649525,0.5178225624921384,0.18748579836674828,0.09336648902339734,0.15244123839554646,0.08419020189005286,100.91470943468238,0.047123667089902926,3.4409301068170506
1610612752,2017-18,2017,18,10,26.60327010992341,0.8097945670977863,0.3166379499883059,0.49318236565280865,0.3681948424068768,0.1111111111111111,0.08153866502921743,0.36944927922159254,0.35004775549188155,0.3888888888888889,105.45009206272175,108.98609965023172,-3.5189718669987107,0.5378282273414896,0.5036617894155023,0.19926784146641635,0.09676244681866797,0.14964685055268293,0.08999419943536031,98.78965659203249,0.054976449503401,4.512205669071391
1610612753,2017-18,2017,18,9,25.905329753514973,0.7369816591159124,0.3096868773049519,0.4943114543850645,0.376271186440678,0.05555555555555555,0.011365830941788153,0.5867031905132608,0.6451977401129944,0.3888888888888889,103.40831656280241,107.94570843164115,-4.55771771655299,0.5422282254849453,0.5078655715530092,0.19304599934922684,0.09294762777455508,0.13840233465093596,0.08490786841227345,99.44679851689492,0.04214115023596148,2.581988897471611
1610612754,2017-18,2017,19,9,26.948569965208456,0.8795524754841003,0.36928731662665215,0.5741070285319104,0.4259979984432336,0.05263157894736842,0.05609840257922799,0.37166751894950095,0.3440453686200378,0.3157894736842105,107.13779424950484,106.17898074346729,0.9784347146235753,0.5539483067720881,0.5236643310026479,0.19251640540847328,0.10197699159283667,0.13534655808793264,0.09032794379486697,98.1606117027933,0.04194381897988408,3.034777840832814
1610612755,2017-18,2017,19,9,26.871844071049416,0.8575581813886599,0.3498173537636796,0.5374794326664841,0.39488521949254934,0.15789473684210525,0.1735153102876547,0.5292080772072216,0.5261780104712042,0.42105263157894735,106.75857054606945,103.06943317768422,3.6824678629158547,0.5650369068732081,0.5336808668136007,0.1947818687041171,0.10821246459708661,0.16214009514480046,0.09084968608929188,101.9575866230032,0.05626085629118423,4.15739709641549
1610612756,2017-18,2017,18,10,23.740576283756994,0.7727300980017954,0.3129469976743378,0.49927418680647173,0.42784720584767744,0.1111111111111111,0.11311088361384895,0.6372514735406793,0.62685687337892,0.5,101.9610112577333,110.73404569787151,-8.787052131671043,0.5381684619480397,0.5053342710199059,0.19285210443561335,0.0884835816093738,0.14427019531995247,0.08468754217497469,102.07323334414465,0.05682605036424756,4.237924020083418
1610612757,2017-18,2017,15,10,25.878770118108957,0.8902640678440508,0.3960338885939711,0.6077216005845728,0.5627332089552238,0.06666666666666667,0.006269774833909009,0.9259201275006876,0.9502098880597015,0.7333333333333333,107.2617937792546,104.71303198395448,2.55765342676143,0.5464872794038923,0.5133290122494628,0.19597082333940366,0.10152874170232455,0.13021186420434339,0.08944274816637848,98.22972664479444,0.061410503987510155,2.570992026436488
1610612758,2017-18,2017,16,11,26.646564911320034,0.8276657632756087,0.33799515294650423,0.534979208549145,0.38460528044135034,0.125,0.012366346311282231,0.45003434795493225,0.4673584657822146,0.3125,102.07741199999819,108.85194850558204,-6.773702826816393,0.5271472704990535,0.5020630036666386,0.19630235789802242,0.09148358104606324,0.13926279554915455,0.08719117715380623,96.62709884046897,0.041273528226108865,6.183154935684345
1610612759,2017-18,2017,17,11,29.483428873120463,0.8677108495172636,0.33422503801317793,0.5168407670214563,0.3951804368471035,0.0,0.0,0.86786340598074,0.8691832858499525,0.6470588235294118,105.37846081263727,102.6602725375908,2.7342963507349216,0.5415639655347186,0.5074991659064031,0.1939747268119615,0.10562158844399391,0.1458764681534043,0.090715071295827,97.14658812045953,0.04047078325805741,5.799686511904211
1610612760,2017-18,2017,17,10,28.030842438008452,0.9083869392728896,0.40467227920085186,0.6060922195457845,0.5555186905551869,0.058823529411764705,0.05888288573896983,0.5034902461423201,0.5005529750055298,0.47058823529411764,108.55871919201337,105.23918007454816,3.290803349005694,0.5474676894912414,0.5215617182108093,0.19197800626434242,0.09979494953128686,0.139026584842,0.08955436693493936,98.6409617903699,0.06923445673940108,3.746998799039039
1610612761,2017-18,2017,16,11,26.35534463341557,0.903045013070092,0.3632609043652556,0.5324360180064539,0.4424596730540219,0.0625,0.016056770025707188,0.8282151821892845,0.8574212406625528,0.625,111.49760835747642,104.29005363265291,7.215985089864243,0.5765294701478615,0.544577846145238,0.19298003343308412,0.1066934057396772,0.14695057495601108,0.08925818300226646,99.06577966495071,0.04262754318532243,3.437758254761643
1610612762,2017-18,2017,19,9,26.79444676541761,0.8618229053244597,0.3867681751611697,0.6064209334177513,0.4401677769553417,0.05263157894736842,0.10817348385663947,0.4317152440309144,0.42326671601283,0.3157894736842105,106.57651984483822,101.896094457913,4.669594682158689,0.5708061134087883,0.5345062083012151,0.18699337573552852,0.10439840367089948,0.14350734756253816,0.09218555524666769,98.09890830827287,0.04345879274285776,2.7125679146074893
1610612763,2017-18,2017,22,9,26.21138508503434,0.697267465812809,0.34804261522041874,0.5187877128343604,0.40893825884784296,0.09090909090909091,0.018135778403745688,0.5224695970278875,0.5294497545853785,0.36363636363636365,102.3526602160041,109.14533063486341,-6.798470005503578,0.5346605325727734,0.4963472855796333,0.1984664934259814,0.09237997375634066,0.1548897723832478,0.08557657193103267,97.02526070960904,0.03985002749507239,4.0490815907307995
1610612764,2017-18,2017,15,10,27.329685888498116,0.886962834228263,0.3815234844858802,0.5834129814995942,0.4486916951080774,0.06666666666666667,0.01960094062805652,0.8117769962333258,0.8328782707622298,0.6666666666666666,107.00492127442618,106.7553783114478,0.2430714752460823,0.5605399986681373,0.5247776996233326,0.19363250960397893,0.10176201685638772,0.15812296689072486,0.0896626286808316,98.53720468815683,0.04542917564737446,3.2878564445547194
1610612765,2017-18,2017,19,9,27.07646171924692,0.7996542535905979,0.3246647803897201,0.5032334545722542,0.39149994080738726,0.2631578947368421,0.2521289096861621,0.48714346765053523,0.49863856990647565,0.3684210526315789,105.38318755259398,105.39744382461701,-0.02627492858795483,0.5508814696198592,0.5205621461294501,0.18694651462424444,0.10006551320391147,0.16009017345149715,0.09224995308221708,98.16442690111592,0.05054981652407141,3.3920750049941657
1610612766,2017-18,2017,17,8,27.053086812714216,0.8663139864153233,0.36002577035403255,0.5573100560678423,0.46188091263216474,0.058823529411764705,0.02470061451101453,0.7211022089683897,0.7254312743461324,0.5294117647058824,107.746712547624,107.83003160665965,-0.10088344911004665,0.5489696359704307,0.5105122924688672,0.19532679422259044,0.10022675946126103,0.13921674055322983,0.09184427940447029,99.68630127962334,0.04807659903736953,3.082207001484488
1610612737,2018-19,2018,18,9,25.0524483894563,0.8109144047866029,0.34953866365219516,0.5367230562140227,0.4157693643626259,0.0,0.0,0.4710868631464684,0.4826907491026977,0.3333333333333333,106.2958988061327,111.6465587669182,-5.361025758994442,0.5524710599054323,0.5238973699155504,0.19350074025883,0.09214491595483326,0.15146603966018904,0.09048757644758433,106.04586261090854,0.037971074110904515,6.459751934999392
1610612738,2018-19,2018,16,8,26.366203347461592,0.8808246573356675,0.34732050524605335,0.5527896496534798,0.4218241042345277,0.0,0.0,0.9645022254323812,0.9720955483170467,0.75,109.94603047927919,105.60861091047619,4.318938003946024,0.5675619683256202,0.5353584342665175,0.1939769093586153,0.10580874235468529,0.1572713825661962,0.0877240448676835,101.70730163395031,0.03847645383867905,3.7059917700933984
1610612739,2018-19,2018,21,8,25.10939029171352,0.7336235115491572,0.39697415816555187,0.5605605598311121,0.472962680883473,0.23809523809523808,0.2062946203774619,0.5221895857305154,0.5533130236100533,0.38095238095238093,105.11548744745026,114.99970754683298,-9.881557423788742,0.5373180054267708,0.5037279866731863,0.1938339457002298,0.08783781947953431,0.1384940973758099,0.08981428431410414,99.11299084874635,0.0413158565202272,2.48746859276655
1610612740,2018-19,2018,17,10,25.948094123000566,0.8001645127347061,0.34332218688350363,0.5138603981073305,0.4876360039564787,0.23529411764705882,0.0971157645408746,0.5411375309635454,0.5551159468073414,0.4117647058823529,108.5443778709154,110.30062196713466,-1.7562440962192591,0.5489750004037716,0.5191949966211156,0.19829826921866794,0.09901528877877665,0.15265387974207686,0.09062208522131492,104.8346816660243,0.05389257833876572,2.8442925306655784
1610612741,2018-19,2018,18,9,24.56592693046497,0.7389650895012283,0.31884296594869505,0.49908916864035546,0.4136085626911315,0.16666666666666666,0.20786645440584806,0.5693188030368416,0.6232161060142711,0.3888888888888889,104.40108377830225,111.26987185315006,-6.855324053029143,0.5412376389489525,0.5065808204874146,0.19228473400590274,0.09040016613066941,0.13535324531812942,0.08493948611330529,100.5370403723476,0.04826879471470027,2.8284271247461894
1610612742,2018-19,2018,16,9,26.980202952089805,0.8289786222182826,0.3562353923088449,0.5397288588461167,0.4291295324136247,0.25,0.29254910308134463,0.39748632180962423,0.3463557563179099,0.375,107.23868581076506,109.3671410026425,-2.1485438918086768,0.5512443115952683,0.5156120590268587,0.19609956032804318,0.09607249242512295,0.16110614415769373,0.07990454128523874,101.1891212134367,0.054248399873995254,4.201704533597564
1610612743,2018-19,2018,18,11,25.433020696063522,0.8674653255947157,0.3507910119952694,0.5420348876499408,0.4284297520661157,0.0,0.0,0.9796195303260684,0.9803856749311295,0.6666666666666666,110.81255973982091,106.72527134651122,4.079220966379455,0.5598450727318803,0.5308962334009123,0.19394314368981247,0.1051592790167258,0.16685492101706367,0.0928654439939179,99.70573370586244,0.044747408623432,3.5767846496192726
1610612744,2018-19,2018,17,9,29.01186097786754,0.8513006322056719,0.3880349238407809,0.5719568290835647,0.5790673575129534,0.0,0.0,0.8095243625347135,0.8376165803108808,0.5882352941176471,113.73018048472608,107.2766714886813,6.452125852057561,0.5879111075485988,0.561358966170159,0.1942964703357738,0.10856024034334763,0.16686804577968528,0.09097194344862407,102.91021526213919,0.07063119305306094,3.39934634239519
1610612745,2018-19,2018,20,8,29.658332536637502,0.7998999849465417,0.38652682247731857,0.5908694995950073,0.5250260688216892,0.2,0.21178559267457506,0.6811241669782255,0.7685088633993743,0.4,113.58792889865988,108.71144976809035,4.889326125507462,0.5674847697115094,0.539219730528313,0.19372740822165693,0.0992597011719362,0.14513715741909608,0.08357355566503626,99.93078959866465,0.08466108905512615,3.24037034920393
1610612746,2018-19,2018,19,10,27.56764333824679,0.852389503929386,0.2954905100932863,0.48275301882025196,0.4317248459958932,0.2631578947368421,0.33930838506581407,0.4311055207102857,0.5265913757700206,0.3684210526315789,109.27198698630612,108.64703146138223,0.6122308076981372,0.5687989682406581,0.5299837138509876,0.18169633288162332,0.09373178170021043,0.13574986314336415,0.08524271001945871,103.02968888876369,0.058660122741092176,4.1952353926806065
1610612747,2018-19,2018,20,11,26.9511966873816,0.7293320184339948,0.2947223761384078,0.46535354259144984,0.3893027105317608,0.15,0.19032951226146563,0.4591092122138543,0.45675563831988414,0.35,106.44941102346895,108.12795025289965,-1.6684506323135635,0.5526323863131555,0.5273909137104665,0.19013807181773065,0.09614759041487356,0.14892987949319894,0.08665554130696707,104.35885369406788,0.04919719134629167,4.273694281288421
1610612748,2018-19,2018,15,10,27.533114209389197,0.7983546519039754,0.38115052554672496,0.6009569284125761,0.42128279883381925,0.13333333333333333,0.0204513699606001,0.9692065267943326,0.9834349324145243,0.7333333333333333,105.75222176579655,105.94787494558068,-0.221947805381952,0.5466473691750988,0.5187180594353389,0.1978843759554967,0.10461667854628365,0.1590202269551779,0.09603802676292426,99.73382880550503,0.03342154993413681,4.955804677345547
1610612749,2018-19,2018,18,11,27.697178046200808,0.8038811382864798,0.3202962769977549,0.5061073677699254,0.439333711906114,0.2777777777777778,0.2108226795406274,0.5468045112498224,0.6378004921446148,0.3888888888888889,111.80184799913178,104.50335893906504,7.3060369294918335,0.5756623908350086,0.544933070503637,0.19068494746148235,0.10888847068860456,0.15884156564827895,0.09319036448431528,104.68276339032948,0.0563115595196687,2.631657241114569
1610612750,2018-19,2018,18,11,26.668620530893786,0.7762784835557518,0.352294380338307,0.5229229921152548,0.4449006050129646,0.16666666666666666,0.16213777967721893,0.595676211358245,0.6843128781331028,0.3888888888888889,109.33828232714569,110.65400098688357,-1.315718659737836,0.5466586965291844,0.5082903659933975,0.19185383230825456,0.09820183023538617,0.14362400943113804,0.08791220502402175,102.12720278226833,0.04943014103737928,4.47767649309991
1610612751,2018-19,2018,17,11,25.92255217523245,0.8117025532362826,0.34486199948385876,0.5273168140134853,0.4268185801928133,0.0,0.0,0.7003134675020195,0.7668711656441718,0.47058823529411764,107.79053803935281,107.67570951338982,0.10640259684582262,0.561759796300764,0.5270956723999808,0.19393134901987813,0.0987974322396576,0.15565093775455047,0.08769463658701224,102.7086653236348,0.05572897817351815,3.9270201939009413
1610612752,2018-19,2018,17,9,23.615798077209295,0.8059658101612093,0.3330061073736773,0.5115400784609306,0.34444151738672285,0.23529411764705882,0.22246615682943247,0.32792617911071353,0.3209957850368809,0.35294117647058826,102.8220760601017,110.83139878192206,-8.014152644921067,0.5456192782870856,0.513199117741365,0.18384463879358207,0.090012230479945,0.1316913487469215,0.09396703548566193,101.248203272933,0.04330768471709791,2.9355210696939786
1610612753,2018-19,2018,17,7,25.61534236738929,0.8761883822331064,0.3945385369709821,0.6210813645190227,0.47328680928955497,0.058823529411764705,0.01906135168044326,0.8195937776379559,0.8702665598901728,0.47058823529411764,107.1162200063962,106.3472801666674,0.7819279093168731,0.5503090015223278,0.5177871116417275,0.19465103936016606,0.1025341877804167,0.15936208895462636,0.09141109488749238,99.90374900448889,0.04676035299529825,3.1815796359028696
1610612754,2018-19,2018,17,10,27.82108821368145,0.871535406191302,0.3419489383715237,0.5417456537025889,0.3727503705272073,0.058823529411764705,0.09923882942834293,0.7171146707460705,0.7263391911920389,0.5882352941176471,107.97772681071663,105.14262634300371,2.832587101943702,0.558677350212025,0.5286060422215139,0.19366920498292642,0.10309499840615327,0.15345261386907674,0.08423380260188555,99.86685502955538,0.04294659474277327,3.03315017762062
1610612755,2018-19,2018,19,9,27.323846496723252,0.8250369648446181,0.37906010734903955,0.5865543770009198,0.45374240121580545,0.3684210526315789,0.4725845848475258,0.4758729252218759,0.5181420972644377,0.3684210526315789,109.54537029871767,107.81205797061718,1.7246829550066956,0.5724253684768652,0.5340518992096299,0.20439333973399199,0.11435156742683719,0.1654278425622867,0.09987007791966429,103.58425570267364,0.057486230235306496,3.4138425546082707
1610612756,2018-19,2018,17,9,23.794134028146075,0.7798209682223862,0.3435086481459509,0.5404645636966815,0.4261400829151211,0.17647058823529413,0.18132036957977365,0.3602906585698155,0.4287584551603753,0.29411764705882354,104.8442604229024,112.54100072682216,-7.687291381710158,0.5493400630626576,0.514368182778951,0.1995860248317791,0.09169988362143194,0.1468523701715404,0.07997258367617371,102.35770196760782,0.05117894049916708,5.333333333333333
1610612757,2018-19,2018,16,11,26.465016035642165,0.8808108644741498,0.34886204854118075,0.5285813289264856,0.45255899776633973,0.1875,0.1723882473211626,0.7508893689832447,0.7588618044090512,0.625,112.11418465761511,109.12998468682366,3.020484884969109,0.5685716596608789,0.5292690275997439,0.1956057563287425,0.10617262571195811,0.13672556107315423,0.09724727212014085,100.78368943886682,0.0474963243466932,2.307014098263549
1610612758,2018-19,2018,17,9,25.413856349333066,0.8548978253932759,0.373540919321476,0.5755121667237312,0.43068866712775417,0.29411764705882354,0.2246350816392475,0.4980415304151301,0.533544116194052,0.35294117647058826,107.85454791167658,109.70502913528487,-1.89272554567309,0.5500444820990384,0.51745834492225,0.2030234145613547,0.10123453097115537,0.14634891161561867,0.08797485764143825,104.23194686515791,0.0316571135687727,3.095197394929804
1610612759,2018-19,2018,15,9,28.773323880696527,0.9149376164105638,0.39370768639211406,0.5862635979715057,0.4787657597876576,0.0,0.0,0.6207452115859043,0.6326034063260341,0.4,110.85214834535067,109.12962035778926,1.712976345672111,0.5775305089301829,0.5434945659462198,0.1955755696464581,0.10303842310300204,0.14596647902600643,0.0894138743575803,100.12298715447247,0.049737334761080665,3.711842908553348
1610612760,2018-19,2018,17,8,26.312324530599955,0.8923523973611304,0.3936348966272962,0.6318474875626984,0.5188224433275208,0.11764705882352941,0.06455202582580734,0.70175597952002,0.7263309057339215,0.47058823529411764,108.65699851395541,105.79492397058087,2.870831736844218,0.5481036007928793,0.5220523219386055,0.19483255079172693,0.10000063808519959,0.1408644685113779,0.09139563998486712,104.38969035660395,0.06716723531603783,2.8034576865007255
1610612761,2018-19,2018,18,10,28.58792420328578,0.8577952513701844,0.35492275769121967,0.5646244367025063,0.42106354307038457,0.2222222222222222,0.21262639297575636,0.5616881369463584,0.5388203586607235,0.5,111.46088348317213,105.75471510908025,5.696496686669002,0.5786604238970019,0.5428794739951975,0.19823978003758233,0.109887293254218,0.16600624268749614,0.089527128213383,101.15503883335516,0.04286677034720483,3.9
1610612762,2018-19,2018,17,8,27.78607171326853,0.8814277444358782,0.3922861200997115,0.598229039296885,0.45003287310979617,0.058823529411764705,0.06758344761428658,0.9093232146838076,0.9101468332237563,0.8235294117647058,108.55630645085019,103.63246660237658,4.927898711045957,0.5802627983408432,0.5514408174691102,0.19280506140771614,0.10817064598012524,0.1602313369351537,0.09237225058604173,102.37526129523665,0.053352600686377046,4.328322423295196
1610612763,2018-19,2018,22,7,27.244882518470902,0.6846192936014173,0.35940365252602385,0.5278939428183088,0.38851686507936506,0.3181818181818182,0.4692670564218627,0.2241677936496367,0.2819940476190476,0.22727272727272727,104.7859309176482,106.75079129149367,-1.9514637843869642,0.5390476760553655,0.5032865607870755,0.18792827030881,0.09450132956897427,0.14526429966158177,0.08095688396506431,99.71636372979889,0.05363900499769602,3.653346243584121
1610612764,2018-19,2018,19,8,27.120017836571126,0.7712647188087329,0.38899709528034215,0.5861225045008451,0.4369092108155639,0.3157894736842105,0.3531818210740154,0.3553186154679804,0.40195647395031875,0.2631578947368421,108.43583601360544,112.1918590893684,-3.75774023266304,0.5646365489089545,0.5284190784243352,0.19632142053190194,0.09898858129268363,0.16310230938196418,0.08692849154921074,102.7646832151365,0.0525380814267137,3.822221212855164
1610612765,2018-19,2018,17,9,27.45553160504723,0.8342138815695693,0.40038860567957263,0.5696160755293909,0.5339144972534033,0.17647058823529413,0.14352364187109212,0.656530374795142,0.7658227848101266,0.4117647058823529,107.1886479799727,107.4093979640361,-0.22436655790934493,0.5361266851513499,0.5025822306181439,0.19365319825811703,0.09699375603361217,0.14734804921078984,0.09096336419823392,99.13632453050617,0.05213396797946566,3.4354721852756236
1610612766,2018-19,2018,17,9,27.4029129075306,0.8283481815673721,0.35497781164836556,0.5370420993129795,0.42790991370237846,0.058823529411764705,0.059267216276645156,0.7419026343150784,0.7876236581772258,0.5882352941176471,108.82575391507179,110.60627790975792,-1.750389308388691,0.5530724567781559,0.5162970840656685,0.19317653728598655,0.096604067592424,0.15385646680748422,0.08371544150168621,100.2238401370586,0.054463262054161306,3.7940824619919713
1610612737,2019-20,2019,18,9,24.733271886655086,0.8308461763245385,0.3294948710643868,0.4979158403950463,0.4311489788247087,0.16666666666666666,0.17692528270127045,0.43617794213212524,0.5199849642901891,0.3333333333333333,106.37416544238815,111.96856343252315,-5.596893935585261,0.5517502668275452,0.5170786402036305,0.1891637992481161,0.0918362446024679,0.1501481827610413,0.09001172477101803,104.37550096731967,0.059327923182391974,3.57287448684745
1610612738,2019-20,2019,17,10,25.8683283610633,0.8271135070126245,0.35100516351118766,0.5507982405813732,0.4706098008065502,0.0,0.0,0.6994623254924459,0.716729805694733,0.47058823529411764,111.62819545802257,105.0559110250526,6.552001721170396,0.5682847274813541,0.5299565858672787,0.19453522059667241,0.106082212086441,0.13961243574297186,0.09001479824058137,101.13403329126028,0.06024948132556828,3.257299494980466
1610612739,2019-20,2019,18,9,25.138918936370416,0.8622650689346151,0.36244147530854076,0.5826639910970056,0.4603109093410373,0.16666666666666666,0.16011508222202916,0.6152260798990175,0.6293850598431696,0.3888888888888889,105.78497807096834,113.36430506871622,-7.58209425282463,0.5502605501797129,0.5226016108618651,0.1976914615847546,0.09691881232164809,0.13923714244190105,0.1068658846434041,100.18790188007215,0.043327634952963726,3.9157800414902435
1610612740,2019-20,2019,17,9,25.85751912411551,0.8701091354428704,0.35831736469688275,0.5497219353604896,0.4269272269512049,0.0,0.0,0.30021122585580423,0.2856971586140751,0.29411764705882354,109.36484423407919,110.64276946834958,-1.283108663224326,0.5657202201185695,0.541969212755785,0.1945937701281316,0.09914045228533179,0.15847375109963663,0.0895621076687703,104.9883239386116,0.044058322737811254,4.876246279442598
1610612741,2019-20,2019,17,8,25.06516927166401,0.8036457890647366,0.35963944710260504,0.5562735778841043,0.45010799136069113,0.0,0.0,0.5587884104199893,0.5853131749460043,0.5294117647058824,104.69388466772993,107.53417723551303,-2.84551302498671,0.5496386767676767,0.5198596723019671,0.19450475853269542,0.09394681786283893,0.1474047268474216,0.08588880659223819,101.66640293779905,0.0563625263362103,3.6206870894900596
1610612742,2019-20,2019,18,11,26.612653828263227,0.8175121117345814,0.32219272295214346,0.5128619858901752,0.43846904477935594,0.16666666666666666,0.09772519640859235,0.648195934340637,0.6509812425458094,0.5555555555555556,113.76887750448357,109.44972378506574,4.317725335414881,0.5808169783139033,0.5501048583641758,0.19122393080781788,0.1044908827748813,0.15330285222885,0.09182949677406733,100.99092440898087,0.06732602311461558,2.4291616756158887
1610612743,2019-20,2019,17,10,26.332849242843437,0.8165420282643265,0.34215892004520077,0.5463040552786,0.41537153958232154,0.23529411764705882,0.09495848508646734,0.7194084398153279,0.7291160757649344,0.47058823529411764,110.42897479863332,108.94795685955052,1.474820953847899,0.5684900501707258,0.5378600391670407,0.1925012057170241,0.10534827839953273,0.16068123271292908,0.09082363879894167,99.0843728594423,0.040865633483405106,3.672873534441392
1610612744,2019-20,2019,16,7,24.55372389754326,0.7958939748722174,0.44587211412978917,0.6713298232675293,0.5386661211129297,0.1875,0.1974227562423575,0.27511273803954384,0.2328150572831424,0.25,103.98657362939468,111.4190101126575,-7.434584894088957,0.5287073692560216,0.48756126295514385,0.19720828014956754,0.08941471969037298,0.17359195989448423,0.08444850503991626,102.80417116667702,0.03409171303937636,2.9207211857515536
1610612745,2019-20,2019,20,9,29.920495876309896,0.8283523918514805,0.38412445258072564,0.5988725304023447,0.5336473755047106,0.2,0.19681599738084335,0.5278750646387476,0.5293853746074473,0.3,110.81562374991101,108.3272015297927,2.482909677762066,0.5686465393381208,0.5352158124715652,0.19514547024666254,0.09435904705773092,0.13990351372798715,0.0775924640344769,104.9943372572501,0.0840680206663951,2.6666666666666665
1610612746,2019-20,2019,17,10,28.472446342228306,0.7902624964549214,0.32630060561266994,0.5112315696967776,0.4344097995545657,0.11764705882352941,0.15476693343460096,0.57492628552716,0.5006681514476615,0.47058823529411764,112.09981457162029,106.2070171710454,5.893216622001003,0.5750007249404252,0.5364983526838538,0.2079837388612263,0.11238086371033348,0.1504313792229898,0.09222236615971548,102.7058139307379,0.07555395423139678,3.1638584039112754
1610612747,2019-20,2019,18,11,30.002996569484296,0.882191265845224,0.35161658180428956,0.5335515081801884,0.4882058613295211,0.1111111111111111,0.07899274645394305,0.5036354557280004,0.5077436263998094,0.3333333333333333,110.38013389855192,105.45906944300387,4.951449977788333,0.573552272068992,0.5500184408268837,0.19607041707064027,0.10789714389205592,0.1574836811965666,0.09269193810405515,102.17392342595164,0.05828683703805539,3.5790944881871867
1610612748,2019-20,2019,18,11,26.654545119979943,0.8453088362789384,0.3392572502721938,0.5379806111118646,0.3848022206800833,0.1111111111111111,0.15358804664342712,0.46469143639442734,0.47918112421929215,0.3333333333333333,110.56993483504186,108.68861183374074,1.8884675621812583,0.5879124429727786,0.5502741833473818,0.18770781190755248,0.10365442970273234,0.16320686278211027,0.09001193229465299,100.20339092677025,0.04587784715419994,3.933328664142534
1610612749,2019-20,2019,16,12,29.842917167440373,0.9084726360257628,0.3050735107737073,0.4842543094601746,0.45612657091561937,0.0625,0.06164920614189375,0.7308627839847677,0.8095825852782765,0.625,110.03327447071197,101.55541413094278,8.478054748426914,0.5780478320840726,0.5483823469475521,0.19177423784934514,0.11159845965724553,0.15272021890997362,0.09411228519822903,106.74885480103376,0.06852594804565316,4.258977446393546
1610612750,2019-20,2019,17,8,23.663322214567525,0.7052785316630903,0.35069093334059875,0.5371858494568411,0.43310391136478094,0.4117647058823529,0.40724964288911464,0.21285158069408602,0.24492194057411448,0.11764705882352941,105.97985764865997,110.7553743079963,-4.783959681824256,0.5358072504213325,0.5016163304440112,0.1964432440848036,0.08713286912161751,0.14377052190734188,0.08101014765772883,105.23757934997387,0.06038987911893847,2.117634293262177
1610612751,2019-20,2019,22,7,27.054231593917564,0.7644143307953531,0.34078435081938696,0.5450767148850977,0.39303049159925324,0.13636363636363635,0.07092277937037658,0.4830967725989137,0.5401369010578718,0.2727272727272727,107.4935891367597,108.28081928711886,-0.8023077065674065,0.5607984798194149,0.5320317685515314,0.1931287034259914,0.09979415123567552,0.15546426672509986,0.08893437860206319,102.85412554157207,0.05770332286261991,3.6589281356759136
1610612752,2019-20,2019,18,10,24.76545886649859,0.8260378366228928,0.32386680827096714,0.4982309819686519,0.4158128154152011,0.05555555555555555,0.08866477874742337,0.34467151675896013,0.3179385227098945,0.3888888888888889,104.34552621761365,110.38322465472558,-6.036664110497755,0.5309103951973853,0.5080726414939958,0.18415657145662476,0.08801261637145402,0.13899674088463743,0.0905236895128924,100.84935343012388,0.04761522865638682,4.243819034784589
1610612753,2019-20,2019,19,9,26.451263955173534,0.8108074802910317,0.3282107372987277,0.5375550220752883,0.42169557781578304,0.10526315789473684,0.09873173852649464,0.8709619681416427,0.9089909601759101,0.6842105263157895,106.77561140703392,107.95507997459151,-1.2029600940255234,0.5434808442395582,0.5035569877957036,0.19160842746947,0.09760330508298767,0.1475892590011773,0.08881326742733558,100.38872263287992,0.03715433278158073,3.303570832737446
1610612754,2019-20,2019,17,9,26.153375520242147,0.8138311992391377,0.351123912220961,0.5493060915626182,0.42132932782576044,0.0,0.0,0.47041013999243286,0.4729002378270121,0.47058823529411764,108.00646870034052,106.36455739689747,1.636706876655316,0.5640324048429814,0.533918417517972,0.19418491373439273,0.10457468946273174,0.15363572219069238,0.08624834733257661,100.63298573968973,0.03448814432185982,2.4088314876309775
1610612755,2019-20,2019,17,10,26.653957199596572,0.8443185196841532,0.33286437519286693,0.5138598387406511,0.3924925913730655,0.11764705882352941,0.1809954635477841,0.49050928462143895,0.5506530567445944,0.4117647058823529,108.3881902634714,107.54456458118459,0.8430409514366339,0.5642662313674125,0.5326781580296636,0.19488915818080482,0.10621956629792409,0.1564805483615319,0.08989161844318395,101.1470362677623,0.055683121320558165,3.5270384177096794
1610612756,2019-20,2019,17,9,24.779919782763027,0.7929372283298837,0.3845317959175789,0.59318986521405,0.4626755358462675,0.058823529411764705,0.0027538949294270525,0.4940975424277545,0.5524759793052476,0.29411764705882354,110.53785822240334,109.4821032921296,1.0601462767695617,0.5777815115246678,0.5356589947073946,0.1953524720186834,0.10358854739846084,0.1646141187643525,0.09011723660027027,102.88016443577635,0.05119678809369891,3.4569664858008986
1610612757,2019-20,2019,16,8,28.047600080390605,0.8298323485329661,0.42713812164531295,0.6331307620813238,0.5671419714817111,0.1875,0.12230033255697259,0.544534101123658,0.6326100433973961,0.4375,112.27609419173805,113.1586508760685,-0.9058645596262543,0.5715696534353584,0.5382150056333102,0.1987027547134658,0.10005236960624077,0.13041029999108905,0.08739885080269738,102.01023192609645,0.05689230505964756,5.356071321407137
1610612758,2019-20,2019,18,9,27.06857948920449,0.8417238011493727,0.35969583135292915,0.548700698433736,0.40305887764489423,0.16666666666666666,0.19173002843293083,0.6258118540453014,0.6881324747010119,0.5,108.32626212179419,110.59488629910543,-2.279613189184031,0.5665920562936109,0.5350549131137567,0.19757195540268133,0.09722942879377769,0.14467418393717682,0.0874883913237697,101.24976567383295,0.050226155204899633,2.586765939293959
1610612759,2019-20,2019,17,11,27.63963302179348,0.9067615457310146,0.3370593539044615,0.527688372973511,0.4057036577805332,0.0,0.0,0.8016272411646348,0.8378177309361439,0.6470588235294118,110.34477905975983,111.31094059145084,-0.9254345717514212,0.5720764833597124,0.5354812786274812,0.1956388695572413,0.10133952236627171,0.14881409374688964,0.08918954324835432,102.4120497208241,0.03799303981494723,4.554536381772854
1610612760,2019-20,2019,17,9,25.85444539187462,0.8563138170543861,0.3812005701178393,0.5831129640526052,0.477521722704949,0.0,0.0,0.47012334519562726,0.42173529782143304,0.4117647058823529,108.8012841727187,106.56276083920503,2.234935201042184,0.567834405184874,0.5304046318004912,0.19381742507627983,0.10392800830759549,0.13820747223979035,0.08679009082722146,100.77908461519678,0.05313040096002326,4.760952285695233
1610612761,2019-20,2019,18,10,27.110070539848795,0.7770154008336215,0.36063582716937126,0.556800849777511,0.42485833949248586,0.05555555555555555,0.005012886433746162,0.8171053744614766,0.8381374722838137,0.5555555555555556,109.65264669808307,103.66161758728293,6.0000991426256105,0.5720784751866098,0.5353674383390636,0.19437229536014622,0.10665636968617226,0.15693818669488527,0.08779322070983975,102.17794016514064,0.05286586800573694,4.214261501141095
1610612762,2019-20,2019,18,8,27.763493693172194,0.8787728367334462,0.3930724074089877,0.6307754905052203,0.4900354566572931,0.05555555555555555,0.0980619280666805,0.6022176648702401,0.5520234747524148,0.3333333333333333,110.49873444480869,107.89157428473614,2.593648543538718,0.5921898889806178,0.5630889110908269,0.19657506743910497,0.10484899133993407,0.1451502331475101,0.09067267857473278,100.4836313986617,0.0645174395028197,2.8722813232690143
1610612763,2019-20,2019,17,10,24.4751901408826,0.8214759439219559,0.35718089899639716,0.5319914786248069,0.42575984055804683,0.11764705882352941,0.11656999646061302,0.4161497904892151,0.4550323866467364,0.35294117647058826,106.71672003054175,107.7151632135107,-0.9796843530077587,0.5611885029537991,0.5302903391909233,0.19751214909879863,0.10447932636760393,0.1588862289420786,0.09289275173815878,104.47443456565722,0.04602705725983359,4.467661580737736
1610612764,2019-20,2019,21,10,25.453126404900516,0.759987499170994,0.31364897326905783,0.48252537363670883,0.39872504209766657,0.14285714285714285,0.13260810440767412,0.3470933116623189,0.41640606206398845,0.23809523809523808,108.78454170779183,113.0767898322278,-4.282338433243309,0.5595274001802919,0.5220127668061549,0.19086732494852277,0.09316059170051597,0.15876229197011738,0.08250916370557608,104.479725827575,0.05697095751345593,4.011234224026317
1610612765,2019-20,2019,19,10,26.008203418063996,0.7475824906353108,0.3437454318345108,0.5248470218496146,0.387583076673691,0.21052631578947367,0.144722705592482,0.47464848002530435,0.4404279461825255,0.3684210526315789,107.16418102447074,111.00878539227577,-3.8333776558091177,0.5611893289495826,0.5293802581814908,0.18311734789836187,0.08715322585286427,0.15827917864988797,0.06940592980397202,99.74186345930325,0.05233402335001581,3.458323293158117
1610612766,2019-20,2019,14,8,24.388387647256522,0.8402752420826883,0.43099388126306354,0.6406709132872458,0.4905719673161534,0.0,0.0,0.6322587351618852,0.6414204902576995,0.6428571428571429,104.50342101782923,111.40850615036166,-6.955106593378469,0.5355890612709128,0.502479363257205,0.1977363247283627,0.09256312155136831,0.16567948612576316,0.08664852433148083,97.43501364373147,0.03400896021639003,2.222048604328897
1610612737,2020-21,2020,17,9,25.84338277492873,0.7893158489227515,0.3431130283993202,0.5306922818454588,0.4261932479627474,0.058823529411764705,0.07939829365441402,0.5731077264687422,0.6284051222351572,0.47058823529411764,112.98323540897269,110.75486313328008,2.254051298991592,0.5775655573346459,0.5388083637141117,0.19696887205960706,0.10229803824848618,0.1489436060028531,0.090679770554095,100.13313851970211,0.0671771198556381,4.1126123385159445
1610612738,2020-21,2020,18,10,24.95746182242364,0.7753796543337577,0.3542101016127551,0.5083495171410234,0.4894864279342424,0.16666666666666666,0.10692809119108362,0.5958697119079399,0.6429208614757232,0.5555555555555556,110.08946898034517,110.80560916408675,-0.7150557135688819,0.5717869486412491,0.5454088083631655,0.1951279552903475,0.10291953111429852,0.13763859908790008,0.09778900616149717,100.66086791508536,0.062468311966948485,2.7586228448267445
1610612739,2020-21,2020,21,9,23.931390517390803,0.7692122432176671,0.36107366741414937,0.5547857153198219,0.44934846574190834,0.2857142857142857,0.24442048699978752,0.5044090849864752,0.569567044976881,0.38095238095238093,104.24071147741373,112.02902451158964,-7.7869934389512965,0.5475008028167746,0.5131706829352086,0.1862417787336409,0.09000006025772309,0.15268807237500334,0.08192991283368203,99.38460353450675,0.04965908468103318,2.7397395568751004
1610612740,2020-21,2020,18,10,24.904429032879754,0.7720319614608246,0.3594729191021721,0.552874848580319,0.48746312684365783,0.1111111111111111,0.09127918807891941,0.5300329324582632,0.650196656833825,0.3333333333333333,111.5557369257833,112.18266397082894,-0.6293772837973152,0.5632930469467368,0.53522660722206,0.19320320405775893,0.10166381551437682,0.1545560688469562,0.09603122092059317,101.71251503137255,0.05412245375073085,4.517742799230607
1610612741,2020-21,2020,17,10,26.888288931852212,0.8516640351159568,0.3434792952797079,0.5344877271843264,0.47704679995532223,0.29411764705882354,0.28266438133473176,0.530201503895289,0.578241930079303,0.5294117647058824,108.83688170403755,110.60755052702359,-1.7659350457969765,0.5693784067305325,0.5443280381559599,0.19893061290217223,0.1031944533298681,0.16176405955931822,0.09524879464472963,100.44580915084899,0.05709255643251578,4.754997371187496
1610612742,2020-21,2020,17,10,26.90709771574556,0.8214491027345336,0.35589792777096174,0.5570862624502897,0.4708323163290212,0.11764705882352941,0.07440381799588683,0.7839517119070227,0.8356114229924335,0.5882352941176471,113.49736623253133,110.66957576840458,2.8263481759449256,0.5839848130843369,0.5531556028731904,0.19499642966840067,0.10233085790855329,0.14636183181177284,0.08770731531873915,99.22391176962164,0.07289780517957999,2.2715633383201093
1610612743,2020-21,2020,18,10,27.06979982345477,0.7594458428604411,0.3385145373963256,0.5111191312503448,0.4670178653229501,0.2222222222222222,0.178727219228718,0.6469890762638615,0.722743930371049,0.5,114.15455682549607,110.28764642220055,3.869163561800026,0.5778071711385329,0.5476352233481067,0.19947447183551867,0.10643267824631737,0.16423955422329292,0.09511749388528237,98.77140339573715,0.044323921306671406,3.905124837953327
1610612744,2020-21,2020,17,9,27.247081676823672,0.8168525049052263,0.38798153228088983,0.5683765787348146,0.5219560878243513,0.058823529411764705,0.00488961445571143,0.7406599526523859,0.7578592814371258,0.6470588235294118,109.46920830681125,108.46608953054047,0.9962036719678954,0.5811855299776,0.5525886613331932,0.1952770350935229,0.10262824828158891,0.16186849174322737,0.08692879207852998,103.9199771711174,0.07426678635537932,3.3333333333333335
1610612745,2020-21,2020,22,9,26.8259336853981,0.6416616251780871,0.3357038943709786,0.49317169345943934,0.36683417085427134,0.22727272727272727,0.26282809506395033,0.1524163444724571,0.15201005025125627,0.18181818181818182,107.16125294886302,113.10075490267542,-5.958225444285977,0.5617164109082305,0.5335039613802832,0.19109893924875543,0.09070582487713659,0.14762315670969509,0.08326836715551342,102.30799526325762,0.05806127031947468,4.030746032714901
1610612746,2020-21,2020,18,9,29.289467942122773,0.7747636399753571,0.3152846794638221,0.4983987421495675,0.4125404329435183,0.16666666666666666,0.09404681740684707,0.6574954859649618,0.7175914406568799,0.5,114.96161074090581,109.10798750900776,5.850239990226529,0.6010971972518113,0.5708786509666405,0.19093966691590825,0.10733371797339089,0.14993888143702558,0.09747283834546433,98.73330407229271,0.05750169079639697,3.1894889098682944
1610612747,2020-21,2020,17,12,28.42922033815419,0.8307560148604871,0.31350675053460236,0.47984907798847837,0.35328776808861656,0.11764705882352941,0.11576959186836289,0.5650549129300236,0.5724723073297195,0.5882352941176471,108.217819500194,106.001490351268,2.2258190913539866,0.5590530578679408,0.5286116934174602,0.1990385507898307,0.1039849502290331,0.15278229728169943,0.09549880179673857,100.12539177264324,0.06365723097618647,4.487637339278753
1610612748,2020-21,2020,17,8,27.850187847933558,0.744654810871389,0.3572101548938204,0.5480656499069886,0.40636704119850187,0.11764705882352941,0.09731939454514349,0.7693543207154787,0.7716604244694132,0.6470588235294118,109.1997211448427,109.55881139598856,-0.34293235644468545,0.5735705315908202,0.540553431488877,0.2016819272598659,0.10484009025298548,0.1802536102501273,0.08590298801322696,98.37220100672899,0.05258505015686492,5.267826876426369
1610612749,2020-21,2020,19,10,28.697172743040884,0.8720478144031385,0.33409416235442246,0.5347427356515374,0.4629464285714286,0.21052631578947367,0.1623542424241334,0.5465633299728003,0.5896205357142857,0.3157894736842105,114.18494938864335,109.14060694395809,5.049110409530334,0.5806158363534341,0.5538396319334393,0.19102300942401,0.1030231420576901,0.14109831179100824,0.09287602107237843,104.05085313240444,0.06487033220201667,3.6345563690772495
1610612750,2020-21,2020,16,11,23.42615838360624,0.7806422231266027,0.33178138465958057,0.4959567174183664,0.42450142450142453,0.0,0.0,0.6610445274346453,0.6966431314257401,0.6875,108.01174239203294,113.28540311213254,-5.270472622809537,0.5509822937853107,0.5175910575505124,0.19406736455041654,0.09422368294551374,0.15750171837594562,0.08574872124868332,103.10994538063774,0.06505852419358998,2.9345477075579947
1610612751,2020-21,2020,21,10,29.134355808893506,0.7539092028453039,0.3269071910969203,0.49752808395676806,0.39845524761472056,0.14285714285714285,0.19347400039086743,0.4410393728798391,0.42628350749659244,0.42857142857142855,115.4490295177415,112.0155697487919,3.443183298529154,0.6054780567326546,0.5765799460089934,0.19626799186780092,0.10545951952297443,0.16310111711331282,0.08823386438088815,101.08374428161191,0.06364503122789712,3.3778691508109073
1610612752,2020-21,2020,16,9,26.34402415851055,0.8313819233312285,0.4113377352925843,0.5862769455833263,0.47790802524797116,0.125,0.07861866387884037,0.6485139876452455,0.6541285585469535,0.625,109.05399149684763,106.54296783450499,2.5051351648772364,0.5693055784550382,0.5373964239355716,0.19580093056015416,0.10248812910062398,0.14323635081284772,0.09001970107950673,97.49706276764739,0.06638105486088967,4.416579314300398
1610612753,2020-21,2020,22,10,24.936177246769574,0.6168724837497811,0.3044999957843187,0.4646113518980107,0.34510380905672716,0.3181818181818182,0.3420079112807639,0.2710591034088887,0.295242766061795,0.22727272727272727,103.6841331849118,112.56734846067724,-8.87925982397977,0.5248500503219228,0.4859112477041177,0.18402728610853122,0.08266562114071012,0.13306435492753244,0.08270823224942989,100.86094216484557,0.03213347164562211,3.661966684720111
1610612754,2020-21,2020,19,8,27.035331021171395,0.780679589240245,0.3627572045089254,0.5580397499480154,0.4067593480345158,0.05263157894736842,0.08492916280157484,0.8592403600782121,0.8336529242569511,0.6842105263157895,110.87177508396152,110.5432458080232,0.3428215643629988,0.5767503819031556,0.5452983731449702,0.19594831685296935,0.10118302057140524,0.16547246161384888,0.08404831687202872,103.18385366157214,0.04832701108076104,2.537222891273055
1610612755,2020-21,2020,21,10,27.52165628085799,0.8168417302520935,0.3157449329212972,0.4904360775064231,0.41015395463626747,0.14285714285714285,0.08995738006640125,0.5500271161920701,0.620049359501704,0.3333333333333333,110.69633474351984,106.25147748922488,4.454860798729928,0.5660962237315276,0.5365132928053751,0.19174201273684213,0.10401092334518063,0.14611699047121476,0.0883705396031895,101.2509409950938,0.06641874735343929,4.635730794599704
1610612756,2020-21,2020,16,7,26.982912369377946,0.8470828277521477,0.38762322095255836,0.6015806510825362,0.46353478313108254,0.0625,0.04568392266202271,0.6567865944776811,0.691096960230686,0.5,114.97825729612367,109.07486079821753,5.880675162167933,0.598260677980461,0.5686720097357144,0.19334172731034874,0.1069045211806468,0.15765091783576707,0.09055856140832015,99.24318207736243,0.055306566757760446,4.43087497693452
1610612757,2020-21,2020,15,9,28.364041147038126,0.8539535225833002,0.41256254399812137,0.620311315616271,0.5122765196662694,0.06666666666666667,0.1329085006806181,0.500941957783699,0.6060786650774732,0.4,116.21968468293379,113.87521038496782,2.3524725374887345,0.5844934610342243,0.5488129308099692,0.2006781893157872,0.1039954224377086,0.13695339968066744,0.09113061660595691,100.14570774791791,0.059406529964887995,4.0276819911981905
1610612758,2020-21,2020,19,8,25.90531384768303,0.7706291801225331,0.3730298159059604,0.5733759732126393,0.42718678951776956,0.2631578947368421,0.24022955675156707,0.5682382033046914,0.63096805073591,0.3684210526315789,111.20317457509209,114.77485405772183,-3.569067673337174,0.5846597242832643,0.5547439606250321,0.1945570669005666,0.09969802883906267,0.15716873030525474,0.08605243486584038,101.61411741192634,0.04390312488878212,3.0388114452858046
1610612759,2020-21,2020,17,9,25.938879481196157,0.848862839505219,0.34639472226720786,0.5447741908653141,0.40559440559440557,0.11764705882352941,0.05875714237141858,0.8530518812268464,0.8877372627372627,0.7058823529411765,109.30135770505956,110.61902272623603,-1.3235407354135829,0.5586745968224238,0.5249016060974963,0.19134372871151115,0.09785087499347851,0.14531507389625814,0.08728449050139415,100.76146125170717,0.04044597066717372,4.7945442245314265
1610612760,2020-21,2020,18,9,23.34537858183007,0.7505896600222256,0.3094617390442116,0.4847071313317889,0.33527858830068086,0.1111111111111111,0.12343746286746357,0.39997037591853085,0.4425455050715576,0.2777777777777778,103.24218468176852,112.20266780628553,-8.966674782900144,0.5396323087075131,0.5092035836124335,0.1979611910191913,0.08795442419062338,0.15192047101879796,0.08135325334285017,102.40498728479518,0.039358748850936695,3.4138425546082702
1610612761,2020-21,2020,18,12,26.940946897631363,0.7814763292261131,0.3134367393659185,0.4853940405514057,0.3920404295641188,0.16666666666666666,0.2347483669467477,0.5342951481540917,0.6176879343019583,0.4444444444444444,110.27096795336962,111.1225367070239,-0.8421965746000296,0.5538633746139072,0.5190014967232746,0.18628680989499782,0.09282089632577781,0.14562885272361986,0.08433506626730855,100.3410457390394,0.04100508098597864,3.847798793538398
1610612762,2020-21,2020,17,9,29.03155104809509,0.8821854630345058,0.37976780524858894,0.5903942649460973,0.4595779990516833,0.058823529411764705,0.0186736468209264,0.8893003904659571,0.9160739687055477,0.6470588235294118,115.14199544788292,105.83507080631665,9.310223349500239,0.6050288759384681,0.5769196926849306,0.19327273959906419,0.1086646613111115,0.144596442061318,0.09478058450692751,100.76528392036626,0.07062262778710203,2.7125679146074897
1610612763,2020-21,2020,17,10,24.49078928198463,0.841681317488896,0.34853637590527714,0.5407609410880184,0.42747995991983967,0.0,0.0,0.8204114728332961,0.8570891783567134,0.6470588235294118,110.5159463212753,108.95766271211764,1.5506401481065022,0.5612436495208074,0.5304772999349426,0.1949620458008067,0.102140563019577,0.1577048601628948,0.09046680700294601,102.07428647524273,0.04056365368159037,2.244994432064365
1610612764,2020-21,2020,18,10,27.200760275277563,0.799740008985623,0.36707606454722763,0.5337727085867924,0.49589966232513266,0.16666666666666666,0.12303227458291557,0.48746677696272483,0.5155571635311144,0.5,109.4468209674409,111.01150256994597,-1.5377743680669653,0.5732812284921233,0.5395075127237474,0.1935904355641215,0.09938913656831827,0.1517780374524634,0.08899887701143167,105.8095571162956,0.06879978197639873,4.026164427839479
1610612765,2020-21,2020,17,9,24.67521471396434,0.7652948261529559,0.3205999837618703,0.4993263193354267,0.397196261682243,0.23529411764705882,0.21359171794873089,0.052592477913370086,0.039169873556899396,0.058823529411764705,106.14971651352228,111.08571093002627,-4.946416058199071,0.5611316246652145,0.5282704714655215,0.19318518144597013,0.09232555120129382,0.1444924665668509,0.08855557247727795,99.62079358967053,0.043261764260297805,4.570436400267363
1610612766,2020-21,2020,17,10,25.327043059731462,0.8230151830052708,0.34866219061698084,0.5241217068758457,0.38556905529382596,0.058823529411764705,0.05858287718189812,0.7636974276433147,0.7408876766674932,0.5882352941176471,108.43739569510214,110.24027197971394,-1.811815962871628,0.5595890857913233,0.5283056440791526,0.19276611611478,0.09715278653744262,0.17129679978390977,0.08624947089770531,100.40045773373662,0.03937778561575041,3.7629775444453557
1610612737,2021-22,2021,21,9,26.500776859469198,0.8163499957756465,0.36364940590198314,0.5496836902313159,0.4461933467291806,0.09523809523809523,0.01723419710547851,0.8345000463244623,0.8938379102478232,0.5238095238095238,114.15701196474552,112.33344853387482,1.8087247544891576,0.580742797426826,0.548022361769038,0.1928855063615993,0.10267543241155289,0.15496899810228232,0.09118385756302329,99.87977221310803,0.0613751870078366,3.784308081316978
1610612738,2021-22,2021,22,9,26.569068908724002,0.8549344391631435,0.3790698580636905,0.5989397209394609,0.5161109239923656,0.3181818181818182,0.20199063196122513,0.7700446451182538,0.7967890423262602,0.45454545454545453,112.0899318820437,105.17281656882831,6.923193789696936,0.587750226198271,0.5534864820216944,0.19544526254647426,0.11215460262811051,0.15891258307485115,0.09382739905943016,98.84132837904126,0.06687965975458375,3.909469352390929
1610612739,2021-22,2021,22,8,25.11823087779495,0.8037296726749332,0.331035475507384,0.51207907727575,0.3813761667028435,0.18181818181818182,0.1487881559868939,0.5949964000582014,0.6098328630345127,0.4090909090909091,109.13347965513232,108.1669361590135,0.9407292537702824,0.5705980883073334,0.540565624181134,0.19470783473034647,0.1037390670692317,0.15889139436327188,0.08963572361612558,98.15270179846515,0.04399928976699511,3.774917217635375
1610612740,2021-22,2021,18,8,26.752267291653286,0.8002767981362087,0.3475091021371162,0.5545790784404807,0.44598275079437133,0.2222222222222222,0.2153542128178483,0.26732673011962493,0.31854289605083974,0.2777777777777778,109.9751830378755,110.85979124642171,-0.8745351739385325,0.5612462131421371,0.5266642234105359,0.19204693168417197,0.1007815741571093,0.15168942198796403,0.09292826650208066,99.26450660093543,0.06050413209029611,4.328322423295196
1610612741,2021-22,2021,20,9,26.7223860410953,0.791103857772094,0.37121700885216763,0.5588224043411105,0.5389714530097295,0.1,0.05494011598822355,0.47101670010653657,0.49481449802202504,0.35,111.32664543369174,111.90480165964202,-0.5686461665185729,0.57839558891143,0.5461475793375891,0.19418720692608069,0.0992298840489548,0.1447110268952392,0.09022381546644591,100.00523202147423,0.06952768344646683,3.6750745352313836
1610612742,2021-22,2021,21,9,27.45931713533771,0.8030254716434247,0.3698643490433777,0.5621341965954576,0.45882885944048024,0.14285714285714285,0.13874283601252463,0.6720196842253401,0.7213727488956847,0.42857142857142855,111.04200902413764,108.1139372784049,2.92751711577565,0.5716293095870215,0.5425813467863114,0.18984374366760662,0.0996687586796348,0.1675993048450779,0.08441004004445621,96.96086906085988,0.07420542058666903,3.402976184691901
1610612743,2021-22,2021,20,10,28.17456747660929,0.8867808735856466,0.34401758699458224,0.5413265091057811,0.4280878128846943,0.2,0.10048882616400089,0.7129788551270677,0.7108124743537135,0.6,112.36709985774277,110.25733493449123,2.1130456397568524,0.5833260573321349,0.5514082658971069,0.19484961922625074,0.1022346864340161,0.16719642532493753,0.09167647528711276,99.57911999867427,0.04956823579672773,3.6619666847201113
1610612744,2021-22,2021,16,11,28.32623987426151,0.7887986878072879,0.34635151962210775,0.5051069420100563,0.47174582233948986,0.0,0.0,0.6792902001123391,0.703056288478452,0.5,110.64454544147203,105.09781476919746,5.531940597359355,0.5797788164813524,0.5527634930329506,0.1933439029857817,0.10761502348291567,0.1669213472899903,0.0915390914412555,100.08962116372396,0.053853489646516296,4.287209499109671
1610612745,2021-22,2021,16,10,24.16822173882758,0.8346769957049526,0.32685252793949005,0.5215064504536474,0.3697852931360552,0.125,0.10344758874290397,0.5198033449415045,0.5317610412726665,0.4375,107.36606793154029,114.60685057687955,-7.280629258413556,0.5673339840331907,0.5352995016480044,0.2000630621209858,0.09399786024519588,0.15957210786554385,0.08393452608477024,101.96628461268688,0.03251599606347621,4.1952353926806065
1610612746,2021-22,2021,16,11,28.08770270986676,0.7863841239919536,0.3163005963563578,0.4972102842825744,0.32556112442797996,0.25,0.21651651476362002,0.6820893110433273,0.7077794726519939,0.5625,108.76254854725845,109.6461317757164,-0.9185035670155868,0.5739657450720298,0.5421132654086845,0.18753814922350373,0.09639970932615112,0.1334705881035938,0.08339199909676172,99.3664736757136,0.06013057417332071,3.394209945926267
1610612747,2021-22,2021,21,9,30.613470438495362,0.7597766579092239,0.34992258465824,0.5174753301984064,0.4565691837625491,0.14285714285714285,0.06421780079578915,0.2535240038268195,0.3512658227848101,0.14285714285714285,108.96632463058683,111.80406429699093,-2.8124898075434315,0.5666751350542754,0.536241895137708,0.19477859854567336,0.09657929477666179,0.15059023620130696,0.08410112539595074,101.64674299965854,0.06694608112337704,5.6524877075452915
1610612748,2021-22,2021,21,10,28.648106844479944,0.7705737807612962,0.3133703115433316,0.5071095951033768,0.4016708805100583,0.14285714285714285,0.026279057231474934,0.628603677024093,0.710014290425415,0.47619047619047616,111.59782718001621,107.21482871733082,4.407672820355257,0.5804671814327593,0.5465300000057783,0.19300073419299568,0.10511897558696846,0.1607185262218919,0.09036710285413192,97.65129556419147,0.048924533722867515,4.825971404805462
1610612749,2021-22,2021,19,10,28.910293511204685,0.848646123434108,0.3295503540440141,0.5223180160124452,0.47520618018582317,0.2631578947368421,0.15018347593439454,0.6150079794010755,0.7378640776699029,0.42105263157894735,112.53377185115399,109.2776335795325,3.268316924712004,0.5818005150569286,0.5544181882568697,0.1925864858114179,0.1044811272915633,0.14821839075931714,0.09242307832218005,102.0590685909987,0.07219175853239759,3.8935844667863573
1610612750,2021-22,2021,17,9,24.531039434163944,0.8579772170320863,0.35284620739747125,0.5467528848032784,0.4738329495499267,0.058823529411764705,0.009793348637614009,0.8303502387648782,0.8635126648524178,0.6470588235294118,112.62254033797458,109.7683587600248,2.8479734229736495,0.570353000557403,0.5377276084396774,0.19481437375627583,0.10102145867291173,0.15467856695153548,0.08724776418737992,102.56815326670643,0.05285643261832757,3.784308081316978
1610612751,2021-22,2021,17,12,29.33876427146086,0.7133868405359817,0.3464478120941348,0.5168612578612123,0.4034324942791762,0.17647058823529413,0.21594217693152687,0.44147747889921174,0.528604118993135,0.4117647058823529,112.05313084443668,110.94887263133067,1.0964648494757065,0.5747270908697503,0.5487115644721587,0.1901719526484636,0.1023681838310472,0.13832656069403534,0.09159534131112115,100.1407243195972,0.054592174856434826,5.291502622129181
1610612752,2021-22,2021,21,7,26.42905132161938,0.8024731520021008,0.3576814641621485,0.5612765464586341,0.43718371837183717,0.047619047619047616,0.0494687898240659,0.6989816605060436,0.7214521452145215,0.42857142857142855,108.38957392413627,109.02090126620877,-0.6008299940101515,0.5637867041153048,0.5327682005806097,0.19412133329445438,0.09834034649574283,0.14503362395314065,0.08920036997946965,97.6422321627688,0.05311635283766677,2.871393034605969
1610612753,2021-22,2021,21,9,23.86828066464514,0.7640684358410227,0.3251836719202,0.5084212455565177,0.37555921827172123,0.047619047619047616,0.005540248137464492,0.7213280832194682,0.7263951024252413,0.5238095238095238,103.0476131968181,110.89938832446349,-7.852465662600345,0.5395935030781247,0.5061604581864712,0.19476735138012963,0.09344988558759289,0.15546530476237375,0.08738851569221218,100.7492392831547,0.030811654040173792,3.2697642154582587
1610612754,2021-22,2021,20,9,25.57737478133758,0.6730205894896337,0.37625203349441044,0.5308048475518393,0.38315381822582595,0.25,0.4035354056098042,0.29991356981712863,0.29262979547379886,0.25,110.45812630722982,113.39343136178537,-2.942800276673104,0.5579892043476619,0.5259705316973625,0.19599384148984736,0.09717898212473847,0.1737261126528758,0.08369184795303945,100.51451702715437,0.024478763787070822,3.235604395235786
1610612755,2021-22,2021,19,9,27.48892427529037,0.8536299840284723,0.38467890082864137,0.5884471399416807,0.5202848511005611,0.2631578947368421,0.1909101412778078,0.7090990211221954,0.7191411307725507,0.47368421052631576,111.46270559608737,109.1501596851368,2.3335049935922147,0.570778513633028,0.5284374716727729,0.20072773532588584,0.10663128422320613,0.16933611590705483,0.08842688143736495,98.3031705171484,0.07855987729743254,4.058218303944372
1610612756,2021-22,2021,22,10,28.02631750454526,0.8038374996614905,0.3486497408176745,0.5204512866385709,0.4052733380840884,0.13636363636363635,0.12605512693515666,0.7538491301421614,0.7802097119006414,0.45454545454545453,112.5110443528472,106.05895738060465,6.444992189172254,0.5781403890866816,0.5495985236913925,0.19062111209684085,0.10663517863462442,0.15664236070004214,0.08803065636056052,101.2151067363648,0.05100794055830916,4.363484845854286
1610612757,2021-22,2021,24,10,25.876464229399232,0.6780634218259898,0.2591371873882685,0.3948761131880464,0.31407813244402094,0.2916666666666667,0.2697642909105773,0.3554613953282339,0.4012625059552168,0.25,105.82758919079964,113.33881485189688,-7.518557585191237,0.547219561529254,0.5120121023323597,0.19233878304011046,0.093267652569798,0.170525382684246,0.09108351406333229,100.1445639805575,0.046907995054148284,4.044749683231338
1610612758,2021-22,2021,20,8,26.980524865823902,0.793155684101217,0.32402315668531856,0.5207709532137201,0.3925069666632263,0.3,0.4046564107772534,0.4607036985314422,0.48725358654143874,0.45,108.17620410954994,112.93127837058951,-4.762130789568066,0.5720029675057369,0.5345158443652384,0.19465730494079117,0.09698356021341221,0.1400713299542008,0.09161517372274822,101.05085104230479,0.038999799678972706,3.0998991919093113
1610612759,2021-22,2021,18,10,24.13352326531714,0.8404741497226592,0.36350802302778956,0.5552885340610006,0.42889203874320814,0.16666666666666666,0.13303335066946745,0.6690139341992394,0.7205291755256319,0.3888888888888889,110.9929926535317,110.02510451437433,0.973162187414867,0.5558301957632289,0.529620964834665,0.19039302754193876,0.09838223591101382,0.14901571284157247,0.08693622256894487,101.62622840739463,0.03722311110049777,3.2186953878862163
1610612760,2021-22,2021,26,9,22.867639627904616,0.7091688350388679,0.28036959027683506,0.4331076975979117,0.35120863647031214,0.038461538461538464,0.010753061890445817,0.5732984532740435,0.638347805679418,0.4230769230769231,102.43346949384207,110.46788390081431,-8.026839839596054,0.5290614317362703,0.4999737903403526,0.19407074847647396,0.09077513350974846,0.14657080409416742,0.08724851479770648,100.58561006145483,0.04521334884279472,2.1829869671542776
1610612761,2021-22,2021,20,7,25.222961612609417,0.7979978234359417,0.3689072325939313,0.5701091465795628,0.44527816486225746,0.1,0.08137096756709578,0.6205279624224022,0.6784221245578305,0.4,110.73791365577246,108.73253664764088,2.0096189975062235,0.5396274470537232,0.5087976062412422,0.19344114259716488,0.09871074594643903,0.13752467836531537,0.08935284209971846,97.84678001651382,0.02818741939669005,3.2261685116103473
1610612762,2021-22,2021,20,9,29.152201147297752,0.8281651205128779,0.3348167361920451,0.543793124323304,0.4362161051766639,0.25,0.1424428003817062,0.6943286279767347,0.7302793755135579,0.45,113.90485253364523,108.59565316405526,5.316051756929238,0.5861178366899196,0.5576720377728297,0.19913567700881757,0.10475478281712414,0.13783291193223587,0.09303231002975021,99.09818566655193,0.060801031505220086,3.8522079607466035
1610612763,2021-22,2021,22,10,24.363058957009766,0.8414420989322012,0.32323222957350306,0.5025534859766054,0.4451476793248945,0.0,0.0,0.7867002602123003,0.8585443037974684,0.5,112.83341839052754,107.46310509053484,5.3846005905563255,0.5526674142888333,0.5267233947463584,0.19389808756181837,0.10639595031437053,0.15140204932991333,0.09393546001606624,101.88769242349787,0.0651604941663275,2.5
1610612764,2021-22,2021,23,10,26.443208266520298,0.7653938416451773,0.35156402071305304,0.528593822137289,0.38511875908870574,0.2608695652173913,0.211824098186956,0.4989937023795556,0.4963645176926806,0.391304347826087,108.6140523562469,112.60321481183786,-4.009588719396931,0.5594915894018003,0.5252145288967228,0.19532842110846932,0.09734785287960257,0.15398888536748406,0.08825627246862316,99.15255991955011,0.05043847737590816,3.583294573433783
1610612765,2021-22,2021,25,9,23.939141403862855,0.6967859889812784,0.3485455061895514,0.5198049557026395,0.4113082039911308,0.12,0.08687112512930704,0.6901249813517417,0.6735649174673565,0.4,104.6838307271779,112.1292308337444,-7.445435007490511,0.5296655269507661,0.4936263260043444,0.1922996770038163,0.08970019042541941,0.15344200103788488,0.08532483503159588,99.8043147150823,0.04367924613829636,3.2356043952357862
1610612766,2021-22,2021,17,9,25.94784745160362,0.8536477182526268,0.3749178437503719,0.5626821921364333,0.454217229966904,0.11764705882352941,0.09588700125984387,0.6887630169629123,0.7029385217129676,0.47058823529411764,112.41145988285128,111.47676061338908,0.9194365593428245,0.5839909229540574,0.5600852549683832,0.19546389525846394,0.10453768750187753,0.16022884688617592,0.09052513716055208,101.46723462367397,0.0492531881527468,3.7449554547450483
1610612737,2022-23,2022,19,9,24.76748523109178,0.8497235209699786,0.3387654934756726,0.534482663439415,0.4226028041780371,0.15789473684210525,0.14813724058951724,0.5945991432162391,0.6205890655876541,0.3684210526315789,113.7568142003566,114.35074377424043,-0.5971179160305297,0.5792273866715165,0.5425389793520511,0.19390544594098078,0.09965449564584797,0.13740033770210444,0.09035612612963514,102.53007695903102,0.04823348562775107,3.142696805273545
1610612738,2022-23,2022,18,8,27.8891384895642,0.8170448969724979,0.3617363054167874,0.5558631295655517,0.5055320860993764,0.1111111111111111,0.04751258413511587,0.8217976504224088,0.835646751156709,0.5555555555555556,116.215703723109,109.28326271825404,6.940374958915341,0.6043745742861174,0.5749370611723792,0.19325884495609752,0.10687183567268271,0.15715552669017135,0.09150477148035355,100.34190163534126,0.07296906450681685,3.9370039370059056
1610612739,2022-23,2022,17,8,25.43565528237037,0.8478577632221278,0.3975783264747664,0.6309206289046763,0.5288147062140521,0.058823529411764705,0.007261740050104794,0.777022500741172,0.7139957144468253,0.5294117647058824,114.19586580486558,108.58153715832147,5.60683795023687,0.5899655374678774,0.5588195628036557,0.19406958404854896,0.10565890394847899,0.15321133939846676,0.08468400843234675,97.29609943063686,0.05999570297112953,2.2603926650031405
1610612740,2022-23,2022,16,10,26.378524646756695,0.8197548188562969,0.352555117066096,0.5393043339267675,0.3999373629815221,0.0625,0.07632513694490708,0.8233872885220261,0.8288965445244806,0.75,112.56041036193105,111.14973382785163,1.4222972014895425,0.5812708994681712,0.5444312900286343,0.19607093790680435,0.10348865157990515,0.1562860029734636,0.09069217482741909,100.84077269386705,0.05866310595254909,3.5510561809129406
1610612741,2022-23,2022,17,8,27.883619209663514,0.8881171310979573,0.39869660143620156,0.6137332037301901,0.556140539378962,0.11764705882352941,0.10118141929386933,0.844381368896851,0.891694423552165,0.7058823529411765,111.60878049674305,110.43998482900562,1.1813168945221049,0.5835343803578755,0.5503254358275939,0.18802869605903585,0.10016726645550618,0.14024765853717464,0.08853399524552452,100.34922443155999,0.06300285211797955,4.702060718451007
1610612742,2022-23,2022,20,7,28.486712759859525,0.7779045688291133,0.3680473842862777,0.5727383921502504,0.5204441123091705,0.2,0.1794075333249681,0.6448358411183444,0.5792676417209351,0.45,114.8209832495447,114.41561533833726,0.4028237802152822,0.5980399073611532,0.5715202341891256,0.2017427785709006,0.10073694041547712,0.15233386839527976,0.0840095449193799,98.83524732672899,0.0912073215822287,3.692242280948596
1610612743,2022-23,2022,17,10,27.680795398870178,0.8221902826121603,0.32979373227894054,0.5275884011546113,0.4073779457094561,0.17647058823529413,0.1454899128925688,0.43570605816737923,0.49507805508600977,0.4117647058823529,115.28229702315716,112.13680627598515,3.1211812058879658,0.6008601214821051,0.5758774881892397,0.19051689514248663,0.10351488799208222,0.1621581791457687,0.09295818237269858,99.91244340142023,0.04323713681547381,3.9446165846632044
1610612744,2022-23,2022,17,9,28.077169338253192,0.796136358049722,0.3548705639855291,0.5515473560369634,0.4997414417209639,0.058823529411764705,0.01854426007214306,0.7473803520116122,0.801116971765436,0.5882352941176471,113.92907023778388,111.95556310566397,1.9788771425008977,0.6023187167270803,0.5763296606007686,0.19199167352524232,0.10156638685023354,0.17281538110096897,0.08840373725320165,103.72756480670843,0.06708332758224038,4.6294814791110355
1610612745,2022-23,2022,15,8,21.685220239497948,0.8548902661344487,0.41858579134881524,0.6576338937284738,0.4784677320971087,0.06666666666666667,0.013384932352986153,0.7087952278600512,0.740148834939612,0.5333333333333333,109.46881598942717,117.80675814749985,-8.310049318457725,0.5535382486139246,0.5197061704445064,0.19777591270681424,0.09393549980067642,0.14231833605034602,0.0979644995059416,100.80582816075103,0.05097778315109436,0.9682458365518543
1610612746,2022-23,2022,19,10,30.558701066991713,0.797523463407045,0.2748187300257423,0.4438438628675888,0.335763795121073,0.2631578947368421,0.32571725506024146,0.5521380888523386,0.5129174543163201,0.5263157894736842,112.60403324339885,113.62996194582371,-1.0244515795924793,0.5901786196309678,0.5581820074353627,0.19913821259226566,0.10380192159809358,0.16635951203610697,0.09447433417457243,100.58510450648552,0.061150715449616776,2.9748949561287032
1610612747,2022-23,2022,17,10,26.968415435987467,0.8063392043737708,0.30238972997538804,0.48517721243542633,0.4137268095741613,0.29411764705882354,0.4032121777155399,0.3186056081767567,0.4081514947611266,0.23529411764705882,112.96400034771997,112.30272379854225,0.661161132044843,0.5879131675962885,0.5523119053664781,0.19530768819593344,0.10561625287674323,0.146434233947007,0.08998214058435273,102.36784171382679,0.05879328192914562,4.2059481689626175
1610612748,2022-23,2022,18,9,28.29246819282618,0.7800969433139616,0.35644267535695445,0.5649921026740592,0.47495077663530955,0.1111111111111111,0.0648053156832063,0.8814582395653845,0.899584336031503,0.6666666666666666,111.50245278403311,111.57866030978032,-0.06909243783530233,0.5683408418598098,0.528444416008886,0.1934803555408541,0.10065608817170454,0.15354343619960742,0.0895347077931688,97.7567628252087,0.03959080826107787,4.371625682868
1610612749,2022-23,2022,18,8,30.485746834020873,0.7723947445983745,0.34377597309140917,0.5418576386091597,0.4747196953670404,0.05555555555555555,0.04546390015184855,0.8216334758337844,0.8657711021789719,0.6666666666666666,112.7948594366667,109.58707684790802,3.2251598895124336,0.5796952523703747,0.5547204310983391,0.1964374771105838,0.1056401701470192,0.15988264671979696,0.09306614326020188,103.17074085805972,0.07777973707849622,3.2379584617471546
1610612750,2022-23,2022,18,9,26.484377236285532,0.8047228581018561,0.3706379817157125,0.5700397539631359,0.41442608789547564,0.16666666666666666,0.16124383932005915,0.544434295032723,0.624014685239175,0.4444444444444444,112.50770549139148,112.01410741076462,0.5065368429761826,0.5901414318299266,0.5610645471447775,0.18881796531503414,0.09904009950834664,0.15491351494626915,0.08541551765725186,102.5282384141852,0.055999999999999994,4.594682917363407
1610612751,2022-23,2022,19,9,27.80886513809709,0.7969545115541119,0.37193292902823405,0.5684913318192116,0.4328212894850714,0.3157894736842105,0.4248682772883934,0.33544174388017306,0.35114668974469926,0.3684210526315789,113.1331516070634,112.96630361219047,0.1592255579532088,0.585002329897253,0.5582369476263809,0.1772604136325476,0.09283358634617134,0.14651278125016026,0.07847383347634282,99.15049369463328,0.0354964786985977,2.5867659392939593
1610612752,2022-23,2022,17,8,25.383431775019353,0.8383596085186861,0.3454259777768616,0.558211254604164,0.48775729197151496,0.11764705882352941,0.11833179507639133,0.6694572307124843,0.6877377816798361,0.6470588235294118,115.56465777143401,113.09363324575365,2.4739082787359123,0.5820318126704161,0.5528491051414577,0.18969306528840044,0.10124285033417006,0.14515996295267536,0.09554005381533902,98.85421462202393,0.07179734935915114,1.8540496217739157
1610612753,2022-23,2022,17,9,23.117980409389496,0.7486277855775546,0.3787575141021094,0.5588625888240727,0.44947817836812143,0.058823529411764705,0.02538250032644844,0.7580448470693265,0.7600806451612904,0.5882352941176471,110.06437664092435,112.4535613625819,-2.3768593067439157,0.5733256118940214,0.5336219464105953,0.19766945202041486,0.09932831933232268,0.1499413450416419,0.09115288612830305,100.82148273342455,0.03706184354445392,2.3622546250521443
1610612754,2022-23,2022,17,11,25.498371136276525,0.8367176249577319,0.33031912115518186,0.5110336053507728,0.38916155419222903,0.11764705882352941,0.098513785214172,0.5884185827655034,0.6286298568507157,0.5294117647058824,112.29873699400623,115.6578323258478,-3.3477832353464603,0.5790151716997893,0.5424881707868914,0.19180356456643277,0.09673030342830996,0.16201358300227683,0.08283136218363829,102.68849047744021,0.02889822551674287,3.1986567428653054
1610612755,2022-23,2022,19,9,28.558909195267027,0.8512889926567261,0.3242645082844695,0.5201867663727386,0.4571739776215467,0.10526315789473684,0.11040698907508603,0.620598000424183,0.7372017031389246,0.47368421052631576,115.16977297558053,111.80665996354799,3.360200719097107,0.5952308585865896,0.5568484652003195,0.19500721992124295,0.10501561374050702,0.1572689928864392,0.09027276514109749,98.74236881087798,0.07841973170693492,4.570436400267363
1610612756,2022-23,2022,17,8,29.166242927885357,0.760638134966357,0.2966947364485138,0.4739072634413339,0.42083333333333334,0.29411764705882354,0.23640657498862688,0.5695416395566483,0.5660416666666667,0.47058823529411764,113.25199373377505,110.81583757030009,2.4215826260306366,0.5742274360572707,0.5411410669492678,0.1991867087952002,0.10729252814487303,0.1628112276993957,0.09122827752753937,100.04028133925148,0.06407502926257623,4.69041575982343
1610612757,2022-23,2022,20,10,25.2813871279168,0.7377233662549987,0.3410355523832836,0.5168283732405516,0.4840004338865387,0.15,0.16426362997629718,0.5591884576161702,0.6090682286582059,0.45,112.06782615318271,116.4391273238957,-4.383130331260658,0.5833631106498905,0.5501398131045371,0.19747216910816104,0.0931089815139249,0.14188043301803002,0.0805381544179779,100.57549984763627,0.06345746606980145,3.4365680554879163
1610612758,2022-23,2022,20,8,25.847630746584716,0.8933047190937897,0.3934218527430447,0.6236862222603204,0.4606072833652779,0.05,0.019375333592729232,0.6325925202901395,0.6572177948148895,0.5,117.40077843047172,114.53513508287162,2.8795465549790946,0.6057546281910215,0.5711604654694272,0.194302135227861,0.1018203632870863,0.16010789837082856,0.0893284333849223,102.21694467735011,0.04654416585352023,2.54644359843292
1610612759,2022-23,2022,20,9,23.931532658640926,0.7671145605017861,0.3124471966098642,0.4749209484400716,0.36184369707234454,0.15,0.12942087660885188,0.5789409286846253,0.6436002903459956,0.4,108.34180537907902,117.42263830673346,-9.073234803603023,0.5491249384037987,0.5185811648120814,0.19326674216388387,0.08751798078719575,0.1564420458834012,0.08066496337352161,103.20440227771962,0.03322463759335648,3.5276684147527875
1610612760,2022-23,2022,16,8,23.08651934151895,0.8433943211069084,0.3727300656986718,0.5663966866318652,0.4799439292646107,0.0625,0.042556947634762456,0.6812644158346709,0.7167349579469484,0.625,112.96333066647632,112.31859717807163,0.6291306236881146,0.5674545850329743,0.5329725006004169,0.19620381012341964,0.1006489919553383,0.15085006106254728,0.0864530968616482,102.94643926012452,0.05514242921743655,2.1758618981911515
1610612761,2022-23,2022,18,8,26.472972498838118,0.8468406140970364,0.3638719899988765,0.5722431500022787,0.42054032578466427,0.1111111111111111,0.13413262022172334,0.777150591260445,0.8297576479936433,0.5555555555555556,113.01322620362839,112.68128988861397,0.32344144416050935,0.5554964033786486,0.5218355526307814,0.19456488696955304,0.10036019467089467,0.14656876632220975,0.0935943745376651,98.98038671689541,0.028689882798645247,3.0413812651491097
1610612762,2022-23,2022,20,8,26.850116285652913,0.7698089839331892,0.38030487504529714,0.5652595615543423,0.4726392852711255,0.1,0.07219643660454476,0.19390589190860738,0.20957935227695743,0.15,113.24267214395016,114.30174156645428,-1.049593260807494,0.5954699762482543,0.5625229870339299,0.1967344517630679,0.10027218302885546,0.13942467175030196,0.09297456472335378,102.43481469509734,0.05034614558235814,5.109733358992424
1610612763,2022-23,2022,18,12,24.78173022975766,0.7878450871210864,0.2982194417238959,0.47557428009724906,0.40763296792529435,0.05555555555555555,0.06427100377488326,0.8245141947469631,0.8631749898497767,0.6111111111111112,113.45357240601402,109.26149192274035,4.181719559342821,0.5722989910511874,0.5485716094797596,0.19274456737413964,0.10358256359730149,0.150931479564608,0.08886082626805257,102.54304238288775,0.06258078112860742,2.229848026709942
1610612764,2022-23,2022,19,10,26.494380019793006,0.8049417594733513,0.3442911718527021,0.5426196618859812,0.45508033491740213,0.05263157894736842,0.05141324658351897,0.7229241916589577,0.7759674134419552,0.5263157894736842,112.97294416343429,113.77658362481628,-0.7873518848935556,0.5904966522039171,0.5587707452758591,0.1941811308836579,0.10045105091739864,0.1513005445788615,0.08975380133015315,100.27276905396755,0.059599077174063694,2.727636339397171
1610612765,2022-23,2022,19,10,24.60032388046803,0.7463657070560258,0.34411514048170805,0.511232007380689,0.3878982406086543,0.15789473684210525,0.12257382021003646,0.48296633834003677,0.42534474560152163,0.47368421052631576,108.71541061087828,116.63031621964376,-7.933289329274655,0.5624353983362205,0.5272380952208938,0.1948008184791038,0.09030074275587925,0.15277688397982847,0.08683138537558313,100.73103955750545,0.04346906946324018,4.825971404805461
1610612766,2022-23,2022,17,9,25.00188773114799,0.7362294134790704,0.36813389442829286,0.5431818748410212,0.439469320066335,0.058823529411764705,0.027884011902459736,0.7376461921435382,0.7900242377854318,0.5882352941176471,106.98437779811248,112.88307879355644,-5.866352826148861,0.5452889107664143,0.5110606143856714,0.20031685159101884,0.09254767176679855,0.15321335682518702,0.08055486651945026,102.55199149478092,0.051679448837025785,3.8713891978187434
1610612737,2023-24,2023,18,9,26.394067058407032,0.775409120226608,0.36805834557839434,0.5626204718458406,0.4629150718940726,0.05555555555555555,0.005506341104650955,0.9572299022274412,0.9718630392055446,0.7222222222222222,115.05544059109485,116.99337393631349,-1.9456047553332676,0.5804925087146062,0.5457840723796965,0.19395209273299432,0.09727882448429795,0.15910656792398425,0.08941544101774614,102.02686718853566,0.05409456740026878,2.7799991118215117
1610612738,2023-24,2023,18,8,28.38662424229246,0.8180187073993144,0.3560516340390372,0.5536299496109892,0.46825318455613707,0.1111111111111111,0.07158750751969617,0.6618373909493058,0.7025772686876667,0.4444444444444444,120.31870168368717,109.5253149333314,10.79980818030198,0.6043282887949883,0.5775924136231526,0.1931383847169172,0.10932018354903891,0.15298510170011573,0.09255785628058714,99.0149278471563,0.061870706921773565,4.14578098794425
1610612739,2023-24,2023,18,10,26.955442082665016,0.7687752670396764,0.3247910146298932,0.5127922796834888,0.39670990192976907,0.05555555555555555,0.03996594236994372,0.6805440447944423,0.7323631762100601,0.5,113.13904446545982,110.83819230722507,2.3234550932471527,0.5859037828738846,0.5603332302494569,0.19222695547436944,0.10309007334881196,0.1662038799868864,0.08900434379095211,98.90470382328127,0.053944045083771756,2.4979991993593593
1610612740,2023-24,2023,19,11,26.389805488075854,0.7953343798837158,0.34184029055802295,0.5477306374172861,0.4530451448040886,0.0,0.0,0.8854105321489623,0.906835604770017,0.5789473684210527,115.15231377819491,110.6202758249563,4.545036732128787,0.5918461015651199,0.5600827930697672,0.19438895696499506,0.10503986056241257,0.16126698511629678,0.09126166751186686,99.93033777676898,0.05477693307126837,3.7128323375749344
1610612741,2023-24,2023,18,9,28.372886219552882,0.855172139439017,0.4243957290623957,0.637249165832499,0.5187920921138388,0.0,0.0,0.8622711044377709,0.9048446665218336,0.6111111111111112,112.61208843843843,114.06030263596931,-1.4110228812145478,0.5681742238905572,0.5370058749582917,0.19440988780447113,0.09908352018685353,0.1500047879546213,0.08934450408742076,98.21249793126458,0.04114413088367331,4.189935029992179
1610612742,2023-24,2023,19,9,26.677177263510337,0.821263213748406,0.3437557503025631,0.5334722824414541,0.4925078864353312,0.15789473684210525,0.2011315484969979,0.5677194702067596,0.6502365930599369,0.47368421052631576,115.40042186502244,114.22125815242269,1.1589471684924095,0.6045094670390293,0.580504375802883,0.1967108131969408,0.10435730912861589,0.15556294615870125,0.09125110913748322,101.91867824290745,0.07377108403369285,3.7118429085533475
1610612743,2023-24,2023,17,8,27.812062589867207,0.8815257878917284,0.39091068256787626,0.6019322506977925,0.49808876619239756,0.0,0.0,0.9029755561194285,0.9304523253344659,0.5882352941176471,116.37610357777216,111.05755187346699,5.297041224731457,0.5853314755984099,0.5595849498435255,0.19323017652034175,0.10600142070540473,0.17254052651611268,0.09170875623784151,98.58761358115538,0.053830753292147045,3.9031237489989987
1610612744,2023-24,2023,18,11,29.209181375021,0.8661637501009662,0.3365587493696419,0.5317156664985712,0.4679507093300197,0.0,0.0,0.6803086232980331,0.7459873666770218,0.5,115.13912219700786,113.11136693561942,2.058340065557236,0.584225395276517,0.5588741970919481,0.19310743200537903,0.10265640006723817,0.16652408438393002,0.09247277290300888,101.27327390233651,0.05161459208113999,6.052115264397541
1610612745,2023-24,2023,17,9,25.517967094770423,0.8326586635219163,0.3882978259044742,0.6034765382355411,0.4491733333333333,0.0,0.0,0.4358264081255771,0.48106666666666664,0.35294117647058826,112.46289118609924,111.36931991102159,1.1080405187610176,0.5655008839083355,0.5306016868127257,0.19458590464198777,0.10045149668429447,0.14983905422647528,0.0889253267858642,100.77965857802404,0.0489476919089131,5.1303983913845315
1610612746,2023-24,2023,18,9,31.040874621911087,0.8711406127461254,0.3720494287562268,0.5689038173052622,0.47305009511731133,0.1111111111111111,0.07649183762762625,0.7756292819503819,0.8177975058127246,0.6666666666666666,116.95016787249743,113.63210404612892,3.3139540881840603,0.5996151858240777,0.563169712835864,0.19409113921621118,0.1046662697808783,0.15130676174487526,0.09018441244371131,98.78708861684002,0.05090950577031541,3.1071403231354586
1610612747,2023-24,2023,19,7,28.86065473280618,0.8420371917524714,0.3605602911901239,0.5739877561930223,0.48469485364453796,0.15789473684210525,0.12362261774667674,0.629163141408943,0.7388559403099292,0.3684210526315789,114.01366146693069,113.88376917640463,0.13842982028934273,0.588049348774806,0.5547578035166344,0.19324999631746748,0.1021187772488229,0.175407281425582,0.0856113878636616,102.20604713350133,0.04981516857753432,4.120630029101702
1610612748,2023-24,2023,20,9,28.09288412972441,0.7787104437757176,0.3215017476147079,0.5145394841391338,0.39729448491155045,0.15,0.15641638817161596,0.6495248740035311,0.6702393340270552,0.5,111.8304475601029,110.93118501787815,0.9058565048798429,0.5739737745680987,0.5363249078575273,0.19853308930516225,0.10443906570145817,0.16996203452080252,0.08703567006084506,98.13212209355656,0.04761133800023729,3.2317865716108862
1610612749,2023-24,2023,19,9,30.73606690854097,0.8458848720153811,0.36755322926188355,0.5789140851194775,0.5110136549387023,0.15789473684210525,0.10552879712552422,0.6172646402965527,0.6389913286155686,0.5263157894736842,115.97208362205741,113.63164417726368,2.3318119885044317,0.5927367857058319,0.5622934112383028,0.1922765685864102,0.1026928975661574,0.16009448629705014,0.09051900933893349,101.58278374780437,0.07114634543766675,2.7888667551135846
1610612750,2023-24,2023,17,8,27.434352635929148,0.8862556818925267,0.3983063227705953,0.6160409422896891,0.5009487666034156,0.058823529411764705,0.02509093538064694,0.962915178309069,0.9708672842951223,0.7058823529411765,113.57174858852176,106.96335458987477,6.628136606301346,0.5958168755967449,0.5665756638500205,0.19420180552201569,0.11095220506493843,0.1632259694246995,0.09184236438402396,98.81793310097048,0.06205932141910674,4.58257569495584
1610612751,2023-24,2023,18,8,26.20066453682059,0.7861953796031684,0.37547824383466977,0.5773947359961418,0.4640141077923509,0.16666666666666666,0.19383350723000856,0.5971654072552138,0.6383776038796429,0.3888888888888889,110.70153317526375,113.96182731426455,-3.2632711252985205,0.5655962040304469,0.5381928620583754,0.1932107568110324,0.09805299642115017,0.16068763319756496,0.08529213760127338,98.76378267277359,0.04893730044659186,2.7271780286589284
1610612752,2023-24,2023,19,10,27.519962273846495,0.8181866393927834,0.37486304628668743,0.5479440007920406,0.4638401460594381,0.3157894736842105,0.31846445095660164,0.5620590815934288,0.5562430266761335,0.42105263157894735,115.59342726391992,112.58354908027466,3.0171588422576208,0.5781837950698666,0.5498951920799126,0.19423235029687494,0.10283170135252187,0.15055324201616063,0.09289441438884792,97.52800179331501,0.061767386216352076,3.4292856398964497
1610612753,2023-24,2023,19,9,24.434911949537273,0.8338612839486218,0.3617347574528849,0.5250069039376021,0.45963828848698723,0.0,0.0,0.8696695708108255,0.9237979708866343,0.7368421052631579,111.63506110826724,109.59310429660665,2.028940885455256,0.580431843738634,0.5483889394709901,0.19353645817897702,0.10359367978190294,0.15422439843129068,0.09000752335551576,98.46595765192033,0.061006577261274064,4.661372658534007
1610612754,2023-24,2023,18,9,25.97905583575296,0.8466708950707569,0.3614042651181071,0.5549009728707739,0.4380303927373199,0.1111111111111111,0.18503590047249768,0.6621502365951081,0.6711071640023683,0.5555555555555556,118.21428358343333,115.73001818830305,2.4914221331131,0.6099399913257118,0.5828242284471638,0.19862565684792638,0.10722448668470781,0.17232861095384275,0.08655140571948979,103.04328745829503,0.03579709623370913,3.1269438398822866
1610612755,2023-24,2023,21,9,29.00008713712985,0.7530349391030345,0.34092977938816865,0.5194180764824115,0.4391885105955609,0.3333333333333333,0.37782111422414755,0.46347611854843684,0.5650296273978106,0.3333333333333333,115.63983753095475,112.155808869273,3.468836982237052,0.5762680504921938,0.5425184128619169,0.19196369916418257,0.09988034483426948,0.1565145870097206,0.08371831107748835,99.59338591136384,0.08260631010483281,4.346134936801766
1610612756,2023-24,2023,18,9,29.524929108859066,0.8475763749677747,0.3742942778971359,0.5690223481650641,0.4973539588845919,0.2777777777777778,0.18574738551315154,0.31121369834721885,0.43191532668430693,0.2777777777777778,115.15108809480365,112.67440851342417,2.482204434186436,0.5957317870072844,0.563337278119844,0.19202967709086308,0.10342593311462807,0.16396055618608357,0.09038292089932246,100.32108791531712,0.05734689762024329,3.6851386559504444
1610612757,2023-24,2023,20,12,24.610898505330642,0.7522991227787724,0.26692448977093824,0.43762134822279547,0.34973976012672553,0.05,0.05194737742278788,0.4267614162853161,0.44772572980312286,0.35,106.99475318321468,115.63785228408412,-8.63103110385076,0.5378273961404775,0.5042806597274258,0.19365597305354063,0.08616211609797379,0.14365590275468945,0.08648997852659564,98.89417955534076,0.054132296788105674,3.377828033251874
1610612758,2023-24,2023,20,8,26.77614838632176,0.8473222528506872,0.40750154395319477,0.6195017280479098,0.4909713574097136,0.05,0.010655063161268465,0.8945978834756885,0.9150062266500623,0.55,114.65166487750307,112.94100919127759,1.6887326889907546,0.5831126445322125,0.5586898658683912,0.19372632326799355,0.09960786961707802,0.16742920062851394,0.08956598516176659,100.71056613112496,0.052734594906948894,2.54644359843292
1610612759,2023-24,2023,18,9,23.131376953111413,0.8784676765063408,0.34317339484252,0.5593629897470779,0.4407673322862912,0.05555555555555555,0.004950154190261184,0.8069393789547331,0.7614987659860893,0.6666666666666666,107.83471243029446,114.00131929346502,-6.181582940033411,0.5615222553507566,0.5299762159609522,0.19608515065021412,0.09757557765708696,0.18122652215067941,0.09001108551126207,103.03403332112745,0.05104028909705657,2.6293687924887186
1610612760,2023-24,2023,19,9,24.593168045364195,0.8704986475871044,0.3391804416875111,0.5383749605212009,0.481808479674008,0.15789473684210525,0.12402241713802792,0.6761515600210617,0.7313476278257495,0.5789473684210527,116.37579736591655,110.40969867397486,5.979918580194621,0.5971696120522573,0.5683201445466894,0.18992749901288306,0.1054773030514515,0.1508387824201388,0.08833800632711204,102.01431136471264,0.054367973506558774,3.8297084310253524
1610612761,2023-24,2023,22,9,25.76498741222187,0.7828867024515747,0.31894260388056994,0.5134376271064495,0.40152985500627925,0.2727272727272727,0.5146921598313028,0.33030604629105825,0.3517524831601781,0.2727272727272727,110.96389603964856,116.96824912728441,-6.00104579696526,0.5663634166773813,0.5350093046188037,0.19069522697256727,0.09277206909321695,0.15417409112023125,0.08758392647123567,101.4650312591603,0.04078701076217256,3.5276684147527875
1610612762,2023-24,2023,18,9,24.868984712560245,0.7480498677970376,0.3552480480328716,0.5626550306374594,0.44564187588820464,0.16666666666666666,0.03638493180675432,0.6094172555651126,0.6445997157745145,0.5,113.00893075178101,118.40096120229053,-5.387305921136402,0.5752043542917811,0.5375412709940973,0.2040422780948335,0.09821262311887935,0.1665940554899378,0.0922913245422839,101.3081579028931,0.052793331041611075,3.972125095937662
1610612763,2023-24,2023,23,9,24.66241059328248,0.6851156261637831,0.3045953491177258,0.4614253105480296,0.4012104400453915,0.17391304347826086,0.15585754374655733,0.6514597328808176,0.6827638381036439,0.43478260869565216,105.96363851048167,112.18197194204892,-6.21052401290108,0.5481732809736864,0.5134085565119381,0.20312588119233368,0.09654340456629017,0.1629955670403275,0.08460809932289101,99.69378007988865,0.05967587348789467,2.7397395568751004
1610612764,2023-24,2023,18,7,24.970423218421423,0.7922705830326309,0.38225130249922695,0.604388240702579,0.4595028067361668,0.1111111111111111,0.0892668843615035,0.4267806669140346,0.46580364302898386,0.2777777777777778,108.79254087747971,117.813772362258,-9.00582307001921,0.5652330358100633,0.5376338932923848,0.20041585041900903,0.09031181893041748,0.16597124066157734,0.07944181543832844,104.15327225956857,0.04966171276029164,2.864276807966203
1610612765,2023-24,2023,24,8,23.708202971780565,0.7269575370655255,0.29311558188173165,0.448951302700592,0.39301260022909507,0.3333333333333333,0.3082199879727558,0.5165825368631173,0.5758304696449026,0.4166666666666667,107.77513311306727,115.39472819208751,-7.590034274667905,0.5560683032691132,0.5258115624945415,0.18294995645738335,0.08672557075681246,0.15874653496316363,0.08838127096788889,101.2632512252423,0.04959318879644663,2.222048604328897
1610612766,2023-24,2023,22,6,25.113426264623616,0.736485412949098,0.3790345598495611,0.5358319560232052,0.45211122554067973,0.3181818181818182,0.3263975204232108,0.29252392886177975,0.2808959835221421,0.3181818181818182,107.74959229275093,116.57195047329625,-8.811057775068923,0.5628157293076427,0.5345778111575791,0.18226853446513952,0.08417104994000807,0.14376288512623503,0.08332911102694421,98.87592564546857,0.03947045308413201,2.793842435706702
1610612737,2024-25,2024,18,10,25.752052092023046,0.803220084188801,0.35953308822155167,0.5321589355368366,0.40272473939519043,0.2222222222222222,0.2331864320341369,0.48278659364344323,0.5172876457838786,0.4444444444444444,113.24072052332552,113.02207502838809,0.2329728977748003,0.5818122588719754,0.5547216479598694,0.18773970004766696,0.09851815098086156,0.17287606740720263,0.0890311414827394,104.10623218238707,0.0408779891873365,3.8327535793473606
1610612738,2024-25,2024,17,9,29.315764374124758,0.8125454019179695,0.37715209341621897,0.581880340096284,0.4793215370118312,0.058823529411764705,0.01585441624710696,0.9629957850725345,0.9761281541199874,0.8235294117647058,118.21821975159553,109.03774310236771,9.183678463940982,0.5933887052266008,0.5675813768516162,0.1946335411871588,0.10842787893652324,0.15976378545903047,0.08974015752405541,97.63691938864949,0.06440343522775631,3.9283710065919304
1610612739,2024-25,2024,18,11,26.871622007418758,0.8057793761918252,0.3400411835746387,0.5345678446775723,0.4482114779874214,0.16666666666666666,0.15907072712943915,0.8108422914081489,0.8326454402515723,0.6666666666666666,118.31034024418017,111.09643457169547,7.222630716187875,0.6061805546703157,0.5788051118290407,0.19206811473107852,0.10910879986030916,0.15301268902915516,0.09016611834352134,101.79780324170437,0.06370399004071439,2.081004207683563
1610612740,2024-25,2024,21,8,26.313061886892704,0.6519017201590768,0.2973962641967482,0.4390070482079713,0.3500459981600736,0.23809523809523808,0.153934517312319,0.48414812130958346,0.5609475620975161,0.38095238095238093,108.2678099914744,117.1920132814581,-8.912384661853999,0.5504944862075679,0.5181493803825347,0.19483181294556476,0.09242106216170816,0.1634386531618185,0.0888608719556809,101.10907052899513,0.04494423628230877,3.5355339059327378
1610612741,2024-25,2024,20,8,25.091855339093303,0.8165808776311838,0.34252001534509785,0.5054108983554058,0.4208699425100336,0.15,0.1781878606931981,0.5079329986322847,0.5253281266948693,0.4,111.45105190646161,113.12911934983485,-1.6927812155986255,0.5743663703005636,0.543562417937085,0.18542908104546815,0.09573348375421156,0.16821435467191515,0.08897441780364945,104.77755203322548,0.03431016613192072,4.092676385936225
1610612742,2024-25,2024,19,9,28.0208250268999,0.7420081396736029,0.2976715326135438,0.4770996559314287,0.351123595505618,0.2631578947368421,0.2694615105001418,0.4110227330934919,0.4358948635634029,0.47368421052631576,111.62369083904184,113.34903825142968,-1.7081064390794851,0.5895844965128313,0.5561055382604713,0.19366811144504578,0.10190393236815264,0.1423402474989885,0.09000772164724331,101.0059375054021,0.04829180847133496,3.956554181058857
1610612743,2024-25,2024,17,8,27.605834214723412,0.8442903656998471,0.39483312347855287,0.6220120876353563,0.49535447384366793,0.0,0.0,0.8616704440527158,0.8823470006059382,0.6470588235294118,117.64258651892891,113.96104190380258,3.6689297238311087,0.5988033764794761,0.570510757323932,0.19359521304457314,0.10481466053890708,0.17308393721144968,0.09245590674053554,101.7080866943675,0.0449345009430393,4.240798863421843
1610612744,2024-25,2024,17,10,29.402391055681317,0.7875244012572286,0.35355081053709325,0.5542746953644105,0.4337436640115858,0.058823529411764705,0.10122532497377533,0.7416001118455295,0.723750905141202,0.5882352941176471,113.59543295166786,109.22110764562163,4.382057439867811,0.5751352167620661,0.5422105847648727,0.1927579222547966,0.10785821820680196,0.18351221310476756,0.09290346482493846,100.83028904475165,0.04867699662058044,5.509990925582364
1610612745,2024-25,2024,18,7,25.30286897927734,0.7829261330347215,0.3711428534098651,0.5863119991810098,0.4443860386879731,0.05555555555555555,0.020330205834113813,0.9031482165382088,0.9321909167367536,0.7222222222222222,113.40604453407616,108.8392547653003,4.588807909605454,0.5553431424710382,0.526822216876588,0.1935086003058644,0.10360765940992687,0.13828650224238237,0.09318751880228979,100.39259961554436,0.0409310021716487,3.4522988495984492
1610612746,2024-25,2024,18,10,30.79637101607431,0.8323064738444322,0.3733283575588609,0.5585088782290338,0.4912745747735807,0.2777777777777778,0.1843933837618678,0.5566714094654964,0.6813563066048155,0.3888888888888889,113.52752218080059,108.65615747026267,4.878787745008497,0.592219802980265,0.5615460089753022,0.18916994838745402,0.10454280083317492,0.1575117147074822,0.09200840991422783,99.46591341983596,0.0646665292094759,2.9597297173897483
1610612747,2024-25,2024,21,8,28.95545954165861,0.7515657984037677,0.3535572095649257,0.5383485979860894,0.5264183381088825,0.3333333333333333,0.28258910924921543,0.5488073377481716,0.5793696275071634,0.3333333333333333,113.23590854018086,112.35624710020824,0.8662810837932073,0.586388429749228,0.5603883988410107,0.18490050850886056,0.09677770423720751,0.16854409572343604,0.08520047044023948,99.85136953795994,0.07479304780526062,4.841229182759271
1610612748,2024-25,2024,19,10,27.197600496143483,0.8439351368015262,0.3380601208279963,0.5047031659496489,0.4405089058524173,0.15789473684210525,0.22177542769538644,0.6306855402305512,0.664529262086514,0.5263157894736842,110.48299182750182,110.80391705408276,-0.31379789072248393,0.5707344529895088,0.5421318766579023,0.1905909206924582,0.09844033015636199,0.16650654033540668,0.08485522537154236,98.54333037229425,0.0452990066116245,3.383784863137726
1610612749,2024-25,2024,19,9,29.267123575901223,0.8310803058374323,0.3347666042509727,0.5274469122562437,0.45109183368232125,0.21052631578947367,0.20026272294270098,0.5900336955483908,0.655100209392761,0.47368421052631576,113.11298763423265,112.04356842058118,1.0980140603478523,0.5888705510885501,0.5633266390415985,0.19778147594440068,0.10146908725535501,0.15823281099043301,0.09024444822045137,100.92318234202791,0.07009799137679859,3.8297084310253524
1610612750,2024-25,2024,20,8,27.309710054221462,0.8657044295063299,0.3925167387295906,0.613136879508814,0.48355919739468434,0.1,0.012707617616437478,0.7200081023535293,0.715831494904927,0.5,114.33458912335477,109.48376241659506,4.8509071902488605,0.5893663994435365,0.5592619556033899,0.19473698108733553,0.1055754840329548,0.16105475311625309,0.08902955946609878,99.09572267102826,0.056395921838374094,4.520785330006281
1610612751,2024-25,2024,20,10,24.64867988585366,0.7138160272471892,0.3238940905513045,0.5092529161861333,0.3319180819180819,0.15,0.1263445033438466,0.6395276146925648,0.6695804195804196,0.45,106.092743257916,113.75831795302908,-7.669528939674843,0.5442730354826185,0.5094871734226122,0.1961254382820389,0.09034759231857938,0.1552335155977598,0.08510010347436613,98.21877646254511,0.024224780700761776,2.685144316419511
1610612752,2024-25,2024,18,8,27.868053971840368,0.824258134484035,0.4344200266642462,0.6766777023154077,0.5137007874015748,0.1111111111111111,0.03976647035163632,0.5509781681560645,0.5406824146981627,0.3333333333333333,116.12225667492477,111.86089808238529,4.2926203132541865,0.581790570005883,0.5526315995035929,0.19438000841984718,0.10563710643228214,0.16139179804972337,0.08712411932514165,98.70212568704605,0.04915266396646269,2.057759704144291
1610612753,2024-25,2024,16,9,24.763928330549078,0.7856154158047401,0.33196721867650625,0.5158162150572071,0.4576075671934479,0.0,0.0,0.7581269572872039,0.7650248010151113,0.75,108.65173251836903,108.1854162646354,0.4589509958387785,0.5544421120675422,0.5188882026047553,0.203095989820184,0.10835203490015828,0.16694289550263292,0.0938830316346014,98.60990898328953,0.06790189000805992,2.0
1610612754,2024-25,2024,21,10,26.382101309765094,0.8596054124566849,0.357062463894458,0.5577012405287518,0.42230705736690055,0.09523809523809523,0.056383974275677824,0.9061854176509861,0.9242674370614941,0.6190476190476191,113.84878725208219,111.7594146740888,2.078603057186199,0.590495376416196,0.5584614540926693,0.1919359670028745,0.10440309334775148,0.16702489131205028,0.08548227942905572,102.09996173912005,0.03695673145720546,3.6
1610612755,2024-25,2024,23,8,27.30371329358813,0.6774919116774691,0.31117891005770487,0.47718607536973057,0.3684210526315789,0.17391304347826086,0.18447888822906852,0.36730790178639144,0.40288871867819237,0.2608695652173913,109.83280047006558,116.14597488772651,-6.303498658185922,0.5668208213480808,0.5328791324321172,0.19960004436004,0.094901009576575,0.15778896045211585,0.08102071912115699,99.521087025811,0.039733487136167644,4.205650960315181
1610612756,2024-25,2024,18,10,29.489290539334707,0.7890474487858867,0.34346352243172656,0.5115143232700183,0.460366481367099,0.16666666666666666,0.15263131111801748,0.502904034498453,0.6254889849701462,0.3333333333333333,112.5484840052749,115.87506693140872,-3.33670908696212,0.5883472815152184,0.5589782675225593,0.1917487266432552,0.0977568360494874,0.17400708674796492,0.0845780785183437,99.5844567086406,0.05645741758174916,3.858756276314948
1610612757,2024-25,2024,19,10,24.463945943157093,0.8114793553475179,0.35757417783117534,0.5552214003629043,0.428085573230938,0.05263157894736842,0.005770941405088693,0.8169207954719814,0.8134942402633023,0.7894736842105263,109.67723667044292,112.4637540882193,-2.80407676617545,0.5553500558540545,0.5241444836915742,0.194705609051197,0.09487583333627435,0.14811095008360042,0.08834134868845069,100.6548787814926,0.043257831660868065,2.80178514522438
1610612758,2024-25,2024,20,9,28.473036104199455,0.8701973542894973,0.39728799490479516,0.6204680572274611,0.487234477124183,0.15,0.2725922983150842,0.5195568147535254,0.4632352941176471,0.3,114.69690607856744,114.25235852359864,0.4689263694441706,0.594555784809904,0.5629804689898438,0.19437782029313355,0.10458182737371596,0.15486444504848773,0.09739372223101733,100.54226095318035,0.04874980215217846,3.80058475033046
1610612759,2024-25,2024,19,9,26.627363098464453,0.8250375933483359,0.32678049282112825,0.527061419723684,0.3682871955394698,0.10526315789473684,0.12346804204836186,0.5239722384372522,0.5456323975349702,0.5263157894736842,112.23623382079352,114.72882846652932,-2.4860904865504816,0.5771542437348091,0.5453430778929952,0.20287526977590992,0.10144144901461785,0.17330899607889308,0.08453163318577277,101.44590598684493,0.05273834784417628,6.069555681665628
1610612760,2024-25,2024,18,9,25.255916449766403,0.8360643740884701,0.3505842984231767,0.5343196973067712,0.49478692175321387,0.0,0.0,0.7882854404590813,0.8433039781354388,0.6111111111111112,118.1376807983847,105.16956952664847,12.964430585008971,0.5860450741718527,0.5596185058708986,0.19373875224478018,0.11238297511307432,0.15553554995952415,0.08814249995982022,102.03446254441978,0.06662998991111702,2.819683897877671
1610612761,2024-25,2024,20,9,24.601845338911637,0.7183311050583734,0.30801802564615877,0.48361017559724645,0.3707574735895707,0.15,0.0766050620839755,0.593060603684437,0.6591368846931894,0.45,108.02659692119849,112.25224645075723,-4.21884909605771,0.5524512540674253,0.522378715871651,0.20116611340535162,0.09920897425110782,0.17378956486005767,0.09150447990113272,101.8871050367359,0.047198817729491166,2.4993826398226653
1610612762,2024-25,2024,18,10,23.88863667038233,0.7785587328699471,0.2911303763300259,0.45757554032152364,0.3495872317006054,0.1111111111111111,0.06514568446537826,0.6504393526185664,0.7368189323059989,0.5555555555555556,109.06152449630781,118.06686623594199,-9.023792431965001,0.5670073276605855,0.5349978871987102,0.19328159534314543,0.09000577522832123,0.15828428084515112,0.08797863453827555,101.85751496195503,0.04390227784523259,2.8442925306655784
1610612763,2024-25,2024,19,10,25.63444082554184,0.823901401378515,0.33058548758735534,0.4998168890410032,0.3802876036527763,0.05263157894736842,0.013428362014247552,0.5780937862266469,0.6375564185997691,0.5263157894736842,114.16429362458273,110.50455474587322,3.6457566608931873,0.584075583225281,0.5537038597933732,0.1872573415259033,0.09990717700450386,0.1474959350210932,0.08577680056718831,103.68523644181485,0.05960067113716086,3.0397368307141326
1610612764,2024-25,2024,19,7,23.615264547380914,0.6949968188031566,0.3453992875287701,0.5403837186763955,0.381230577998757,0.3157894736842105,0.17061891433819817,0.46240601334847914,0.5141081417029211,0.42105263157894735,105.20983823328412,116.05452478000025,-10.853321407592114,0.5438535033489814,0.5108694943679224,0.1871271450136764,0.08376830109588078,0.16072093522924277,0.07607839403093497,103.05297899528131,0.04561775522575323,2.762725657973388
1610612765,2024-25,2024,18,10,26.429995194658712,0.8572462064407212,0.32555967582635886,0.5224394794817323,0.40505344995140913,0.1111111111111111,0.13332513817764657,0.471326987097254,0.498153547133139,0.3888888888888889,112.79588401516904,111.3339737783277,1.4736854501433319,0.5788524450401132,0.5479750598548225,0.19424097564998313,0.09989224089595915,0.16502998270924912,0.08671513304860946,101.38584415048925,0.05263924391554271,4.749736834815167
1610612766,2024-25,2024,21,10,24.92402222158982,0.7124260760775677,0.29197889949033407,0.4327297592649133,0.3820537660450472,0.14285714285714285,0.11778460628029318,0.4770476163715408,0.618430612739162,0.38095238095238093,105.59949747994862,114.39171081159184,-8.822854001842314,0.5428688155771969,0.511576045870923,0.19576146694523697,0.09120007824579324,0.15637796039717913,0.09154054152803909,99.55298968863003,0.06782654347672451,4.2296571965113205
