TEAM_ID,TEAM_NAME,GP,W_PCT,MIN,OFF_RATING,DEF_RATING,NET_RATING,AST_PCT,AST_TO,AST_RATIO,OREB_PCT,DREB_PCT,REB_PCT,TM_TOV_PCT,EFG_PCT,TS_PCT,PACE,POSS,PIE,GP_RANK,W_PCT_RANK,MIN_RANK,OFF_RATING_RANK,DEF_RATING_RANK,NET_RATING_RANK,AST_PCT_RANK,AST_TO_RANK,AST_RATIO_RANK,OREB_PCT_RANK,DREB_PCT_RANK,REB_PCT_RANK,TM_TOV_PCT_RANK,EFG_PCT_RANK,TS_PCT_RANK,PACE_RANK,PIE_RANK,SEASON,SEASON_START_YEAR,TEAM_SUCCESS_GROUP,SHOOTING_EFFICIENCY_GAP,REB_PCT_BALANCE,PACE_ADJ_NET_RATING,POSSESSION_CONTROL_INDEX,TEAM_SUCCESS_GROUP_ENCODED,FGM,FGA,FG_PCT,FG3M,FG3A,FG3_PCT,FTM,FTA,FT_PCT,OREB,DREB,REB,AST,TOV,STL,BLK,BLKA,PF,PFD,PTS,PLUS_MINUS,FGM_RANK,FGA_RANK,FG_PCT_RANK,FG3M_RANK,FG3A_RANK,FG3_PCT_RANK,FTM_RANK,FTA_RANK,FT_PCT_RANK,OREB_RANK,DREB_RANK,REB_RANK,AST_RANK,TOV_RANK,STL_RANK,BLK_RANK,BLKA_RANK,PF_RANK,PFD_RANK,PTS_RANK,PLUS_MINUS_RANK,TWO_PCT,FG3A_RATE,FT_RATE,OREB_SHARE,ASSISTED_FG_RATE,BALL_CONTROL,NEXT_W_PCT,NEXT_SEASON_START_YEAR,W_PCT_CHANGE,DECLINE_RISK
1610612737,Atlanta Hawks,82,0.585,3966.0,104.6,100.8,3.9,0.663,1.71,19.0,0.234,0.698,0.474,0.152,0.516,0.552,97.63,8059,0.528,1,7,11,20,2,7,2,7,2,29,26,28,21,6,8,9,6,2015-16,2015,Average,0.036,0.464,3.995,0.322,1,38.6,84.4,0.458,9.9,28.4,0.35,15.6,20.0,0.783,8.3,33.8,42.1,25.6,15.0,9.1,5.9,5.0,19.1,18.3,102.8,3.6,9,15,11,6,7,15,29,30,8,30,13,24,2,22,3,5,14,7,29,12,7,0.512,0.336,0.237,0.197,0.663,10.6,0.524,2016.0,-0.06099999999999994,1.0
1610612737,Atlanta Hawks,82,0.524,3976.0,104.5,105.2,-0.7,0.621,1.5,17.4,0.282,0.717,0.502,0.16,0.504,0.541,97.76,8091,0.506,1,11,4,27,4,19,6,23,11,13,19,12,28,19,20,11,10,2016-17,2016,Average,0.037,0.435,-0.716,0.342,1,38.1,84.4,0.451,8.9,26.1,0.341,18.1,24.9,0.728,10.3,34.1,44.3,23.6,15.8,8.2,4.8,5.2,18.2,21.6,103.2,-0.9,23,22,18,20,16,23,13,5,28,14,10,9,10,28,7,14,22,6,3,22,19,0.501,0.309,0.295,0.233,0.619,7.8,0.293,2017.0,-0.23100000000000004,1.0
1610612737,Atlanta Hawks,82,0.293,3941.0,104.4,110.1,-5.7,0.622,1.53,17.6,0.263,0.719,0.489,0.157,0.512,0.547,98.76,8114,0.468,1,27,27,26,24,26,5,23,8,18,26,26,29,22,20,8,26,2017-18,2017,Unsuccessful,0.035,0.456,-5.772,0.332,0,38.2,85.5,0.446,11.2,31.0,0.36,15.8,20.2,0.785,9.1,32.8,41.9,23.7,15.5,7.8,4.2,5.5,19.6,20.3,103.4,-5.5,28,20,25,9,7,15,22,23,7,22,23,25,8,27,12,23,28,14,14,25,26,0.495,0.363,0.236,0.217,0.62,8.2,0.354,2018.0,0.061,0.0
1610612737,Atlanta Hawks,82,0.354,3971.0,107.5,113.1,-5.5,0.624,1.52,17.7,0.284,0.718,0.496,0.162,0.522,0.555,104.56,8642,0.464,1,26,7,23,28,26,9,29,16,8,24,20,30,17,17,1,26,2018-19,2018,Unsuccessful,0.033,0.434,-5.26,0.334,0,41.4,91.8,0.451,13.0,37.0,0.352,17.6,23.4,0.752,11.6,34.5,46.1,25.8,17.0,8.2,5.1,5.5,23.6,22.2,113.3,-6.0,15,4,21,4,3,16,18,12,21,4,18,12,10,30,11,14,24,29,5,12,26,0.518,0.403,0.255,0.252,0.623,8.8,0.299,2019.0,-0.05499999999999999,1.0
1610612737,Atlanta Hawks,67,0.299,3256.0,107.0,114.4,-7.4,0.589,1.48,16.9,0.267,0.708,0.484,0.155,0.515,0.554,103.28,6999,0.454,23,27,23,25,28,28,19,28,22,15,29,26,28,25,23,7,29,2019-20,2019,Unsuccessful,0.039,0.441,-7.165,0.329,0,40.6,90.6,0.449,12.0,36.1,0.333,18.5,23.4,0.79,9.9,33.4,43.3,24.0,16.2,7.8,5.1,6.4,23.1,21.0,111.8,-8.0,17,7,23,16,8,30,12,15,10,19,23,22,17,28,13,12,30,30,13,17,29,0.525,0.398,0.258,0.229,0.591,7.8,0.569,2020.0,0.26999999999999996,0.0
1610612737,Atlanta Hawks,72,0.569,3481.0,114.3,112.1,2.2,0.591,1.82,17.6,0.284,0.742,0.516,0.133,0.539,0.581,98.68,7160,0.511,1,11,11,9,18,11,18,14,20,6,9,7,10,16,10,22,10,2020-21,2020,Average,0.042,0.458,2.229,0.383,1,40.8,87.2,0.468,12.4,33.4,0.373,19.7,24.2,0.812,10.6,35.1,45.6,24.1,13.2,7.0,4.8,5.0,19.3,19.8,113.7,2.3,19,23,17,17,19,12,2,4,5,7,10,5,19,9,24,17,17,18,9,13,9,0.528,0.383,0.278,0.232,0.591,10.9,0.524,2021.0,-0.04499999999999993,0.0
1610612737,Atlanta Hawks,82,0.524,3941.0,115.4,113.7,1.6,0.593,2.08,18.1,0.269,0.731,0.501,0.12,0.543,0.581,98.67,8099,0.509,1,16,30,2,26,14,22,4,14,17,12,14,1,8,6,17,14,2021-22,2021,Average,0.038,0.462,1.622,0.381,1,41.5,88.3,0.47,12.9,34.4,0.374,18.1,22.3,0.812,10.0,33.9,44.0,24.6,11.9,7.2,4.2,4.5,18.7,20.3,113.9,1.6,11,13,7,11,18,2,3,11,4,17,17,20,15,1,22,23,10,7,6,6,14,0.531,0.39,0.253,0.227,0.593,12.7,0.5,2022.0,-0.02400000000000002,0.0
1610612737,Atlanta Hawks,82,0.5,3971.0,115.5,115.4,0.1,0.56,1.93,17.6,0.289,0.717,0.5,0.126,0.541,0.579,101.56,8407,0.5,1,17,8,7,22,19,28,6,22,11,18,16,3,19,19,6,17,2022-23,2022,Average,0.038,0.428,0.098,0.374,1,44.6,92.4,0.483,10.8,30.5,0.352,18.5,22.6,0.818,11.2,33.2,44.4,25.0,12.9,7.1,4.9,5.0,18.8,19.7,118.4,0.3,1,3,9,26,28,21,16,20,3,9,12,10,18,3,18,12,21,6,19,3,18,0.546,0.33,0.245,0.252,0.561,12.1,0.439,2023.0,-0.061,1.0
1610612737,Atlanta Hawks,82,0.439,3971.0,116.4,118.4,-2.0,0.618,1.96,18.4,0.308,0.717,0.504,0.133,0.539,0.576,100.84,8339,0.482,1,21,3,12,27,21,19,18,21,5,16,12,13,17,18,6,22,2023-24,2023,Average,0.037,0.409,-1.983,0.371,1,43.0,92.5,0.465,13.7,37.7,0.364,18.5,23.2,0.797,12.5,32.2,44.7,26.6,13.5,7.5,4.5,5.6,18.6,19.4,118.3,-2.2,10,2,21,6,7,17,5,7,8,3,22,6,16,16,16,26,22,15,7,5,21,0.535,0.408,0.251,0.28,0.619,13.1,0.488,2024.0,0.04899999999999999,0.0
1610612737,Atlanta Hawks,82,0.488,3956.0,113.7,114.8,-1.1,0.682,1.91,19.9,0.3,0.715,0.503,0.149,0.546,0.579,103.41,8521,0.498,1,16,14,17,18,18,5,13,7,13,10,13,22,17,17,3,17,2024-25,2024,Average,0.033,0.415,-1.064,0.354,1,43.4,91.8,0.472,13.5,37.7,0.358,18.0,23.2,0.775,11.9,32.6,44.5,29.6,15.5,9.7,5.1,4.9,19.1,19.1,118.2,-1.1,6,5,14,14,15,18,3,4,18,9,23,14,2,26,2,12,15,22,8,5,18,0.553,0.411,0.253,0.267,0.682,14.1,,,,
1610612738,Boston Celtics,82,0.585,3956.0,105.8,102.5,3.3,0.616,1.76,17.4,0.29,0.707,0.495,0.138,0.488,0.531,99.43,8191,0.52,1,7,23,10,4,8,5,4,10,12,24,18,5,24,21,3,9,2015-16,2015,Average,0.043,0.417,3.319,0.357,1,39.2,89.2,0.439,8.7,26.1,0.335,18.5,23.5,0.788,11.6,33.3,44.9,24.2,13.7,9.2,4.2,5.5,21.9,21.0,105.7,3.2,7,1,24,12,11,28,8,12,6,3,15,6,6,12,2,22,24,29,10,5,8,0.483,0.293,0.263,0.258,0.617,10.5,0.646,2016.0,0.061000000000000054,0.0
1610612738,Boston Celtics,82,0.646,3951.0,110.6,108.0,2.6,0.653,1.9,18.8,0.259,0.705,0.485,0.136,0.525,0.567,97.21,8005,0.514,1,4,25,7,14,8,2,3,2,23,29,27,7,9,6,13,7,2016-17,2016,Successful,0.042,0.446,2.675,0.349,2,38.6,85.1,0.454,12.0,33.4,0.359,18.7,23.2,0.807,9.1,32.9,42.0,25.2,13.3,7.5,4.1,5.2,20.6,20.3,108.0,2.6,21,18,16,3,3,14,10,15,3,22,22,27,4,8,18,23,23,21,11,7,8,0.515,0.392,0.273,0.217,0.653,11.9,0.671,2017.0,0.025000000000000022,0.0
1610612738,Boston Celtics,82,0.671,3961.0,106.8,103.2,3.6,0.586,1.6,17.0,0.263,0.739,0.504,0.144,0.518,0.552,96.75,7987,0.519,1,4,12,18,2,7,13,17,21,19,10,11,15,15,14,22,8,2017-18,2017,Successful,0.034,0.476,3.721,0.36,2,38.3,85.1,0.45,11.5,30.4,0.377,16.0,20.7,0.771,9.4,35.1,44.5,22.5,14.0,7.4,4.5,4.4,19.7,19.2,104.0,3.6,25,25,21,7,10,2,21,20,17,20,6,8,20,15,23,18,6,17,22,20,6,0.49,0.357,0.243,0.211,0.587,8.5,0.598,2018.0,-0.07300000000000006,1.0
1610612738,Boston Celtics,82,0.598,3956.0,111.3,107.0,4.3,0.624,2.05,18.8,0.257,0.728,0.495,0.127,0.534,0.567,100.43,8282,0.53,1,9,18,10,6,6,8,2,4,24,15,23,3,7,10,16,5,2018-19,2018,Average,0.033,0.471,4.282,0.368,1,42.1,90.5,0.465,12.6,34.5,0.365,15.6,19.5,0.802,9.8,34.7,44.5,26.3,12.8,8.6,5.3,3.9,20.4,19.5,112.4,4.4,11,9,14,6,7,7,28,29,4,20,16,22,5,3,4,10,2,12,26,14,6,0.527,0.381,0.215,0.22,0.625,13.5,0.667,2019.0,0.06900000000000006,0.0
1610612738,Boston Celtics,72,0.667,3486.0,112.8,106.5,6.3,0.557,1.66,16.7,0.283,0.731,0.509,0.137,0.531,0.57,99.92,7255,0.531,11,5,13,4,4,3,26,15,25,5,16,12,8,17,13,17,4,2019-20,2019,Successful,0.039,0.448,6.305,0.372,2,41.3,89.6,0.461,12.6,34.5,0.364,18.6,23.2,0.801,10.7,35.4,46.1,23.0,13.8,8.3,5.6,5.5,21.6,20.7,113.7,6.3,12,11,17,12,13,13,11,18,5,6,11,8,25,8,6,5,25,20,15,9,3,0.521,0.385,0.259,0.232,0.557,9.2,0.5,2020.0,-0.16700000000000004,1.0
1610612738,Boston Celtics,72,0.5,3476.0,113.1,111.8,1.2,0.566,1.67,17.1,0.289,0.737,0.51,0.141,0.543,0.574,98.94,7172,0.501,1,16,16,10,13,13,27,22,26,3,13,10,18,12,16,20,17,2020-21,2020,Average,0.031,0.448,1.213,0.369,1,41.5,88.9,0.466,13.6,36.4,0.374,16.1,20.8,0.775,10.6,33.6,44.3,23.5,14.1,7.7,5.3,4.6,20.4,19.3,112.6,1.5,13,11,19,11,10,10,25,25,16,4,22,15,25,16,13,6,11,24,13,16,13,0.531,0.409,0.234,0.239,0.566,9.4,0.622,2021.0,0.122,0.0
1610612738,Boston Celtics,82,0.622,3981.0,113.6,106.2,7.4,0.609,1.82,18.2,0.277,0.725,0.509,0.139,0.542,0.578,97.26,8068,0.547,1,6,2,9,1,2,14,11,10,11,16,10,13,9,9,24,2,2021-22,2021,Successful,0.036,0.448,7.608,0.37,2,40.7,87.4,0.466,13.2,37.1,0.356,17.0,20.9,0.816,10.5,35.5,46.1,24.8,13.6,7.2,5.8,4.6,18.5,19.4,111.8,7.3,13,18,15,8,9,14,14,24,2,11,4,5,14,13,19,2,11,5,20,12,2,0.547,0.424,0.239,0.228,0.609,11.2,0.695,2022.0,0.07299999999999995,0.0
1610612738,Boston Celtics,82,0.695,3996.0,117.3,110.6,6.7,0.632,2.0,19.1,0.255,0.746,0.506,0.133,0.566,0.6,99.15,8247,0.534,1,2,1,2,2,1,5,4,5,27,1,9,7,4,5,20,1,2022-23,2022,Successful,0.034,0.491,6.757,0.373,2,42.2,88.8,0.475,16.0,42.6,0.377,17.5,21.6,0.812,9.7,35.6,45.3,26.7,13.4,6.4,5.2,3.9,18.8,19.1,117.9,6.5,13,15,14,2,2,6,24,28,4,20,3,7,7,7,27,6,4,7,25,4,1,0.567,0.48,0.243,0.214,0.633,13.3,0.78,2023.0,0.08500000000000008,0.0
1610612738,Boston Celtics,82,0.78,3966.0,122.2,110.6,11.7,0.613,2.25,19.3,0.287,0.726,0.515,0.121,0.578,0.609,97.98,8090,0.555,1,1,7,1,2,1,21,3,13,14,7,5,1,2,1,19,1,2023-24,2023,Successful,0.031,0.439,11.941,0.394,2,43.9,90.2,0.487,16.5,42.5,0.388,16.3,20.2,0.807,10.7,35.6,46.3,26.9,11.9,6.8,6.6,3.7,16.2,17.3,120.6,11.3,4,8,8,1,1,2,19,26,7,14,1,2,14,1,27,1,1,2,30,2,1,0.574,0.471,0.224,0.231,0.613,15.0,0.744,2024.0,-0.03600000000000003,0.0
1610612738,Boston Celtics,82,0.744,3966.0,119.5,110.1,9.4,0.628,2.2,19.0,0.291,0.717,0.506,0.122,0.561,0.591,96.59,7979,0.542,1,3,6,2,4,2,20,3,13,18,7,11,2,5,8,29,3,2024-25,2024,Successful,0.03,0.426,9.732,0.384,2,41.6,90.0,0.462,17.8,48.2,0.368,15.3,19.1,0.799,11.4,33.9,45.3,26.1,11.9,7.2,5.5,3.6,15.9,17.5,116.3,9.1,16,11,19,1,1,10,30,30,6,10,7,8,16,2,29,5,1,2,27,8,3,0.569,0.536,0.212,0.252,0.627,14.2,,,,
1610612739,Cleveland Cavaliers,82,0.695,3971.0,110.2,103.9,6.3,0.587,1.67,17.4,0.294,0.742,0.519,0.143,0.524,0.558,93.82,7764,0.528,1,3,9,3,10,4,16,10,11,10,5,4,13,3,4,28,5,2015-16,2015,Successful,0.034,0.448,6.715,0.376,2,38.7,84.0,0.46,10.7,29.6,0.362,16.3,21.7,0.748,10.6,33.9,44.5,22.7,13.6,6.7,3.9,4.4,20.3,20.6,104.3,6.0,8,19,10,2,3,7,26,24,21,12,11,9,13,10,28,27,7,14,12,8,4,0.515,0.352,0.258,0.238,0.587,9.1,0.622,2016.0,-0.07299999999999995,1.0
1610612739,Cleveland Cavaliers,82,0.622,3976.0,112.8,109.7,3.1,0.567,1.66,17.1,0.264,0.722,0.499,0.14,0.547,0.58,96.74,8019,0.51,1,5,4,3,21,7,20,16,15,21,14,18,11,2,3,16,9,2016-17,2016,Successful,0.033,0.458,3.204,0.359,2,39.9,84.9,0.47,13.0,33.9,0.384,17.5,23.3,0.748,9.3,34.4,43.7,22.7,13.7,6.6,4.0,4.3,18.1,20.6,110.3,3.2,5,19,5,2,2,2,19,13,23,21,7,12,13,14,30,25,8,4,6,4,7,0.527,0.399,0.274,0.213,0.569,9.0,0.61,2017.0,-0.01200000000000001,0.0
1610612739,Cleveland Cavaliers,82,0.61,3946.0,112.0,111.1,1.0,0.579,1.7,17.5,0.243,0.73,0.492,0.139,0.547,0.584,98.72,8114,0.502,1,6,23,5,29,14,20,8,9,28,16,24,9,3,3,9,17,2017-18,2017,Successful,0.037,0.487,1.013,0.353,2,40.4,84.8,0.476,12.0,32.1,0.372,18.1,23.3,0.779,8.5,33.7,42.1,23.4,13.7,7.1,3.8,4.1,18.6,20.7,110.9,0.9,10,26,5,3,5,6,6,9,10,27,17,23,12,10,24,28,3,5,7,5,14,0.539,0.379,0.275,0.202,0.579,9.7,0.232,2018.0,-0.378,1.0
1610612739,Cleveland Cavaliers,82,0.232,3951.0,106.8,116.8,-10.0,0.532,1.54,15.6,0.282,0.732,0.496,0.138,0.503,0.54,97.37,8021,0.436,1,28,24,25,30,30,29,27,29,10,11,21,13,29,29,29,30,2018-19,2018,Unsuccessful,0.037,0.45,-10.27,0.358,0,38.9,87.6,0.444,10.3,29.1,0.355,16.4,20.7,0.792,10.7,31.9,42.7,20.7,13.5,6.5,2.4,5.6,20.0,19.4,104.5,-9.6,26,23,28,20,24,13,22,27,7,12,28,26,29,9,28,30,27,6,28,29,30,0.489,0.332,0.236,0.251,0.532,7.2,0.292,2019.0,0.05999999999999997,0.0
1610612739,Cleveland Cavaliers,65,0.292,3145.0,106.9,114.8,-7.9,0.573,1.4,16.8,0.296,0.738,0.512,0.165,0.522,0.553,99.17,6497,0.453,26,29,27,26,30,29,23,30,23,2,9,7,30,22,24,23,30,2019-20,2019,Unsuccessful,0.031,0.442,-7.966,0.347,0,40.3,87.9,0.458,11.2,31.8,0.351,15.1,19.9,0.758,10.8,33.4,44.2,23.1,16.5,6.9,3.2,6.3,18.3,19.6,106.9,-7.9,20,24,19,21,20,20,29,29,20,4,22,19,24,30,25,30,29,1,26,26,28,0.519,0.362,0.226,0.244,0.573,6.6,0.306,2020.0,0.014000000000000012,0.0
1610612739,Cleveland Cavaliers,72,0.306,3486.0,105.2,113.5,-8.3,0.618,1.54,17.5,0.28,0.729,0.499,0.157,0.508,0.543,97.96,7107,0.46,1,26,6,28,25,28,12,29,21,7,21,15,29,29,28,25,27,2020-21,2020,Unsuccessful,0.035,0.449,-8.473,0.342,0,38.6,85.8,0.45,10.0,29.7,0.336,16.7,22.4,0.743,10.4,32.3,42.8,23.8,15.5,7.8,4.5,5.9,18.2,20.2,103.8,-8.4,29,28,25,29,28,30,14,9,26,10,28,24,21,29,12,20,29,7,6,30,28,0.51,0.346,0.261,0.243,0.617,8.3,0.537,2021.0,0.23100000000000004,0.0
1610612739,Cleveland Cavaliers,82,0.537,3946.0,111.0,108.9,2.1,0.634,1.75,18.7,0.277,0.724,0.506,0.148,0.538,0.571,96.83,7964,0.517,1,14,24,20,5,13,6,21,7,12,18,12,27,14,15,25,7,2021-22,2021,Average,0.033,0.447,2.169,0.358,1,39.7,84.6,0.469,11.6,32.8,0.355,16.8,22.1,0.76,10.2,34.0,44.2,25.2,14.4,7.1,4.2,4.6,17.5,20.0,107.8,2.1,21,29,9,20,22,15,18,12,21,16,16,15,11,22,26,24,15,1,11,25,13,0.542,0.388,0.261,0.231,0.635,10.8,0.622,2022.0,0.08499999999999996,0.0
1610612739,Cleveland Cavaliers,82,0.622,3976.0,115.5,109.9,5.6,0.6,1.87,18.6,0.273,0.715,0.496,0.137,0.556,0.59,96.27,7972,0.531,1,5,5,8,1,2,17,10,11,20,20,20,12,9,9,30,2,2022-23,2022,Successful,0.034,0.442,5.817,0.359,2,41.6,85.2,0.488,11.6,31.6,0.367,17.5,22.5,0.78,9.7,31.4,41.1,24.9,13.3,7.1,4.7,4.4,19.0,20.4,112.3,5.4,20,27,5,19,24,12,23,21,19,22,25,25,19,6,15,14,13,9,10,25,2,0.56,0.371,0.264,0.236,0.599,11.6,0.585,2023.0,-0.03700000000000003,0.0
1610612739,Cleveland Cavaliers,82,0.585,3961.0,114.7,112.1,2.5,0.671,2.07,20.2,0.274,0.721,0.501,0.138,0.557,0.586,97.62,8053,0.519,1,11,10,16,7,12,3,8,4,22,14,15,19,13,13,24,8,2023-24,2023,Average,0.029,0.447,2.561,0.363,1,41.8,87.2,0.479,13.5,36.8,0.367,15.6,20.4,0.765,9.8,33.4,43.3,28.0,13.6,7.4,4.6,5.0,17.5,18.7,112.6,2.4,19,24,12,7,8,15,26,24,22,22,11,17,8,17,19,21,17,5,16,20,13,0.562,0.422,0.234,0.226,0.67,14.4,0.78,2024.0,0.19500000000000006,0.0
1610612739,Cleveland Cavaliers,82,0.78,3951.0,121.0,111.8,9.2,0.631,2.13,19.6,0.296,0.7,0.505,0.131,0.578,0.607,100.31,8267,0.546,1,2,18,1,8,3,19,5,8,15,22,12,4,1,1,10,2,2024-25,2024,Successful,0.029,0.404,9.172,0.374,2,44.5,90.8,0.491,15.9,41.5,0.383,17.0,21.9,0.776,11.2,34.2,45.4,28.1,13.2,8.2,4.3,4.4,18.1,18.9,121.9,9.5,4,7,2,2,4,2,15,15,17,13,5,6,9,3,14,27,8,11,11,1,2,0.58,0.457,0.241,0.247,0.631,14.9,,,,
1610612740,New Orleans Pelicans,82,0.366,3956.0,104.8,108.4,-3.7,0.577,1.65,16.8,0.252,0.748,0.493,0.137,0.498,0.537,97.64,8041,0.472,1,25,23,18,26,25,19,11,16,24,3,22,4,19,18,8,26,2015-16,2015,Unsuccessful,0.039,0.496,-3.789,0.356,0,38.5,85.9,0.448,8.6,23.8,0.36,17.3,22.2,0.776,9.5,33.1,42.6,22.2,13.4,7.7,4.2,5.2,20.9,19.9,102.7,-3.8,12,8,19,15,16,9,16,22,13,23,20,22,17,8,16,23,15,22,17,13,25,0.481,0.277,0.258,0.223,0.577,8.8,0.415,2016.0,0.04899999999999999,0.0
1610612740,New Orleans Pelicans,82,0.415,3981.0,104.7,106.8,-2.1,0.582,1.77,17.1,0.228,0.728,0.48,0.129,0.504,0.539,98.56,8173,0.493,1,21,2,26,9,22,14,6,16,29,11,29,4,20,23,8,21,2016-17,2016,Average,0.035,0.5,-2.131,0.351,1,39.1,87.0,0.45,9.4,26.8,0.35,16.7,22.3,0.75,8.6,35.1,43.7,22.8,12.9,7.8,5.5,4.2,18.2,19.3,104.3,-2.1,17,12,20,14,13,19,25,21,22,29,1,13,12,5,16,5,7,5,23,18,22,0.493,0.308,0.256,0.197,0.583,9.9,0.585,2017.0,0.16999999999999998,0.0
1610612740,New Orleans Pelicans,82,0.585,3991.0,108.5,107.4,1.1,0.627,1.79,19.0,0.24,0.726,0.494,0.145,0.541,0.573,101.48,8443,0.525,1,8,1,12,14,13,4,5,3,29,19,21,16,4,5,1,7,2017-18,2017,Average,0.032,0.486,1.084,0.349,1,42.7,88.3,0.483,10.2,28.2,0.362,16.1,20.9,0.772,8.7,35.6,44.3,26.8,14.9,8.0,5.9,4.2,19.1,20.4,111.7,1.3,2,3,2,18,18,13,19,17,15,26,3,10,3,22,8,3,4,8,13,3,13,0.541,0.319,0.237,0.196,0.628,11.9,0.402,2018.0,-0.18299999999999994,1.0
1610612740,New Orleans Pelicans,82,0.402,3951.0,110.7,112.0,-1.3,0.619,1.82,18.6,0.285,0.729,0.509,0.142,0.529,0.563,103.89,8553,0.498,1,22,24,12,22,20,11,12,7,7,14,9,22,11,12,2,16,2018-19,2018,Average,0.034,0.444,-1.251,0.367,1,43.7,92.2,0.473,10.3,29.9,0.344,17.8,23.4,0.761,11.1,36.2,47.3,27.0,14.8,7.4,5.4,5.4,21.1,21.0,115.4,-1.3,2,3,6,22,21,24,13,11,18,8,6,5,3,24,18,7,23,19,13,3,21,0.536,0.324,0.254,0.235,0.618,12.2,0.417,2019.0,0.014999999999999958,0.0
1610612740,New Orleans Pelicans,72,0.417,3486.0,110.5,111.8,-1.3,0.63,1.64,18.4,0.287,0.729,0.508,0.156,0.539,0.568,103.89,7548,0.495,11,21,13,15,21,20,7,17,7,4,18,13,29,6,14,4,18,2019-20,2019,Average,0.029,0.442,-1.251,0.352,1,42.6,91.6,0.465,13.6,36.9,0.37,17.1,23.4,0.729,11.1,35.4,46.5,26.8,16.4,7.5,5.0,4.8,21.2,21.1,115.8,-1.3,2,2,13,5,7,7,20,14,29,2,10,6,3,29,19,13,14,17,11,5,20,0.53,0.403,0.255,0.239,0.629,10.4,0.431,2020.0,0.014000000000000012,0.0
1610612740,New Orleans Pelicans,72,0.431,3486.0,113.0,113.3,-0.3,0.612,1.78,18.3,0.302,0.755,0.527,0.144,0.537,0.57,100.54,7303,0.508,1,21,6,11,23,18,13,18,11,1,3,2,22,17,17,10,14,2020-21,2020,Average,0.033,0.453,-0.298,0.383,1,42.5,89.1,0.477,10.6,30.4,0.348,19.0,26.1,0.729,11.7,35.7,47.4,26.0,14.6,7.6,4.4,5.9,18.0,21.3,114.6,-0.3,9,10,7,27,25,26,4,2,29,1,3,3,10,22,15,24,30,4,2,9,18,0.543,0.341,0.293,0.247,0.612,11.4,0.439,2021.0,0.008000000000000007,0.0
1610612740,New Orleans Pelicans,82,0.439,3951.0,111.2,112.0,-0.8,0.621,1.78,18.1,0.306,0.742,0.518,0.143,0.517,0.557,98.02,8060,0.5,1,20,19,19,18,21,8,16,13,4,3,3,21,24,22,21,18,2021-22,2021,Average,0.04,0.436,-0.816,0.375,1,40.2,88.0,0.457,10.6,32.1,0.332,18.3,23.2,0.789,12.0,33.2,45.2,25.0,14.1,8.3,4.0,4.8,19.7,20.5,109.3,-1.0,19,16,23,28,24,27,2,6,10,3,24,11,13,17,7,26,16,14,4,21,21,0.53,0.365,0.264,0.265,0.622,10.9,0.512,2022.0,0.07300000000000001,0.0
1610612740,New Orleans Pelicans,82,0.512,3971.0,113.8,112.0,1.9,0.616,1.77,18.5,0.29,0.732,0.512,0.145,0.543,0.582,99.58,8239,0.514,1,15,8,20,6,10,10,19,12,9,5,5,20,17,16,16,8,2022-23,2022,Average,0.039,0.442,1.908,0.367,1,42.0,87.6,0.48,11.0,30.1,0.364,19.3,24.4,0.793,10.6,33.1,43.7,25.9,14.6,8.3,4.1,4.7,20.5,20.4,114.4,1.9,16,17,11,23,29,15,8,10,11,13,13,13,11,21,2,24,17,20,12,15,10,0.539,0.344,0.279,0.243,0.617,11.3,0.598,2023.0,0.08599999999999997,0.0
1610612740,New Orleans Pelicans,82,0.598,3941.0,116.5,111.9,4.6,0.634,2.07,19.4,0.278,0.725,0.505,0.132,0.558,0.591,98.7,8101,0.524,1,8,26,11,6,6,15,7,10,19,8,10,12,11,10,16,6,2023-24,2023,Average,0.033,0.447,4.661,0.373,1,42.5,87.4,0.486,12.5,32.6,0.383,17.6,22.8,0.771,10.4,33.6,44.0,27.0,13.0,8.3,4.6,5.2,18.4,18.4,115.1,4.4,12,23,9,18,24,4,13,9,21,17,10,13,13,11,3,22,19,11,18,13,6,0.547,0.373,0.261,0.236,0.635,14.0,0.256,2024.0,-0.34199999999999997,1.0
1610612740,New Orleans Pelicans,82,0.256,3951.0,109.7,119.1,-9.4,0.636,1.76,18.3,0.303,0.682,0.487,0.146,0.519,0.552,99.77,8212,0.455,1,27,18,25,29,29,13,21,22,11,29,26,18,26,27,15,26,2024-25,2024,Unsuccessful,0.033,0.379,-9.422,0.341,0,40.6,89.9,0.452,12.0,34.6,0.347,16.5,21.9,0.754,12.1,31.5,43.6,25.8,14.6,8.5,5.2,5.2,18.3,17.9,109.8,-9.4,22,13,24,27,25,24,22,14,27,7,26,20,19,19,8,10,21,13,25,25,29,0.517,0.385,0.244,0.278,0.635,11.2,,,,
1610612741,Chicago Bulls,82,0.512,3981.0,104.1,105.5,-1.4,0.591,1.64,17.0,0.29,0.714,0.506,0.142,0.487,0.526,96.6,8008,0.494,1,14,3,23,15,18,14,12,13,11,20,12,12,26,26,15,16,2015-16,2015,Average,0.039,0.424,-1.449,0.364,1,38.6,87.4,0.441,7.9,21.4,0.371,16.5,21.0,0.787,11.1,35.2,46.3,22.8,13.9,6.0,5.7,5.7,18.8,18.7,101.6,-1.5,11,2,22,21,24,3,23,26,7,9,3,3,12,13,29,8,27,5,26,21,18,0.465,0.245,0.24,0.24,0.591,8.9,0.5,2016.0,-0.01200000000000001,0.0
1610612741,Chicago Bulls,82,0.5,3956.0,106.5,106.2,0.3,0.584,1.66,16.8,0.311,0.733,0.519,0.14,0.487,0.53,96.02,7919,0.504,1,15,18,21,5,14,13,15,17,3,8,4,13,30,28,19,13,2016-17,2016,Average,0.043,0.422,0.312,0.379,1,38.6,87.1,0.444,7.6,22.3,0.34,18.0,22.5,0.798,12.2,34.1,46.3,22.6,13.6,7.8,4.8,4.6,17.7,18.8,102.9,0.4,20,8,25,28,29,24,15,19,6,2,9,3,14,12,15,16,12,2,25,23,14,0.478,0.256,0.258,0.263,0.585,9.0,0.329,2017.0,-0.17099999999999999,1.0
1610612741,Chicago Bulls,82,0.329,3971.0,103.4,110.5,-7.0,0.607,1.68,17.3,0.256,0.767,0.5,0.141,0.497,0.529,98.65,8160,0.453,1,24,5,28,28,28,8,13,14,22,1,17,11,29,29,11,28,2017-18,2017,Unsuccessful,0.032,0.511,-7.096,0.359,0,38.7,88.8,0.435,11.0,31.1,0.355,14.6,19.2,0.759,9.6,35.0,44.7,23.5,14.0,7.6,3.5,5.2,19.2,17.4,102.9,-7.0,23,1,30,10,6,21,28,26,20,16,8,6,10,13,18,30,24,9,29,26,29,0.48,0.35,0.216,0.215,0.607,9.5,0.268,2018.0,-0.061,1.0
1610612741,Chicago Bulls,82,0.268,3981.0,104.5,112.8,-8.3,0.55,1.55,16.3,0.242,0.727,0.483,0.141,0.505,0.541,99.3,8232,0.453,1,27,3,29,25,27,25,26,26,30,16,27,20,28,28,20,27,2018-19,2018,Unsuccessful,0.036,0.485,-8.359,0.342,0,39.8,87.9,0.453,9.1,25.9,0.351,16.2,20.7,0.783,8.8,34.1,42.9,21.9,14.1,7.4,4.3,5.8,20.3,18.7,104.9,-8.4,23,22,20,30,27,19,25,26,11,30,21,25,27,19,20,26,28,9,30,27,27,0.495,0.295,0.235,0.205,0.55,7.8,0.338,2019.0,0.07,0.0
1610612741,Chicago Bulls,65,0.338,3135.0,105.8,108.9,-3.1,0.587,1.5,16.9,0.267,0.719,0.481,0.153,0.515,0.547,100.46,6563,0.466,26,24,29,29,9,22,20,26,21,14,23,28,26,24,26,16,25,2019-20,2019,Unsuccessful,0.032,0.452,-3.086,0.328,0,39.6,88.6,0.447,12.2,35.1,0.348,15.5,20.5,0.755,10.5,31.4,41.9,23.2,15.5,10.0,4.1,5.9,21.8,19.2,106.8,-3.1,25,16,26,14,11,22,28,27,21,13,30,29,23,27,1,26,28,24,29,27,22,0.512,0.396,0.231,0.251,0.586,7.7,0.431,2020.0,0.09299999999999997,0.0
1610612741,Chicago Bulls,72,0.431,3476.0,110.4,111.5,-1.1,0.635,1.77,19.2,0.267,0.767,0.519,0.151,0.547,0.575,99.58,7220,0.499,1,21,16,21,12,20,4,20,8,16,1,4,27,10,14,13,18,2020-21,2020,Average,0.028,0.5,-1.105,0.368,1,42.2,88.6,0.476,12.6,34.0,0.37,13.8,17.5,0.791,9.6,35.3,45.0,26.8,15.1,6.7,4.2,5.1,18.9,17.7,110.7,-0.9,10,14,9,16,17,13,30,30,11,19,8,11,8,27,28,27,18,10,30,21,20,0.542,0.384,0.198,0.213,0.635,11.7,0.561,2021.0,0.13000000000000006,0.0
1610612741,Chicago Bulls,82,0.561,3946.0,112.7,113.2,-0.5,0.572,1.86,17.8,0.249,0.735,0.495,0.13,0.541,0.579,98.76,8124,0.496,1,12,24,13,23,20,27,10,17,28,7,17,6,10,8,14,20,2021-22,2021,Average,0.038,0.486,-0.506,0.365,1,41.7,86.9,0.48,10.6,28.8,0.369,17.5,21.5,0.813,8.7,33.7,42.3,23.9,12.8,7.1,4.1,5.0,18.8,18.2,111.6,-0.4,7,20,3,29,30,4,9,17,3,29,22,28,19,6,23,25,24,8,28,13,20,0.535,0.331,0.247,0.206,0.573,11.1,0.488,2022.0,-0.07300000000000006,1.0
1610612741,Chicago Bulls,82,0.488,3981.0,112.8,111.5,1.3,0.575,1.83,18.1,0.236,0.736,0.493,0.133,0.55,0.587,99.18,8225,0.512,1,19,4,24,5,13,23,14,17,28,3,22,8,12,12,18,9,2022-23,2022,Average,0.037,0.5,1.311,0.36,1,42.5,86.8,0.49,10.4,28.9,0.361,17.6,21.8,0.809,8.5,33.9,42.4,24.5,13.4,7.9,4.5,4.7,18.9,18.7,113.1,1.3,11,21,4,30,30,16,21,26,5,28,9,22,20,8,7,19,18,8,27,22,13,0.554,0.333,0.251,0.2,0.576,11.1,0.476,2023.0,-0.01200000000000001,0.0
1610612741,Chicago Bulls,82,0.476,3996.0,114.0,115.7,-1.7,0.594,2.04,18.2,0.291,0.717,0.501,0.124,0.534,0.568,96.94,8078,0.493,1,20,1,19,22,20,28,13,24,11,17,14,3,22,21,28,20,2023-24,2023,Average,0.034,0.426,-1.754,0.377,1,42.0,89.5,0.47,11.5,32.1,0.358,16.7,21.1,0.791,11.2,32.6,43.8,25.0,12.2,7.8,4.8,4.9,18.8,18.8,112.3,-1.4,16,13,18,27,26,20,17,18,10,8,19,14,23,3,9,18,14,17,14,22,20,0.531,0.359,0.236,0.256,0.595,12.8,0.476,2024.0,0.0,0.0
1610612741,Chicago Bulls,82,0.476,3951.0,113.2,114.8,-1.6,0.673,1.98,19.9,0.26,0.722,0.496,0.141,0.553,0.585,103.61,8532,0.495,1,18,18,20,19,20,7,10,6,28,5,18,15,13,13,2,20,2024-25,2024,Average,0.032,0.462,-1.544,0.355,1,43.2,92.0,0.47,15.4,42.0,0.367,16.0,19.7,0.809,10.1,35.8,45.9,29.1,14.7,7.6,4.7,5.1,17.6,16.8,117.8,-1.6,8,4,15,3,3,13,27,29,3,25,1,3,5,20,24,18,18,6,30,6,20,0.556,0.457,0.214,0.22,0.674,14.4,,,,
1610612742,Dallas Mavericks,82,0.512,4001.0,105.5,105.9,-0.4,0.592,1.73,17.0,0.241,0.723,0.484,0.132,0.502,0.544,95.34,7950,0.503,1,14,1,11,16,16,13,5,12,28,14,26,2,13,14,22,13,2015-16,2015,Average,0.042,0.482,-0.42,0.352,1,37.4,84.1,0.444,9.8,28.6,0.344,17.7,22.3,0.794,9.2,33.9,43.1,22.1,12.8,6.8,3.7,4.4,19.5,21.4,102.3,-0.3,22,18,20,7,5,23,12,21,3,26,9,19,18,2,26,29,8,8,8,16,16,0.497,0.34,0.265,0.213,0.591,9.3,0.402,2016.0,-0.10999999999999999,1.0
1610612742,Dallas Mavericks,82,0.402,3956.0,104.7,107.7,-3.0,0.574,1.75,16.8,0.216,0.733,0.465,0.127,0.505,0.541,93.11,7668,0.479,1,22,18,25,13,23,17,7,18,30,7,30,3,18,19,28,24,2016-17,2016,Average,0.036,0.517,-3.222,0.338,1,36.2,82.3,0.44,10.7,30.2,0.355,14.8,18.5,0.801,7.9,30.7,38.6,20.8,11.9,7.5,3.7,3.4,19.1,19.4,97.9,-2.9,30,27,29,5,6,16,29,30,4,30,30,30,27,2,19,30,2,9,21,30,23,0.489,0.367,0.225,0.205,0.575,8.9,0.293,2017.0,-0.10900000000000004,1.0
1610612742,Dallas Mavericks,82,0.293,3961.0,105.4,108.4,-2.9,0.594,1.85,17.3,0.224,0.749,0.478,0.127,0.513,0.544,96.53,7959,0.475,1,27,12,24,16,22,10,2,11,30,5,30,1,19,23,26,23,2017-18,2017,Unsuccessful,0.031,0.525,-3.004,0.351,0,38.1,85.9,0.444,11.8,32.8,0.36,14.2,18.7,0.763,8.1,33.1,41.3,22.7,12.3,7.0,3.8,4.5,19.2,19.6,102.3,-3.0,29,17,26,5,4,17,29,29,19,30,21,27,19,1,25,29,8,10,20,28,22,0.495,0.382,0.218,0.196,0.596,10.4,0.402,2018.0,0.10900000000000004,0.0
1610612742,Dallas Mavericks,82,0.402,3956.0,108.7,110.1,-1.5,0.603,1.64,17.0,0.273,0.734,0.503,0.142,0.519,0.555,99.6,8216,0.492,1,22,18,20,18,21,13,21,21,13,10,12,21,19,16,19,20,2018-19,2018,Average,0.036,0.461,-1.506,0.361,1,38.8,86.9,0.447,12.5,36.6,0.34,18.8,25.3,0.742,10.1,35.2,45.3,23.4,14.2,6.5,4.3,4.5,20.1,23.2,108.9,-1.3,28,28,27,7,4,27,7,5,25,16,14,16,22,20,29,26,6,8,2,21,20,0.523,0.421,0.291,0.223,0.603,9.2,0.573,2019.0,0.17099999999999993,0.0
1610612742,Dallas Mavericks,75,0.573,3635.0,115.9,111.2,4.8,0.592,1.94,17.7,0.275,0.74,0.509,0.126,0.545,0.581,99.89,7569,0.521,1,13,1,1,18,6,17,4,14,12,8,10,3,4,4,18,8,2019-20,2019,Average,0.036,0.465,4.805,0.383,1,41.7,90.3,0.461,15.1,41.3,0.367,18.6,23.8,0.779,10.5,36.4,46.9,24.7,12.7,6.1,4.8,4.1,19.5,21.3,117.0,4.9,9,9,16,2,2,10,10,11,14,11,4,4,14,2,29,16,5,6,9,3,6,0.543,0.457,0.264,0.224,0.592,12.0,0.583,2020.0,0.010000000000000009,0.0
1610612742,Dallas Mavericks,72,0.583,3461.0,114.6,112.3,2.3,0.557,1.9,17.2,0.253,0.734,0.496,0.123,0.55,0.582,97.94,7062,0.51,1,8,24,8,21,10,28,9,23,21,17,16,3,8,8,26,11,2020-21,2020,Average,0.032,0.481,2.348,0.373,1,41.1,87.3,0.47,13.8,38.1,0.362,16.5,21.2,0.778,9.1,34.2,43.3,22.9,12.1,6.3,4.3,3.7,19.4,20.1,112.4,2.3,18,22,13,8,6,18,18,20,15,25,17,21,26,3,30,26,2,19,7,17,11,0.555,0.436,0.243,0.21,0.557,10.8,0.634,2021.0,0.051000000000000045,0.0
1610612742,Dallas Mavericks,82,0.634,3951.0,112.5,109.1,3.5,0.595,1.87,17.8,0.256,0.733,0.496,0.13,0.538,0.572,95.64,7871,0.511,1,5,19,14,7,7,20,9,18,23,10,16,7,13,14,30,12,2021-22,2021,Successful,0.034,0.477,3.66,0.366,2,39.3,85.1,0.461,13.1,37.4,0.35,16.4,21.2,0.771,9.3,33.8,43.0,23.4,12.5,6.7,4.0,3.7,19.7,20.1,108.0,3.3,25,27,18,10,8,19,22,22,16,24,20,24,25,3,29,28,1,14,10,24,8,0.549,0.439,0.249,0.216,0.595,10.9,0.463,2022.0,-0.17099999999999999,1.0
1610612742,Dallas Mavericks,82,0.463,3986.0,115.9,116.1,-0.2,0.573,1.88,17.4,0.226,0.717,0.471,0.124,0.565,0.599,97.21,8082,0.487,1,21,3,6,25,20,25,8,24,30,17,30,2,5,6,28,23,2022-23,2022,Average,0.034,0.491,-0.206,0.347,1,40.0,84.3,0.475,15.2,41.0,0.371,19.0,25.1,0.755,7.6,31.2,38.8,22.9,12.2,6.3,3.7,3.8,20.7,21.8,114.2,0.1,28,29,15,3,3,8,12,6,23,30,27,30,28,2,29,28,2,23,1,16,19,0.573,0.486,0.298,0.196,0.572,10.7,0.61,2023.0,0.14699999999999996,0.0
1610612742,Dallas Mavericks,82,0.61,3941.0,117.0,114.9,2.1,0.596,2.05,18.5,0.257,0.711,0.485,0.124,0.562,0.592,100.6,8263,0.506,1,6,26,8,18,15,26,10,20,25,21,26,4,7,9,7,16,2023-24,2023,Successful,0.03,0.454,2.087,0.361,2,43.1,89.7,0.481,14.6,39.5,0.369,17.0,22.5,0.758,9.7,33.2,42.9,25.7,12.5,6.9,5.0,4.0,18.3,20.3,117.9,2.2,9,12,11,3,2,13,15,11,27,23,14,21,19,4,24,17,2,10,2,7,14,0.568,0.44,0.251,0.226,0.596,13.2,0.476,2024.0,-0.134,1.0
1610612742,Dallas Mavericks,82,0.476,3946.0,113.7,115.0,-1.3,0.601,1.8,18.2,0.271,0.694,0.488,0.14,0.549,0.583,100.15,8238,0.496,1,18,23,18,20,19,27,19,23,25,25,24,12,14,14,12,19,2024-25,2024,Average,0.034,0.423,-1.298,0.348,1,42.0,87.7,0.479,12.4,34.2,0.364,17.8,23.1,0.77,10.1,33.0,43.0,25.2,14.0,7.8,5.4,4.6,17.8,18.7,114.2,-1.2,13,21,10,26,26,15,6,6,24,24,17,23,22,13,21,7,12,8,16,15,19,0.553,0.39,0.263,0.235,0.6,11.2,,,,
1610612743,Denver Nuggets,82,0.402,3966.0,104.9,108.2,-3.3,0.601,1.55,16.9,0.304,0.732,0.513,0.151,0.489,0.531,96.34,7963,0.479,1,21,11,17,25,23,9,15,15,3,9,7,19,23,22,17,25,2015-16,2015,Average,0.042,0.428,-3.425,0.362,1,37.7,85.4,0.442,8.0,23.7,0.338,18.5,24.1,0.766,11.5,33.1,44.6,22.7,14.7,7.4,4.8,6.3,21.0,20.9,101.9,-3.1,21,12,21,20,18,26,10,10,14,6,19,8,14,18,20,16,30,23,11,20,23,0.481,0.278,0.282,0.258,0.602,8.0,0.488,2016.0,0.08599999999999997,0.0
1610612743,Denver Nuggets,82,0.488,3951.0,112.2,111.7,0.4,0.615,1.69,18.2,0.314,0.753,0.532,0.15,0.53,0.568,99.18,8167,0.503,1,18,25,4,29,13,7,10,4,2,2,1,23,5,5,6,15,2016-17,2016,Average,0.038,0.439,0.403,0.382,1,41.2,87.7,0.469,10.6,28.8,0.368,18.7,24.2,0.774,11.8,34.6,46.4,25.3,15.0,6.9,3.9,4.9,19.1,20.2,111.7,0.5,3,4,6,7,8,11,9,8,17,5,6,2,2,23,28,27,15,9,13,3,12,0.52,0.328,0.276,0.254,0.614,10.3,0.561,2017.0,0.07300000000000006,0.0
1610612743,Denver Nuggets,82,0.561,3976.0,111.4,110.0,1.4,0.617,1.68,18.2,0.3,0.736,0.517,0.151,0.536,0.57,97.69,8095,0.511,1,14,4,6,23,11,7,11,5,2,11,2,23,6,7,15,10,2017-18,2017,Average,0.034,0.436,1.433,0.366,1,40.7,86.6,0.47,11.5,30.9,0.371,17.1,22.3,0.767,11.0,33.5,44.5,25.1,15.0,7.6,4.9,4.8,18.7,20.7,110.0,1.5,7,12,10,6,8,7,12,12,18,2,20,7,5,23,17,12,16,6,6,6,11,0.524,0.357,0.258,0.247,0.617,10.1,0.659,2018.0,0.09799999999999998,0.0
1610612743,Denver Nuggets,82,0.659,3946.0,112.1,108.1,4.0,0.653,2.04,19.3,0.308,0.744,0.524,0.136,0.527,0.558,98.49,8096,0.524,1,4,27,7,10,8,2,3,2,1,5,2,11,15,14,26,8,2018-19,2018,Successful,0.031,0.436,4.061,0.388,2,41.9,90.0,0.466,11.0,31.4,0.351,15.8,20.9,0.755,11.9,34.5,46.4,27.4,13.4,7.7,4.4,5.0,20.0,20.4,110.7,4.0,12,11,13,18,16,17,27,25,20,2,17,8,2,8,13,24,14,7,20,20,8,0.527,0.349,0.232,0.256,0.654,14.0,0.63,2019.0,-0.029000000000000026,0.0
1610612743,Denver Nuggets,73,0.63,3549.0,112.6,110.4,2.2,0.636,1.94,19.1,0.294,0.725,0.509,0.139,0.535,0.567,97.64,7217,0.517,3,6,3,5,16,11,5,3,2,3,20,11,9,10,15,29,11,2019-20,2019,Successful,0.032,0.431,2.253,0.37,2,42.0,88.9,0.473,11.0,30.6,0.359,16.2,20.9,0.777,10.8,33.4,44.1,26.7,13.8,8.0,4.6,4.4,20.3,20.5,111.3,2.1,8,15,4,24,26,15,25,26,16,5,24,20,4,7,9,19,8,11,17,19,11,0.532,0.344,0.235,0.245,0.636,12.9,0.653,2020.0,0.02300000000000002,0.0
1610612743,Denver Nuggets,72,0.653,3496.0,116.3,111.5,4.8,0.621,1.99,19.3,0.292,0.751,0.522,0.136,0.557,0.588,97.74,7123,0.525,1,5,1,6,11,6,11,5,4,2,6,3,15,6,6,27,7,2020-21,2020,Successful,0.031,0.459,4.911,0.386,2,43.3,89.2,0.485,12.9,34.2,0.377,15.7,19.5,0.803,10.5,33.9,44.4,26.8,13.5,8.1,4.5,4.5,19.1,19.2,115.1,4.9,4,9,4,15,16,8,27,27,7,8,19,13,5,12,8,21,7,14,15,8,6,0.553,0.383,0.219,0.236,0.619,13.3,0.585,2021.0,-0.06800000000000006,1.0
1610612743,Denver Nuggets,82,0.585,3961.0,113.8,111.5,2.3,0.667,1.92,20.0,0.268,0.752,0.515,0.146,0.556,0.59,98.41,8123,0.516,1,10,8,6,15,11,2,6,1,19,1,4,26,1,1,20,9,2021-22,2021,Average,0.034,0.484,2.337,0.369,1,41.7,86.3,0.483,12.7,35.9,0.353,16.7,21.0,0.795,9.2,34.9,44.1,27.8,14.5,7.2,3.7,4.8,20.0,19.9,112.7,2.3,8,23,2,14,13,16,19,23,8,25,9,17,3,26,18,29,17,20,13,10,11,0.575,0.416,0.243,0.209,0.667,13.3,0.646,2022.0,0.061000000000000054,0.0
1610612743,Denver Nuggets,82,0.646,3951.0,116.8,113.5,3.3,0.663,1.99,20.5,0.289,0.727,0.514,0.147,0.573,0.601,98.74,8129,0.525,1,4,25,5,15,6,2,5,1,12,11,4,23,1,3,24,3,2022-23,2022,Successful,0.028,0.438,3.342,0.367,2,43.6,86.4,0.504,11.8,31.2,0.379,16.8,22.4,0.751,10.1,32.9,43.0,28.9,14.5,7.5,4.5,4.2,18.6,19.5,115.8,3.3,3,22,1,18,25,4,27,24,26,17,15,19,2,20,11,20,10,4,23,12,6,0.576,0.361,0.259,0.235,0.663,14.4,0.695,2023.0,0.04899999999999993,0.0
1610612743,Denver Nuggets,82,0.695,3941.0,117.8,112.3,5.5,0.669,2.33,20.9,0.3,0.718,0.515,0.13,0.562,0.589,97.43,7996,0.533,1,2,26,5,8,4,5,2,2,6,15,6,9,8,11,26,4,2023-24,2023,Successful,0.027,0.418,5.645,0.385,2,44.0,88.8,0.496,11.7,31.2,0.374,15.1,19.9,0.762,10.7,33.7,44.4,29.5,12.6,7.1,5.6,4.8,18.2,17.9,114.9,5.3,3,17,4,25,30,10,29,29,25,13,9,7,3,5,21,10,12,9,26,14,4,0.561,0.351,0.224,0.241,0.67,16.9,0.61,2024.0,-0.08499999999999996,1.0
1610612743,Denver Nuggets,82,0.61,3971.0,118.9,115.1,3.8,0.683,2.17,21.1,0.311,0.709,0.52,0.14,0.573,0.604,100.67,8328,0.529,1,6,4,4,21,9,4,4,1,5,14,2,13,2,2,8,4,2024-25,2024,Successful,0.031,0.398,3.775,0.38,2,45.4,89.8,0.506,12.0,31.9,0.376,17.9,23.3,0.77,11.2,34.5,45.7,31.0,14.3,8.0,4.9,5.1,17.6,19.0,120.8,3.9,1,16,1,28,30,5,4,1,23,12,3,4,1,17,17,15,19,6,9,3,9,0.577,0.355,0.259,0.245,0.683,16.7,,,,
1610612744,Golden State Warriors,82,0.89,3976.0,113.5,102.8,10.6,0.68,1.91,20.4,0.267,0.72,0.507,0.15,0.563,0.593,100.24,8303,0.567,1,1,5,1,6,2,1,1,1,22,15,11,18,1,1,2,2,2015-16,2015,Successful,0.03,0.453,10.575,0.357,2,42.5,87.3,0.487,13.1,31.6,0.416,16.7,21.8,0.763,10.0,36.2,46.2,28.9,15.2,8.4,6.1,4.1,20.7,19.8,114.9,10.8,1,3,1,1,1,1,22,23,16,21,1,4,1,24,9,2,3,19,19,1,1,0.528,0.362,0.25,0.216,0.68,13.7,0.817,2016.0,-0.07300000000000006,1.0
1610612744,Golden State Warriors,82,0.817,3956.0,114.8,103.4,11.4,0.705,2.06,21.2,0.272,0.709,0.504,0.146,0.563,0.597,100.37,8279,0.579,1,1,18,1,2,1,1,1,1,17,27,10,20,1,1,4,1,2016-17,2016,Successful,0.034,0.437,11.358,0.358,2,43.1,87.1,0.495,12.0,31.2,0.383,17.8,22.6,0.788,9.4,35.0,44.4,30.4,14.8,9.6,6.8,3.8,19.3,19.4,115.9,11.6,1,9,1,4,5,3,17,18,11,20,3,7,1,22,1,1,4,12,22,1,1,0.556,0.358,0.259,0.212,0.705,15.6,0.707,2017.0,-0.10999999999999999,1.0
1610612744,Golden State Warriors,82,0.707,3946.0,112.8,106.8,5.9,0.685,1.9,20.9,0.243,0.712,0.497,0.153,0.569,0.603,100.35,8251,0.554,1,3,23,3,11,3,1,1,1,27,29,19,25,1,1,5,1,2017-18,2017,Successful,0.034,0.469,5.879,0.344,2,42.8,85.1,0.503,11.3,28.9,0.391,16.6,20.3,0.815,8.4,35.1,43.5,29.3,15.4,8.0,7.5,3.7,19.6,18.5,113.5,6.0,1,24,1,8,17,1,18,22,1,28,7,17,1,26,9,1,1,15,25,1,3,0.56,0.34,0.239,0.193,0.685,13.9,0.695,2018.0,-0.01200000000000001,0.0
1610612744,Golden State Warriors,82,0.695,3961.0,115.0,108.6,6.5,0.668,2.06,20.4,0.257,0.727,0.505,0.139,0.565,0.596,101.74,8390,0.546,1,3,15,1,11,2,1,1,1,23,17,10,16,1,1,10,2,2018-19,2018,Successful,0.031,0.47,6.389,0.366,2,44.0,89.8,0.491,13.3,34.4,0.385,16.3,20.4,0.801,9.7,36.5,46.2,29.4,14.3,7.6,6.4,3.6,21.4,19.5,117.7,6.5,1,13,1,3,8,3,23,28,5,21,3,11,1,21,15,1,1,22,27,2,2,0.554,0.383,0.227,0.21,0.668,15.1,0.231,2019.0,-0.46399999999999997,1.0
1610612744,Golden State Warriors,65,0.231,3145.0,104.4,113.0,-8.6,0.663,1.72,18.2,0.255,0.722,0.481,0.146,0.497,0.54,101.04,6623,0.462,26,30,27,30,26,30,1,11,8,25,21,27,19,30,28,15,26,2019-20,2019,Unsuccessful,0.043,0.467,-8.511,0.335,0,38.6,88.2,0.438,10.4,31.3,0.334,18.7,23.2,0.803,10.0,32.9,42.8,25.6,14.9,8.2,4.6,4.9,20.1,20.1,106.3,-8.7,29,21,29,28,25,29,9,16,4,18,26,24,9,19,7,20,17,10,21,28,30,0.496,0.355,0.263,0.234,0.663,10.7,0.542,2020.0,0.31100000000000005,0.0
1610612744,Golden State Warriors,72,0.542,3461.0,110.5,109.4,1.1,0.67,1.84,19.6,0.222,0.727,0.48,0.146,0.551,0.583,102.81,7412,0.51,1,14,24,20,5,15,3,12,2,30,22,27,24,7,7,3,12,2020-21,2020,Average,0.032,0.505,1.07,0.334,1,41.3,88.2,0.468,14.6,38.7,0.376,16.6,21.1,0.785,8.0,35.1,43.0,27.7,15.0,8.2,4.8,4.3,21.2,19.5,113.7,1.1,15,17,14,3,5,9,16,21,13,30,12,22,1,26,6,17,6,28,11,12,14,0.539,0.439,0.239,0.186,0.671,12.7,0.646,2021.0,0.10399999999999998,0.0
1610612744,Golden State Warriors,82,0.646,3946.0,112.1,106.6,5.5,0.669,1.82,19.5,0.269,0.736,0.51,0.15,0.552,0.582,98.74,8121,0.536,1,3,24,16,2,4,1,12,3,15,6,8,29,3,4,15,3,2021-22,2021,Successful,0.03,0.467,5.57,0.36,2,40.5,86.4,0.469,14.3,39.4,0.364,15.6,20.3,0.769,9.8,35.7,45.5,27.1,14.9,8.8,4.5,3.9,21.0,18.0,111.0,5.5,17,21,10,3,3,8,26,26,17,20,2,7,5,29,4,18,2,27,29,15,5,0.557,0.456,0.235,0.215,0.669,12.2,0.537,2022.0,-0.10899999999999999,1.0
1610612744,Golden State Warriors,82,0.537,3966.0,115.1,113.4,1.7,0.691,1.83,20.4,0.277,0.719,0.502,0.158,0.571,0.6,102.54,8472,0.51,1,11,12,10,14,11,1,13,2,16,16,14,29,3,4,1,12,2022-23,2022,Average,0.029,0.442,1.658,0.344,1,43.1,90.2,0.479,16.6,43.2,0.385,16.0,20.2,0.794,10.5,34.1,44.6,29.8,16.3,7.2,4.0,4.0,21.4,18.4,118.9,1.8,5,8,12,1,1,2,29,30,9,14,7,8,1,30,14,25,6,28,30,2,11,0.564,0.479,0.224,0.235,0.691,13.5,0.561,2023.0,0.02400000000000002,0.0
1610612744,Golden State Warriors,82,0.561,3966.0,116.9,114.5,2.4,0.671,2.05,20.1,0.315,0.725,0.521,0.142,0.557,0.586,99.91,8261,0.512,1,16,7,9,15,13,4,11,5,4,10,2,22,12,12,11,13,2023-24,2023,Average,0.029,0.41,2.402,0.379,1,43.7,91.6,0.477,14.8,38.9,0.38,15.6,20.0,0.78,12.1,34.6,46.7,29.3,14.3,7.0,4.6,5.0,19.5,17.9,117.8,2.6,5,3,13,2,4,7,24,27,17,5,4,1,4,23,23,23,15,22,24,8,12,0.548,0.425,0.218,0.259,0.67,15.0,0.585,2024.0,0.02399999999999991,0.0
1610612744,Golden State Warriors,82,0.585,3946.0,114.2,111.0,3.2,0.714,2.07,20.1,0.314,0.716,0.509,0.141,0.536,0.568,99.37,8173,0.515,1,11,23,16,7,10,1,7,4,4,8,7,14,20,20,17,10,2024-25,2024,Average,0.032,0.402,3.22,0.368,1,40.8,90.4,0.451,15.4,42.4,0.364,16.9,22.1,0.764,12.5,32.8,45.4,29.1,14.0,9.4,4.8,5.4,19.2,18.6,113.8,3.3,21,8,25,4,2,16,17,13,25,5,19,7,4,14,4,17,24,23,18,17,10,0.529,0.469,0.244,0.275,0.713,15.1,,,,
1610612745,Houston Rockets,82,0.5,3966.0,107.3,107.3,0.0,0.589,1.39,16.4,0.297,0.692,0.492,0.161,0.516,0.553,98.42,8139,0.49,1,17,11,7,21,15,15,26,19,8,29,23,27,7,6,7,19,2015-16,2015,Average,0.037,0.395,0.0,0.331,1,37.7,83.5,0.452,10.7,30.9,0.347,20.4,29.4,0.694,11.3,31.7,43.1,22.2,15.9,10.0,5.2,4.9,21.8,22.5,106.5,0.2,20,23,14,3,2,19,3,1,27,7,27,20,16,27,1,13,13,28,1,4,15,0.513,0.37,0.352,0.262,0.589,6.3,0.671,2016.0,0.17100000000000004,0.0
1610612745,Houston Rockets,82,0.671,3956.0,114.1,108.4,5.7,0.626,1.67,18.1,0.281,0.717,0.499,0.15,0.545,0.583,100.55,8289,0.516,1,3,18,2,18,3,4,13,5,15,21,17,22,3,2,3,6,2016-17,2016,Successful,0.038,0.436,5.669,0.349,2,40.3,87.2,0.462,14.4,40.3,0.357,20.3,26.5,0.766,10.9,33.5,44.4,25.2,15.1,8.2,4.3,5.0,19.9,20.4,115.3,5.8,4,7,12,1,1,15,2,1,20,9,15,8,3,25,8,20,17,15,8,2,3,0.552,0.462,0.304,0.245,0.625,10.1,0.793,2017.0,0.122,0.0
1610612745,Houston Rockets,82,0.793,3951.0,114.1,105.7,8.4,0.557,1.56,16.4,0.254,0.75,0.503,0.141,0.551,0.59,98.02,8078,0.531,1,1,18,1,7,1,22,22,26,23,4,14,10,2,2,13,5,2017-18,2017,Successful,0.039,0.496,8.57,0.362,2,38.7,84.2,0.46,15.3,42.3,0.362,19.6,25.1,0.781,9.0,34.5,43.5,21.5,13.8,8.5,4.8,4.4,19.5,20.4,112.4,8.5,22,27,15,1,1,14,2,3,9,24,10,18,26,11,5,15,5,12,11,2,1,0.558,0.502,0.298,0.207,0.556,7.7,0.646,2018.0,-0.14700000000000002,1.0
1610612745,Houston Rockets,82,0.646,3966.0,114.9,110.1,4.8,0.541,1.59,15.9,0.269,0.7,0.481,0.135,0.542,0.581,98.39,8130,0.498,1,5,11,2,17,5,28,24,28,16,29,28,9,4,3,27,17,2018-19,2018,Successful,0.039,0.431,4.879,0.346,2,39.2,87.4,0.449,16.1,45.4,0.356,19.3,24.4,0.791,10.2,31.9,42.1,21.2,13.3,8.5,4.9,4.5,22.0,20.0,113.9,4.8,25,26,24,1,1,12,3,7,9,14,29,28,28,6,5,18,8,25,24,11,5,0.55,0.519,0.279,0.242,0.541,7.9,0.611,2019.0,-0.03500000000000003,0.0
1610612745,Houston Rockets,72,0.611,3476.0,112.5,109.8,2.7,0.53,1.47,15.5,0.249,0.713,0.48,0.14,0.537,0.578,104.04,7539,0.494,11,8,16,6,15,8,29,29,29,26,26,29,10,7,5,2,19,2019-20,2019,Successful,0.041,0.464,2.595,0.34,2,40.8,90.4,0.451,15.6,45.3,0.345,20.6,26.1,0.791,9.8,34.5,44.3,21.6,14.7,8.7,5.2,4.9,21.8,21.0,117.8,3.0,16,8,22,1,1,24,2,2,8,20,16,18,29,15,3,10,15,23,12,2,7,0.559,0.501,0.289,0.221,0.529,6.9,0.236,2020.0,-0.375,1.0
1610612745,Houston Rockets,72,0.236,3461.0,107.0,114.4,-7.4,0.601,1.6,17.2,0.24,0.723,0.474,0.145,0.521,0.553,101.69,7320,0.451,1,30,24,27,27,27,16,28,25,28,25,30,23,24,27,6,28,2020-21,2020,Unsuccessful,0.032,0.483,-7.277,0.329,0,39.3,88.5,0.444,13.8,40.6,0.339,16.5,22.3,0.74,9.3,33.3,42.6,23.6,14.7,7.6,5.0,5.3,19.5,19.3,108.8,-7.9,25,15,28,9,3,28,17,10,27,23,24,27,24,23,14,14,21,21,14,24,27,0.532,0.459,0.252,0.218,0.601,8.9,0.244,2021.0,0.008000000000000007,0.0
1610612745,Houston Rockets,82,0.244,3951.0,108.1,116.4,-8.3,0.598,1.43,17.1,0.265,0.71,0.485,0.162,0.534,0.565,101.16,8323,0.451,1,30,19,26,30,29,18,30,25,20,25,28,30,17,18,2,28,2021-22,2021,Unsuccessful,0.031,0.445,-8.205,0.323,0,39.4,86.4,0.456,13.5,38.7,0.349,17.5,24.5,0.713,9.6,32.4,42.0,23.6,16.5,7.3,4.7,5.8,20.6,22.1,109.7,-8.5,24,22,24,7,4,21,10,1,30,21,28,30,23,30,17,15,28,26,1,19,29,0.543,0.448,0.284,0.229,0.599,7.1,0.268,2022.0,0.02400000000000002,0.0
1610612745,Houston Rockets,82,0.268,3951.0,110.5,118.6,-8.1,0.551,1.38,16.0,0.344,0.729,0.53,0.162,0.516,0.554,99.74,8220,0.457,1,28,25,27,29,29,29,30,30,1,9,1,30,30,29,14,28,2022-23,2022,Unsuccessful,0.038,0.385,-8.121,0.368,0,40.6,88.9,0.457,10.4,31.9,0.327,19.1,25.3,0.754,13.4,32.9,46.3,22.4,16.2,7.3,4.6,6.2,20.5,20.6,110.7,-7.9,25,14,28,29,22,30,10,4,25,1,17,4,30,29,13,18,30,21,6,28,28,0.53,0.359,0.285,0.289,0.552,6.2,0.5,2023.0,0.23199999999999998,0.0
1610612745,Houston Rockets,82,0.5,3971.0,113.7,112.8,0.9,0.594,1.95,17.7,0.294,0.722,0.504,0.127,0.529,0.565,99.59,8248,0.501,1,19,3,20,10,18,27,20,29,8,12,11,7,27,24,13,18,2023-24,2023,Average,0.036,0.428,0.904,0.377,1,41.8,91.0,0.459,12.7,36.1,0.352,18.1,23.4,0.773,11.5,34.0,45.5,24.8,12.7,7.8,4.6,5.9,20.8,19.6,114.3,1.1,19,5,27,14,12,23,9,5,20,6,6,3,25,8,8,24,24,29,6,16,18,0.53,0.397,0.257,0.253,0.593,12.1,0.634,2024.0,0.134,0.0
1610612745,Houston Rockets,82,0.634,3956.0,114.9,110.3,4.6,0.549,1.68,16.4,0.363,0.715,0.533,0.14,0.523,0.553,99.03,8159,0.515,1,4,14,12,5,7,30,24,30,1,9,1,11,23,24,18,11,2024-25,2024,Successful,0.03,0.352,4.645,0.393,2,42.5,93.4,0.455,12.7,35.8,0.353,16.7,22.6,0.738,14.6,33.8,48.5,23.3,13.9,8.4,5.0,5.7,19.0,19.2,114.3,4.5,11,1,21,22,20,21,20,8,30,1,8,1,28,11,10,13,28,20,5,13,7,0.517,0.383,0.242,0.301,0.548,9.4,,,,
1610612746,LA Clippers,82,0.646,3966.0,107.2,102.7,4.5,0.596,1.76,17.4,0.234,0.697,0.472,0.133,0.524,0.556,96.81,7995,0.533,1,6,11,8,5,5,10,3,9,30,27,29,3,5,5,13,4,2015-16,2015,Successful,0.032,0.463,4.648,0.339,2,38.3,82.4,0.465,9.7,26.7,0.364,18.2,26.2,0.692,8.8,33.3,42.0,22.8,13.0,8.6,5.6,3.2,21.3,22.5,104.5,4.3,16,25,6,8,9,6,11,4,29,29,17,25,11,3,7,10,1,24,2,7,6,0.513,0.324,0.318,0.21,0.595,9.8,0.622,2016.0,-0.02400000000000002,0.0
1610612746,LA Clippers,82,0.622,3951.0,111.8,107.5,4.4,0.57,1.74,17.2,0.256,0.733,0.501,0.133,0.537,0.574,96.77,7968,0.527,1,5,25,5,12,4,19,8,13,25,6,13,6,4,4,15,4,2016-17,2016,Successful,0.037,0.477,4.547,0.368,2,39.5,83.2,0.475,10.3,27.4,0.375,19.3,26.0,0.745,9.0,34.0,43.0,22.5,13.0,7.5,4.2,3.1,19.8,22.4,108.7,4.3,10,26,2,9,11,7,6,3,27,24,11,21,15,7,20,21,1,14,1,6,4,0.523,0.329,0.312,0.209,0.57,9.5,0.512,2017.0,-0.10999999999999999,1.0
1610612746,LA Clippers,82,0.512,3941.0,109.4,109.2,0.2,0.555,1.52,16.5,0.284,0.718,0.504,0.147,0.527,0.564,99.54,8167,0.497,1,18,27,8,19,17,24,26,25,6,27,10,18,10,10,7,19,2017-18,2017,Average,0.037,0.434,0.201,0.357,1,40.3,85.4,0.471,9.5,26.8,0.354,19.0,25.5,0.743,10.1,33.7,43.9,22.3,14.7,7.7,4.5,5.6,20.0,22.0,109.0,0.0,11,21,9,22,22,23,4,2,26,10,16,15,22,19,14,20,29,18,2,9,18,0.526,0.314,0.299,0.23,0.553,7.6,0.585,2018.0,0.07299999999999995,0.0
1610612746,LA Clippers,82,0.585,3966.0,111.4,110.4,1.0,0.582,1.65,17.1,0.263,0.722,0.5,0.141,0.529,0.575,102.66,8475,0.505,1,11,11,9,19,13,21,19,20,21,21,17,19,12,5,7,13,2018-19,2018,Average,0.046,0.459,0.974,0.359,1,41.3,87.5,0.471,10.0,25.8,0.388,22.6,28.5,0.792,9.7,35.8,45.5,24.0,14.5,6.8,4.7,6.1,23.3,24.0,115.1,0.9,17,24,7,25,28,2,1,1,8,22,8,13,18,22,23,22,30,28,1,5,13,0.507,0.295,0.326,0.213,0.581,9.5,0.681,2019.0,0.09600000000000009,0.0
1610612746,LA Clippers,72,0.681,3476.0,113.3,106.9,6.3,0.571,1.63,16.9,0.278,0.737,0.515,0.142,0.535,0.577,102.16,7396,0.532,11,4,16,2,5,2,24,19,20,10,10,3,12,9,6,8,3,2019-20,2019,Successful,0.042,0.459,6.167,0.373,2,41.6,89.2,0.466,12.4,33.5,0.371,20.8,26.3,0.791,10.7,37.0,47.7,23.7,14.6,7.1,4.7,4.7,22.1,22.9,116.3,6.4,10,14,12,13,16,6,1,1,9,8,3,3,22,13,24,18,13,26,1,4,2,0.524,0.376,0.295,0.224,0.57,9.1,0.653,2020.0,-0.028000000000000025,0.0
1610612746,LA Clippers,72,0.653,3456.0,116.7,110.6,6.1,0.584,1.85,18.1,0.27,0.754,0.518,0.135,0.564,0.599,97.63,7036,0.53,1,5,30,3,8,2,21,11,12,12,5,6,14,4,2,28,6,2020-21,2020,Successful,0.035,0.484,6.248,0.383,2,41.8,86.7,0.482,14.3,34.7,0.411,16.2,19.3,0.839,9.4,34.7,44.2,24.4,13.2,7.1,4.1,4.2,19.2,18.1,114.0,6.2,12,25,5,6,14,1,24,28,1,21,14,17,17,7,20,29,5,17,27,10,2,0.529,0.4,0.223,0.213,0.584,11.2,0.512,2021.0,-0.14100000000000001,1.0
1610612746,LA Clippers,82,0.512,3956.0,109.5,109.5,0.0,0.599,1.75,17.7,0.254,0.706,0.486,0.139,0.531,0.564,98.51,8121,0.502,1,18,13,25,8,18,17,20,19,26,27,26,14,19,19,19,17,2021-22,2021,Average,0.033,0.452,0.0,0.347,1,40.1,87.4,0.458,12.8,34.2,0.374,15.5,19.6,0.793,9.1,34.9,44.0,24.0,13.7,7.4,5.0,4.1,18.6,18.5,108.4,0.0,20,17,21,12,20,3,27,30,9,26,10,19,16,14,15,8,6,6,26,23,18,0.513,0.391,0.224,0.207,0.599,10.3,0.537,2022.0,0.025000000000000022,0.0
1610612746,LA Clippers,82,0.537,3966.0,114.0,113.6,0.5,0.581,1.68,17.5,0.273,0.731,0.505,0.143,0.551,0.588,98.84,8168,0.498,1,11,12,17,17,17,21,26,23,21,7,11,18,11,11,21,18,2022-23,2022,Average,0.037,0.458,0.506,0.362,1,41.1,86.1,0.477,12.7,33.3,0.381,18.7,23.9,0.781,9.8,33.4,43.2,23.9,14.2,7.1,4.4,4.2,19.5,19.6,113.6,0.5,23,24,13,10,14,3,15,11,18,19,11,17,24,18,18,21,10,10,21,18,17,0.538,0.387,0.278,0.227,0.582,9.7,0.622,2023.0,0.08499999999999996,0.0
1610612746,LA Clippers,82,0.622,3941.0,117.9,114.6,3.4,0.604,1.95,18.7,0.283,0.705,0.502,0.134,0.561,0.599,97.93,8040,0.52,1,5,26,4,16,7,24,21,18,17,24,13,15,9,7,20,7,2023-24,2023,Successful,0.038,0.422,3.472,0.368,2,42.4,86.7,0.489,12.6,33.2,0.381,18.3,22.2,0.825,10.0,32.9,43.0,25.6,13.1,7.8,5.0,4.7,18.5,18.7,115.6,3.3,14,26,6,16,21,6,8,12,3,21,17,19,21,13,7,15,9,14,15,12,7,0.557,0.383,0.256,0.233,0.604,12.5,0.61,2024.0,-0.01200000000000001,0.0
1610612746,LA Clippers,82,0.61,3961.0,114.3,109.4,4.9,0.605,1.69,18.4,0.282,0.734,0.512,0.151,0.554,0.589,98.24,8099,0.521,1,6,9,15,3,5,24,23,20,19,1,4,23,11,9,22,8,2024-25,2024,Successful,0.035,0.452,4.988,0.361,2,41.6,86.3,0.482,12.5,33.4,0.373,17.3,21.7,0.797,10.3,33.5,43.8,25.2,14.9,9.4,4.5,4.3,18.3,17.8,112.9,4.7,17,26,6,25,29,7,10,17,7,23,10,17,23,22,3,20,6,14,26,20,6,0.55,0.387,0.251,0.235,0.606,10.3,,,,
1610612747,Los Angeles Lakers,82,0.207,3946.0,100.7,110.3,-9.7,0.513,1.31,14.1,0.271,0.712,0.484,0.142,0.46,0.509,96.55,7930,0.424,1,29,28,29,30,29,28,27,30,19,22,27,11,30,30,16,30,2015-16,2015,Unsuccessful,0.049,0.441,-10.047,0.342,0,35.1,84.8,0.414,7.8,24.6,0.317,19.3,24.7,0.781,10.7,32.3,43.0,18.0,13.7,7.2,4.1,5.6,20.3,19.2,97.3,-9.6,30,14,30,22,13,30,6,8,11,11,24,21,30,11,23,24,25,13,24,30,29,0.453,0.29,0.291,0.249,0.513,4.3,0.317,2016.0,0.11000000000000001,0.0
1610612747,Los Angeles Lakers,82,0.317,3941.0,105.3,112.0,-6.7,0.532,1.38,15.6,0.284,0.717,0.494,0.153,0.501,0.537,99.26,8143,0.446,1,28,30,24,30,30,26,28,27,11,18,21,27,22,25,5,30,2016-17,2016,Unsuccessful,0.036,0.433,-6.75,0.341,0,39.3,87.4,0.45,8.9,25.7,0.346,17.0,22.6,0.754,11.4,32.1,43.5,20.9,15.2,8.2,3.9,5.4,20.7,18.5,104.6,-6.9,13,6,21,19,19,22,23,17,21,7,26,17,26,26,5,28,26,22,28,17,30,0.493,0.294,0.259,0.262,0.532,5.7,0.427,2017.0,0.10999999999999999,0.0
1610612747,Los Angeles Lakers,82,0.427,3981.0,106.0,107.3,-1.3,0.584,1.51,17.0,0.279,0.729,0.505,0.155,0.517,0.548,100.9,8361,0.491,1,21,3,23,13,21,17,27,19,8,17,9,26,16,19,3,20,2017-18,2017,Average,0.031,0.45,-1.288,0.35,1,40.7,88.4,0.461,10.0,29.1,0.345,16.6,23.3,0.714,10.7,35.7,46.4,23.8,15.8,7.7,4.7,5.5,21.2,20.5,108.1,-1.5,7,2,14,20,15,29,16,8,30,4,2,2,7,29,13,17,26,24,9,11,21,0.518,0.329,0.264,0.231,0.585,8.0,0.451,2018.0,0.02400000000000002,0.0
1610612747,Los Angeles Lakers,82,0.451,3956.0,107.4,108.9,-1.6,0.6,1.63,17.8,0.27,0.725,0.502,0.15,0.527,0.554,103.6,8534,0.495,1,20,18,24,13,22,16,22,14,14,19,14,28,14,18,4,19,2018-19,2018,Average,0.027,0.455,-1.544,0.352,1,42.6,90.5,0.47,10.3,31.0,0.333,16.3,23.3,0.699,10.2,36.4,46.6,25.6,15.7,7.5,5.4,5.1,20.7,20.8,111.8,-1.7,6,8,9,20,17,29,24,14,29,15,4,6,11,29,16,8,20,13,15,16,23,0.543,0.343,0.257,0.219,0.601,9.9,0.732,2019.0,0.28099999999999997,0.0
1610612747,Los Angeles Lakers,71,0.732,3418.0,111.7,106.1,5.6,0.6,1.67,18.0,0.283,0.737,0.512,0.149,0.542,0.573,101.2,7211,0.539,21,3,22,11,3,5,15,14,10,6,11,6,23,5,9,11,2,2019-20,2019,Successful,0.031,0.454,5.534,0.363,2,42.3,88.3,0.48,11.0,31.6,0.349,17.7,24.3,0.729,10.7,35.1,45.7,25.4,15.2,8.6,6.6,3.7,20.7,21.7,113.4,5.8,4,20,1,23,23,21,17,8,28,7,13,9,10,22,5,1,1,14,5,11,5,0.552,0.358,0.275,0.234,0.6,10.2,0.583,2020.0,-0.14900000000000002,1.0
1610612747,Los Angeles Lakers,72,0.583,3491.0,109.8,106.8,2.9,0.607,1.62,18.0,0.269,0.748,0.511,0.152,0.536,0.569,98.85,7184,0.517,1,8,4,24,1,8,15,27,15,14,7,9,28,18,19,21,8,2020-21,2020,Average,0.033,0.479,2.934,0.359,1,40.6,86.1,0.472,11.1,31.2,0.354,17.2,23.3,0.739,9.7,34.6,44.2,24.7,15.2,7.8,5.4,4.5,19.1,21.3,109.5,2.8,21,27,12,25,24,21,11,6,28,17,15,16,15,28,11,5,8,16,3,22,8,0.537,0.362,0.271,0.219,0.608,9.5,0.402,2021.0,-0.18099999999999994,1.0
1610612747,Los Angeles Lakers,82,0.402,3996.0,110.0,112.8,-2.9,0.576,1.65,17.3,0.256,0.72,0.49,0.142,0.537,0.567,100.47,8360,0.482,1,23,1,22,21,22,26,24,22,25,21,22,19,15,17,7,23,2021-22,2021,Average,0.03,0.464,-2.886,0.348,1,41.6,88.8,0.469,12.0,34.5,0.347,16.8,23.0,0.732,9.5,34.5,44.0,24.0,14.5,7.6,5.2,4.1,20.2,20.1,112.1,-3.0,9,10,8,18,17,22,17,9,29,23,12,18,17,27,11,7,5,21,9,11,22,0.545,0.389,0.259,0.216,0.577,9.5,0.524,2022.0,0.122,0.0
1610612747,Los Angeles Lakers,82,0.524,3976.0,113.9,113.2,0.7,0.589,1.8,17.9,0.269,0.727,0.505,0.137,0.542,0.582,101.92,8436,0.511,1,14,5,19,12,16,20,17,18,22,10,10,11,18,17,4,10,2022-23,2022,Average,0.04,0.458,0.687,0.368,1,42.9,89.0,0.482,10.8,31.2,0.346,20.6,26.6,0.775,10.0,35.7,45.7,25.3,14.1,6.4,4.6,5.1,17.9,21.5,117.2,0.6,8,13,10,24,26,25,2,1,20,18,2,6,15,15,26,16,23,1,2,6,16,0.555,0.351,0.299,0.219,0.59,11.2,0.573,2023.0,0.04899999999999993,0.0
1610612747,Los Angeles Lakers,82,0.573,3971.0,115.4,114.8,0.6,0.654,2.04,20.1,0.244,0.725,0.496,0.137,0.566,0.601,101.38,8387,0.518,1,12,3,15,17,19,8,12,6,29,11,21,17,5,5,4,9,2023-24,2023,Average,0.035,0.481,0.592,0.359,1,43.7,87.5,0.499,11.8,31.4,0.377,18.9,24.2,0.782,8.2,34.9,43.1,28.5,14.0,7.4,5.5,4.8,15.6,19.7,118.0,0.6,6,22,2,24,28,8,2,2,15,30,2,18,5,19,19,11,11,1,4,6,19,0.569,0.359,0.277,0.19,0.652,14.5,0.61,2024.0,0.03700000000000003,0.0
1610612747,Los Angeles Lakers,82,0.61,3946.0,115.0,113.8,1.2,0.635,1.86,18.9,0.273,0.702,0.495,0.142,0.557,0.593,98.34,8084,0.511,1,6,23,11,17,14,14,16,14,23,21,21,16,8,7,20,13,2024-25,2024,Successful,0.036,0.429,1.22,0.353,2,40.9,85.5,0.479,13.3,36.4,0.366,18.2,23.2,0.785,9.7,32.8,42.4,26.0,14.0,7.7,4.5,4.2,17.3,19.2,113.4,1.2,20,30,9,15,19,14,2,3,13,27,20,26,18,12,22,22,4,5,6,19,14,0.562,0.426,0.271,0.229,0.636,12.0,,,,
1610612748,Miami Heat,82,0.585,3966.0,105.5,103.7,1.7,0.543,1.48,16.3,0.28,0.729,0.512,0.148,0.508,0.545,94.14,7779,0.525,1,7,11,12,8,11,26,20,20,15,11,8,16,11,13,25,7,2015-16,2015,Average,0.037,0.449,1.806,0.364,1,38.4,81.7,0.47,6.1,18.0,0.336,17.1,23.0,0.744,9.8,34.3,44.1,20.8,14.1,6.7,6.5,4.1,18.3,19.6,100.0,1.6,13,27,4,28,28,27,18,14,23,22,6,13,23,14,27,1,4,4,20,23,12,0.507,0.22,0.282,0.222,0.542,6.7,0.5,2016.0,-0.08499999999999996,1.0
1610612748,Miami Heat,82,0.5,3956.0,107.4,106.4,1.0,0.544,1.58,16.3,0.284,0.718,0.499,0.14,0.512,0.541,95.51,7875,0.5,1,15,18,17,6,10,24,19,21,12,16,16,12,15,18,22,18,2016-17,2016,Average,0.029,0.434,1.047,0.359,1,39.0,85.8,0.455,9.9,27.0,0.365,15.2,21.6,0.706,10.6,33.0,43.6,21.2,13.4,7.2,5.7,4.9,20.5,18.7,103.2,1.1,18,14,15,12,12,12,28,26,30,11,20,15,22,11,22,3,14,20,27,21,10,0.495,0.315,0.252,0.243,0.544,7.8,0.537,2017.0,0.03700000000000003,0.0
1610612748,Miami Heat,82,0.537,3986.0,106.2,105.8,0.4,0.585,1.58,17.1,0.261,0.741,0.501,0.148,0.52,0.551,96.1,7985,0.505,1,15,2,21,8,16,16,19,16,20,7,16,19,14,16,27,15,2017-18,2017,Average,0.031,0.48,0.416,0.353,1,38.8,85.3,0.455,11.0,30.6,0.36,14.7,19.5,0.755,9.3,34.2,43.5,22.7,14.4,7.6,5.3,4.6,20.1,19.4,103.4,0.5,19,23,17,11,9,16,26,25,22,21,13,18,17,16,21,6,10,20,21,23,16,0.508,0.359,0.229,0.214,0.585,8.3,0.476,2018.0,-0.061000000000000054,1.0
1610612748,Miami Heat,82,0.476,3946.0,106.7,107.1,-0.4,0.612,1.65,17.6,0.291,0.731,0.509,0.149,0.515,0.542,98.73,8122,0.501,1,17,27,26,7,17,12,20,17,6,13,6,26,21,27,23,14,2018-19,2018,Average,0.027,0.44,-0.405,0.36,1,39.6,88.0,0.45,11.3,32.4,0.349,15.1,21.7,0.695,11.2,35.1,46.3,24.3,14.7,7.6,5.5,4.7,20.9,20.1,105.7,-0.2,24,21,22,15,14,21,29,22,30,7,15,10,17,23,14,4,11,15,22,26,16,0.509,0.368,0.247,0.242,0.614,9.6,0.603,2019.0,0.127,0.0
1610612748,Miami Heat,73,0.603,3549.0,111.9,109.3,2.7,0.657,1.74,18.8,0.257,0.753,0.512,0.149,0.547,0.587,98.7,7306,0.525,3,11,3,7,12,7,3,10,4,23,3,5,22,3,1,27,6,2019-20,2019,Successful,0.04,0.496,2.736,0.363,2,39.5,84.4,0.468,13.4,35.4,0.379,19.7,25.2,0.783,8.5,35.9,44.4,25.9,14.9,7.5,4.5,4.1,20.6,21.7,112.0,2.9,26,30,10,6,9,2,5,4,13,29,6,17,5,18,18,21,4,13,7,15,8,0.533,0.419,0.299,0.191,0.656,11.0,0.556,2020.0,-0.04699999999999993,0.0
1610612748,Miami Heat,72,0.556,3476.0,110.6,110.7,-0.1,0.671,1.87,19.5,0.24,0.733,0.491,0.144,0.546,0.581,97.09,7036,0.509,1,13,16,18,10,17,2,10,3,29,19,22,21,11,9,29,13,2020-21,2020,Average,0.035,0.493,-0.103,0.347,1,39.2,83.7,0.468,12.9,36.2,0.358,16.7,21.1,0.79,8.0,33.5,41.5,26.3,14.1,7.9,4.0,4.0,18.9,19.6,108.1,0.0,26,30,15,14,11,19,13,21,12,29,23,29,9,17,9,30,4,12,10,25,16,0.554,0.432,0.252,0.193,0.671,12.2,0.646,2021.0,0.08999999999999997,0.0
1610612748,Miami Heat,82,0.646,3971.0,113.0,108.4,4.5,0.644,1.75,18.8,0.278,0.735,0.51,0.149,0.547,0.584,96.53,7987,0.529,1,3,5,12,4,6,5,19,6,10,9,9,28,5,3,28,5,2021-22,2021,Successful,0.037,0.457,4.662,0.361,2,39.6,84.8,0.467,13.6,35.8,0.379,17.3,21.4,0.808,9.8,33.9,43.7,25.5,14.6,7.4,3.2,4.0,20.5,20.6,110.0,4.5,22,28,13,6,14,1,12,19,5,18,18,22,8,28,16,30,4,25,3,17,6,0.531,0.422,0.252,0.224,0.644,10.9,0.537,2022.0,-0.10899999999999999,1.0
1610612748,Miami Heat,82,0.537,3961.0,112.3,112.8,-0.5,0.608,1.77,17.8,0.274,0.733,0.498,0.138,0.53,0.574,96.76,7991,0.496,1,11,18,25,9,21,14,21,21,18,4,18,13,25,21,29,22,2022-23,2022,Average,0.044,0.459,-0.517,0.36,1,39.2,85.3,0.46,12.0,34.8,0.344,19.1,23.0,0.831,9.7,30.9,40.6,23.8,13.5,8.0,3.0,3.8,18.5,20.0,109.5,-0.3,30,26,26,17,10,27,10,19,2,20,29,27,25,9,6,30,1,3,17,30,21,0.539,0.408,0.27,0.239,0.607,10.3,0.561,2023.0,0.02400000000000002,0.0
1610612748,Miami Heat,82,0.561,3951.0,113.3,111.5,1.8,0.648,2.04,19.1,0.261,0.734,0.498,0.13,0.538,0.578,96.88,7975,0.509,1,16,21,21,5,17,11,14,15,24,3,18,10,20,16,29,15,2023-24,2023,Average,0.04,0.473,1.858,0.368,1,39.8,85.6,0.465,12.5,33.7,0.37,18.0,22.0,0.818,9.3,33.0,42.3,25.8,12.7,7.5,3.4,4.7,17.3,18.9,110.1,1.8,28,28,22,19,18,12,10,13,5,26,16,26,18,6,15,30,10,4,11,26,16,0.526,0.394,0.257,0.22,0.648,13.1,0.451,2024.0,-0.11000000000000004,1.0
1610612748,Miami Heat,82,0.451,3986.0,112.4,112.0,0.4,0.653,1.94,19.2,0.263,0.724,0.496,0.138,0.544,0.576,97.08,8066,0.505,1,20,1,21,9,16,10,12,11,27,4,20,9,19,18,27,15,2024-25,2024,Average,0.032,0.461,0.412,0.358,1,40.5,87.0,0.465,13.7,37.3,0.367,16.0,20.2,0.791,9.7,33.7,43.4,26.4,13.6,8.1,3.8,4.7,15.5,17.0,110.6,0.6,24,24,18,12,16,12,26,27,8,26,9,21,14,8,15,30,13,1,29,24,15,0.539,0.429,0.232,0.224,0.652,12.8,,,,
1610612749,Milwaukee Bucks,82,0.402,3966.0,103.4,107.8,-4.5,0.603,1.52,17.6,0.286,0.689,0.49,0.159,0.499,0.537,95.05,7858,0.483,1,21,11,26,23,26,8,17,8,13,30,25,24,17,17,23,24,2015-16,2015,Average,0.038,0.403,-4.734,0.331,1,38.4,82.2,0.467,5.4,15.6,0.345,17.0,22.7,0.747,10.5,31.2,41.7,23.1,15.2,8.2,5.8,5.6,20.7,19.5,99.0,-4.2,14,26,5,30,30,21,21,18,22,15,29,27,9,25,13,7,26,17,21,25,26,0.495,0.19,0.276,0.252,0.602,7.9,0.512,2016.0,0.10999999999999999,0.0
1610612749,Milwaukee Bucks,82,0.512,3956.0,108.5,108.7,-0.2,0.624,1.73,18.5,0.26,0.706,0.487,0.146,0.527,0.565,94.99,7828,0.504,1,13,18,13,19,16,5,9,3,22,28,26,19,7,7,26,14,2016-17,2016,Average,0.038,0.446,-0.211,0.341,1,38.8,81.9,0.474,8.8,23.7,0.37,17.2,22.4,0.768,8.8,31.6,40.4,24.2,14.0,8.1,5.3,4.6,20.2,19.3,103.6,-0.2,19,29,4,22,24,10,21,20,19,25,28,29,5,18,10,6,9,17,24,20,16,0.515,0.289,0.274,0.218,0.624,10.2,0.537,2017.0,0.025000000000000022,0.0
1610612749,Milwaukee Bucks,82,0.537,3966.0,109.0,109.1,-0.2,0.585,1.68,17.7,0.244,0.709,0.48,0.142,0.531,0.571,97.03,8013,0.502,1,15,8,10,18,20,15,12,7,26,30,28,12,8,6,20,16,2017-18,2017,Average,0.04,0.465,-0.206,0.338,1,39.7,83.0,0.478,8.8,24.7,0.355,18.3,23.4,0.783,8.4,31.5,39.8,23.2,13.8,8.8,5.4,4.5,21.4,19.9,106.5,-0.3,14,28,3,27,25,22,5,7,8,29,28,30,14,11,2,5,7,26,16,15,20,0.53,0.298,0.282,0.211,0.584,9.4,0.732,2018.0,0.19499999999999995,0.0
1610612749,Milwaukee Bucks,82,0.732,3956.0,113.5,104.9,8.6,0.601,1.88,18.3,0.25,0.757,0.516,0.133,0.55,0.583,103.57,8533,0.553,1,1,18,4,1,1,15,10,10,26,2,5,7,2,2,5,1,2018-19,2018,Successful,0.033,0.507,8.304,0.383,2,43.4,91.1,0.476,13.5,38.2,0.353,17.9,23.2,0.773,9.3,40.4,49.7,26.0,13.9,7.5,5.9,4.8,19.6,20.2,118.1,8.9,3,6,3,2,2,15,12,15,14,25,1,1,7,13,17,2,12,5,21,1,1,0.565,0.419,0.255,0.187,0.599,12.1,0.767,2019.0,0.03500000000000003,0.0
1610612749,Milwaukee Bucks,73,0.767,3519.0,111.9,102.5,9.4,0.598,1.71,18.0,0.241,0.775,0.524,0.142,0.552,0.583,105.51,7739,0.562,3,1,6,8,1,1,16,12,11,28,1,1,13,1,3,1,1,2019-20,2019,Successful,0.031,0.534,8.909,0.382,2,43.3,90.9,0.476,13.8,38.9,0.355,18.3,24.7,0.742,9.5,42.2,51.7,25.9,15.1,7.2,5.9,4.5,19.6,21.7,118.7,10.1,1,4,3,4,4,18,14,6,27,25,1,1,6,20,23,3,9,7,6,1,1,0.567,0.428,0.272,0.184,0.598,10.8,0.639,2020.0,-0.128,1.0
1610612749,Milwaukee Bucks,72,0.639,3466.0,116.5,110.7,5.8,0.569,1.84,18.0,0.269,0.755,0.519,0.134,0.566,0.593,102.85,7423,0.533,1,7,22,5,9,4,25,13,13,13,4,5,13,2,5,2,4,2020-21,2020,Successful,0.027,0.486,5.639,0.385,2,44.7,91.8,0.487,14.4,37.1,0.389,16.2,21.4,0.76,10.3,37.8,48.1,25.5,13.8,8.1,4.6,4.8,17.3,18.3,120.1,5.9,1,1,3,5,8,5,23,16,23,12,1,2,14,15,7,19,15,2,24,1,3,0.554,0.404,0.233,0.214,0.57,11.7,0.622,2021.0,-0.017000000000000015,0.0
1610612749,Milwaukee Bucks,82,0.622,3951.0,114.3,111.1,3.2,0.572,1.78,17.3,0.269,0.747,0.512,0.133,0.546,0.58,100.59,8284,0.516,1,6,19,3,14,8,28,15,21,16,2,6,10,6,7,3,10,2021-22,2021,Successful,0.034,0.478,3.181,0.379,2,41.8,89.4,0.468,14.1,38.4,0.366,17.8,22.9,0.776,10.2,36.5,46.7,23.9,13.4,7.6,4.0,4.4,18.2,19.7,115.5,3.4,6,8,12,4,5,5,8,10,15,15,1,2,18,12,13,27,9,3,17,3,7,0.543,0.43,0.256,0.218,0.572,10.5,0.707,2022.0,0.08499999999999996,0.0
1610612749,Milwaukee Bucks,82,0.707,3966.0,114.3,110.9,3.4,0.604,1.76,18.1,0.284,0.745,0.521,0.143,0.555,0.583,101.45,8389,0.523,1,1,12,15,4,5,15,23,16,14,2,3,19,10,15,10,5,2022-23,2022,Successful,0.028,0.461,3.351,0.378,2,42.7,90.4,0.473,14.8,40.3,0.368,16.6,22.4,0.743,11.1,37.5,48.6,25.8,14.6,6.4,4.9,3.9,18.1,19.0,116.9,3.6,10,7,19,4,4,10,28,23,29,11,1,1,12,22,27,11,5,2,26,8,5,0.557,0.446,0.248,0.228,0.604,11.2,0.598,2023.0,-0.10899999999999999,1.0
1610612749,Milwaukee Bucks,82,0.598,3961.0,117.6,115.0,2.6,0.615,2.05,19.0,0.255,0.731,0.499,0.128,0.568,0.601,100.51,8295,0.511,1,8,10,6,19,11,20,9,16,26,4,16,8,4,6,8,14,2023-24,2023,Average,0.033,0.476,2.587,0.371,1,43.1,88.5,0.487,14.2,38.1,0.373,18.5,23.9,0.774,9.4,34.8,44.2,26.5,12.9,6.8,5.0,4.2,19.2,19.2,119.0,2.6,8,19,7,5,5,11,7,3,19,24,3,9,17,9,26,15,3,21,9,4,11,0.573,0.431,0.27,0.213,0.615,13.6,0.585,2024.0,-0.013000000000000012,0.0
1610612749,Milwaukee Bucks,82,0.585,3951.0,115.1,112.7,2.4,0.607,1.91,18.7,0.235,0.725,0.491,0.133,0.568,0.598,99.92,8228,0.513,1,11,18,10,12,11,23,14,18,30,3,23,5,3,3,14,12,2024-25,2024,Average,0.03,0.49,2.402,0.358,1,42.0,86.4,0.486,14.2,36.6,0.387,17.3,23.1,0.75,8.2,35.1,43.4,25.5,13.4,7.3,4.7,3.8,17.9,18.9,115.5,2.5,12,25,4,8,18,1,8,5,28,30,2,22,21,7,27,19,2,9,12,11,11,0.558,0.424,0.267,0.189,0.607,12.1,,,,
1610612750,Minnesota Timberwolves,82,0.354,3976.0,105.4,109.0,-3.5,0.619,1.56,17.6,0.279,0.702,0.494,0.155,0.498,0.549,96.2,7965,0.497,1,26,5,13,28,24,4,14,6,18,25,20,23,18,9,19,14,2015-16,2015,Unsuccessful,0.051,0.423,-3.638,0.339,0,37.7,81.3,0.464,5.5,16.4,0.338,21.4,27.0,0.792,10.0,31.5,41.6,23.4,15.0,8.0,4.6,5.2,20.7,21.6,102.4,-3.5,19,29,7,29,29,25,1,2,4,20,28,29,8,23,14,19,17,18,7,15,24,0.496,0.202,0.332,0.24,0.621,8.4,0.378,2016.0,0.02400000000000002,0.0
1610612750,Minnesota Timberwolves,82,0.378,3961.0,110.0,110.9,-0.9,0.6,1.69,17.7,0.309,0.71,0.507,0.146,0.511,0.555,95.48,7870,0.501,1,24,13,10,27,20,10,11,7,4,25,8,18,16,15,23,16,2016-17,2016,Unsuccessful,0.044,0.401,-0.943,0.361,0,39.5,84.4,0.467,7.3,21.0,0.349,19.3,24.2,0.799,11.4,31.0,42.4,23.7,14.0,8.0,4.5,5.0,20.1,20.5,105.6,-1.1,12,21,8,30,30,20,6,8,5,6,29,25,9,19,12,19,19,16,7,13,20,0.508,0.249,0.287,0.269,0.6,9.7,0.573,2017.0,0.19499999999999995,0.0
1610612750,Minnesota Timberwolves,82,0.573,3961.0,112.5,110.2,2.3,0.553,1.82,17.0,0.289,0.72,0.503,0.128,0.523,0.566,96.75,7985,0.518,1,12,12,4,25,10,26,3,20,4,25,13,3,13,9,23,9,2017-18,2017,Average,0.043,0.431,2.377,0.375,1,41.0,86.1,0.476,8.0,22.5,0.357,19.4,24.1,0.804,10.3,31.6,42.0,22.7,12.5,8.4,4.2,4.7,18.2,20.9,109.5,2.2,4,15,4,30,30,19,3,5,2,7,27,24,18,2,6,24,12,3,5,8,10,0.519,0.261,0.28,0.245,0.554,10.2,0.439,2018.0,-0.13399999999999995,1.0
1610612750,Minnesota Timberwolves,82,0.439,3966.0,110.6,112.2,-1.6,0.591,1.88,17.4,0.292,0.709,0.497,0.129,0.511,0.552,100.88,8341,0.498,1,21,11,13,24,23,19,9,18,4,27,19,5,25,22,13,15,2018-19,2018,Average,0.041,0.417,-1.586,0.368,1,41.6,91.3,0.456,10.1,28.7,0.351,19.1,24.3,0.787,11.3,33.5,44.8,24.6,13.1,8.3,5.0,5.5,20.3,21.9,112.5,-1.5,13,5,17,23,26,20,4,8,10,6,25,19,15,4,7,17,25,10,8,13,22,0.503,0.314,0.266,0.252,0.591,11.5,0.297,2019.0,-0.14200000000000002,1.0
1610612750,Minnesota Timberwolves,64,0.297,3112.0,107.6,111.6,-4.0,0.59,1.55,16.7,0.264,0.731,0.488,0.146,0.514,0.551,103.94,6736,0.472,30,28,30,24,20,24,18,24,26,18,17,23,18,26,25,3,24,2019-20,2019,Unsuccessful,0.037,0.467,-3.848,0.342,0,40.4,91.6,0.441,13.3,39.7,0.336,19.1,25.4,0.753,10.5,34.3,44.8,23.8,15.3,8.7,5.7,5.5,21.4,21.6,113.3,-4.3,18,1,28,8,3,28,7,3,23,10,18,14,20,26,4,4,26,19,8,12,24,0.522,0.433,0.277,0.234,0.589,8.5,0.319,2020.0,0.02200000000000002,0.0
1610612750,Minnesota Timberwolves,72,0.319,3481.0,109.3,114.5,-5.3,0.63,1.8,18.0,0.271,0.717,0.484,0.139,0.52,0.555,101.96,7389,0.469,1,25,11,25,28,26,6,17,14,11,27,25,17,25,25,5,26,2020-21,2020,Unsuccessful,0.035,0.446,-5.198,0.345,0,40.7,90.9,0.448,13.1,37.6,0.349,17.6,23.1,0.761,10.5,33.0,43.5,25.6,14.3,8.8,5.5,5.5,20.9,19.9,112.1,-5.6,20,6,27,12,7,25,8,7,22,9,27,20,11,19,3,3,26,27,8,18,26,0.518,0.414,0.254,0.241,0.629,11.3,0.561,2021.0,0.24200000000000005,0.0
1610612750,Minnesota Timberwolves,82,0.561,3956.0,113.8,111.0,2.7,0.617,1.79,18.1,0.284,0.706,0.49,0.141,0.539,0.573,101.47,8357,0.504,1,12,13,7,13,10,10,14,12,7,28,21,17,12,12,1,16,2021-22,2021,Average,0.034,0.422,2.661,0.349,1,41.6,91.0,0.457,14.8,41.3,0.358,18.0,23.1,0.778,11.2,32.9,44.2,25.7,14.3,8.8,5.6,4.8,21.8,20.9,115.9,2.6,10,5,22,1,1,12,4,8,14,6,25,16,7,21,3,3,19,29,2,1,9,0.539,0.454,0.254,0.253,0.618,11.4,0.512,2022.0,-0.049000000000000044,0.0
1610612750,Minnesota Timberwolves,82,0.512,3966.0,113.3,113.1,0.2,0.61,1.71,18.6,0.258,0.703,0.485,0.15,0.56,0.592,101.55,8383,0.503,1,15,12,23,10,18,12,24,10,26,26,27,25,8,8,7,16,2022-23,2022,Average,0.032,0.445,0.197,0.335,1,42.9,87.4,0.49,12.2,33.3,0.365,17.9,23.7,0.755,9.1,32.8,41.9,26.2,15.3,8.0,5.4,4.1,21.6,20.2,115.8,0.0,9,18,3,14,15,13,18,16,24,26,18,23,8,27,5,4,8,29,15,13,20,0.567,0.381,0.271,0.217,0.611,10.9,0.683,2023.0,0.17100000000000004,0.0
1610612750,Minnesota Timberwolves,82,0.683,3961.0,114.6,108.4,6.3,0.646,1.88,19.3,0.275,0.725,0.508,0.144,0.559,0.594,97.79,8081,0.543,1,4,10,17,1,3,12,22,14,21,9,8,23,10,8,23,2,2023-24,2023,Successful,0.035,0.45,6.442,0.364,2,41.3,85.0,0.485,12.6,32.7,0.387,17.8,22.9,0.777,9.4,34.2,43.6,26.6,14.2,7.9,6.1,4.5,18.8,19.9,113.0,6.5,23,29,10,15,23,3,11,8,18,25,5,15,15,22,6,5,5,18,3,18,3,0.549,0.385,0.269,0.216,0.644,12.4,0.598,2024.0,-0.08500000000000008,1.0
1610612750,Minnesota Timberwolves,82,0.598,3966.0,115.7,110.8,5.0,0.637,1.81,18.7,0.3,0.709,0.507,0.146,0.554,0.588,97.95,8097,0.524,1,10,6,8,6,4,11,18,17,14,13,10,19,10,11,25,6,2024-25,2024,Average,0.034,0.409,5.105,0.361,1,41.0,87.6,0.468,15.0,39.9,0.377,17.2,21.8,0.789,11.1,33.2,44.3,26.1,14.5,8.0,5.0,4.5,18.3,19.2,114.3,5.0,19,22,16,5,5,4,12,16,10,15,13,15,17,18,18,14,11,12,7,13,4,0.545,0.455,0.249,0.251,0.637,11.6,,,,
1610612751,Brooklyn Nets,82,0.256,3951.0,102.4,109.7,-7.4,0.583,1.51,17.0,0.279,0.716,0.494,0.153,0.492,0.527,96.12,7903,0.46,1,28,26,27,29,28,18,19,14,17,19,21,22,21,23,20,27,2015-16,2015,Unsuccessful,0.035,0.437,-7.699,0.341,0,38.2,84.4,0.453,6.5,18.4,0.352,15.7,20.7,0.757,10.5,31.9,42.4,22.3,14.8,7.6,4.0,5.2,18.0,18.4,98.6,-7.4,17,17,13,26,27,13,27,27,18,14,25,23,15,19,19,25,18,2,28,26,28,0.48,0.218,0.245,0.248,0.584,7.5,0.244,2016.0,-0.01200000000000001,0.0
1610612751,Brooklyn Nets,82,0.244,3951.0,103.6,110.1,-6.5,0.566,1.29,15.9,0.241,0.716,0.483,0.162,0.507,0.551,101.75,8371,0.46,1,30,25,29,23,28,21,29,26,28,22,28,29,17,16,1,28,2016-17,2016,Unsuccessful,0.044,0.475,-6.388,0.321,0,37.8,85.2,0.444,10.7,31.6,0.338,19.4,24.6,0.788,8.8,35.1,43.9,21.4,16.5,7.2,4.7,5.6,21.0,20.4,105.8,-6.7,25,17,24,6,4,26,4,7,9,26,1,10,20,29,21,18,30,25,9,12,29,0.506,0.371,0.289,0.2,0.566,4.9,0.341,2017.0,0.09700000000000003,0.0
1610612751,Brooklyn Nets,82,0.341,3971.0,106.1,109.7,-3.6,0.619,1.56,17.3,0.251,0.731,0.489,0.151,0.514,0.551,99.66,8238,0.474,1,23,5,22,21,24,6,21,12,24,14,25,22,18,15,6,24,2017-18,2017,Unsuccessful,0.037,0.48,-3.612,0.338,0,38.2,86.8,0.441,12.7,35.7,0.356,17.4,22.6,0.772,9.7,34.8,44.4,23.7,15.2,6.2,4.8,5.5,20.6,19.7,106.6,-3.7,27,10,29,2,2,20,8,11,14,15,9,9,9,25,30,16,27,23,19,14,24,0.499,0.411,0.26,0.218,0.62,8.5,0.512,2018.0,0.17099999999999999,0.0
1610612751,Brooklyn Nets,82,0.512,3996.0,108.9,109.0,-0.1,0.592,1.58,16.9,0.282,0.72,0.501,0.146,0.52,0.556,101.52,8452,0.492,1,14,1,19,15,15,18,25,23,9,23,15,25,18,15,11,21,2018-19,2018,Average,0.036,0.438,-0.099,0.355,1,40.3,89.7,0.449,12.8,36.2,0.353,19.0,25.5,0.745,11.0,35.6,46.6,23.8,15.1,6.6,4.1,5.3,21.5,22.0,112.2,-0.1,20,14,25,5,5,14,6,4,24,10,10,7,21,26,27,28,22,23,7,15,15,0.514,0.404,0.284,0.236,0.591,8.7,0.486,2019.0,-0.026000000000000023,0.0
1610612751,Brooklyn Nets,72,0.486,3496.0,108.7,109.2,-0.5,0.606,1.6,17.3,0.28,0.736,0.511,0.148,0.52,0.554,101.7,7404,0.5,11,14,11,22,10,15,13,21,19,9,12,9,21,23,22,10,16,2019-20,2019,Average,0.034,0.456,-0.492,0.363,1,40.4,90.3,0.448,13.1,38.1,0.343,17.9,24.1,0.745,10.6,37.3,47.9,24.5,15.3,6.4,4.5,5.3,21.0,21.1,111.8,-0.6,19,10,24,9,5,26,15,9,25,9,2,2,15,24,27,23,21,16,10,16,15,0.523,0.422,0.267,0.221,0.606,9.2,0.667,2020.0,0.18100000000000005,0.0
1610612751,Brooklyn Nets,72,0.667,3481.0,117.3,113.1,4.2,0.621,1.98,19.3,0.252,0.726,0.503,0.134,0.575,0.61,100.27,7280,0.532,1,4,11,1,22,7,10,6,5,22,23,13,12,1,1,11,5,2020-21,2020,Successful,0.035,0.474,4.189,0.369,2,43.1,87.3,0.494,14.2,36.1,0.392,18.1,22.5,0.804,8.9,35.5,44.4,26.8,13.5,6.7,5.3,4.6,19.0,18.9,118.6,4.5,6,21,1,7,12,2,5,8,6,27,5,14,7,13,27,7,9,13,18,2,7,0.564,0.414,0.258,0.2,0.622,13.3,0.537,2021.0,-0.13,1.0
1610612751,Brooklyn Nets,82,0.537,3951.0,113.2,112.3,0.9,0.602,1.8,18.3,0.281,0.704,0.499,0.141,0.54,0.576,99.4,8177,0.512,1,14,19,10,20,15,16,13,9,9,30,15,18,11,11,11,11,2021-22,2021,Average,0.036,0.423,0.905,0.358,1,42.0,88.4,0.475,11.5,31.7,0.361,17.5,21.7,0.805,10.3,34.1,44.4,25.3,14.1,7.1,5.5,4.9,20.4,19.7,112.9,0.8,5,12,4,24,28,10,10,14,6,14,15,13,10,17,24,5,21,22,16,9,15,0.538,0.359,0.245,0.232,0.602,11.2,0.549,2022.0,0.01200000000000001,0.0
1610612751,Brooklyn Nets,82,0.549,3946.0,114.6,113.5,1.1,0.616,1.86,18.9,0.234,0.689,0.472,0.139,0.562,0.598,98.77,8111,0.51,1,9,29,12,16,14,9,11,6,29,29,29,16,7,7,23,13,2022-23,2022,Average,0.036,0.455,1.114,0.333,1,41.5,85.1,0.487,12.8,33.8,0.378,17.7,22.1,0.8,8.2,32.3,40.5,25.5,13.7,7.1,6.2,3.9,21.1,18.5,113.4,0.9,21,28,7,9,13,5,19,25,7,29,20,29,13,14,16,1,3,25,28,20,15,0.559,0.397,0.26,0.202,0.614,11.8,0.39,2023.0,-0.15900000000000003,1.0
1610612751,Brooklyn Nets,82,0.39,3961.0,112.4,115.4,-2.9,0.63,1.95,18.6,0.289,0.715,0.497,0.134,0.531,0.561,97.56,8050,0.483,1,22,10,23,20,22,16,19,19,12,19,20,14,25,27,25,21,2023-24,2023,Unsuccessful,0.03,0.426,-2.973,0.363,0,40.7,89.1,0.456,13.3,36.7,0.362,15.8,20.9,0.756,11.4,32.6,44.1,25.6,13.1,6.8,5.2,5.0,18.5,18.2,110.4,-2.9,25,16,28,9,9,19,23,20,28,7,20,11,20,12,28,12,16,13,21,25,22,0.523,0.412,0.235,0.259,0.629,12.5,0.317,2024.0,-0.07300000000000001,1.0
1610612751,Brooklyn Nets,82,0.317,3956.0,108.1,115.4,-7.3,0.669,1.66,18.4,0.294,0.699,0.487,0.156,0.516,0.552,96.73,7970,0.452,1,25,14,28,23,26,9,25,21,16,23,25,27,27,26,28,27,2024-25,2024,Unsuccessful,0.036,0.405,-7.547,0.331,0,37.6,86.1,0.437,13.6,39.4,0.344,16.3,20.7,0.787,10.9,30.4,41.3,25.2,15.2,7.8,4.3,5.6,20.7,18.9,105.1,-7.1,30,28,29,13,8,25,23,23,11,18,29,29,24,23,20,26,27,28,14,29,26,0.514,0.458,0.24,0.264,0.67,10.0,,,,
1610612752,New York Knicks,82,0.39,3961.0,103.9,106.7,-2.8,0.557,1.53,16.0,0.28,0.718,0.502,0.142,0.483,0.527,94.12,7763,0.487,1,24,19,24,18,22,23,16,24,16,17,13,10,28,24,26,21,2015-16,2015,Unsuccessful,0.044,0.438,-2.975,0.36,0,36.9,84.0,0.439,7.4,21.5,0.346,17.2,21.4,0.805,10.4,34.0,44.4,20.5,13.4,5.7,5.7,4.2,19.7,18.5,98.4,-2.7,25,21,26,24,23,20,17,25,1,16,7,10,26,7,30,9,5,10,27,27,22,0.472,0.256,0.255,0.234,0.556,7.1,0.378,2016.0,-0.01200000000000001,0.0
1610612752,New York Knicks,82,0.378,3971.0,107.1,110.7,-3.6,0.551,1.57,16.3,0.305,0.698,0.5,0.143,0.496,0.534,96.63,7990,0.482,1,24,7,18,25,24,22,20,22,5,30,15,16,25,27,17,22,2016-17,2016,Unsuccessful,0.038,0.393,-3.726,0.357,0,39.6,88.5,0.447,8.6,24.7,0.348,16.6,21.1,0.788,12.0,33.2,45.2,21.8,13.9,7.1,5.5,4.6,20.3,18.5,104.3,-3.7,8,3,23,24,21,21,26,28,10,3,17,5,19,17,23,4,10,19,29,18,24,0.486,0.279,0.238,0.265,0.551,7.9,0.354,2017.0,-0.02400000000000002,0.0
1610612752,New York Knicks,82,0.354,3966.0,106.3,109.7,-3.4,0.573,1.58,17.2,0.289,0.727,0.509,0.15,0.51,0.544,97.64,8059,0.481,1,22,8,20,22,23,21,18,15,3,18,6,21,24,24,17,22,2017-18,2017,Unsuccessful,0.034,0.438,-3.482,0.359,0,40.7,87.7,0.464,8.2,23.3,0.352,14.9,19.0,0.787,10.5,33.6,44.0,23.3,14.7,6.7,5.1,4.7,20.5,18.4,104.5,-3.6,9,5,12,29,29,27,24,28,5,5,19,13,13,21,29,8,14,22,28,18,23,0.505,0.266,0.217,0.239,0.572,8.6,0.207,2018.0,-0.147,1.0
1610612752,New York Knicks,82,0.207,3956.0,104.0,112.9,-8.9,0.525,1.43,14.9,0.264,0.717,0.486,0.14,0.49,0.529,100.16,8244,0.442,1,30,18,30,26,28,30,30,30,20,25,25,17,30,30,17,29,2018-19,2018,Unsuccessful,0.039,0.453,-8.886,0.346,0,38.2,88.3,0.433,10.0,29.5,0.34,18.1,23.9,0.759,10.5,34.3,44.7,20.1,14.0,6.8,5.1,5.6,20.9,20.8,104.6,-9.2,29,18,30,24,22,28,11,10,19,13,20,20,30,17,24,13,26,16,14,28,28,0.48,0.334,0.271,0.235,0.526,6.1,0.318,2019.0,0.11100000000000002,0.0
1610612752,New York Knicks,66,0.318,3193.0,105.9,112.4,-6.5,0.552,1.54,16.0,0.3,0.742,0.513,0.143,0.501,0.531,99.11,6594,0.461,24,25,24,27,23,26,27,25,28,1,7,4,14,29,30,25,27,2019-20,2019,Unsuccessful,0.03,0.442,-6.558,0.37,0,40.0,89.3,0.447,9.6,28.4,0.337,16.3,23.5,0.694,12.0,34.5,46.5,22.1,14.3,7.6,4.7,5.0,22.2,19.8,105.8,-6.5,24,13,25,30,29,27,24,12,30,1,17,6,27,11,17,17,19,28,25,29,26,0.499,0.318,0.263,0.258,0.552,7.8,0.569,2020.0,0.25099999999999995,0.0
1610612752,New York Knicks,72,0.569,3486.0,110.2,107.8,2.4,0.543,1.65,16.3,0.264,0.738,0.505,0.133,0.524,0.559,96.32,6994,0.502,1,11,6,22,4,9,29,24,27,17,12,12,11,23,23,30,15,2020-21,2020,Average,0.035,0.474,2.492,0.372,1,39.4,86.5,0.456,11.8,30.0,0.392,16.4,20.9,0.784,9.7,35.5,45.1,21.4,12.9,7.0,5.1,5.4,20.5,17.9,107.0,2.3,24,26,21,21,27,3,21,23,14,16,7,9,29,6,21,11,25,25,29,26,10,0.488,0.347,0.242,0.215,0.543,8.5,0.451,2021.0,-0.11799999999999994,1.0
1610612752,New York Knicks,82,0.451,3956.0,109.7,110.2,-0.4,0.581,1.65,16.4,0.291,0.74,0.512,0.137,0.513,0.55,96.42,7958,0.491,1,19,13,23,11,19,24,25,29,6,4,5,12,26,25,29,22,2021-22,2021,Average,0.037,0.449,-0.415,0.375,1,37.7,86.2,0.437,13.2,36.9,0.357,18.0,24.1,0.744,11.5,34.6,46.1,21.9,13.3,7.0,4.9,4.6,20.4,20.4,106.5,-0.1,30,24,27,9,10,13,5,2,26,4,11,4,30,10,27,13,13,23,5,26,19,0.497,0.428,0.28,0.249,0.581,8.6,0.573,2022.0,0.12199999999999994,0.0
1610612752,New York Knicks,82,0.573,3991.0,117.0,114.2,2.8,0.546,1.77,16.6,0.318,0.727,0.521,0.131,0.541,0.577,97.75,8134,0.509,1,8,2,4,19,7,30,22,29,2,12,2,5,20,20,26,14,2022-23,2022,Average,0.036,0.409,2.864,0.39,1,42.0,89.4,0.47,12.6,35.7,0.354,19.4,25.5,0.761,12.6,34.0,46.6,22.9,13.0,6.4,4.1,4.5,20.3,20.7,116.0,2.9,17,12,20,11,8,19,7,3,22,3,8,3,28,4,25,23,14,18,5,11,7,0.547,0.399,0.285,0.27,0.545,9.9,0.61,2023.0,0.03700000000000003,0.0
1610612752,New York Knicks,82,0.61,3946.0,117.3,112.4,4.9,0.59,1.84,17.8,0.333,0.729,0.527,0.138,0.54,0.574,95.96,7883,0.515,1,6,23,7,9,5,29,23,28,1,6,1,18,16,20,30,11,2023-24,2023,Successful,0.034,0.396,5.106,0.389,2,41.3,88.7,0.465,13.2,35.8,0.369,17.0,21.8,0.78,12.7,32.5,45.2,24.4,13.2,7.5,4.1,5.3,17.6,19.1,112.8,4.6,22,18,20,10,13,14,16,14,16,1,21,5,29,15,17,29,20,6,10,19,5,0.531,0.404,0.246,0.281,0.591,11.2,0.622,2024.0,0.01200000000000001,0.0
1610612752,New York Knicks,82,0.622,3976.0,117.3,113.3,4.0,0.634,2.07,19.6,0.305,0.71,0.508,0.134,0.556,0.589,97.64,8093,0.527,1,5,2,5,13,8,17,6,10,9,12,9,7,9,10,26,5,2024-25,2024,Successful,0.033,0.405,4.097,0.374,2,43.3,89.2,0.486,12.6,34.1,0.369,16.5,20.7,0.8,10.9,31.8,42.6,27.5,13.3,8.2,4.0,5.0,17.2,19.0,115.8,4.1,7,18,5,24,27,8,21,23,5,19,25,24,11,5,13,29,16,4,10,9,8,0.557,0.382,0.232,0.256,0.635,14.2,,,,
1610612753,Orlando Magic,82,0.427,3981.0,104.4,106.0,-1.6,0.596,1.67,17.6,0.271,0.726,0.495,0.144,0.5,0.533,96.68,8018,0.488,1,20,3,22,17,19,11,9,7,20,13,17,14,16,20,14,20,2015-16,2015,Average,0.033,0.455,-1.655,0.351,1,39.5,86.8,0.455,7.8,22.2,0.35,15.2,20.1,0.757,10.3,33.0,43.3,23.6,14.1,8.2,5.1,5.5,20.7,18.3,102.1,-1.6,5,4,12,23,22,16,30,29,17,18,21,17,7,14,12,15,21,19,30,18,19,0.491,0.256,0.232,0.238,0.597,9.5,0.354,2016.0,-0.07300000000000001,1.0
1610612753,Orlando Magic,82,0.354,3961.0,103.7,110.3,-6.5,0.58,1.67,16.8,0.267,0.726,0.491,0.137,0.489,0.524,96.9,7989,0.46,1,26,13,28,24,29,15,14,19,20,12,23,8,29,29,14,29,2016-17,2016,Unsuccessful,0.035,0.459,-6.708,0.354,0,38.3,87.0,0.44,8.5,26.1,0.328,16.0,21.4,0.747,9.8,33.3,43.2,22.2,13.3,7.1,4.8,5.1,19.3,18.7,101.1,-6.6,22,11,28,25,15,29,27,27,25,17,16,20,18,9,24,15,20,11,26,27,28,0.489,0.3,0.246,0.227,0.58,8.9,0.305,2017.0,-0.04899999999999999,0.0
1610612753,Orlando Magic,82,0.305,3946.0,104.7,109.4,-4.7,0.604,1.61,17.5,0.248,0.714,0.48,0.147,0.512,0.545,98.58,8096,0.472,1,26,23,25,20,25,9,16,10,25,28,29,17,21,22,12,25,2017-18,2017,Unsuccessful,0.033,0.466,-4.768,0.333,0,38.8,85.9,0.452,10.3,29.3,0.351,15.5,20.5,0.757,8.8,32.8,41.6,23.4,14.5,7.6,4.9,4.9,19.3,19.0,103.4,-4.8,20,17,19,17,14,28,23,21,21,25,24,26,11,17,20,13,19,11,24,24,25,0.504,0.341,0.239,0.212,0.603,8.9,0.512,2018.0,0.20700000000000002,0.0
1610612753,Orlando Magic,82,0.512,3956.0,108.2,107.6,0.6,0.632,1.94,18.6,0.259,0.754,0.504,0.133,0.518,0.55,98.65,8133,0.508,1,14,18,22,8,14,5,5,6,22,3,11,6,20,23,24,11,2018-19,2018,Average,0.032,0.495,0.608,0.371,1,40.4,89.1,0.454,11.4,32.1,0.356,15.0,19.2,0.782,10.0,35.4,45.4,25.5,13.2,6.6,5.4,4.4,18.6,18.7,107.3,0.7,18,15,18,12,15,11,30,30,12,17,13,15,12,5,26,6,5,2,29,24,14,0.509,0.36,0.215,0.22,0.631,12.3,0.452,2019.0,-0.06,1.0
1610612753,Orlando Magic,73,0.452,3514.0,107.9,109.2,-1.3,0.608,1.86,17.5,0.267,0.749,0.5,0.129,0.506,0.544,98.99,7255,0.496,3,18,9,23,11,19,12,5,17,16,5,15,4,27,27,26,17,2019-20,2019,Average,0.038,0.482,-1.313,0.371,1,39.3,88.6,0.444,11.1,32.2,0.343,17.6,22.7,0.774,10.3,34.2,44.5,23.9,12.8,8.2,5.4,4.6,18.3,19.5,107.3,-1.0,27,17,27,22,19,25,19,20,17,15,19,16,18,4,8,8,12,2,28,24,16,0.5,0.363,0.256,0.231,0.608,11.1,0.292,2020.0,-0.16000000000000003,1.0
1610612753,Orlando Magic,72,0.292,3466.0,104.6,113.9,-9.3,0.57,1.7,16.3,0.252,0.744,0.488,0.129,0.49,0.527,99.17,7158,0.45,1,28,22,29,26,29,24,21,28,23,8,23,5,30,30,17,29,2020-21,2020,Unsuccessful,0.037,0.492,-9.378,0.359,0,38.3,89.2,0.429,10.9,31.8,0.343,16.6,21.4,0.775,10.4,35.1,45.4,21.8,12.8,6.9,4.4,5.3,17.2,18.6,104.0,-9.3,30,8,30,26,22,27,15,15,17,11,10,7,28,5,25,22,24,1,20,29,29,0.477,0.357,0.24,0.229,0.569,9.0,0.268,2021.0,-0.023999999999999966,0.0
1610612753,Orlando Magic,82,0.268,3956.0,103.9,112.1,-8.1,0.62,1.64,17.4,0.249,0.735,0.49,0.144,0.503,0.538,99.71,8223,0.458,1,29,13,29,19,28,9,26,20,27,8,23,23,28,28,10,26,2021-22,2021,Unsuccessful,0.035,0.486,-8.124,0.346,0,38.3,88.3,0.434,12.2,36.9,0.331,15.5,19.7,0.787,9.1,35.2,44.3,23.7,14.5,6.8,4.5,5.2,19.7,18.3,104.2,-8.0,28,14,28,15,11,28,28,29,11,27,7,14,20,25,28,20,27,14,27,29,27,0.508,0.418,0.223,0.205,0.619,9.2,0.415,2022.0,0.14699999999999996,0.0
1610612753,Orlando Magic,82,0.415,3956.0,111.3,113.7,-2.3,0.574,1.54,17.0,0.281,0.73,0.505,0.151,0.532,0.573,99.66,8205,0.485,1,25,22,26,18,24,24,28,27,15,8,12,27,23,22,15,24,2022-23,2022,Average,0.041,0.449,-2.308,0.354,1,40.5,86.3,0.47,10.8,31.1,0.346,19.6,25.0,0.784,10.2,33.1,43.2,23.2,15.1,7.4,4.7,5.1,20.1,20.5,111.4,-2.6,26,23,21,25,27,24,6,8,16,15,14,16,26,24,12,15,22,16,7,26,24,0.538,0.36,0.29,0.236,0.573,8.1,0.573,2023.0,0.15799999999999997,0.0
1610612753,Orlando Magic,82,0.573,3956.0,112.9,110.8,2.2,0.61,1.68,18.1,0.297,0.737,0.515,0.15,0.541,0.577,97.37,8022,0.513,1,12,17,22,3,14,22,27,25,7,2,4,26,15,17,27,12,2023-24,2023,Average,0.036,0.44,2.259,0.365,1,40.5,84.9,0.476,11.0,31.3,0.352,18.5,24.4,0.759,10.5,31.8,42.3,24.7,14.7,8.2,5.2,4.6,19.7,20.9,110.5,2.0,26,30,15,30,29,24,6,1,26,15,25,25,28,24,5,13,7,23,1,24,15,0.55,0.369,0.287,0.248,0.61,10.0,0.5,2024.0,-0.07299999999999995,1.0
1610612753,Orlando Magic,82,0.5,3946.0,108.9,109.1,-0.2,0.603,1.62,17.1,0.302,0.72,0.501,0.147,0.51,0.55,96.51,7935,0.497,1,15,23,27,2,17,25,26,27,12,6,15,20,29,28,30,18,2024-25,2024,Average,0.04,0.418,-0.207,0.354,1,38.2,85.8,0.445,11.2,35.3,0.318,17.9,23.0,0.775,11.1,30.7,41.8,23.0,14.2,8.9,6.0,4.4,20.1,20.3,105.4,-0.1,29,29,27,30,23,30,5,7,19,14,28,27,30,16,6,1,8,26,1,28,17,0.535,0.411,0.268,0.266,0.602,8.8,,,,
1610612754,Indiana Pacers,82,0.549,3976.0,103.8,102.2,1.6,0.554,1.43,16.1,0.271,0.714,0.494,0.151,0.497,0.536,97.35,8068,0.518,1,11,5,25,3,12,24,25,22,21,21,19,20,20,19,11,10,2015-16,2015,Average,0.039,0.443,1.644,0.343,1,38.3,85.2,0.45,8.1,23.0,0.351,17.4,22.8,0.764,10.3,33.9,44.2,21.2,14.9,9.0,4.8,4.5,20.0,20.4,102.2,1.7,15,13,17,18,20,14,14,17,15,17,10,12,22,20,4,17,9,11,13,17,11,0.486,0.27,0.268,0.233,0.554,6.3,0.512,2016.0,-0.03700000000000003,0.0
1610612754,Indiana Pacers,82,0.512,3971.0,107.9,108.1,-0.2,0.572,1.63,17.2,0.255,0.713,0.488,0.141,0.516,0.558,96.59,7989,0.505,1,13,7,16,15,17,18,18,14,26,24,25,15,13,13,18,12,2016-17,2016,Average,0.042,0.458,-0.207,0.347,1,39.3,84.5,0.465,8.6,23.0,0.376,17.9,22.1,0.81,9.0,33.0,42.0,22.5,13.8,8.2,5.0,5.0,19.5,19.5,105.1,-0.2,15,20,10,23,27,4,16,23,2,23,21,26,16,16,9,9,16,13,20,15,17,0.499,0.272,0.262,0.214,0.573,8.7,0.585,2017.0,0.07299999999999995,0.0
1610612754,Indiana Pacers,82,0.585,3951.0,108.5,107.3,1.3,0.544,1.67,16.8,0.271,0.721,0.496,0.136,0.525,0.557,96.84,7977,0.509,1,8,18,11,12,12,28,14,22,15,24,20,5,12,13,21,12,2017-18,2017,Average,0.032,0.45,1.342,0.36,1,40.8,86.4,0.472,9.0,24.5,0.369,14.9,19.2,0.779,9.6,32.7,42.3,22.2,13.3,8.8,4.1,5.2,18.8,18.5,105.6,1.4,6,14,6,25,26,9,24,27,11,17,25,22,23,5,3,25,25,7,26,17,12,0.514,0.284,0.222,0.227,0.544,8.9,0.585,2018.0,0.0,0.0
1610612754,Indiana Pacers,82,0.585,3941.0,109.4,106.0,3.4,0.628,1.9,18.9,0.269,0.722,0.499,0.139,0.53,0.561,98.64,8097,0.527,1,11,30,18,3,9,7,8,3,15,22,18,15,10,13,25,7,2018-19,2018,Average,0.031,0.453,3.447,0.36,1,41.3,87.0,0.475,9.5,25.4,0.374,15.8,21.1,0.752,9.3,33.7,43.0,26.0,13.7,8.7,4.9,5.2,19.4,20.0,108.0,3.3,16,27,4,29,29,5,26,23,22,25,23,24,9,10,3,20,21,4,23,22,10,0.516,0.292,0.243,0.216,0.63,12.3,0.616,2019.0,0.031000000000000028,0.0
1610612754,Indiana Pacers,73,0.616,3524.0,109.5,107.5,1.9,0.614,1.95,18.9,0.243,0.718,0.487,0.132,0.534,0.565,99.41,7299,0.52,3,7,5,19,6,13,10,2,3,27,24,24,5,12,18,22,9,2019-20,2019,Successful,0.031,0.475,1.911,0.355,2,42.1,88.5,0.476,10.2,28.0,0.363,15.0,19.1,0.787,8.7,34.1,42.8,25.9,13.2,7.4,5.2,4.6,19.8,18.8,109.4,2.0,7,18,2,29,30,14,30,30,12,28,20,25,7,5,20,11,11,9,30,23,13,0.527,0.316,0.216,0.203,0.615,12.7,0.472,2020.0,-0.14400000000000002,1.0
1610612754,Indiana Pacers,72,0.472,3491.0,111.9,111.9,0.1,0.633,2.02,19.2,0.247,0.701,0.476,0.131,0.542,0.575,102.05,7419,0.502,1,17,4,14,14,16,5,4,6,26,30,29,7,13,15,4,16,2020-21,2020,Average,0.033,0.454,0.098,0.345,1,43.3,91.2,0.474,12.3,34.0,0.364,16.4,20.7,0.792,9.0,33.7,42.7,27.4,13.5,8.5,6.4,5.3,20.2,18.1,115.3,0.0,3,3,11,18,18,17,20,26,9,26,21,26,2,13,5,1,23,22,26,6,17,0.542,0.373,0.227,0.211,0.633,13.9,0.305,2021.0,-0.16699999999999998,1.0
1610612754,Indiana Pacers,82,0.305,3976.0,111.9,115.5,-3.6,0.612,1.76,18.1,0.31,0.725,0.512,0.145,0.531,0.564,98.55,8166,0.478,1,26,3,18,28,24,13,18,11,3,17,7,24,20,20,18,24,2021-22,2021,Unsuccessful,0.033,0.415,-3.653,0.367,0,41.4,89.5,0.463,12.2,35.4,0.344,16.4,21.4,0.768,11.3,32.6,43.9,25.4,14.4,7.1,5.6,4.9,20.4,19.2,111.5,-3.5,12,7,17,16,15,25,20,18,19,5,26,21,9,23,24,4,20,24,22,14,24,0.54,0.396,0.239,0.257,0.614,11.0,0.427,2022.0,0.122,0.0
1610612754,Indiana Pacers,82,0.427,3951.0,113.8,117.1,-3.3,0.643,1.81,18.9,0.285,0.685,0.482,0.146,0.545,0.581,101.68,8377,0.482,1,23,25,21,26,25,4,15,7,13,30,28,22,16,18,5,25,2022-23,2022,Average,0.036,0.4,-3.245,0.336,1,42.0,89.6,0.469,13.6,37.0,0.367,18.7,23.7,0.79,10.1,31.4,41.5,27.0,14.9,7.7,5.8,5.3,21.2,20.2,116.3,-3.2,17,11,22,6,7,11,14,14,13,16,24,24,6,23,10,2,26,27,14,10,25,0.54,0.413,0.265,0.243,0.643,12.1,0.573,2023.0,0.14599999999999996,0.0
1610612754,Indiana Pacers,82,0.573,3941.0,120.5,117.6,2.9,0.654,2.38,21.0,0.284,0.7,0.492,0.126,0.578,0.606,102.16,8389,0.517,1,12,26,2,24,10,6,1,1,16,26,24,6,1,3,2,10,2023-24,2023,Average,0.028,0.416,2.839,0.366,1,47.0,92.7,0.507,13.2,35.3,0.374,16.1,20.5,0.782,10.1,31.4,41.5,30.8,12.9,7.7,5.9,5.4,21.4,18.3,123.3,3.0,1,1,1,11,15,9,21,22,13,20,28,28,1,9,11,8,21,30,20,1,9,0.589,0.381,0.221,0.243,0.655,17.9,0.61,2024.0,0.03700000000000003,0.0
1610612754,Indiana Pacers,82,0.61,3971.0,115.4,113.3,2.1,0.671,2.22,20.5,0.254,0.705,0.483,0.13,0.562,0.594,100.76,8341,0.521,1,6,4,9,14,13,8,2,2,29,18,28,3,4,5,7,9,2024-25,2024,Successful,0.032,0.451,2.084,0.353,2,43.6,89.3,0.488,13.2,35.8,0.368,17.0,21.6,0.789,9.2,32.7,41.8,29.2,13.2,8.5,5.5,4.5,18.7,18.8,117.4,2.2,5,17,3,16,21,9,14,18,9,29,22,28,3,3,9,6,10,15,15,7,12,0.568,0.401,0.242,0.22,0.67,16.0,,,,
1610612755,Philadelphia 76ers,82,0.122,3961.0,98.4,108.6,-10.2,0.594,1.31,16.3,0.25,0.693,0.466,0.165,0.487,0.519,98.44,8119,0.428,1,30,19,30,27,30,12,28,21,26,28,30,29,27,29,6,29,2015-16,2015,Unsuccessful,0.032,0.443,-10.362,0.301,0,36.2,84.0,0.431,9.3,27.5,0.339,15.7,22.6,0.694,9.5,31.8,41.2,21.5,16.4,8.3,6.0,5.7,21.7,19.2,97.4,-10.2,28,20,29,9,8,24,28,19,28,24,26,30,20,29,10,3,28,25,25,29,30,0.476,0.327,0.269,0.231,0.594,5.1,0.341,2016.0,0.21900000000000003,0.0
1610612755,Philadelphia 76ers,82,0.341,3966.0,102.7,108.2,-5.5,0.631,1.43,17.4,0.273,0.709,0.49,0.167,0.501,0.539,99.07,8179,0.47,1,27,10,30,16,27,3,26,10,16,26,24,30,21,22,7,26,2016-17,2016,Unsuccessful,0.038,0.436,-5.552,0.323,0,37.7,85.3,0.442,10.1,29.8,0.34,17.0,22.0,0.771,9.8,33.0,42.8,23.8,16.7,8.4,5.1,5.4,21.9,19.6,102.4,-5.7,27,16,27,10,7,25,24,24,18,17,19,23,8,30,3,7,27,28,19,25,27,0.497,0.349,0.258,0.229,0.631,7.1,0.634,2017.0,0.293,0.0
1610612755,Philadelphia 76ers,82,0.634,3956.0,108.5,103.9,4.6,0.663,1.64,19.1,0.286,0.736,0.52,0.163,0.535,0.568,100.75,8299,0.542,1,5,16,13,3,4,2,15,2,5,12,1,30,7,8,4,2,2017-18,2017,Successful,0.033,0.45,4.566,0.357,2,40.8,86.6,0.472,11.0,29.8,0.369,17.1,22.8,0.752,10.9,36.5,47.4,27.1,16.5,8.3,5.1,5.1,22.1,20.4,109.8,4.5,5,13,8,12,12,10,11,10,23,3,1,1,2,30,7,9,21,29,11,7,4,0.525,0.344,0.263,0.23,0.664,10.6,0.622,2018.0,-0.01200000000000001,0.0
1610612755,Philadelphia 76ers,82,0.622,3961.0,111.6,109.0,2.6,0.648,1.8,18.7,0.278,0.741,0.517,0.144,0.532,0.574,102.59,8467,0.529,1,7,15,8,14,11,3,14,5,11,7,4,24,8,6,8,6,2018-19,2018,Successful,0.042,0.463,2.534,0.373,2,41.5,88.2,0.471,10.8,30.2,0.359,21.2,27.5,0.771,10.9,36.9,47.8,26.9,14.9,7.4,5.3,4.1,21.3,22.1,115.2,2.7,14,20,8,19,19,8,2,2,16,11,2,4,4,25,19,11,4,20,6,4,11,0.529,0.342,0.312,0.228,0.648,12.0,0.589,2019.0,-0.03300000000000003,0.0
1610612755,Philadelphia 76ers,73,0.589,3519.0,110.7,108.4,2.3,0.628,1.82,18.5,0.281,0.753,0.516,0.142,0.534,0.566,99.59,7304,0.523,3,12,6,14,8,10,8,7,6,7,2,2,11,13,16,20,7,2019-20,2019,Average,0.032,0.472,2.309,0.374,1,41.1,87.9,0.468,11.6,31.6,0.368,16.9,22.4,0.755,10.5,35.0,45.4,25.8,14.2,8.0,5.3,4.0,20.9,20.5,110.7,2.4,14,25,11,19,22,9,21,21,22,12,14,10,8,10,9,9,2,15,18,20,10,0.524,0.359,0.255,0.231,0.628,11.6,0.681,2020.0,0.09200000000000008,0.0
1610612755,Philadelphia 76ers,72,0.681,3486.0,112.5,107.0,5.5,0.572,1.64,17.2,0.277,0.737,0.511,0.143,0.541,0.579,100.12,7272,0.536,1,3,6,13,2,5,23,25,24,8,14,8,20,14,11,12,2,2020-21,2020,Successful,0.038,0.46,5.493,0.368,2,41.4,86.9,0.476,11.3,30.1,0.374,19.6,25.5,0.767,10.0,35.0,45.1,23.7,14.4,9.1,6.2,4.7,20.2,21.0,113.6,5.6,14,24,8,23,26,11,3,3,20,13,13,10,22,21,1,2,12,23,4,14,5,0.53,0.346,0.293,0.222,0.572,9.3,0.622,2021.0,-0.05900000000000005,1.0
1610612755,Philadelphia 76ers,82,0.622,3961.0,113.0,110.2,2.8,0.602,1.89,17.9,0.246,0.724,0.49,0.129,0.534,0.578,96.71,7975,0.517,1,6,8,11,12,9,15,8,16,30,19,20,5,16,10,26,8,2021-22,2021,Successful,0.044,0.478,2.895,0.361,2,39.4,84.5,0.466,11.6,31.8,0.364,19.6,23.8,0.821,8.5,33.8,42.3,23.7,12.5,7.7,5.3,4.6,19.4,19.4,109.9,2.6,23,30,16,22,27,7,1,3,1,30,19,29,21,4,9,6,13,12,19,18,10,0.528,0.376,0.282,0.201,0.602,11.2,0.659,2022.0,0.03700000000000003,0.0
1610612755,Philadelphia 76ers,82,0.659,3976.0,117.0,112.7,4.4,0.616,1.84,18.6,0.258,0.721,0.496,0.139,0.563,0.608,97.44,8072,0.524,1,3,5,3,8,3,8,12,9,25,14,19,15,6,2,27,4,2022-23,2022,Successful,0.045,0.463,4.516,0.357,2,40.8,83.8,0.487,12.6,32.6,0.387,21.0,25.1,0.835,8.7,32.2,40.9,25.2,13.7,7.7,4.7,4.6,20.4,19.6,115.2,4.3,24,30,6,12,16,1,1,5,1,27,22,26,16,13,8,13,16,19,20,14,3,0.551,0.389,0.3,0.213,0.618,11.5,0.573,2023.0,-0.08600000000000008,1.0
1610612755,Philadelphia 76ers,82,0.573,3956.0,116.2,113.0,3.1,0.6,2.07,18.0,0.292,0.701,0.493,0.122,0.532,0.574,98.17,8090,0.506,1,12,17,14,11,9,25,6,26,10,25,22,2,24,19,18,17,2023-24,2023,Average,0.042,0.409,3.158,0.371,1,41.5,89.4,0.464,12.1,33.3,0.363,19.5,23.6,0.826,11.0,31.9,43.0,24.9,12.0,8.5,6.0,6.1,20.3,18.5,114.6,3.0,21,14,23,22,19,18,1,4,2,9,23,20,24,2,1,6,27,27,17,15,9,0.524,0.372,0.264,0.256,0.6,12.9,0.293,2024.0,-0.27999999999999997,1.0
1610612755,Philadelphia 76ers,82,0.293,3961.0,111.0,117.3,-6.3,0.584,1.7,17.1,0.279,0.678,0.471,0.138,0.527,0.563,98.13,8098,0.459,1,26,9,23,26,25,29,22,28,21,30,30,8,22,22,24,25,2024-25,2024,Unsuccessful,0.036,0.399,-6.42,0.333,0,39.7,87.4,0.454,12.7,37.2,0.341,17.5,22.5,0.78,10.4,29.4,39.8,23.2,13.6,9.2,4.5,5.1,19.0,18.7,109.6,-6.2,26,23,23,21,17,27,7,9,15,22,30,30,29,9,5,23,19,19,17,26,25,0.538,0.426,0.257,0.261,0.584,9.6,,,,
1610612756,Phoenix Suns,82,0.28,3941.0,101.5,107.9,-6.5,0.558,1.21,15.4,0.297,0.733,0.508,0.173,0.487,0.526,99.39,8152,0.45,1,27,29,28,24,27,22,30,26,7,8,10,30,25,25,4,28,2015-16,2015,Unsuccessful,0.039,0.436,-6.54,0.335,0,37.2,85.6,0.435,9.0,25.8,0.348,17.5,23.2,0.751,11.5,33.3,44.8,20.7,17.2,7.7,3.8,5.5,22.7,21.6,100.9,-6.7,23,11,28,11,12,18,13,13,20,5,15,7,24,30,17,28,23,30,6,22,27,0.472,0.301,0.271,0.257,0.556,3.5,0.293,2016.0,0.012999999999999956,0.0
1610612756,Phoenix Suns,82,0.293,3966.0,106.1,111.3,-5.2,0.491,1.27,14.4,0.299,0.718,0.503,0.152,0.493,0.538,100.85,8320,0.462,1,29,10,22,28,26,29,30,30,6,17,11,26,26,24,2,27,2016-17,2016,Unsuccessful,0.045,0.419,-5.156,0.351,0,39.9,88.5,0.45,7.5,22.6,0.332,20.4,26.3,0.776,11.9,33.1,45.0,19.6,15.4,8.2,4.9,5.3,24.8,22.2,107.7,-5.6,6,2,19,29,28,27,1,2,15,4,18,6,29,27,6,13,25,30,2,9,26,0.492,0.255,0.297,0.264,0.491,4.2,0.256,2017.0,-0.03699999999999998,0.0
1610612756,Phoenix Suns,82,0.256,3941.0,102.8,111.7,-9.0,0.553,1.35,15.6,0.271,0.724,0.493,0.155,0.495,0.532,101.14,8293,0.442,1,30,27,30,30,30,27,30,29,14,22,22,27,30,28,2,30,2017-18,2017,Unsuccessful,0.037,0.453,-8.899,0.338,0,38.5,87.1,0.442,9.3,27.9,0.334,17.7,23.9,0.741,10.3,33.9,44.1,21.3,15.7,6.9,4.5,6.0,22.0,20.9,103.9,-9.4,24,7,28,23,20,30,7,6,27,8,15,12,29,28,27,21,30,28,4,21,30,0.493,0.32,0.274,0.234,0.553,5.6,0.232,2018.0,-0.023999999999999994,0.0
1610612756,Phoenix Suns,82,0.232,3976.0,105.3,114.2,-8.9,0.595,1.53,17.3,0.247,0.683,0.464,0.153,0.514,0.552,101.15,8371,0.45,1,28,4,28,29,29,17,28,19,28,30,30,29,23,21,12,28,2018-19,2018,Unsuccessful,0.038,0.436,-8.799,0.311,0,40.1,87.4,0.459,9.6,29.3,0.329,17.6,22.7,0.779,9.1,31.3,40.4,23.9,15.6,9.0,5.1,5.0,23.6,20.7,107.5,-9.3,22,25,16,28,23,30,17,20,13,28,30,30,20,28,2,15,15,29,17,23,29,0.525,0.335,0.26,0.225,0.596,8.3,0.466,2019.0,0.234,0.0
1610612756,Phoenix Suns,73,0.466,3519.0,111.3,110.8,0.5,0.661,1.84,19.2,0.261,0.734,0.498,0.145,0.532,0.576,101.74,7449,0.512,3,16,6,12,17,14,2,6,1,21,14,16,16,15,7,9,13,2019-20,2019,Average,0.044,0.473,0.491,0.353,1,41.2,88.1,0.468,11.4,31.8,0.358,19.9,23.8,0.834,9.8,33.8,43.5,27.2,14.8,7.7,4.0,5.5,22.0,22.6,113.6,0.2,13,22,9,20,21,16,3,10,1,22,21,21,1,16,15,29,24,25,3,10,14,0.529,0.361,0.27,0.225,0.66,12.4,0.708,2020.0,0.24199999999999994,0.0
1610612756,Phoenix Suns,72,0.708,3496.0,116.3,110.4,5.9,0.622,2.15,19.6,0.248,0.741,0.5,0.126,0.564,0.597,98.0,7137,0.534,1,2,1,7,6,3,9,1,1,25,11,14,4,3,3,24,3,2020-21,2020,Successful,0.033,0.493,6.02,0.374,2,43.3,88.3,0.49,13.1,34.6,0.378,15.6,18.7,0.834,8.8,34.2,42.9,26.9,12.5,7.2,4.3,3.6,19.1,18.0,115.3,5.8,2,16,2,13,15,7,28,29,2,28,18,23,3,4,19,25,1,14,28,7,4,0.562,0.392,0.212,0.205,0.621,14.4,0.78,2021.0,0.07200000000000006,0.0
1610612756,Phoenix Suns,82,0.78,3946.0,114.2,106.8,7.5,0.627,2.12,19.5,0.264,0.728,0.503,0.129,0.549,0.581,100.26,8242,0.548,1,1,24,5,3,1,7,3,5,21,13,13,4,4,5,8,1,2021-22,2021,Successful,0.032,0.464,7.481,0.374,2,43.7,90.1,0.485,11.6,31.9,0.364,15.9,19.9,0.797,9.8,35.5,45.3,27.4,12.9,8.6,4.4,4.0,19.9,18.9,114.8,7.5,1,6,1,21,26,9,24,27,7,19,5,10,4,7,6,22,3,19,24,5,1,0.552,0.354,0.221,0.216,0.627,14.5,0.549,2022.0,-0.23099999999999998,1.0
1610612756,Phoenix Suns,82,0.549,3956.0,114.5,112.3,2.2,0.647,2.01,19.3,0.307,0.714,0.508,0.136,0.535,0.57,98.83,8141,0.514,1,9,22,14,7,9,3,3,4,5,21,7,10,22,24,22,7,2022-23,2022,Average,0.035,0.407,2.226,0.372,1,42.1,90.1,0.467,12.2,32.6,0.374,17.2,21.7,0.793,11.8,32.4,44.2,27.3,13.5,7.1,5.3,4.0,21.2,19.9,113.6,2.1,15,9,23,13,17,7,26,27,10,5,19,11,4,11,16,5,7,26,18,17,9,0.52,0.362,0.241,0.267,0.648,13.8,0.598,2023.0,0.04899999999999993,0.0
1610612756,Phoenix Suns,82,0.598,3956.0,116.8,113.7,3.1,0.637,1.82,19.4,0.292,0.714,0.514,0.15,0.565,0.603,99.0,8158,0.527,1,8,17,10,13,8,14,24,11,9,20,7,25,6,4,15,5,2023-24,2023,Average,0.038,0.422,3.131,0.364,1,42.5,86.1,0.493,12.4,32.6,0.382,18.9,23.4,0.808,10.1,33.9,44.1,27.0,14.9,7.4,6.0,4.5,18.0,19.7,116.2,3.1,13,27,5,20,25,5,3,6,6,19,7,10,12,25,18,6,6,8,5,10,8,0.563,0.379,0.272,0.229,0.635,12.1,0.439,2024.0,-0.15899999999999997,1.0
1610612756,Phoenix Suns,82,0.439,3966.0,114.7,117.7,-3.0,0.673,1.97,20.0,0.264,0.709,0.493,0.142,0.561,0.595,98.31,8121,0.495,1,21,6,13,27,23,6,11,5,26,15,22,17,6,4,21,21,2024-25,2024,Average,0.034,0.445,-3.052,0.351,1,41.2,86.3,0.478,14.3,38.0,0.378,16.8,20.8,0.81,9.5,32.9,42.5,27.8,14.1,7.2,4.8,4.0,17.9,18.4,113.6,-3.0,18,26,11,7,12,3,18,22,2,28,18,25,10,15,28,16,3,10,20,18,23,0.557,0.44,0.241,0.224,0.675,13.7,,,,
1610612757,Portland Trail Blazers,82,0.537,3961.0,107.6,106.8,0.8,0.552,1.46,16.0,0.294,0.728,0.51,0.15,0.511,0.548,97.06,8012,0.493,1,12,19,6,19,13,25,21,23,9,12,9,17,8,10,12,18,2015-16,2015,Average,0.037,0.434,0.824,0.36,1,38.6,85.9,0.45,10.5,28.5,0.37,17.4,23.0,0.754,11.6,33.9,45.5,21.3,14.6,6.9,4.6,5.2,21.7,19.5,105.1,0.8,10,8,16,5,6,4,15,14,19,4,8,5,21,17,25,18,16,26,22,6,13,0.49,0.332,0.268,0.255,0.552,6.7,0.5,2016.0,-0.03700000000000003,0.0
1610612757,Portland Trail Blazers,82,0.5,3986.0,109.4,110.0,-0.6,0.534,1.54,16.0,0.269,0.72,0.496,0.139,0.52,0.559,97.38,8088,0.493,1,15,1,11,22,18,25,21,25,19,15,20,10,11,12,12,20,2016-17,2016,Average,0.039,0.451,-0.616,0.357,1,39.5,86.1,0.459,10.4,27.7,0.375,18.5,23.7,0.78,10.1,33.5,43.7,21.1,13.7,7.0,5.0,5.3,21.2,19.8,107.9,-0.5,9,13,14,8,10,6,11,11,14,15,14,14,23,15,25,10,24,26,16,8,18,0.498,0.322,0.275,0.231,0.534,7.4,0.598,2017.0,0.09799999999999998,0.0
1610612757,Portland Trail Blazers,82,0.598,3951.0,108.4,105.7,2.7,0.496,1.44,15.0,0.279,0.746,0.513,0.139,0.511,0.549,97.11,7992,0.51,1,7,18,14,6,9,30,28,30,7,6,4,8,23,17,19,11,2017-18,2017,Average,0.038,0.467,2.78,0.374,1,39.3,87.0,0.452,10.3,28.1,0.366,16.7,20.9,0.8,10.2,35.3,45.5,19.5,13.5,7.0,5.2,5.1,19.5,19.1,105.6,2.6,15,8,20,16,19,11,15,18,3,9,5,3,30,8,26,7,22,13,23,16,9,0.492,0.323,0.24,0.224,0.496,6.0,0.646,2018.0,0.04800000000000004,0.0
1610612757,Portland Trail Blazers,82,0.646,3971.0,113.7,109.5,4.2,0.544,1.66,16.6,0.308,0.739,0.526,0.137,0.528,0.568,99.96,8269,0.521,1,5,7,3,16,7,27,18,24,2,8,1,12,13,9,18,9,2018-19,2018,Successful,0.04,0.431,4.202,0.389,2,42.3,90.6,0.467,11.0,30.7,0.359,19.0,23.3,0.814,11.8,36.2,48.0,23.0,13.8,6.7,5.0,5.1,20.4,20.7,114.7,4.2,7,7,12,17,18,9,5,13,2,3,7,3,25,11,25,16,18,11,16,6,7,0.523,0.339,0.257,0.246,0.544,9.2,0.473,2019.0,-0.17300000000000004,1.0
1610612757,Portland Trail Blazers,74,0.473,3567.0,113.2,114.3,-1.1,0.488,1.61,15.2,0.266,0.712,0.492,0.126,0.533,0.57,101.17,7519,0.486,2,15,2,3,27,18,30,20,30,17,28,20,2,14,12,13,20,2019-20,2019,Average,0.037,0.446,-1.087,0.366,1,42.2,91.2,0.463,12.9,34.1,0.377,17.7,22.1,0.804,10.2,35.1,45.3,20.6,12.8,6.3,6.1,4.9,21.7,20.1,115.0,-1.1,5,3,14,10,15,3,18,23,3,16,12,12,30,3,28,2,16,22,22,6,19,0.513,0.374,0.242,0.225,0.488,7.8,0.583,2020.0,0.10999999999999999,0.0
1610612757,Portland Trail Blazers,72,0.583,3461.0,117.1,115.3,1.8,0.515,1.92,15.9,0.273,0.731,0.495,0.112,0.54,0.577,98.97,7137,0.493,1,8,24,2,29,12,30,7,30,10,20,18,1,15,13,19,20,2020-21,2020,Average,0.037,0.458,1.819,0.383,1,41.3,91.1,0.453,15.7,40.8,0.385,17.8,21.6,0.823,10.6,33.9,44.5,21.3,11.1,6.9,5.0,4.6,18.9,19.1,116.1,1.8,15,4,23,2,2,6,6,13,3,3,20,12,30,1,25,13,10,10,16,5,12,0.509,0.448,0.237,0.238,0.516,10.2,0.329,2021.0,-0.25399999999999995,1.0
1610612757,Portland Trail Blazers,82,0.329,3946.0,107.3,116.3,-9.1,0.595,1.58,17.0,0.268,0.721,0.487,0.146,0.515,0.55,98.74,8120,0.447,1,25,24,27,29,30,21,29,26,18,20,25,25,25,26,15,30,2021-22,2021,Unsuccessful,0.035,0.453,-9.216,0.341,0,38.5,87.1,0.442,12.7,36.8,0.346,16.4,21.6,0.76,10.4,32.5,42.9,22.9,14.5,8.0,4.5,5.0,21.1,19.4,106.2,-8.9,26,19,26,13,12,23,21,16,22,12,27,27,26,24,8,21,23,28,21,27,30,0.513,0.423,0.248,0.242,0.595,8.4,0.402,2022.0,0.07300000000000001,0.0
1610612757,Portland Trail Blazers,82,0.402,3946.0,114.0,118.0,-4.0,0.597,1.67,17.8,0.264,0.709,0.486,0.145,0.549,0.589,99.25,8157,0.474,1,26,29,18,28,26,18,27,19,24,25,26,21,14,10,17,26,2022-23,2022,Average,0.04,0.445,-4.03,0.341,1,40.5,85.4,0.474,12.9,35.3,0.365,19.6,24.6,0.796,9.4,31.1,40.5,24.2,14.5,6.7,4.6,4.3,20.0,20.5,113.4,-4.0,27,25,17,8,9,14,5,9,8,24,28,28,22,19,24,17,12,14,8,19,26,0.551,0.413,0.288,0.232,0.598,9.7,0.256,2023.0,-0.14600000000000002,1.0
1610612757,Portland Trail Blazers,82,0.256,3976.0,107.6,116.6,-9.0,0.587,1.52,16.7,0.32,0.697,0.498,0.154,0.503,0.539,97.88,8103,0.434,1,27,2,29,23,28,30,30,30,3,28,19,29,30,30,21,30,2023-24,2023,Unsuccessful,0.036,0.377,-9.195,0.344,0,39.4,89.7,0.439,11.5,33.2,0.345,16.2,20.5,0.791,12.6,30.1,42.7,23.1,15.2,7.6,4.3,6.4,20.2,17.9,106.4,-9.0,29,10,29,28,20,30,20,23,9,2,30,22,30,29,12,27,28,26,26,29,27,0.494,0.37,0.229,0.295,0.586,7.9,0.439,2024.0,0.183,0.0
1610612757,Portland Trail Blazers,82,0.439,3956.0,111.0,113.7,-2.7,0.587,1.49,16.9,0.332,0.682,0.501,0.16,0.521,0.555,99.51,8192,0.473,1,21,14,22,16,21,28,29,29,2,28,14,29,25,23,16,24,2024-25,2024,Average,0.034,0.35,-2.713,0.341,1,40.5,90.2,0.45,12.9,37.7,0.342,16.9,22.2,0.762,13.4,31.4,44.8,23.8,16.0,8.3,5.3,5.5,19.0,19.3,110.9,-3.0,23,9,26,19,14,26,16,12,26,2,27,12,27,29,11,8,26,21,3,22,22,0.526,0.418,0.246,0.299,0.588,7.8,,,,
1610612758,Sacramento Kings,82,0.402,3961.0,105.3,107.6,-2.3,0.612,1.52,17.6,0.281,0.717,0.5,0.16,0.51,0.546,100.66,8302,0.494,1,21,19,14,22,20,6,18,5,14,18,14,25,10,11,1,17,2015-16,2015,Average,0.036,0.436,-2.285,0.34,1,40.0,86.4,0.464,8.0,22.4,0.359,18.5,25.5,0.725,10.6,33.7,44.2,24.5,16.2,8.9,4.5,5.3,20.4,22.0,106.6,-2.5,4,6,8,19,21,10,9,6,26,13,14,11,4,28,5,20,19,15,4,3,21,0.5,0.259,0.295,0.24,0.612,8.3,0.39,2016.0,-0.01200000000000001,0.0
1610612758,Sacramento Kings,82,0.39,3976.0,106.6,110.8,-4.2,0.594,1.54,17.3,0.258,0.723,0.492,0.152,0.516,0.556,95.42,7911,0.478,1,23,4,20,26,25,11,22,12,24,13,22,24,14,14,24,25,2016-17,2016,Unsuccessful,0.04,0.465,-4.402,0.34,0,37.9,82.1,0.461,9.0,23.9,0.376,18.1,23.3,0.775,8.7,32.3,41.1,22.5,14.6,7.6,4.0,5.1,20.3,20.1,102.8,-3.9,24,28,13,18,23,5,14,13,16,28,25,28,16,21,17,26,21,18,14,24,25,0.497,0.291,0.284,0.212,0.594,7.9,0.329,2017.0,-0.061,1.0
1610612758,Sacramento Kings,82,0.329,3951.0,103.1,110.4,-7.3,0.556,1.57,16.6,0.264,0.731,0.489,0.143,0.502,0.529,95.5,7860,0.451,1,24,18,29,27,29,23,20,23,17,15,27,14,27,30,30,29,2017-18,2017,Unsuccessful,0.027,0.467,-7.644,0.346,0,38.8,86.1,0.45,9.0,24.0,0.375,12.3,16.7,0.735,9.5,31.4,40.9,21.6,13.7,7.8,4.1,4.7,20.0,17.3,98.8,-7.0,21,15,22,26,28,3,30,30,28,19,29,28,25,9,11,25,14,19,30,30,28,0.48,0.279,0.194,0.232,0.557,7.9,0.476,2018.0,0.14699999999999996,0.0
1610612758,Sacramento Kings,82,0.476,3946.0,109.6,110.8,-1.2,0.588,1.9,17.7,0.268,0.713,0.487,0.128,0.524,0.554,103.88,8545,0.495,1,17,27,17,21,18,20,7,15,18,26,24,4,16,20,3,18,2018-19,2018,Average,0.03,0.445,-1.155,0.359,1,43.2,93.1,0.464,11.3,29.9,0.378,16.5,22.7,0.726,11.0,34.4,45.4,25.4,13.4,8.3,4.4,5.1,21.4,21.4,114.2,-1.1,4,2,15,16,20,4,21,19,27,9,19,14,14,7,10,24,18,21,10,9,19,0.505,0.321,0.244,0.242,0.588,12.0,0.431,2019.0,-0.044999999999999984,0.0
1610612758,Sacramento Kings,72,0.431,3491.0,109.5,111.4,-1.9,0.582,1.64,17.4,0.258,0.736,0.492,0.144,0.534,0.566,99.6,7239,0.479,11,20,12,18,19,21,22,16,18,22,13,21,15,11,17,19,21,2019-20,2019,Average,0.032,0.478,-1.908,0.348,1,40.9,88.4,0.462,12.7,34.9,0.364,15.7,20.3,0.77,9.7,32.9,42.6,23.8,14.5,7.7,4.1,4.2,22.2,19.5,110.1,-2.0,15,19,15,11,12,12,27,28,18,23,25,27,21,12,14,27,6,27,27,22,21,0.527,0.395,0.23,0.228,0.582,9.3,0.431,2020.0,0.0,0.0
1610612758,Sacramento Kings,72,0.431,3461.0,112.7,116.5,-3.8,0.599,1.91,18.4,0.253,0.713,0.482,0.133,0.549,0.578,100.71,7266,0.481,1,21,24,12,30,24,17,8,10,20,29,26,8,9,12,9,24,2020-21,2020,Average,0.029,0.46,-3.773,0.349,1,42.6,88.6,0.481,12.1,33.3,0.364,16.4,22.0,0.745,9.4,32.0,41.4,25.5,13.4,7.5,5.0,4.7,19.4,18.7,113.7,-3.7,8,13,6,19,20,16,21,11,25,22,30,30,12,11,16,15,13,20,19,11,24,0.552,0.376,0.248,0.227,0.599,12.1,0.366,2021.0,-0.065,1.0
1610612758,Sacramento Kings,82,0.366,3961.0,109.6,114.8,-5.2,0.585,1.68,17.3,0.259,0.714,0.484,0.14,0.525,0.561,100.1,8252,0.473,1,24,8,24,27,25,23,22,23,22,22,29,16,22,21,9,25,2021-22,2021,Unsuccessful,0.036,0.455,-5.195,0.344,0,40.5,88.1,0.46,11.4,33.2,0.344,17.9,23.3,0.768,9.6,33.4,42.9,23.7,14.1,7.2,4.5,4.8,18.9,20.3,110.3,-5.5,18,15,20,25,21,24,7,5,18,22,23,26,22,19,20,19,18,11,7,16,25,0.53,0.377,0.264,0.224,0.585,9.6,0.585,2022.0,0.21899999999999997,0.0
1610612758,Sacramento Kings,82,0.585,3966.0,118.6,116.0,2.6,0.626,2.02,19.3,0.265,0.731,0.499,0.133,0.572,0.608,100.99,8343,0.511,1,7,12,1,24,8,7,2,3,23,6,17,6,2,1,12,11,2022-23,2022,Average,0.036,0.466,2.575,0.366,1,43.6,88.2,0.494,13.8,37.3,0.369,19.8,25.1,0.79,9.5,32.9,42.5,27.3,13.5,7.0,3.4,4.2,19.7,20.9,120.7,2.6,4,16,2,5,6,9,3,7,12,23,15,20,3,9,20,29,9,11,4,1,8,0.585,0.423,0.285,0.224,0.626,13.8,0.561,2023.0,-0.02399999999999991,0.0
1610612758,Sacramento Kings,82,0.561,3971.0,116.2,114.4,1.8,0.654,2.16,19.9,0.285,0.744,0.507,0.131,0.556,0.582,99.46,8226,0.5,1,16,3,13,14,16,7,4,8,15,1,9,11,14,14,14,19,2023-24,2023,Average,0.026,0.459,1.81,0.376,1,43.3,90.9,0.477,14.4,39.3,0.366,15.5,20.9,0.745,10.8,33.2,44.0,28.3,13.1,7.6,4.2,4.5,19.9,18.3,116.6,1.7,7,6,14,4,3,16,27,21,30,12,15,12,7,13,13,28,4,24,19,9,17,0.56,0.432,0.23,0.245,0.654,15.2,0.488,2024.0,-0.07300000000000006,1.0
1610612758,Sacramento Kings,82,0.488,3976.0,115.9,115.3,0.6,0.615,1.99,18.8,0.294,0.728,0.51,0.133,0.548,0.582,98.91,8189,0.502,1,16,2,7,22,15,22,9,16,17,2,6,6,15,15,19,16,2024-25,2024,Average,0.034,0.434,0.607,0.377,1,43.0,90.1,0.478,12.6,35.2,0.357,17.1,21.2,0.806,11.0,33.2,44.2,26.5,13.3,7.6,4.4,4.3,18.9,18.5,115.7,0.5,9,10,12,23,24,19,13,19,4,16,14,16,13,6,25,25,5,17,19,10,16,0.554,0.391,0.235,0.249,0.616,13.2,,,,
1610612759,San Antonio Spurs,82,0.817,3941.0,109.3,98.2,11.1,0.611,1.88,18.8,0.266,0.746,0.516,0.138,0.526,0.564,94.54,7767,0.578,1,2,29,4,1,1,7,2,3,23,4,6,6,2,3,24,1,2015-16,2015,Successful,0.038,0.48,11.741,0.378,2,40.1,82.9,0.484,7.0,18.5,0.375,16.4,20.4,0.803,9.4,34.5,43.9,24.5,13.1,8.3,5.9,3.9,17.5,19.5,103.5,10.6,3,24,2,25,26,2,25,28,2,25,5,15,3,4,11,6,2,1,22,10,2,0.514,0.223,0.246,0.214,0.611,11.4,0.744,2016.0,-0.07299999999999995,1.0
1610612759,San Antonio Spurs,82,0.744,3961.0,110.3,102.9,7.4,0.606,1.77,18.1,0.282,0.73,0.511,0.141,0.524,0.564,94.86,7832,0.551,1,2,13,9,1,2,9,5,6,14,10,6,14,10,9,27,2,2016-17,2016,Successful,0.04,0.448,7.801,0.37,2,39.3,83.7,0.469,9.2,23.5,0.391,17.6,22.0,0.797,10.0,33.9,43.9,23.8,13.4,8.0,5.9,4.1,18.3,19.8,105.3,7.2,14,24,7,17,25,1,18,24,7,16,12,11,7,10,11,2,5,7,17,14,2,0.5,0.281,0.263,0.228,0.606,10.4,0.573,2017.0,-0.17100000000000004,1.0
1610612759,San Antonio Spurs,82,0.573,3946.0,107.1,104.1,3.0,0.583,1.73,17.3,0.277,0.741,0.508,0.137,0.507,0.543,95.7,7867,0.525,1,12,23,17,4,8,18,6,13,9,8,8,6,26,25,28,6,2017-18,2017,Average,0.036,0.464,3.135,0.371,1,39.0,85.4,0.457,8.5,24.1,0.352,16.1,20.9,0.772,10.4,33.9,44.2,22.8,13.1,7.7,5.6,3.9,17.2,19.7,102.7,2.9,17,22,16,28,27,26,19,18,13,6,14,11,15,4,14,4,2,1,18,27,8,0.498,0.282,0.245,0.235,0.585,9.7,0.585,2018.0,0.01200000000000001,0.0
1610612759,San Antonio Spurs,82,0.585,3961.0,112.2,110.6,1.6,0.58,2.03,18.1,0.246,0.744,0.501,0.122,0.534,0.572,98.88,8162,0.516,1,11,15,6,20,12,22,4,12,29,6,16,1,6,8,22,10,2018-19,2018,Average,0.038,0.498,1.618,0.379,1,42.3,88.4,0.478,9.9,25.3,0.392,17.2,21.0,0.819,9.2,35.5,44.7,24.5,12.1,6.1,4.7,4.0,18.1,19.6,111.7,1.7,8,17,2,26,30,1,20,24,1,27,12,21,16,1,30,21,3,1,25,18,12,0.513,0.286,0.238,0.206,0.579,12.4,0.451,2019.0,-0.13399999999999995,1.0
1610612759,San Antonio Spurs,71,0.451,3443.0,111.7,112.6,-0.9,0.585,1.96,17.9,0.233,0.751,0.495,0.123,0.531,0.572,101.14,7249,0.502,21,19,21,10,24,16,21,1,12,30,4,18,1,16,11,14,15,2019-20,2019,Average,0.041,0.518,-0.89,0.372,1,42.2,89.4,0.472,10.7,28.5,0.376,19.0,23.4,0.81,9.0,35.6,44.6,24.7,12.6,7.3,5.5,4.3,19.4,20.1,114.1,-1.1,6,12,5,26,28,4,8,13,2,27,9,15,13,1,22,6,7,5,23,8,18,0.517,0.319,0.262,0.202,0.585,12.1,0.458,2020.0,0.007000000000000006,0.0
1610612759,San Antonio Spurs,72,0.458,3496.0,110.5,112.0,-1.5,0.584,2.14,17.9,0.243,0.733,0.485,0.113,0.517,0.554,99.45,7236,0.493,1,19,1,19,17,21,20,2,16,27,18,24,2,27,26,15,21,2020-21,2020,Average,0.037,0.49,-1.508,0.372,1,41.9,90.5,0.462,9.9,28.4,0.35,17.4,22.0,0.792,9.3,34.6,43.9,24.4,11.4,7.0,5.1,5.1,18.0,18.6,111.1,-1.7,11,7,20,30,30,24,9,12,10,24,16,18,16,2,22,10,19,3,22,20,21,0.515,0.314,0.243,0.212,0.582,13.0,0.415,2021.0,-0.04300000000000004,0.0
1610612759,San Antonio Spurs,82,0.415,3961.0,111.9,111.7,0.2,0.646,2.19,19.5,0.281,0.711,0.494,0.126,0.527,0.556,100.51,8290,0.51,1,22,8,17,16,17,4,1,4,8,24,18,2,21,23,6,13,2021-22,2021,Average,0.029,0.43,0.199,0.368,1,43.2,92.7,0.467,11.3,32.0,0.352,15.4,20.4,0.754,11.0,34.3,45.3,27.9,12.7,7.6,4.9,4.9,18.1,18.9,113.2,0.1,3,2,14,26,25,18,29,25,25,7,13,9,2,5,11,10,21,2,24,8,17,0.526,0.345,0.22,0.243,0.646,15.2,0.268,2022.0,-0.14699999999999996,1.0
1610612759,San Antonio Spurs,82,0.268,3971.0,109.7,119.6,-9.9,0.632,1.78,18.7,0.299,0.709,0.495,0.148,0.525,0.554,102.07,8451,0.452,1,28,8,29,30,30,6,18,8,7,24,21,24,26,28,2,29,2022-23,2022,Unsuccessful,0.029,0.41,-9.699,0.347,0,43.1,92.6,0.465,11.1,32.2,0.345,15.8,21.2,0.743,11.8,31.9,43.7,27.2,15.3,7.0,3.9,5.3,19.9,18.5,113.0,-10.0,6,1,25,22,20,26,30,29,28,7,23,12,5,26,22,26,25,12,29,23,30,0.53,0.348,0.229,0.27,0.631,11.9,0.268,2023.0,0.0,0.0
1610612759,San Antonio Spurs,82,0.268,3966.0,109.3,115.6,-6.4,0.712,1.97,20.5,0.269,0.721,0.492,0.148,0.532,0.563,101.8,8413,0.48,1,26,7,26,21,25,1,17,3,23,13,23,24,23,25,3,23,2023-24,2023,Unsuccessful,0.031,0.452,-6.287,0.344,0,41.9,90.7,0.462,12.6,36.4,0.347,15.6,20.0,0.782,10.4,33.9,44.2,29.9,15.1,7.1,6.3,4.6,17.2,17.9,112.1,-6.5,18,7,25,16,11,28,25,28,14,18,8,8,2,27,22,3,8,3,25,23,25,0.54,0.401,0.221,0.235,0.714,14.8,0.415,2024.0,0.14699999999999996,0.0
1610612759,San Antonio Spurs,82,0.415,3946.0,113.5,116.3,-2.8,0.685,2.06,20.1,0.278,0.69,0.485,0.138,0.544,0.575,100.08,8231,0.493,1,23,23,19,25,22,3,8,3,22,26,27,10,18,19,13,22,2024-25,2024,Average,0.031,0.412,-2.798,0.347,1,41.8,89.8,0.465,14.1,39.6,0.357,16.2,21.0,0.774,10.9,32.7,43.7,28.6,13.9,8.2,5.5,4.3,16.6,17.4,113.9,-2.8,14,15,17,9,7,20,24,21,21,17,21,19,6,10,12,4,7,3,28,16,21,0.552,0.441,0.234,0.249,0.684,14.7,,,,
1610612760,Oklahoma City Thunder,82,0.671,3966.0,112.1,104.8,7.4,0.558,1.44,16.7,0.347,0.72,0.541,0.162,0.524,0.565,97.54,8061,0.546,1,5,11,2,11,3,21,22,17,1,16,1,28,4,2,10,3,2015-16,2015,Successful,0.041,0.373,7.587,0.379,2,41.1,86.4,0.476,8.3,23.7,0.349,19.7,25.2,0.782,13.1,35.6,48.6,23.0,15.9,7.4,5.9,4.5,20.6,20.2,110.2,7.3,2,7,3,17,17,17,4,7,10,1,2,1,10,26,21,4,11,16,15,2,3,0.523,0.274,0.292,0.27,0.56,7.1,0.573,2016.0,-0.09800000000000009,1.0
1610612760,Oklahoma City Thunder,82,0.573,3961.0,107.9,107.1,0.8,0.532,1.4,15.5,0.323,0.742,0.528,0.152,0.5,0.54,98.18,8099,0.499,1,10,13,15,10,11,27,27,28,1,5,2,25,24,21,9,19,2016-17,2016,Average,0.04,0.419,0.815,0.376,1,39.5,87.4,0.452,8.4,25.8,0.327,19.2,25.8,0.745,12.2,34.4,46.6,21.0,15.0,7.9,5.0,5.5,20.9,20.7,106.6,0.8,11,5,17,26,18,30,8,4,26,1,7,1,25,24,14,10,28,24,5,11,11,0.505,0.295,0.295,0.262,0.532,6.0,0.585,2017.0,0.01200000000000001,0.0
1610612760,Oklahoma City Thunder,82,0.585,3966.0,110.1,106.4,3.7,0.535,1.53,15.8,0.32,0.725,0.515,0.143,0.514,0.546,97.34,8036,0.508,1,8,8,7,9,6,29,25,28,1,20,3,13,17,21,18,14,2017-18,2017,Average,0.032,0.405,3.801,0.372,1,39.9,88.1,0.453,10.7,30.4,0.354,17.3,24.2,0.716,12.5,32.6,45.1,21.3,14.0,9.1,5.0,4.6,20.2,21.3,107.9,3.4,13,4,18,15,11,24,10,4,29,1,26,5,28,13,1,11,9,21,3,12,7,0.506,0.345,0.275,0.277,0.534,7.3,0.598,2018.0,0.013000000000000012,0.0
1610612760,Oklahoma City Thunder,82,0.598,3971.0,109.8,106.5,3.4,0.548,1.67,16.3,0.298,0.738,0.509,0.134,0.514,0.545,103.38,8549,0.506,1,9,7,16,4,10,26,17,27,3,9,7,8,22,25,6,12,2018-19,2018,Average,0.031,0.44,3.289,0.375,1,42.6,94.0,0.454,11.4,32.6,0.348,17.8,25.0,0.713,12.6,35.5,48.1,23.4,14.0,9.3,5.2,5.1,22.4,22.5,114.5,3.4,5,1,19,13,13,22,14,6,28,1,11,2,23,14,1,12,16,27,3,7,9,0.508,0.347,0.266,0.262,0.549,9.4,0.611,2019.0,0.013000000000000012,0.0
1610612760,Oklahoma City Thunder,72,0.611,3486.0,110.1,108.1,2.1,0.543,1.58,16.3,0.241,0.728,0.492,0.137,0.53,0.573,99.42,7218,0.519,11,8,13,17,7,12,28,22,27,29,19,22,7,18,10,21,10,2019-20,2019,Successful,0.043,0.487,2.112,0.355,2,40.0,85.5,0.468,10.7,30.2,0.355,19.8,24.8,0.796,8.2,34.7,42.9,21.7,13.7,7.6,4.9,4.0,19.3,22.8,110.4,2.0,23,28,8,27,27,17,4,5,7,30,15,23,28,6,16,15,3,4,2,21,12,0.53,0.353,0.29,0.191,0.542,8.0,0.306,2020.0,-0.305,1.0
1610612760,Oklahoma City Thunder,72,0.306,3471.0,102.8,113.4,-10.6,0.568,1.37,16.1,0.254,0.742,0.494,0.158,0.509,0.539,101.61,7353,0.442,1,26,19,30,24,30,26,30,29,19,10,20,30,28,29,7,30,2020-21,2020,Unsuccessful,0.03,0.488,-10.432,0.336,0,38.8,88.0,0.441,11.9,35.1,0.339,15.5,21.3,0.725,9.9,35.7,45.6,22.1,16.1,7.0,4.4,5.3,18.1,18.6,105.0,-10.6,27,19,29,20,13,29,29,17,30,14,3,6,27,30,23,23,21,6,23,28,30,0.509,0.399,0.242,0.217,0.57,6.0,0.293,2021.0,-0.013000000000000012,0.0
1610612760,Oklahoma City Thunder,82,0.293,3961.0,103.8,111.7,-8.0,0.58,1.59,16.4,0.256,0.727,0.487,0.14,0.497,0.53,99.39,8198,0.451,1,27,8,30,17,27,25,28,28,24,14,24,15,29,30,12,27,2021-22,2021,Unsuccessful,0.033,0.471,-8.049,0.347,0,38.3,89.1,0.43,12.1,37.4,0.323,15.0,19.9,0.756,10.4,35.2,45.6,22.2,14.0,7.6,4.6,6.0,18.3,17.8,103.7,-8.1,27,9,30,17,7,30,30,28,24,12,6,6,28,15,14,16,29,4,30,30,28,0.507,0.42,0.223,0.228,0.58,8.2,0.488,2022.0,0.195,0.0
1610612760,Oklahoma City Thunder,82,0.488,3971.0,114.2,113.2,1.0,0.567,1.87,17.2,0.289,0.693,0.487,0.127,0.531,0.57,101.94,8435,0.498,1,19,8,16,13,15,27,9,26,10,28,25,4,24,23,3,20,2022-23,2022,Average,0.039,0.404,0.981,0.36,1,43.1,92.6,0.465,12.1,34.1,0.356,19.2,23.7,0.809,11.4,32.3,43.7,24.4,13.0,8.2,4.2,5.5,21.0,20.4,117.5,1.1,6,2,24,15,12,17,9,14,6,8,21,14,21,5,4,22,28,24,10,5,14,0.53,0.368,0.256,0.261,0.566,11.4,0.695,2023.0,0.20699999999999996,0.0
1610612760,Oklahoma City Thunder,82,0.695,3961.0,118.3,111.0,7.3,0.609,2.14,19.4,0.25,0.698,0.484,0.125,0.573,0.608,100.85,8324,0.538,1,2,10,3,4,2,23,5,12,28,27,28,5,3,2,5,3,2023-24,2023,Successful,0.035,0.448,7.238,0.359,2,44.5,89.3,0.499,13.3,34.2,0.389,17.7,21.5,0.825,8.8,33.2,42.0,27.1,12.7,8.5,6.6,5.1,18.8,18.9,120.1,7.4,2,15,3,8,16,1,12,17,4,29,12,27,11,7,1,1,18,19,12,3,2,0.566,0.383,0.241,0.21,0.609,14.4,0.829,2024.0,0.134,0.0
1610612760,Oklahoma City Thunder,82,0.829,3941.0,119.2,106.6,12.7,0.602,2.29,18.9,0.281,0.704,0.496,0.116,0.56,0.593,100.9,8286,0.562,1,1,29,3,1,1,26,1,15,20,19,19,1,7,6,5,1,2024-25,2024,Successful,0.033,0.423,12.587,0.38,2,44.6,92.7,0.482,14.5,38.8,0.374,16.7,20.4,0.819,10.6,34.2,44.8,26.9,11.7,10.3,5.7,4.8,19.9,18.1,120.5,12.9,3,3,7,6,10,6,19,26,1,20,6,11,12,1,1,2,14,25,23,4,1,0.558,0.419,0.22,0.237,0.603,15.2,,,,
1610612761,Toronto Raptors,82,0.683,3956.0,109.3,104.8,4.4,0.511,1.43,14.9,0.3,0.736,0.52,0.139,0.504,0.552,93.35,7707,0.525,1,4,23,5,12,6,30,24,28,5,7,3,7,12,7,29,8,2015-16,2015,Successful,0.048,0.436,4.713,0.381,2,36.7,81.3,0.451,8.6,23.4,0.37,20.8,26.7,0.777,10.2,33.2,43.4,18.7,13.1,7.8,5.5,5.4,19.6,22.0,102.7,4.5,27,28,15,14,19,5,2,3,12,19,18,16,29,5,15,11,20,9,3,14,5,0.485,0.288,0.328,0.235,0.51,5.6,0.622,2016.0,-0.061000000000000054,1.0
1610612761,Toronto Raptors,82,0.622,3956.0,111.4,107.1,4.3,0.472,1.46,14.5,0.291,0.717,0.505,0.132,0.517,0.561,95.41,7867,0.516,1,5,18,6,11,6,30,25,29,8,20,9,5,12,11,25,5,2016-17,2016,Successful,0.044,0.426,4.507,0.373,2,39.2,84.4,0.464,8.8,24.3,0.363,19.7,24.7,0.796,10.6,32.6,43.3,18.5,12.7,8.3,4.9,4.8,20.8,20.3,106.9,4.2,16,22,11,21,22,13,3,6,8,12,23,18,30,4,4,12,13,23,10,10,5,0.506,0.288,0.293,0.245,0.472,5.8,0.72,2017.0,0.09799999999999998,0.0
1610612761,Toronto Raptors,82,0.72,3966.0,113.0,105.3,7.7,0.59,1.82,17.9,0.274,0.725,0.502,0.135,0.539,0.575,98.02,8104,0.538,1,2,8,2,5,2,11,4,6,12,21,15,4,5,4,14,3,2017-18,2017,Successful,0.036,0.451,7.856,0.367,2,41.3,87.4,0.472,11.8,33.0,0.358,17.3,21.8,0.794,9.8,34.2,44.0,24.3,13.4,7.6,6.1,4.9,21.7,19.9,111.7,7.8,3,6,7,4,3,18,9,13,4,14,11,14,6,6,18,2,18,27,16,4,2,0.542,0.378,0.249,0.223,0.588,10.9,0.707,2018.0,-0.013000000000000012,0.0
1610612761,Toronto Raptors,82,0.707,3976.0,112.6,106.8,5.8,0.603,1.81,18.2,0.265,0.726,0.502,0.138,0.543,0.579,100.51,8334,0.533,1,2,4,5,5,3,14,13,11,19,18,13,14,3,4,15,4,2018-19,2018,Successful,0.036,0.461,5.771,0.364,2,42.2,89.1,0.474,12.4,33.8,0.366,17.7,22.0,0.804,9.6,35.6,45.2,25.4,14.0,8.3,5.3,4.5,21.0,20.5,114.4,6.1,9,16,5,8,11,6,16,21,3,24,9,17,13,16,9,9,6,17,19,8,3,0.539,0.379,0.247,0.212,0.602,11.4,0.736,2019.0,0.029000000000000026,0.0
1610612761,Toronto Raptors,72,0.736,3476.0,110.8,104.7,6.1,0.627,1.7,18.1,0.256,0.721,0.496,0.146,0.536,0.574,101.19,7328,0.53,11,2,16,13,2,4,9,13,9,24,22,17,17,8,8,12,5,2019-20,2019,Successful,0.038,0.465,6.028,0.35,2,40.2,87.9,0.458,13.8,37.0,0.374,18.5,23.2,0.796,9.5,35.9,45.4,25.2,14.8,8.8,5.0,5.5,21.7,20.4,112.8,6.2,21,23,20,3,6,5,13,17,6,24,7,11,11,17,2,13,23,21,19,13,4,0.519,0.421,0.264,0.209,0.627,10.4,0.375,2020.0,-0.361,1.0
1610612761,Toronto Raptors,72,0.375,3461.0,111.6,112.0,-0.4,0.607,1.82,17.7,0.256,0.716,0.479,0.133,0.529,0.567,99.57,7177,0.486,1,24,24,16,15,19,14,15,19,18,28,28,9,21,20,14,23,2020-21,2020,Unsuccessful,0.038,0.46,-0.402,0.346,0,39.7,88.7,0.448,14.5,39.3,0.368,17.4,21.3,0.815,9.4,32.1,41.6,24.1,13.2,8.6,5.4,5.6,21.2,19.5,111.3,-0.5,23,12,26,4,4,15,10,17,4,20,29,28,20,8,4,4,27,28,12,19,19,0.51,0.443,0.24,0.226,0.607,10.9,0.585,2021.0,0.20999999999999996,0.0
1610612761,Toronto Raptors,82,0.585,3971.0,112.1,109.9,2.2,0.543,1.77,16.1,0.325,0.714,0.508,0.128,0.51,0.543,96.63,8000,0.494,1,10,5,15,9,12,30,17,30,2,23,11,3,27,27,27,21,2021-22,2021,Average,0.033,0.389,2.277,0.38,1,40.6,91.3,0.445,11.9,34.2,0.349,16.2,21.3,0.759,13.4,32.0,45.3,22.1,12.5,9.0,4.6,5.1,19.6,19.1,109.4,2.3,14,4,25,19,19,20,23,21,23,2,30,8,29,2,2,17,25,13,23,20,12,0.503,0.375,0.233,0.296,0.544,9.6,0.5,2022.0,-0.08499999999999996,1.0
1610612761,Toronto Raptors,82,0.5,3961.0,114.6,113.1,1.5,0.571,2.05,17.2,0.316,0.721,0.502,0.118,0.517,0.555,97.85,8076,0.496,1,17,18,13,11,12,26,1,25,3,15,15,1,28,27,25,21,2022-23,2022,Average,0.038,0.405,1.533,0.384,1,41.9,91.3,0.459,10.7,32.0,0.335,18.4,23.4,0.784,12.7,30.3,43.0,23.9,11.7,9.4,5.2,4.6,20.0,19.6,112.9,1.5,19,5,27,28,21,28,17,18,17,2,30,18,23,1,1,9,15,13,22,24,12,0.526,0.35,0.256,0.295,0.57,12.2,0.305,2023.0,-0.195,1.0
1610612761,Toronto Raptors,82,0.305,3961.0,111.8,118.1,-6.3,0.674,2.04,19.9,0.281,0.694,0.484,0.139,0.535,0.566,99.91,8241,0.474,1,25,10,24,26,24,2,15,7,18,29,27,20,21,23,12,25,2023-24,2023,Unsuccessful,0.031,0.413,-6.306,0.345,0,42.3,89.7,0.471,11.5,33.1,0.347,16.3,21.6,0.756,10.9,31.8,42.7,28.5,14.0,7.7,4.7,5.8,18.4,18.1,112.4,-6.4,15,10,16,26,22,27,18,16,29,11,26,23,6,20,10,19,23,12,22,21,24,0.544,0.369,0.241,0.255,0.674,14.5,0.366,2024.0,0.061,0.0
1610612761,Toronto Raptors,82,0.366,3961.0,109.6,113.6,-4.1,0.685,1.86,19.6,0.311,0.696,0.5,0.152,0.522,0.553,100.62,8297,0.477,1,24,9,26,15,24,2,15,9,6,24,17,25,24,25,9,23,2024-25,2024,Unsuccessful,0.031,0.385,-4.075,0.348,0,41.6,91.0,0.458,11.8,34.0,0.348,15.8,21.1,0.748,12.6,32.5,45.1,28.5,15.3,8.1,4.2,5.9,21.2,18.1,110.9,-4.3,15,6,20,29,28,23,28,20,29,4,24,10,7,24,16,28,29,30,24,23,24,0.523,0.374,0.232,0.279,0.685,13.2,,,,
1610612762,Utah Jazz,82,0.488,3991.0,105.0,103.2,1.8,0.526,1.27,15.1,0.303,0.731,0.517,0.161,0.501,0.54,91.66,7625,0.508,1,19,2,16,7,10,27,29,27,4,10,5,26,15,16,30,12,2015-16,2015,Average,0.039,0.428,1.964,0.356,1,36.1,80.4,0.449,8.5,23.9,0.355,17.1,23.0,0.744,10.7,32.5,43.2,19.0,14.9,7.7,5.2,4.7,20.2,19.9,97.7,1.8,29,30,18,16,15,12,19,16,24,10,23,18,28,21,18,14,12,12,18,28,10,0.488,0.297,0.286,0.248,0.526,4.1,0.622,2016.0,0.134,0.0
1610612762,Utah Jazz,82,0.622,3951.0,109.0,104.7,4.3,0.544,1.48,16.2,0.27,0.743,0.514,0.148,0.526,0.563,92.09,7579,0.534,1,5,25,12,3,5,23,24,23,18,4,5,21,8,10,30,3,2016-17,2016,Successful,0.037,0.473,4.669,0.366,2,37.0,79.5,0.466,9.6,26.0,0.372,17.1,22.9,0.747,9.4,33.8,43.2,20.1,13.6,6.7,5.0,3.8,18.8,20.2,100.7,3.9,28,30,9,13,17,9,22,16,24,19,13,19,28,13,29,8,3,8,12,28,6,0.512,0.327,0.288,0.218,0.543,6.5,0.585,2017.0,-0.03700000000000003,0.0
1610612762,Utah Jazz,82,0.585,3951.0,107.4,103.0,4.4,0.586,1.53,17.1,0.256,0.756,0.509,0.152,0.527,0.564,96.58,7951,0.532,1,8,18,16,1,5,14,24,17,21,3,7,24,9,11,25,4,2017-18,2017,Average,0.037,0.5,4.556,0.357,1,38.3,82.9,0.462,10.8,29.6,0.366,16.8,21.5,0.779,9.0,34.2,43.3,22.4,14.7,8.6,5.1,4.6,19.6,20.5,104.1,4.3,26,29,13,13,13,12,14,15,12,23,11,20,21,20,4,9,11,16,8,19,5,0.516,0.357,0.259,0.208,0.585,7.7,0.61,2018.0,0.025000000000000022,0.0
1610612762,Utah Jazz,82,0.61,3951.0,110.3,105.3,5.0,0.644,1.72,18.5,0.275,0.759,0.522,0.149,0.538,0.572,100.84,8308,0.539,1,8,24,14,2,4,4,15,8,12,1,3,27,5,7,14,3,2018-19,2018,Successful,0.034,0.484,4.958,0.373,2,40.4,86.4,0.468,12.1,34.0,0.356,18.8,25.5,0.736,10.0,36.4,46.4,26.0,15.1,8.1,5.9,4.6,21.1,22.4,111.7,5.3,19,29,10,9,9,10,8,3,26,18,5,9,8,27,12,3,9,18,4,17,4,0.54,0.394,0.295,0.216,0.644,10.9,0.611,2019.0,0.0010000000000000009,0.0
1610612762,Utah Jazz,72,0.611,3471.0,111.8,109.3,2.5,0.56,1.48,16.8,0.261,0.746,0.512,0.152,0.549,0.585,99.15,7169,0.513,11,8,19,9,13,9,25,27,24,20,6,8,25,2,2,24,12,2019-20,2019,Successful,0.036,0.485,2.521,0.36,2,40.1,85.1,0.471,13.4,35.2,0.38,17.8,22.8,0.779,9.1,35.8,44.9,22.4,15.1,6.1,4.1,4.6,20.4,20.8,111.3,2.5,22,29,6,7,10,1,16,19,15,26,8,13,26,21,30,28,10,12,14,18,9,0.535,0.414,0.268,0.203,0.559,7.3,0.722,2020.0,0.11099999999999999,0.0
1610612762,Utah Jazz,72,0.722,3471.0,116.5,107.5,9.0,0.573,1.66,17.3,0.284,0.757,0.529,0.142,0.563,0.597,99.37,7193,0.542,1,1,19,4,3,1,22,23,22,5,2,1,19,5,4,16,1,2020-21,2020,Successful,0.034,0.473,9.057,0.387,2,41.3,88.1,0.468,16.7,43.0,0.389,17.2,21.5,0.799,10.6,37.6,48.3,23.7,14.2,6.6,5.2,3.9,18.5,19.0,116.4,9.3,17,18,16,1,1,4,12,14,8,4,2,1,23,18,29,8,3,8,17,4,1,0.545,0.488,0.244,0.219,0.574,9.5,0.598,2021.0,-0.124,1.0
1610612762,Utah Jazz,82,0.598,3946.0,116.2,110.0,6.2,0.552,1.6,16.7,0.3,0.738,0.525,0.143,0.555,0.589,97.5,8014,0.528,1,9,24,1,10,3,29,27,27,5,5,2,22,2,2,23,6,2021-22,2021,Average,0.034,0.438,6.359,0.382,1,40.6,86.2,0.471,14.5,40.3,0.36,17.9,23.4,0.767,10.8,35.6,46.3,22.4,14.0,7.2,4.9,4.3,18.9,20.3,113.6,6.0,15,25,6,2,2,11,6,4,20,10,3,3,27,16,20,11,8,10,8,7,3,0.569,0.468,0.271,0.233,0.552,8.4,0.451,2022.0,-0.14699999999999996,1.0
1610612762,Utah Jazz,82,0.451,3961.0,115.3,116.0,-0.7,0.611,1.69,18.2,0.308,0.711,0.512,0.151,0.547,0.584,101.02,8329,0.498,1,22,18,9,23,22,11,25,14,4,23,6,28,15,14,11,19,2022-23,2022,Average,0.037,0.403,-0.693,0.361,1,42.5,89.8,0.473,13.3,37.8,0.353,18.7,23.8,0.786,11.8,34.1,45.9,26.0,15.4,6.1,5.2,4.9,20.5,20.5,117.1,-0.9,12,10,18,7,5,20,13,12,14,6,6,5,10,28,30,7,19,21,8,7,22,0.562,0.421,0.265,0.257,0.612,10.6,0.378,2023.0,-0.07300000000000001,1.0
1610612762,Utah Jazz,82,0.378,3961.0,114.5,119.6,-5.1,0.648,1.74,18.9,0.325,0.717,0.521,0.155,0.539,0.579,100.26,8281,0.478,1,23,10,18,30,23,10,26,17,2,18,3,30,18,15,10,24,2023-24,2023,Unsuccessful,0.04,0.392,-5.087,0.366,0,42.0,89.9,0.467,12.9,36.5,0.354,18.8,22.6,0.83,12.2,33.2,45.5,27.2,15.7,6.5,5.6,6.4,18.6,19.2,115.7,-4.9,17,9,19,13,10,22,4,10,1,4,12,3,10,30,29,9,28,16,8,11,23,0.545,0.406,0.251,0.268,0.648,11.5,0.207,2024.0,-0.171,1.0
1610612762,Utah Jazz,82,0.207,3961.0,110.2,119.4,-9.2,0.633,1.48,17.9,0.311,0.705,0.508,0.17,0.533,0.568,100.85,8322,0.45,1,30,9,24,30,28,18,30,24,7,16,8,30,21,21,6,28,2024-25,2024,Unsuccessful,0.035,0.394,-9.122,0.338,0,40.3,88.7,0.454,14.0,39.8,0.35,17.3,22.4,0.774,12.0,33.4,45.4,25.5,17.2,6.8,4.4,6.4,18.9,19.3,111.9,-9.3,25,20,22,10,6,22,8,10,22,8,11,5,20,30,30,24,30,18,4,21,28,0.538,0.449,0.253,0.264,0.633,8.3,,,,
1610612763,Memphis Grizzlies,82,0.512,3966.0,104.7,107.1,-2.4,0.562,1.56,16.0,0.298,0.709,0.495,0.14,0.477,0.524,93.95,7763,0.483,1,14,11,19,20,21,20,13,25,6,23,16,9,29,27,27,23,2015-16,2015,Average,0.047,0.411,-2.555,0.355,1,36.8,83.6,0.44,6.1,18.5,0.331,19.3,24.7,0.783,11.2,30.5,41.6,20.7,13.3,8.8,4.3,5.7,21.7,21.1,99.1,-2.2,26,22,23,27,25,29,5,9,9,8,30,28,25,6,6,21,29,27,9,24,20,0.472,0.221,0.295,0.269,0.562,7.4,0.524,2016.0,0.01200000000000001,0.0
1610612763,Memphis Grizzlies,82,0.524,3981.0,107.0,106.5,0.5,0.584,1.65,16.5,0.295,0.731,0.507,0.137,0.491,0.535,92.84,7702,0.501,1,11,2,19,7,12,12,17,20,7,9,7,9,28,26,29,17,2016-17,2016,Average,0.044,0.436,0.539,0.37,1,36.4,83.6,0.435,9.4,26.5,0.354,18.3,23.4,0.784,10.8,32.0,42.8,21.3,12.9,8.0,4.2,5.0,22.4,20.8,100.5,0.5,29,25,30,15,14,17,12,12,13,10,27,24,21,6,13,22,18,29,4,29,13,0.473,0.317,0.28,0.252,0.585,8.4,0.268,2017.0,-0.256,1.0
1610612763,Memphis Grizzlies,82,0.268,3941.0,103.6,110.4,-6.8,0.586,1.44,16.6,0.276,0.721,0.493,0.156,0.5,0.539,95.65,7865,0.46,1,29,27,27,26,27,12,29,24,10,23,23,28,28,27,29,27,2017-18,2017,Unsuccessful,0.039,0.445,-7.109,0.337,0,36.7,82.8,0.444,9.2,26.2,0.352,16.6,21.1,0.786,9.5,31.0,40.5,21.5,15.0,7.5,4.8,5.1,23.2,20.4,99.3,-6.2,30,30,27,24,24,25,17,16,6,18,30,29,26,24,22,14,23,30,10,29,27,0.486,0.316,0.255,0.235,0.586,6.5,0.402,2018.0,0.134,0.0
1610612763,Memphis Grizzlies,82,0.402,3976.0,105.6,108.0,-2.4,0.631,1.71,17.9,0.247,0.724,0.484,0.143,0.508,0.548,97.15,8038,0.49,1,22,4,27,9,24,6,16,13,27,20,26,23,27,24,30,22,2018-19,2018,Average,0.04,0.477,-2.47,0.341,1,38.0,84.4,0.45,9.9,28.9,0.342,17.7,23.0,0.772,8.8,33.0,41.8,23.9,14.0,8.3,5.5,4.9,22.0,21.4,103.5,-2.6,30,30,23,27,25,25,15,18,15,29,26,29,19,15,6,4,13,24,9,30,24,0.506,0.342,0.273,0.211,0.629,9.9,0.466,2019.0,0.064,0.0
1610612763,Memphis Grizzlies,73,0.466,3514.0,108.7,109.7,-1.0,0.633,1.77,18.7,0.271,0.733,0.506,0.147,0.528,0.561,103.31,7562,0.507,3,16,9,21,14,17,6,9,5,13,15,14,20,20,21,6,14,2019-20,2019,Average,0.033,0.462,-0.968,0.359,1,42.5,90.9,0.468,10.9,31.5,0.347,16.6,21.8,0.763,10.3,36.2,46.5,26.9,15.2,7.9,5.5,5.3,21.2,20.2,112.6,-1.1,3,6,7,25,24,23,23,24,19,14,5,5,2,23,12,7,22,18,20,14,17,0.532,0.347,0.24,0.222,0.633,11.7,0.528,2020.0,0.062,0.0
1610612763,Memphis Grizzlies,72,0.528,3481.0,111.7,110.5,1.2,0.628,2.03,18.9,0.285,0.736,0.507,0.131,0.528,0.56,100.77,7302,0.511,1,15,11,15,7,14,7,3,9,4,15,11,6,22,22,8,9,2020-21,2020,Average,0.032,0.451,1.191,0.376,1,42.8,91.8,0.467,11.2,31.4,0.356,16.4,21.3,0.771,11.2,35.3,46.5,26.9,13.3,9.1,5.1,5.2,18.7,18.3,113.3,1.0,7,2,18,24,23,20,19,17,18,2,9,4,4,10,1,12,20,9,25,15,15,0.523,0.342,0.232,0.241,0.629,13.6,0.683,2021.0,0.15500000000000003,0.0
1610612763,Memphis Grizzlies,82,0.683,3956.0,114.3,108.9,5.3,0.597,1.97,17.9,0.338,0.726,0.526,0.13,0.522,0.553,100.52,8295,0.53,1,2,13,4,6,5,19,5,15,1,15,1,8,23,24,4,4,2021-22,2021,Successful,0.031,0.388,5.273,0.396,2,43.5,94.4,0.461,11.5,32.7,0.353,17.0,23.1,0.734,14.1,35.0,49.2,26.0,13.2,9.8,6.5,6.0,19.8,19.8,115.6,5.7,2,1,19,23,23,17,15,7,28,1,8,1,6,9,1,1,30,17,14,2,4,0.519,0.346,0.245,0.287,0.598,12.8,0.622,2022.0,-0.061000000000000054,1.0
1610612763,Memphis Grizzlies,82,0.622,3956.0,114.7,110.7,4.0,0.596,1.91,18.2,0.302,0.711,0.507,0.133,0.54,0.57,101.5,8360,0.519,1,5,22,11,3,4,19,7,15,6,22,8,9,21,25,8,6,2022-23,2022,Successful,0.03,0.409,3.941,0.374,2,43.7,92.1,0.475,12.0,34.2,0.351,17.5,23.8,0.733,12.0,34.6,46.6,26.0,13.6,8.3,5.8,5.2,20.0,20.0,116.9,3.9,2,4,16,16,11,23,25,13,30,4,4,2,9,12,3,3,24,14,16,9,4,0.547,0.371,0.258,0.258,0.595,12.4,0.329,2023.0,-0.293,1.0
1610612763,Memphis Grizzlies,82,0.329,3956.0,106.8,113.7,-6.9,0.644,1.64,17.9,0.287,0.706,0.488,0.152,0.509,0.543,98.68,8128,0.458,1,24,17,30,12,26,13,29,27,13,23,25,28,29,29,17,26,2023-24,2023,Unsuccessful,0.034,0.419,-6.992,0.336,0,38.4,88.2,0.435,13.1,37.8,0.346,16.0,21.0,0.764,10.9,31.7,42.6,24.7,15.1,8.2,6.1,6.5,19.1,18.8,105.8,-7.0,30,21,30,12,6,29,22,19,23,10,27,24,27,26,4,4,30,20,13,30,26,0.502,0.429,0.238,0.256,0.643,9.6,0.585,2024.0,0.25599999999999995,0.0
1610612763,Memphis Grizzlies,82,0.585,3941.0,117.2,112.6,4.7,0.635,1.81,19.1,0.33,0.702,0.518,0.151,0.554,0.588,103.69,8513,0.524,1,11,29,6,11,6,15,17,12,3,20,3,24,12,12,1,7,2024-25,2024,Average,0.034,0.372,4.533,0.367,1,44.8,93.3,0.479,13.9,37.9,0.367,18.3,23.3,0.786,12.9,34.4,47.3,28.4,15.7,8.9,5.6,5.5,20.9,20.2,121.7,4.9,2,2,8,11,13,11,1,2,12,3,4,2,8,28,7,3,25,29,2,2,5,0.558,0.406,0.25,0.273,0.634,12.7,,,,
1610612764,Washington Wizards,82,0.5,3951.0,104.5,105.1,-0.5,0.619,1.69,18.1,0.25,0.737,0.49,0.145,0.511,0.544,99.16,8163,0.497,1,17,26,21,14,17,3,8,4,25,6,24,15,9,15,5,15,2015-16,2015,Average,0.033,0.487,-0.504,0.345,1,39.5,85.8,0.46,8.6,24.2,0.358,16.5,22.5,0.73,9.1,32.8,41.8,24.5,14.5,8.6,3.9,4.3,20.8,20.1,104.1,-0.5,6,10,9,13,14,11,24,20,25,27,22,26,5,16,8,26,6,21,16,9,17,0.502,0.282,0.262,0.218,0.62,10.0,0.598,2016.0,0.09799999999999998,0.0
1610612764,Washington Wizards,82,0.598,3971.0,110.4,108.8,1.7,0.577,1.68,17.6,0.286,0.716,0.501,0.143,0.528,0.564,97.94,8109,0.511,1,9,7,8,20,9,16,12,8,10,23,14,17,6,8,10,8,2016-17,2016,Average,0.036,0.43,1.736,0.358,1,41.3,87.0,0.475,9.2,24.8,0.372,17.3,22.1,0.784,10.3,32.6,42.9,23.9,14.2,8.5,4.1,4.6,21.3,19.8,109.2,1.8,2,10,3,16,20,8,20,22,12,13,24,22,6,20,2,24,10,27,18,5,9,0.516,0.285,0.254,0.24,0.579,9.7,0.524,2017.0,-0.07399999999999995,1.0
1610612764,Washington Wizards,82,0.524,3971.0,108.1,107.7,0.4,0.631,1.73,18.4,0.274,0.732,0.504,0.148,0.525,0.56,97.67,8087,0.509,1,17,5,15,15,15,3,7,4,11,13,12,20,11,12,16,13,2017-18,2017,Average,0.035,0.458,0.41,0.356,1,39.9,85.6,0.467,9.9,26.5,0.375,16.8,21.8,0.772,10.0,33.1,43.1,25.2,14.6,7.9,4.3,4.7,21.3,20.0,106.6,0.6,12,19,11,21,23,4,13,14,16,13,22,21,4,18,10,22,13,25,15,13,15,0.508,0.31,0.255,0.232,0.632,10.6,0.39,2018.0,-0.134,1.0
1610612764,Washington Wizards,82,0.39,3986.0,110.2,112.9,-2.7,0.623,1.87,18.4,0.252,0.706,0.477,0.136,0.531,0.567,102.23,8486,0.487,1,25,2,15,27,25,10,11,9,25,28,29,10,9,11,9,23,2018-19,2018,Unsuccessful,0.036,0.454,-2.641,0.341,0,42.1,90.1,0.468,11.3,33.3,0.341,18.4,23.9,0.768,9.7,32.7,42.4,26.3,14.1,8.3,4.6,4.6,20.7,21.2,114.0,-2.9,10,10,11,14,12,26,10,9,17,23,27,27,6,18,7,23,10,13,12,10,25,0.542,0.37,0.265,0.229,0.625,12.2,0.347,2019.0,-0.04300000000000004,0.0
1610612764,Washington Wizards,72,0.347,3471.0,110.2,114.7,-4.5,0.602,1.77,17.6,0.262,0.712,0.478,0.136,0.523,0.562,103.38,7475,0.473,11,23,19,16,29,25,14,8,16,19,27,30,6,21,19,5,22,2019-20,2019,Unsuccessful,0.039,0.45,-4.353,0.342,0,41.5,90.9,0.457,12.0,32.6,0.368,19.4,24.6,0.788,10.2,31.9,42.0,25.0,14.2,8.0,4.3,5.0,22.7,22.2,114.4,-4.7,11,5,21,17,18,8,6,7,11,17,28,28,12,9,11,24,18,29,4,7,25,0.506,0.359,0.271,0.243,0.602,10.8,0.472,2020.0,0.125,0.0
1610612764,Washington Wizards,72,0.472,3481.0,110.7,112.3,-1.6,0.59,1.77,17.8,0.25,0.736,0.494,0.137,0.531,0.569,104.67,7585,0.496,1,17,11,17,20,22,19,19,17,24,16,19,16,20,18,1,19,2020-21,2020,Average,0.038,0.486,-1.529,0.357,1,43.2,90.9,0.475,10.2,29.0,0.351,20.1,26.2,0.769,9.7,35.5,45.2,25.5,14.4,7.3,4.1,4.8,21.6,22.0,116.6,-1.8,5,5,10,28,29,23,1,1,19,15,6,8,13,20,18,28,15,30,1,3,22,0.533,0.319,0.288,0.215,0.59,11.1,0.427,2021.0,-0.044999999999999984,0.0
1610612764,Washington Wizards,82,0.427,3966.0,110.2,113.6,-3.4,0.617,1.91,18.5,0.247,0.731,0.494,0.133,0.532,0.568,97.8,8079,0.496,1,21,7,21,25,23,11,7,8,29,11,19,11,18,16,22,19,2021-22,2021,Average,0.036,0.484,-3.476,0.361,1,40.6,86.0,0.472,10.5,30.6,0.342,17.0,21.7,0.783,9.0,34.1,43.1,25.0,13.1,6.4,5.0,4.2,18.8,19.9,108.6,-3.4,15,26,5,30,29,26,15,15,12,28,14,23,12,8,30,8,7,9,12,22,23,0.543,0.356,0.252,0.209,0.616,11.9,0.427,2022.0,0.0,0.0
1610612764,Washington Wizards,82,0.427,3951.0,113.7,114.9,-1.2,0.603,1.8,18.5,0.273,0.724,0.505,0.142,0.55,0.585,99.16,8161,0.504,1,23,25,22,21,23,16,16,13,19,13,13,17,13,13,19,15,2022-23,2022,Average,0.035,0.451,-1.21,0.363,1,42.1,86.9,0.485,11.3,31.7,0.356,17.6,22.4,0.785,9.4,34.2,43.6,25.4,14.1,6.8,5.2,5.0,18.8,19.4,113.2,-1.2,14,20,8,21,23,18,22,22,15,24,5,15,14,16,23,9,20,5,24,21,23,0.558,0.365,0.258,0.216,0.603,11.3,0.183,2023.0,-0.244,1.0
1610612764,Washington Wizards,82,0.183,3946.0,110.2,118.9,-8.7,0.65,2.0,19.5,0.24,0.683,0.459,0.136,0.538,0.567,103.07,8461,0.454,1,29,23,25,28,27,9,16,9,30,30,30,16,19,22,1,27,2023-24,2023,Unsuccessful,0.029,0.443,-8.441,0.323,0,43.0,91.4,0.47,12.4,35.5,0.348,15.4,20.2,0.764,9.2,31.9,41.1,27.9,14.0,7.6,5.1,6.0,20.0,18.0,113.7,-9.3,11,4,17,21,14,25,28,25,24,28,24,29,9,20,14,14,26,25,23,17,29,0.547,0.388,0.221,0.224,0.649,13.9,0.22,2024.0,0.037000000000000005,0.0
1610612764,Washington Wizards,82,0.22,3946.0,105.8,118.0,-12.2,0.637,1.61,17.8,0.272,0.685,0.476,0.152,0.512,0.546,101.82,8371,0.437,1,29,23,30,28,30,12,27,25,24,27,29,26,28,29,4,30,2024-25,2024,Unsuccessful,0.034,0.413,-11.982,0.324,0,39.4,89.9,0.439,13.1,39.1,0.335,16.0,20.6,0.778,10.6,33.1,43.7,25.1,15.6,7.6,5.1,5.2,19.7,18.2,108.0,-12.4,27,12,28,17,9,29,25,25,16,21,15,18,25,27,23,11,21,24,21,27,30,0.518,0.435,0.229,0.243,0.637,9.5,,,,
1610612765,Detroit Pistons,82,0.537,3976.0,105.3,104.9,0.3,0.512,1.44,14.8,0.313,0.753,0.521,0.14,0.491,0.522,95.75,7942,0.486,1,12,5,15,13,14,29,23,29,2,2,2,8,22,28,21,22,2015-16,2015,Average,0.031,0.44,0.313,0.381,1,37.9,86.4,0.439,9.0,26.2,0.345,17.1,25.5,0.668,12.5,33.9,46.3,19.4,13.5,7.0,3.7,4.5,19.0,21.6,102.0,0.6,18,5,25,10,10,22,20,5,30,2,11,2,27,9,24,30,9,6,5,19,14,0.48,0.303,0.295,0.27,0.512,5.9,0.451,2016.0,-0.08600000000000002,1.0
1610612765,Detroit Pistons,82,0.451,3961.0,105.3,106.7,-1.4,0.53,1.78,16.1,0.286,0.775,0.519,0.123,0.492,0.521,95.52,7890,0.482,1,19,13,23,8,21,28,4,24,9,1,3,2,27,30,21,23,2016-17,2016,Average,0.029,0.489,-1.466,0.396,1,39.9,88.8,0.449,7.7,23.4,0.33,13.9,19.3,0.719,11.1,34.6,45.7,21.1,11.9,7.0,3.8,4.1,17.9,17.5,101.3,-1.1,7,1,22,27,26,28,30,29,29,8,5,4,24,3,25,29,6,3,30,26,21,0.492,0.264,0.217,0.243,0.529,9.2,0.476,2017.0,0.024999999999999967,0.0
1610612765,Detroit Pistons,82,0.476,3961.0,106.6,106.7,-0.1,0.582,1.7,17.1,0.269,0.74,0.499,0.138,0.512,0.543,96.75,7981,0.489,1,19,12,19,10,19,19,10,18,16,9,18,7,20,26,23,21,2017-18,2017,Average,0.031,0.471,-0.103,0.361,1,39.1,86.9,0.45,10.8,28.9,0.373,14.7,19.8,0.745,10.1,33.6,43.7,22.8,13.4,7.7,3.9,4.9,18.4,18.4,103.8,-0.1,16,9,23,14,16,5,27,24,25,11,18,16,15,7,14,27,17,4,27,22,19,0.488,0.333,0.228,0.231,0.583,9.4,0.5,2018.0,0.02400000000000002,0.0
1610612765,Detroit Pistons,82,0.5,3971.0,108.4,108.7,-0.3,0.579,1.63,16.5,0.291,0.745,0.509,0.14,0.509,0.544,97.88,8101,0.482,1,16,7,21,12,16,23,23,25,5,4,8,18,26,26,28,25,2018-19,2018,Average,0.035,0.454,-0.306,0.369,1,38.8,88.3,0.44,12.1,34.8,0.348,17.3,23.1,0.747,11.4,33.6,45.0,22.5,13.8,6.9,4.0,5.1,22.1,21.3,107.0,-0.2,27,19,29,9,6,23,19,17,23,5,24,18,26,11,22,29,17,26,11,25,17,0.499,0.394,0.262,0.253,0.58,8.7,0.303,2019.0,-0.197,1.0
1610612765,Detroit Pistons,66,0.303,3193.0,108.8,112.3,-3.5,0.612,1.58,17.7,0.277,0.717,0.493,0.155,0.529,0.561,97.86,6507,0.473,24,26,24,20,22,23,11,23,13,11,25,19,27,19,20,28,23,2019-20,2019,Unsuccessful,0.032,0.44,-3.577,0.338,0,39.3,85.7,0.459,12.0,32.7,0.367,16.6,22.4,0.743,9.8,32.0,41.7,24.1,15.3,7.4,4.5,5.6,19.7,19.8,107.2,-3.6,28,27,18,18,17,11,22,22,26,21,27,30,16,25,21,22,27,8,24,25,23,0.515,0.382,0.261,0.235,0.613,8.8,0.278,2020.0,-0.024999999999999967,0.0
1610612765,Detroit Pistons,72,0.278,3486.0,107.6,112.2,-4.5,0.626,1.62,17.8,0.267,0.725,0.493,0.151,0.519,0.556,98.19,7132,0.473,1,29,6,26,19,25,8,26,18,15,24,21,26,26,24,23,25,2020-21,2020,Unsuccessful,0.037,0.458,-4.583,0.342,0,38.7,85.6,0.452,11.6,32.9,0.351,17.8,23.4,0.759,9.6,33.1,42.7,24.2,14.9,7.4,5.2,5.8,20.5,20.4,106.6,-4.5,28,29,24,22,21,22,7,5,24,18,26,25,18,25,17,8,28,26,5,27,25,0.514,0.384,0.273,0.225,0.625,9.3,0.28,2021.0,0.0020000000000000018,0.0
1610612765,Detroit Pistons,82,0.28,3956.0,105.6,113.3,-7.7,0.615,1.65,17.1,0.276,0.707,0.481,0.143,0.494,0.533,98.81,8141,0.45,1,28,13,28,24,26,12,23,24,13,26,30,20,30,29,13,29,2021-22,2021,Unsuccessful,0.039,0.431,-7.793,0.338,0,38.2,88.6,0.431,11.3,34.6,0.326,17.2,22.0,0.782,11.0,32.0,43.0,23.5,14.2,7.7,4.8,5.2,21.9,19.8,104.8,-7.7,29,11,29,26,16,29,13,13,13,8,29,25,24,20,10,14,26,30,14,28,26,0.498,0.391,0.248,0.256,0.615,9.3,0.207,2022.0,-0.07300000000000004,1.0
1610612765,Detroit Pistons,82,0.207,3961.0,109.9,117.8,-7.9,0.581,1.52,16.7,0.292,0.702,0.491,0.15,0.52,0.561,99.88,8231,0.449,1,30,18,28,27,28,22,29,28,8,27,23,26,27,26,13,30,2022-23,2022,Unsuccessful,0.041,0.41,-7.909,0.341,0,39.6,87.1,0.454,11.4,32.4,0.351,19.8,25.7,0.771,11.2,31.3,42.4,23.0,15.1,7.0,3.8,5.5,22.1,21.0,110.3,-8.2,29,19,30,20,19,22,4,2,21,10,26,21,27,25,20,27,27,30,3,29,29,0.516,0.372,0.295,0.264,0.581,7.9,0.171,2023.0,-0.035999999999999976,0.0
1610612765,Detroit Pistons,82,0.171,3951.0,109.0,118.0,-9.0,0.623,1.67,18.2,0.277,0.73,0.499,0.151,0.526,0.562,100.45,8269,0.449,1,30,21,27,25,29,17,28,23,20,5,17,27,28,26,9,28,2023-24,2023,Unsuccessful,0.036,0.453,-8.96,0.348,0,40.9,88.2,0.463,11.0,31.7,0.348,17.0,21.7,0.785,10.5,32.8,43.3,25.5,15.2,6.5,4.7,6.0,20.6,17.8,109.9,-9.1,24,20,24,29,27,26,14,15,12,15,18,16,22,28,30,20,25,28,28,27,28,0.529,0.359,0.246,0.242,0.623,10.3,0.537,2024.0,0.366,0.0
1610612765,Detroit Pistons,82,0.537,3961.0,114.6,112.5,2.1,0.618,1.78,18.6,0.305,0.714,0.511,0.147,0.547,0.58,100.27,8268,0.509,1,14,9,14,10,12,21,20,19,10,11,5,21,16,16,11,14,2024-25,2024,Average,0.033,0.409,2.094,0.364,1,42.7,89.8,0.476,12.8,35.4,0.362,17.2,22.3,0.774,11.4,33.4,44.8,26.4,14.9,8.0,5.3,5.0,20.7,18.9,115.5,1.9,10,14,13,20,22,17,11,11,20,11,12,13,15,21,19,9,17,27,13,12,13,0.55,0.394,0.248,0.254,0.618,11.5,,,,
1610612766,Charlotte Hornets,82,0.585,3971.0,106.4,103.7,2.7,0.586,1.73,16.7,0.244,0.754,0.499,0.129,0.502,0.545,96.24,7966,0.511,1,7,9,9,9,9,17,6,18,27,1,15,1,14,12,18,11,2015-16,2015,Average,0.043,0.51,2.805,0.37,1,37.0,84.4,0.439,10.6,29.4,0.362,18.7,23.7,0.79,9.0,35.0,43.9,21.7,12.5,7.3,5.3,5.5,18.1,20.4,103.4,2.7,24,16,27,4,4,8,7,11,5,28,4,14,19,1,22,12,21,3,14,11,9,0.48,0.348,0.281,0.205,0.586,9.2,0.439,2016.0,-0.14599999999999996,1.0
1610612766,Charlotte Hornets,82,0.439,3966.0,108.4,108.4,0.0,0.611,2.01,17.6,0.247,0.749,0.496,0.119,0.501,0.547,95.92,7934,0.505,1,20,10,14,17,15,8,2,9,27,3,19,1,23,17,20,11,2016-17,2016,Average,0.046,0.502,0.0,0.377,1,37.7,85.4,0.442,10.0,28.6,0.351,19.4,23.8,0.815,8.8,34.8,43.6,23.1,11.5,7.0,4.8,5.5,16.6,19.9,104.9,0.2,26,15,26,11,9,18,5,10,1,26,4,16,11,1,27,17,28,1,15,16,15,0.488,0.335,0.279,0.202,0.613,11.6,0.439,2017.0,0.0,0.0
1610612766,Charlotte Hornets,82,0.439,3956.0,109.0,109.0,-0.1,0.554,1.7,16.1,0.271,0.763,0.512,0.128,0.508,0.549,98.66,8143,0.5,1,20,16,9,17,18,25,9,27,13,2,5,2,25,18,10,18,2017-18,2017,Average,0.041,0.492,-0.101,0.384,1,39.0,86.7,0.45,10.0,27.2,0.369,20.2,27.0,0.747,10.1,35.4,45.5,21.6,12.7,6.8,4.5,4.9,17.2,22.4,108.2,0.3,18,11,24,19,21,8,1,1,24,12,4,3,24,3,28,18,20,2,1,10,17,0.487,0.314,0.311,0.222,0.554,8.9,0.476,2018.0,0.03699999999999998,0.0
1610612766,Charlotte Hornets,82,0.476,3966.0,110.7,112.0,-1.3,0.578,1.9,17.0,0.268,0.731,0.495,0.122,0.514,0.554,99.18,8202,0.486,1,17,11,11,23,19,24,6,22,17,12,22,2,24,19,21,24,2018-19,2018,Average,0.04,0.463,-1.311,0.373,1,40.2,89.8,0.448,11.9,33.9,0.351,18.4,23.1,0.797,9.9,33.9,43.8,23.2,12.2,7.2,4.9,6.0,18.9,20.6,110.7,-1.1,21,12,26,11,10,18,9,16,6,19,22,23,24,2,21,18,29,3,18,19,18,0.506,0.378,0.257,0.226,0.577,11.0,0.354,2019.0,-0.122,1.0
1610612766,Charlotte Hornets,65,0.354,3150.0,105.9,112.8,-7.0,0.639,1.63,17.7,0.28,0.706,0.486,0.15,0.504,0.539,96.24,6317,0.455,26,22,26,28,25,27,4,18,15,8,30,25,24,28,29,30,28,2019-20,2019,Unsuccessful,0.035,0.426,-7.273,0.336,0,37.3,85.9,0.434,12.1,34.3,0.352,16.2,21.6,0.748,11.0,31.8,42.8,23.8,14.6,6.6,4.1,5.0,18.8,20.6,102.9,-6.8,30,26,30,15,14,19,26,25,24,3,29,26,19,14,26,25,20,3,16,30,27,0.488,0.399,0.251,0.257,0.638,9.2,0.458,2020.0,0.10400000000000004,0.0
1610612766,Charlotte Hornets,72,0.458,3471.0,110.1,112.0,-1.9,0.672,1.81,19.2,0.276,0.722,0.496,0.149,0.532,0.564,99.0,7159,0.489,1,19,19,23,16,23,1,16,7,9,26,17,25,19,21,18,22,2020-21,2020,Average,0.032,0.446,-1.919,0.347,1,39.9,87.8,0.455,13.7,37.0,0.369,15.9,20.9,0.761,10.6,33.2,43.8,26.8,14.8,7.8,4.8,4.8,18.0,18.6,109.5,-1.9,22,20,22,10,9,14,26,24,21,6,25,19,5,24,10,16,14,5,21,23,23,0.516,0.421,0.238,0.242,0.672,12.0,0.524,2021.0,0.066,0.0
1610612766,Charlotte Hornets,82,0.524,3976.0,113.6,113.1,0.5,0.656,2.12,19.6,0.27,0.706,0.486,0.131,0.544,0.572,100.52,8322,0.504,1,16,3,8,22,16,3,2,2,14,29,27,9,7,13,5,15,2021-22,2021,Average,0.028,0.436,0.497,0.355,1,42.8,91.4,0.468,13.9,38.2,0.365,15.8,21.4,0.74,10.8,33.7,44.6,28.1,13.3,8.6,4.9,4.6,19.9,19.6,115.3,0.4,4,3,11,5,6,6,25,19,27,9,21,12,1,10,5,11,12,18,18,4,16,0.543,0.418,0.234,0.242,0.657,14.8,0.329,2022.0,-0.195,1.0
1610612766,Charlotte Hornets,82,0.329,3966.0,108.4,114.7,-6.3,0.609,1.77,17.8,0.276,0.717,0.491,0.139,0.516,0.551,101.47,8390,0.473,1,27,12,30,20,27,13,20,20,17,19,24,14,29,30,9,27,2022-23,2022,Unsuccessful,0.035,0.441,-6.209,0.352,0,41.3,90.4,0.457,10.7,32.5,0.33,17.6,23.6,0.749,11.0,33.5,44.5,25.1,14.2,7.7,5.2,5.7,20.3,20.3,111.0,-6.2,22,6,29,27,18,29,20,17,27,12,10,9,17,17,9,8,29,17,13,27,27,0.528,0.36,0.261,0.247,0.608,10.9,0.256,2023.0,-0.07300000000000001,1.0
1610612766,Charlotte Hornets,82,0.256,3946.0,108.6,119.2,-10.6,0.62,1.8,18.4,0.253,0.709,0.475,0.14,0.529,0.56,97.81,8047,0.447,1,27,23,28,29,30,18,25,22,27,22,29,21,26,28,22,29,2023-24,2023,Unsuccessful,0.031,0.456,-10.837,0.335,0,40.0,87.0,0.46,12.1,34.0,0.355,14.5,18.4,0.786,9.3,31.0,40.3,24.8,13.8,6.9,4.5,4.8,18.0,17.5,106.6,-10.2,27,25,26,23,17,21,30,30,11,27,29,30,26,18,25,25,13,7,29,28,30,0.526,0.391,0.211,0.231,0.62,11.0,0.232,2024.0,-0.023999999999999994,0.0
1610612766,Charlotte Hornets,82,0.232,3951.0,106.7,115.7,-9.1,0.635,1.57,17.5,0.308,0.705,0.5,0.157,0.503,0.537,98.22,8079,0.45,1,28,18,29,24,27,16,28,26,8,17,16,28,30,30,23,29,2024-25,2024,Unsuccessful,0.034,0.397,-9.265,0.343,0,38.3,89.1,0.43,13.0,38.3,0.339,15.5,19.8,0.783,12.2,33.0,45.2,24.3,15.5,7.4,4.5,5.3,18.7,18.1,105.1,-9.1,28,19,30,18,11,28,29,28,14,6,16,9,26,25,26,21,23,16,22,30,27,0.498,0.43,0.222,0.27,0.634,8.8,,,,
