TEAM_ID,TEAM_NAME,TEAM_GP,TEAM_W,TEAM_L,TEAM_W_PCT,TEAM_MIN,TEAM_E_OFF_RATING,TEAM_OFF_RATING,TEAM_E_DEF_RATING,TEAM_DEF_RATING,TEAM_E_NET_RATING,TEAM_NET_RATING,TEAM_AST_PCT,TEAM_AST_TO,TEAM_AST_RATIO,TEAM_OREB_PCT,TEAM_DREB_PCT,TEAM_REB_PCT,TEAM_TM_TOV_PCT,TEAM_EFG_PCT,TEAM_TS_PCT,TEAM_E_PACE,TEAM_PACE,TEAM_PACE_PER40,TEAM_POSS,TEAM_PIE,SEASON,SEASON_START_YEAR,NEXT_SEASON_START_YEAR,NEXT_SEASON,OUTCOME_TEAM_ID,NEXT_TEAM_W_PCT,TARGET_NEXT_SEASON_CHANGE,DECLINE_RISK,TEAM_ABBREVIATION,PLAYER_QUALIFIED_COUNT,PLAYER_TOTAL_QUALIFIED_MINUTES,PLAYER_15_MPG_COUNT,PLAYER_25_MPG_COUNT,PLAYER_POSITIVE_NET_COUNT,PLAYER_MAX_PIE,PLAYER_MAX_USG_PCT,PLAYER_TOP1_MIN_SHARE,PLAYER_TOP3_MIN_SHARE,PLAYER_TOP5_MIN_SHARE,PLAYER_MW_AGE,PLAYER_MW_OFF_RATING,PLAYER_MW_DEF_RATING,PLAYER_MW_NET_RATING,PLAYER_MW_AST_PCT,PLAYER_MW_AST_TO,PLAYER_MW_AST_RATIO,PLAYER_MW_OREB_PCT,PLAYER_MW_DREB_PCT,PLAYER_MW_REB_PCT,PLAYER_MW_TM_TOV_PCT,PLAYER_MW_EFG_PCT,PLAYER_MW_TS_PCT,PLAYER_MW_USG_PCT,PLAYER_MW_PACE,PLAYER_MW_PIE,PLAYER_MW_PTS_PER_36,PLAYER_MW_REB_PER_36,PLAYER_MW_AST_PER_36,PLAYER_MW_TOV_PER_36,PLAYER_MW_STL_PER_36,PLAYER_MW_BLK_PER_36,PLAYER_MW_STD_AGE,PLAYER_MW_STD_PIE,PLAYER_MW_STD_USG_PCT,PLAYER_MW_STD_NET_RATING,PLAYER_MW_STD_TS_PCT
1610612737,Atlanta Hawks,82,56,26,0.683,3961.0,105.4,106.4,98.9,100.3,6.5,6.2,0.554,1.27,15.5,0.334,0.67,0.505,0.168,0.498,0.542,89.6,88.54,73.78,7304,0.539,1996-97,1996,1997,1997-98,1610612737,0.61,-0.07300000000000006,1,ATL,11,19138.005,10,5,8,0.149,0.247,0.16374015995920158,0.4789126836017303,0.7468840142951159,29.33356576787044,106.00178289220845,99.137111113027,6.875990836035418,0.1413589488559544,1.368049520661462,15.281931946407164,0.05484057612065626,0.12147854421956032,0.08878304983548008,12.069408645258479,0.5011965136909515,0.5442781972311116,0.19392051897084706,88.9377717844676,0.11162177231465174,14.126864320497354,6.113489885701252,2.846064676020306,2.071062265894486,1.2716058962258605,0.7712402625038502,2.4364472562117228,0.03782947144648914,0.042116131837936215,4.665084670205824,0.03119351679675772
1610612738,Boston Celtics,82,15,67,0.183,3981.0,100.8,102.9,108.8,110.1,-8.0,-7.2,0.584,1.34,16.1,0.329,0.658,0.482,0.167,0.474,0.52,98.3,96.78,80.65,8014,0.434,1996-97,1996,1997,1997-98,1610612738,0.439,0.256,0,BOS,13,19092.056666666664,10,7,0,0.111,0.249,0.15673507848028248,0.4510557357449006,0.6979583306635203,26.074033843394215,102.03294336894388,108.8963554825681,-6.867759148350879,0.14926976576820694,1.403079953670087,16.13211693449475,0.05259262752729453,0.11887031962856456,0.08345460913325739,11.969779203113621,0.47500648507049276,0.5229012510787647,0.19928858362910795,97.82279068066181,0.0892086918521263,15.137604347497403,5.9038165435991985,3.3167720537179783,2.353229973303034,1.500938348356743,0.5562522773432653,3.585419654754096,0.017229858685184816,0.03666429642794436,1.7459241489416253,0.033494029956061405
1610612739,Cleveland Cavaliers,82,42,40,0.512,3971.0,102.0,102.7,99.4,100.8,2.6,1.9,0.634,1.44,17.5,0.322,0.681,0.499,0.17,0.493,0.531,85.2,84.31,70.25,6983,0.512,1996-97,1996,1997,1997-98,1610612739,0.573,0.06099999999999994,0,CLE,10,19491.153333333335,7,6,6,0.159,0.275,0.16250594714251557,0.444598369927143,0.6990884411491982,27.274990568370676,101.71616189635435,99.62672090038797,2.0874152735275113,0.15986182372310448,1.5266450052724774,16.40896225398668,0.0515713076496585,0.12746043298959905,0.08897333516778383,12.056261789536656,0.49878265720892856,0.5344109265981525,0.1940504873493034,85.17343819486652,0.10289354213005353,13.067466847352629,5.5853031443666925,3.084476273509384,2.0279969750379063,1.1857687231095955,0.5707204601882633,2.954172526712577,0.03600278161132789,0.03984583753009196,2.9831320117971685,0.041175968964976176
1610612741,Chicago Bulls,82,69,13,0.841,3946.0,111.1,112.4,99.2,100.7,12.0,11.8,0.654,1.93,19.4,0.374,0.67,0.524,0.147,0.511,0.547,92.7,91.5,76.25,7522,0.586,1996-97,1996,1997,1997-98,1610612741,0.756,-0.08499999999999996,1,CHI,13,19579.743333333332,8,4,12,0.19,0.328,0.15877651103019227,0.4163314704670116,0.5999404486575667,31.244085000773758,111.3547626603209,99.45744564578052,11.877777389999835,0.16603240134404212,2.2416880192334836,20.650507880338232,0.0631916977801718,0.12307950010580664,0.09337405214538903,10.423198823001258,0.5088912948807808,0.5414979127237453,0.19548087436624553,92.54094148918874,0.11787994709838721,15.429824326944702,6.729403841351002,3.912615129616102,1.9526302949493892,1.3109467046129137,0.5993949869618652,3.6859047893696477,0.04164754019223364,0.07285024493306647,3.330970951330582,0.058698388869956604
1610612742,Dallas Mavericks,82,24,58,0.293,3961.0,98.0,99.5,105.7,106.0,-7.7,-6.5,0.591,1.26,16.0,0.332,0.65,0.488,0.177,0.469,0.509,91.5,90.65,75.54,7464,0.448,1996-97,1996,1997,1997-98,1610612742,0.244,-0.04899999999999999,0,DAL,4,3959.955,2,2,0,0.09,0.212,0.5586789075465082,0.9022821387280074,1.0,30.377431477546253,98.54723336502562,105.13626034470933,-6.5987987658108915,0.1839315438348836,1.7410681266159171,20.10916723380274,0.030479197785496726,0.09144915788184463,0.06010676047244645,12.160256661165763,0.4720007298062731,0.5052538122276642,0.18045459607495543,91.06091901296858,0.07883849185154881,12.20013863793907,4.0909555790406715,3.790952169911022,2.236389049875567,1.2909237604972785,0.4181865703019353,6.033476747238671,0.016617792608764424,0.02667001356808047,2.4322483423257606,0.016784957693278868
1610612743,Denver Nuggets,82,21,61,0.256,3986.0,101.2,103.1,108.2,109.7,-7.0,-6.6,0.644,1.39,17.4,0.324,0.666,0.496,0.175,0.486,0.53,95.2,93.67,78.06,7776,0.461,1996-97,1996,1997,1997-98,1610612743,0.134,-0.122,1,DEN,6,13655.253333333332,6,5,0,0.112,0.278,0.21545786041806622,0.5936205016091487,0.8713186329266197,28.63557065705604,102.55704410219657,108.81277153164008,-6.253213537354123,0.08611456592041745,0.8883779246375512,9.881162768614569,0.05902928140476339,0.14139682639843618,0.10066953890273243,11.808469695179586,0.4889552133293756,0.5327639184528739,0.20154225443394683,94.11870282035535,0.09210165342959584,15.232818822353108,7.242047993250949,1.7663531690855976,2.027351622428096,0.8119951881766627,1.173174866034464,4.639343647727726,0.015029172728456624,0.05997254980337317,1.3163269014176295,0.012750495778844314
1610612744,Golden State Warriors,82,30,52,0.366,3981.0,104.1,105.3,108.9,110.3,-4.8,-5.0,0.608,1.29,16.8,0.347,0.648,0.497,0.182,0.493,0.543,94.7,93.58,77.98,7761,0.464,1996-97,1996,1997,1997-98,1610612744,0.232,-0.13399999999999998,1,GSW,10,16868.128333333334,8,4,0,0.137,0.268,0.19858605138665356,0.5433770215762922,0.7244141984928776,26.844537978279952,104.6226973808693,109.69904727623901,-5.072676271038567,0.16924582326215407,1.3924440302950032,17.158698440856462,0.052569440079155205,0.11430541651677024,0.08344095674712776,12.352651514290713,0.5005670813902788,0.5488438587881268,0.2053908347073085,94.52371064780259,0.10148315407844599,15.714132283200362,5.8007621276298496,3.617473070762544,2.529029845931336,1.1674087136915112,0.6167844940710179,4.4652104314184236,0.028270213965575337,0.041088233915686195,1.8955597365374155,0.05987812134644299
1610612745,Houston Rockets,82,57,25,0.695,3971.0,105.8,107.5,101.4,102.8,4.4,4.7,0.663,1.47,18.7,0.318,0.692,0.514,0.178,0.52,0.56,94.1,92.73,77.27,7674,0.536,1996-97,1996,1997,1997-98,1610612745,0.5,-0.19499999999999995,1,HOU,12,18663.21166666667,11,6,10,0.17,0.306,0.1527417530048195,0.424692266702578,0.6541388419481569,31.023153392587748,106.5928704482535,101.73657729685146,4.856293151402039,0.16762437199313762,1.6486701708271538,19.66340533386224,0.05114011861302543,0.12899511105939518,0.09191600757890277,12.396130524873044,0.5258333151305594,0.5648680061050586,0.19688968422458908,93.53556400126558,0.1090666826100938,15.026352645449466,6.42140281857526,3.7131872711797462,2.407302708796012,1.267305993332516,0.6558356738707084,4.350929068683818,0.03809731306345838,0.05851994990247256,3.310956942582537,0.049410023087343595
1610612746,Los Angeles Clippers,82,36,46,0.439,3986.0,101.8,103.5,104.9,106.2,-3.1,-2.8,0.556,1.27,15.6,0.339,0.654,0.492,0.17,0.482,0.524,94.0,92.65,77.21,7703,0.475,1996-97,1996,1997,1997-98,1610612746,0.207,-0.232,1,LAC,13,19741.309999999998,10,5,5,0.129,0.236,0.14357042837245013,0.3935578912105293,0.6029769554300094,26.249839718505676,102.55217270282468,105.47187668059178,-2.9168228788599464,0.1391785318873638,1.2949294322413254,15.235695967829217,0.054593232414667514,0.11886699810363816,0.08575360584817657,12.06466031551773,0.489047411578394,0.5265894439122834,0.19546613345314973,93.31893286041638,0.09639382872767814,14.413633137821147,6.0105433732614495,3.0216839713271306,2.2740132240464286,1.3330422347858373,0.785966078238982,2.549337139487158,0.019960254086485274,0.0339234179442172,4.80232990523067,0.03523691187782974
1610612747,Los Angeles Lakers,82,56,26,0.683,3986.0,105.2,106.4,100.8,102.3,4.3,4.2,0.611,1.51,17.0,0.343,0.658,0.501,0.159,0.496,0.535,93.8,92.61,77.18,7705,0.53,1996-97,1996,1997,1997-98,1610612747,0.744,0.06099999999999994,0,LAL,11,18525.32833333333,9,5,10,0.184,0.311,0.1619395499692898,0.45676221483074037,0.6569269082680227,26.704673790307087,105.26996417607351,101.18831904643706,4.071460289907592,0.15523660840199233,1.520961668965471,16.45105626108111,0.0562288003532461,0.11994800838887514,0.08828848953374374,11.24609075304738,0.4939178703715282,0.5351046811855876,0.1987487879881931,93.64427678879645,0.10772850215790146,15.0837812411242,6.3642596707912595,3.381316588450929,2.1706497869538435,1.3233773544454497,1.0454875428658619,4.67072885501127,0.030391734795620785,0.051331913698938886,1.8459842658276082,0.030524604270214643
1610612748,Miami Heat,82,61,21,0.744,3961.0,104.0,105.2,97.9,99.2,6.1,6.0,0.615,1.33,16.9,0.324,0.678,0.504,0.177,0.507,0.546,90.6,89.54,74.62,7393,0.536,1996-97,1996,1997,1997-98,1610612748,0.671,-0.07299999999999995,1,MIA,11,16779.434999999998,8,5,9,0.16,0.274,0.18709916831724868,0.4799180266399514,0.7178980301382815,27.79076152842254,104.46867045880869,97.68584732839136,6.761682976810603,0.16371673668789605,1.4915268809706648,16.51024466358174,0.05422480395396706,0.13063402641388105,0.09274034862715383,12.272840364807676,0.5113961179264975,0.5483713347122038,0.1978605696993572,90.44542750694526,0.11405085600319677,14.409066813036317,6.3592129293983986,3.291171603811452,2.2763579345788463,1.19074331167885,0.8646298281199577,2.1732682542028177,0.0334742888597728,0.05565772637062563,3.5028986814570113,0.04216608626361435
1610612749,Milwaukee Bucks,82,33,49,0.402,3946.0,103.4,104.7,105.6,106.7,-2.2,-2.0,0.543,1.25,15.8,0.329,0.669,0.501,0.172,0.496,0.541,91.9,90.85,75.71,7465,0.477,1996-97,1996,1997,1997-98,1610612749,0.439,0.03699999999999998,0,MIL,9,18552.226666666666,8,6,1,0.134,0.273,0.170091981771101,0.47450791171877305,0.7103807665135614,27.52716628084894,104.2725802365502,105.885138136159,-1.6139183652348645,0.14013717374086987,1.2826079798507564,15.688546756651666,0.05375083071789405,0.1229725018632085,0.08869517953640066,12.329111716688812,0.49639496373121783,0.5406316568828754,0.20117916250124873,91.33400162568084,0.09835391861318353,14.609782689157885,5.864093941643662,3.0213084934279224,2.3285614592893427,1.1856258763548237,0.6170687867116759,4.215606060343531,0.02639160863927932,0.04997483070978498,1.1788692903168503,0.017532866260566667
1610612750,Minnesota Timberwolves,82,40,42,0.488,3956.0,102.6,103.9,103.7,105.5,-1.1,-1.7,0.638,1.51,17.7,0.323,0.649,0.488,0.164,0.485,0.533,93.4,92.04,76.7,7588,0.501,1996-97,1996,1997,1997-98,1610612750,0.549,0.061000000000000054,0,MIN,11,19523.716666666664,8,5,5,0.14,0.273,0.16043589719512083,0.43262758200923157,0.636276648145034,26.84622924426104,102.83734421297856,104.5258621181247,-1.680997282791955,0.16039863849352454,1.4652676531022526,16.29767878896009,0.0519990888005443,0.12008899330130961,0.0865084673939303,11.325290838578377,0.4912177468770888,0.5371668340983573,0.19575787986064813,92.8388220087876,0.10110730094935817,14.35853658328375,5.96874058303448,3.3927966242766274,2.192410427317886,1.130317571022594,1.0215268097006802,4.827856933672062,0.03300383887627328,0.04943090040307503,2.9959729617060797,0.025558640411116763
1610612751,New Jersey Nets,82,26,56,0.317,3956.0,101.4,102.4,106.5,107.2,-5.1,-4.8,0.576,1.34,15.5,0.376,0.669,0.513,0.166,0.456,0.499,95.3,94.47,78.72,7785,0.457,1996-97,1996,1997,1997-98,1610612751,0.524,0.20700000000000002,0,NJN,7,11560.008333333331,5,3,1,0.126,0.249,0.2768363056255006,0.7065387063590641,0.9316515775291396,27.888741285509454,101.52068463041765,106.04305886457695,-4.521728098523574,0.11450233513384149,1.191157148819818,11.478783175617666,0.07179991349487205,0.12433395520908652,0.09644850789467424,10.980068050700659,0.4578535556130655,0.5011584905143524,0.19653063427722448,95.68322240828836,0.094851733959246,15.094452786582481,7.259164317211422,2.410378885251669,2.0491334709245455,1.34221356530164,0.6726638749539542,3.3962607070762325,0.025944981217326208,0.04131729073083613,2.5902346331493953,0.03913986617265836
1610612752,New York Knicks,82,57,25,0.695,3971.0,102.2,102.9,97.6,99.5,4.6,3.4,0.628,1.24,17.2,0.323,0.7,0.519,0.192,0.501,0.546,93.0,91.84,76.53,7598,0.537,1996-97,1996,1997,1997-98,1610612752,0.524,-0.17099999999999993,1,NYK,9,19225.721666666668,8,6,9,0.174,0.294,0.15015283778250887,0.43888504228666575,0.6827733297917815,30.110215281905756,102.18981160915241,98.48994679263448,3.7415974762282427,0.15516885876759026,1.263401338293933,17.715886417094183,0.054233628767988165,0.12976483145452794,0.09358624994831143,13.741968030155434,0.5019203193326163,0.5471261195830274,0.19697013740186434,92.67640013339768,0.10983991376829981,14.330177289400405,6.396430892537801,3.297457494660148,2.589655715567851,1.119749904489931,0.6815868983851754,3.7448655904895602,0.030367075572919972,0.05147398854983698,1.3928837885061272,0.017338767844457023
1610612753,Orlando Magic,82,45,37,0.549,3971.0,102.3,103.8,103.3,104.2,-1.0,-0.5,0.595,1.35,16.3,0.336,0.651,0.49,0.168,0.481,0.524,90.9,89.88,74.9,7438,0.486,1996-97,1996,1997,1997-98,1610612753,0.5,-0.049000000000000044,0,ORL,10,19289.586666666666,9,6,5,0.143,0.25,0.13554040210987758,0.38000606890488065,0.6066197029277973,29.995611449078915,103.12173486178035,103.31013864821018,-0.18840378642984584,0.150671483370302,1.490350869795724,15.993364217584755,0.054163934737844734,0.11754926112119907,0.08526485654781614,11.394606805122487,0.48017151905449496,0.5225975764816803,0.1961342784085921,90.7028201978062,0.09833379987751595,14.099835558944067,5.893749926557956,3.1017771937743266,2.1462357237307312,1.2765436826363654,0.634539257450825,2.6813326309979546,0.02550753750976877,0.030630669844712802,4.230203012811765,0.029737831879979252
1610612754,Indiana Pacers,82,39,43,0.476,3986.0,103.0,104.2,101.8,102.9,1.2,1.3,0.614,1.31,16.8,0.338,0.668,0.506,0.178,0.49,0.537,91.5,90.44,75.37,7501,0.504,1996-97,1996,1997,1997-98,1610612754,0.707,0.23099999999999998,0,IND,10,16849.103333333333,8,6,9,0.145,0.286,0.17610838242430704,0.4682884212829525,0.6813131104306045,27.80054932695726,103.09032322392626,101.31826474049757,1.7573694327156084,0.12798846001894065,1.1568104900142067,13.565002648014307,0.06043067811125854,0.12982513639202561,0.09574830836695365,12.083737077205495,0.4920855134526447,0.5364170527571103,0.20138176136376,91.48517574525727,0.10446429374777806,14.858001345670028,6.540169991241869,2.610940127179864,2.2327597650597037,1.0362569244535467,0.8183224784859966,3.160992320259318,0.02421708207606428,0.03936484821171615,1.5676750170511031,0.04277359261658823
1610612755,Philadelphia 76ers,82,22,60,0.268,3956.0,101.4,102.6,108.4,109.5,-6.9,-6.9,0.564,1.18,15.2,0.359,0.654,0.504,0.179,0.47,0.518,98.1,97.05,80.88,8006,0.453,1996-97,1996,1997,1997-98,1610612755,0.378,0.10999999999999999,0,PHI,11,18751.766666666663,10,4,0,0.127,0.281,0.16900843120559308,0.4885678327197615,0.6916332327798448,25.876029280796654,101.5038807365706,108.68261670455941,-7.174838406336824,0.15005735957323132,1.300068634422001,15.21983218470082,0.058775137720357015,0.11481750999461383,0.08606678090775445,12.130593108560436,0.47369394039317186,0.5193435581180796,0.19995140511205164,97.62400023197814,0.09307943198240876,15.2951988523748,6.389157999335174,3.2118573716609813,2.5725576079053885,1.2594013364074141,0.7256916237225648,3.6828235111731376,0.017443448858197895,0.06328129097007533,2.2807920124527943,0.022327426305484434
1610612756,Phoenix Suns,82,40,42,0.488,3971.0,106.7,108.0,105.5,107.1,1.2,0.9,0.658,1.75,18.9,0.297,0.663,0.482,0.151,0.508,0.552,95.8,94.46,78.72,7808,0.509,1996-97,1996,1997,1997-98,1610612756,0.683,0.19500000000000006,0,PHX,8,13578.576666666666,6,5,6,0.154,0.249,0.1956007662069638,0.524690118478299,0.8173149223053079,30.129294724803017,108.14829388107195,106.26624026376844,1.914962552530665,0.16693575885346842,1.7505399547277047,17.936724185377308,0.0451142317812888,0.11919126538299425,0.08273973794013265,10.14565701903464,0.523424131346118,0.5668978062992857,0.19529100877779776,95.15302632111906,0.10653145015444672,15.663497376872833,5.705458083112785,3.807173702300167,2.01758996340559,1.1612410039049257,0.6018303833023245,3.004434189702872,0.029561656047534936,0.038989217919702834,2.6451929056565286,0.04429545626052276
1610612757,Portland Trail Blazers,82,49,33,0.598,3971.0,104.6,106.3,100.5,102.1,4.1,4.2,0.57,1.26,16.1,0.358,0.691,0.527,0.178,0.503,0.544,93.7,92.17,76.81,7635,0.527,1996-97,1996,1997,1997-98,1610612757,0.561,-0.03699999999999992,0,POR,10,17631.164999999997,7,5,9,0.159,0.239,0.17477357092776724,0.4948643495764461,0.7113281132207279,26.753254251775196,105.94017066748944,101.3995266336626,4.551408514411838,0.13803295310699357,1.289720450501522,14.573470215949994,0.058953907091977946,0.1318547037778464,0.0960522271216905,12.473145648628435,0.5008620099692788,0.5393992484331012,0.20130304057238038,92.98028652578165,0.10793042972486502,15.297457655237189,6.7156084127169136,3.0096706598798204,2.3562821855504157,1.0883001775549148,0.8310284657877116,3.873040168216578,0.02945077562411581,0.03633903644358142,3.0396691076484785,0.04162612990058833
1610612758,Sacramento Kings,82,34,48,0.415,3962.0,101.9,102.7,105.8,107.0,-3.8,-4.3,0.598,1.34,16.8,0.348,0.661,0.502,0.174,0.485,0.526,93.4,92.68,77.23,7654,0.47,1996-97,1996,1997,1997-98,1610612758,0.329,-0.08599999999999997,1,SAC,13,19647.43833333333,9,7,0,0.148,0.289,0.15904388892767446,0.43433100651034834,0.6444732447308865,28.12182945308477,101.92608721764664,106.00290791937847,-4.0920856688441924,0.15240930603082015,1.4427480605402079,17.395453766958425,0.056815212636286846,0.12138313697044306,0.08888462202409256,12.449526617676963,0.4857386139312649,0.5227665016211189,0.19571610039408868,93.2353818330685,0.09602649632950454,14.39638059685983,6.17301848425872,3.272487685629586,2.314194819121034,1.0663985627303578,0.6394726776510221,3.271645246298812,0.02646330965938054,0.05576678759427041,3.4820510178811017,0.03437042961844386
1610612759,San Antonio Spurs,82,20,62,0.244,3946.0,100.5,102.1,108.8,110.8,-8.3,-8.8,0.588,1.34,16.3,0.344,0.643,0.49,0.171,0.472,0.512,90.0,88.45,73.71,7268,0.44,1996-97,1996,1997,1997-98,1610612759,0.683,0.43900000000000006,0,SAS,11,18666.34,11,6,0,0.119,0.291,0.13248124699325095,0.3636933289189703,0.5707814172462303,30.591655532543257,100.97231906915515,109.64513592380725,-8.671805176233445,0.15226479284816058,1.443896581583035,15.757745019466418,0.05459011764848743,0.11300030875540323,0.08326766316624828,12.12501533062543,0.4816890292901555,0.5186086777054314,0.1961180651018536,89.31817052334131,0.0895559974085261,13.652596063288254,5.646955964586525,3.126268995421706,2.1638950110198363,1.1803063696471834,0.7868709130981222,3.316513286505363,0.019299381538541757,0.050322885053128596,2.539973034410854,0.03334063947015212
1610612760,Seattle SuperSonics,82,57,25,0.695,3956.0,108.2,109.6,99.5,101.0,8.7,8.5,0.644,1.57,18.1,0.341,0.657,0.5,0.163,0.51,0.557,92.9,91.68,76.4,7549,0.562,1996-97,1996,1997,1997-98,1610612760,0.744,0.049000000000000044,0,SEA,12,19526.023333333334,8,4,11,0.154,0.26,0.16462082140978695,0.44688976608481634,0.6603246744046023,30.209518169512933,108.52410103303164,99.77456610468731,8.740003033558464,0.16549887090851578,1.7129602358015552,17.946398490083403,0.05478908369633892,0.12077535210702574,0.08822569179899577,11.523871143245247,0.5084124984827941,0.5529133462403252,0.19577821392886458,92.60724653270415,0.11320165362225149,15.03163214493069,5.999378265620565,3.5343602136430925,2.1829329645036104,1.6427308035242543,0.7061345653757457,3.855673236845975,0.03704488122395083,0.05181935136818133,3.6268047507907037,0.04978361322588001
1610612761,Toronto Raptors,82,30,52,0.366,3966.0,101.3,102.9,105.1,106.4,-3.7,-3.5,0.592,1.27,16.1,0.35,0.657,0.498,0.177,0.481,0.521,93.3,92.03,76.69,7608,0.467,1996-97,1996,1997,1997-98,1610612761,0.195,-0.17099999999999999,1,TOR,10,17208.22333333333,9,5,1,0.132,0.25,0.19256064978236181,0.5281320926603502,0.7790259966794945,25.788267121126395,102.53455992067362,105.38323526329563,-2.843329574794377,0.15533836845833596,1.2841084921220804,15.172187502602926,0.05346382378812301,0.12002936570829412,0.08546174038497488,12.208092410082235,0.48643268954552155,0.5259053703394133,0.20052502020836163,92.67886835983649,0.09722102078328056,14.673449728589066,5.999922130252843,3.227991578444957,2.3681701016200205,1.3221585726359124,0.8744656382307142,2.763459088779625,0.027533601839854958,0.0420401593345519,2.339333940829946,0.0340570381070661
1610612762,Utah Jazz,82,64,18,0.78,3966.0,110.5,112.4,101.6,102.6,9.0,9.8,0.702,1.75,20.4,0.328,0.687,0.518,0.167,0.531,0.581,92.4,91.1,75.92,7520,0.59,1996-97,1996,1997,1997-98,1610612762,0.756,-0.02400000000000002,0,UTA,11,19251.86,7,4,10,0.212,0.321,0.15571084213854314,0.44052263002120307,0.6663795948374165,30.13195408997711,111.88782850072668,101.67893571495604,10.209357589344613,0.17985184816774416,1.6587564621461688,18.75866282530623,0.05253982177999078,0.12712505700747878,0.09197170914048478,11.61558010498726,0.5303215052121371,0.5791800827729547,0.1964082868702903,91.83974905541595,0.1178682988725938,15.406511370849364,5.978227558272293,4.050309944078132,2.215889789350224,1.3463634163140603,0.759199370865984,4.483452338161778,0.052784655409502806,0.05755071687507513,6.606636844311637,0.04756865952227318
1610612763,Vancouver Grizzlies,82,14,68,0.171,3956.0,97.6,99.1,108.9,110.1,-11.3,-11.0,0.661,1.43,17.9,0.325,0.618,0.469,0.176,0.471,0.507,90.9,89.7,74.75,7380,0.433,1996-97,1996,1997,1997-98,1610612763,0.232,0.061,0,VAN,12,18893.464999999997,10,5,0,0.119,0.273,0.1483901091373834,0.4165008024379506,0.6186615319106369,25.335827758433936,98.20977556701926,109.01562178598088,-10.822656034771812,0.16557984564151332,1.5967498179926236,18.536168422961772,0.05095599792485569,0.1130091955075472,0.08153951414770488,11.977808967280485,0.4745253047372024,0.507203390872629,0.19694430666899906,90.68760127994877,0.08787891024753798,13.387486096383064,5.659099588138016,3.4640548994056948,2.2483964693612317,1.204225905623982,0.8288580204848609,3.1501780739668606,0.02224142298857024,0.04963109268185088,1.6552857110021768,0.021404071647677388
1610612764,Washington Bullets,82,44,38,0.537,3971.0,104.1,105.2,102.0,103.7,2.1,1.5,0.599,1.49,17.7,0.326,0.676,0.503,0.167,0.505,0.54,94.8,93.52,77.94,7746,0.525,1996-97,1996,1997,1997-98,1610612764,0.512,-0.025000000000000022,0,WAS,9,19055.71,8,5,9,0.15,0.241,0.17413791806585358,0.47905868284799324,0.7025212740258258,26.305651954191156,104.51577297128613,102.36263285387948,2.1410013499015954,0.15589918822232282,1.5314592021673992,16.685340955545605,0.052331633143031665,0.12308889881300668,0.0883426392054315,11.287729767088182,0.5068641552409574,0.5409145991761349,0.19833499241609645,94.4460845358163,0.1078764718466713,15.0682393886137,6.090772791987282,3.598921268218292,2.2708154143823553,1.3035462861263105,0.7084490685469079,2.5758324851256584,0.032038019842951404,0.042191463165699966,1.5112378094038823,0.03254148895104287
1610612765,Detroit Pistons,82,54,28,0.659,3966.0,107.9,108.5,101.3,102.6,6.6,5.9,0.55,1.49,16.1,0.302,0.675,0.492,0.146,0.512,0.554,86.9,86.09,71.74,7120,0.53,1996-97,1996,1997,1997-98,1610612765,0.451,-0.20800000000000002,1,DET,10,18203.736666666664,8,5,9,0.195,0.28,0.17287366458278441,0.4996526354204568,0.7557570139903511,28.693359110702737,107.85320516611884,101.78237549580022,6.0990976944110935,0.14278810806426007,1.546310611868882,14.87195693887757,0.04806753073224344,0.12384747243285768,0.08671122210989284,10.008468709995622,0.515034059032935,0.557957745854743,0.19718501833231677,86.69495417699041,0.10874583102992957,14.30211855771004,5.663892083694905,2.8418341216025067,1.7482125006935392,1.1074649325660428,0.5181353791648272,4.059061871026676,0.043330412861008354,0.044756938756076704,2.9583510981190284,0.026858053476856783
1610612766,Charlotte Hornets,82,54,28,0.659,3961.0,108.0,109.1,105.6,107.1,2.4,2.1,0.676,1.68,19.2,0.316,0.661,0.495,0.162,0.518,0.562,91.1,90.04,75.03,7429,0.528,1996-97,1996,1997,1997-98,1610612766,0.622,-0.03700000000000003,0,CHH,10,17379.368333333336,7,5,9,0.149,0.268,0.19327610775266957,0.5374944102782407,0.7652553732054511,29.606968166564553,108.92457873181237,106.21828343205033,2.7062952997620453,0.16812559470659705,1.827098541460224,19.908829482774642,0.05213563966316,0.12234352696554661,0.08890721172163814,11.001524527981982,0.5185098141752564,0.5595203006515101,0.199204547039061,90.43107737517502,0.1113519710775833,15.034378407117023,5.9739800669778855,3.7596303126091755,2.0755645031594456,1.1040677446945952,0.6773548827676035,2.5679488893845908,0.028060018672925634,0.040062018528610695,2.0858819730364866,0.0379130139439162
1610612737,Atlanta Hawks,82,50,32,0.61,3976.0,105.1,106.5,100.8,102.5,4.3,4.0,0.543,1.29,15.3,0.356,0.669,0.518,0.165,0.481,0.533,90.5,89.1,74.25,7377,0.532,1997-98,1997,1998,1998-99,1610612737,0.62,0.010000000000000009,0,ATL,10,18980.931666666664,9,6,7,0.144,0.242,0.1535660481716783,0.4460941019842809,0.7084354570231405,30.12362415648898,105.68827064073692,101.32716612347532,4.352100788168196,0.13663570913580902,1.3970612682429795,14.929880110380957,0.05876096888113764,0.12220582814735385,0.09161241215855316,11.275752340572675,0.48337855921894946,0.5316855923563287,0.197007786849943,89.42792121022511,0.1092405599338775,14.315841012019167,6.372711420294701,2.844960455488706,2.063544650381141,1.1436741031064597,0.9065940651490676,3.0801141807280215,0.02582827767250365,0.031242686426947074,3.9968477503585693,0.04605725189056864
1610612738,Boston Celtics,82,36,46,0.439,3946.0,99.1,100.8,102.6,103.5,-3.5,-2.7,0.603,1.37,16.5,0.352,0.642,0.484,0.171,0.464,0.504,96.1,94.9,79.08,7800,0.457,1997-98,1997,1998,1998-99,1610612738,0.38,-0.059,1,BOS,10,16485.79,8,3,4,0.14,0.289,0.19845242478522412,0.501919936300697,0.6967893763861684,24.40112090473068,100.02892902513821,101.44290784164221,-1.4577389982524342,0.1412059508016702,1.3989672186369797,15.588990670146833,0.062013758920055805,0.12338033896666967,0.08974195483908667,11.55580767841072,0.465501608557026,0.5041763874625763,0.19688455886352224,96.41268251122125,0.09298431538110498,14.447351324989581,6.284685174322856,3.0877501169188735,2.253577171612643,1.7687960358587607,0.7206206072017173,3.1338037738836215,0.028101938936269777,0.054697709504300196,2.2604899411874353,0.03433427568314166
1610612739,Cleveland Cavaliers,82,47,35,0.573,3966.0,99.3,100.3,96.0,97.5,3.3,2.8,0.672,1.33,17.8,0.33,0.678,0.508,0.188,0.478,0.529,92.6,91.43,76.19,7561,0.528,1997-98,1997,1998,1998-99,1610612739,0.44,-0.13299999999999995,1,CLE,10,18895.900000000005,9,6,8,0.138,0.275,0.1693248270788901,0.4496430442582781,0.7068564256443636,24.96596792602275,99.38927194082667,96.13068065912003,3.2761593961300246,0.16631734864882505,1.461941723689619,17.708269360019894,0.05311368938940898,0.1238067958304888,0.0891783556221191,12.728679307856908,0.4778284476173843,0.5294482556180616,0.1961386620025155,92.4764871118426,0.1086301257592035,13.940166914515846,5.995586344127561,3.5112378875840786,2.4862536317402184,1.4898470038473954,0.7715959546779989,2.772825441329271,0.026905021218087848,0.04093474868227783,2.2945385599726906,0.033343063630463035
1610612741,Chicago Bulls,82,62,20,0.756,3971.0,104.1,106.2,96.7,98.4,7.3,7.8,0.637,1.66,18.0,0.381,0.676,0.527,0.158,0.473,0.516,92.0,90.3,75.25,7471,0.56,1997-98,1997,1998,1998-99,1610612741,0.26,-0.496,1,CHI,12,18748.608333333334,8,6,10,0.175,0.333,0.1697395317785809,0.4441467433360609,0.654392570470786,32.56424827976121,105.13773655200187,97.53592208843945,7.617057994971182,0.16468918697521107,1.9446573652355525,19.996214261236275,0.06145031946815607,0.12492633311005749,0.09291043504117862,10.83601628209738,0.46675507648789927,0.5050439869092506,0.196288012488038,91.15082477410544,0.11435982492922805,14.44331201471398,6.65137367973534,3.6348297851440527,1.96046551010675,1.2980163416573585,0.6374873157252116,3.1296629727010394,0.03499805652159185,0.07631575011728449,3.5316962328844426,0.04032875652022079
1610612742,Dallas Mavericks,82,20,62,0.244,3981.0,97.4,98.9,104.4,105.2,-7.0,-6.3,0.533,1.3,14.9,0.306,0.632,0.466,0.156,0.458,0.498,92.6,91.47,76.23,7575,0.446,1997-98,1997,1998,1998-99,1610612742,0.38,0.136,0,DAL,11,16949.836666666666,8,5,0,0.127,0.253,0.20051648481961776,0.4971571014155299,0.7199514803584145,26.561886338727753,98.09432464540956,103.98171602833537,-5.8910422243990155,0.1320339412316854,1.4566448427919951,14.78772693188194,0.05302277917722314,0.11825899738266898,0.08519487385424168,10.60904843527499,0.4599714073940929,0.5004640789065617,0.191155903468883,92.4421703021327,0.09264498595955006,13.43375776875726,6.1869622735794305,2.7356015820014785,1.9242663301966922,1.189391992174556,0.9026635654896183,3.5908189660034857,0.022566715872659876,0.04335571550040544,2.1575073291790563,0.035503389192579414
1610612743,Denver Nuggets,82,11,71,0.134,3946.0,95.7,97.4,109.1,110.6,-13.4,-13.2,0.578,1.18,15.0,0.337,0.639,0.482,0.175,0.44,0.496,92.5,91.06,75.88,7496,0.407,1997-98,1997,1998,1998-99,1610612743,0.28,0.14600000000000002,0,DEN,12,18523.631666666664,9,5,0,0.1,0.261,0.1420188571733459,0.40030226254228946,0.6284078203167324,27.19229031672065,96.15707732437997,109.36942324754712,-13.19480367375764,0.13713559948962492,1.3256935730475459,14.262557900138193,0.05430586640722631,0.11758549992761498,0.08471360754582052,11.717681935840695,0.4369872208284571,0.48964049688240585,0.19341339121855064,92.00171011102127,0.08113926579732071,13.238872614882306,5.917846023534443,2.658657917962272,2.1805659239427406,1.1816257413165652,0.7462899418841464,3.912350820173303,0.017932804911735278,0.04202735458992366,2.611045788590485,0.044428156358791264
1610612744,Golden State Warriors,82,19,63,0.232,3966.0,92.7,93.9,102.8,103.5,-10.1,-9.6,0.6,1.25,15.7,0.356,0.664,0.505,0.178,0.427,0.468,94.2,93.31,77.76,7707,0.423,1997-98,1997,1998,1998-99,1610612744,0.42,0.18799999999999997,0,GSW,8,9828.470000000001,4,4,0,0.107,0.268,0.27050751541185963,0.6860733834123385,0.8354976240791632,25.573264879138527,92.57324849815551,102.97992893773564,-10.402034141631404,0.1109332364718686,1.06819982323461,12.260947923057538,0.07106473913708508,0.1391201524754107,0.10418207377818385,12.995191825380754,0.42835263508291044,0.47084209105452496,0.1850210170046813,94.94743026635885,0.08057620209452741,12.688037914344754,7.9483378389515345,2.3295589242272703,2.2306625548025276,0.9779752087557879,1.249024517549527,3.408922386418591,0.025531568946725907,0.03736360331211707,2.929604014919534,0.030322759723097455
1610612745,Houston Rockets,82,41,41,0.5,3966.0,104.4,105.9,105.6,106.8,-1.2,-0.9,0.611,1.39,16.9,0.324,0.672,0.499,0.17,0.496,0.544,93.7,92.52,77.1,7649,0.49,1997-98,1997,1998,1998-99,1610612745,0.62,0.12,0,HOU,12,19667.763333333336,11,6,3,0.154,0.251,0.12836529962990198,0.36820472214346006,0.5818804341249445,32.375250091986395,104.92400407672181,105.90336860876738,-0.9588823521535833,0.15212761373136988,1.4675487155038298,17.359977875809975,0.051984897113364355,0.12304334249835895,0.08756701295809097,11.970137724523495,0.49792886871223613,0.545909207859426,0.195958855429926,93.27335083264,0.09860270944213448,14.74758441436062,6.053153985142184,3.2819186862291914,2.2825167884706086,1.2501675754013037,0.52715704497156,4.512006004687443,0.0359572540530032,0.04040078113142217,2.2261726978601066,0.03184613144666968
1610612746,Los Angeles Clippers,82,17,65,0.207,3956.0,99.9,101.8,108.3,109.6,-8.4,-7.7,0.523,1.16,14.6,0.33,0.638,0.481,0.171,0.477,0.518,95.2,93.74,78.12,7723,0.437,1997-98,1997,1998,1998-99,1610612746,0.18,-0.026999999999999996,0,LAC,10,16910.678333333333,9,5,0,0.116,0.256,0.15249132032649587,0.4358571462784806,0.6609711201216352,26.111940216866916,100.96852072856922,108.79203656033117,-7.832405885157179,0.12682982448860963,1.2901682122548406,14.33214915388275,0.0521883610621967,0.11624575280688032,0.08376294800711226,11.658234565201258,0.4718411743191457,0.5127496676409687,0.19315460743886972,94.29490279563987,0.0885750179349202,14.188667968868192,6.062914684971735,2.733420806005515,2.173537883903139,1.1431830006424935,0.8536617937758657,3.453843141427868,0.015953197395921385,0.03830133241615192,2.07908458502488,0.04454820694825342
1610612747,Los Angeles Lakers,82,61,21,0.744,3966.0,109.2,110.4,100.7,102.3,8.5,8.1,0.639,1.6,18.1,0.339,0.656,0.503,0.16,0.519,0.559,96.1,94.85,79.04,7836,0.558,1997-98,1997,1998,1998-99,1610612747,0.62,-0.124,1,LAL,12,19821.808333333334,8,6,11,0.185,0.327,0.1468055597012886,0.39440061178407454,0.6078296758158207,25.860258545196636,109.25890253874414,101.05993471836786,8.193886489502093,0.15818800117883627,1.7109217246828723,18.776648783726,0.055595934612423945,0.11965818725755344,0.08891988621959734,11.605211095354989,0.515860451262225,0.556352377705196,0.19575283082564365,95.93124285750922,0.11180384643681601,15.706336917629026,6.440179314282206,3.648708472192034,2.2320869648203137,1.3312609806454758,1.0097968693572776,2.8345694208757255,0.030296642617833193,0.06212108245176236,3.985548505351943,0.023995819631810196
1610612748,Miami Heat,82,55,27,0.671,3951.0,104.6,105.7,98.7,100.5,5.9,5.2,0.617,1.43,17.0,0.339,0.669,0.508,0.166,0.494,0.538,90.6,89.35,74.46,7367,0.535,1997-98,1997,1998,1998-99,1610612748,0.66,-0.01100000000000001,0,MIA,11,17672.913333333334,9,6,10,0.155,0.269,0.17148210236606903,0.4530361340160102,0.6718675321216611,28.529338305663245,105.14771128095461,98.87408817146542,6.2547466518442345,0.16038084684773724,1.621187433914876,16.81385166829691,0.05267572399872196,0.12122918632166664,0.0876435759318309,11.28661639261891,0.49494293791214194,0.5356969440428044,0.19174203423166974,89.95692544372045,0.1084805871471106,14.014667266706073,6.129379913592817,3.2877431640208723,2.061459778184091,1.1916541207882345,0.7822139869789436,2.4495143438316087,0.03472966659849324,0.04852948797071515,3.606680108141565,0.03709746922279266
1610612749,Milwaukee Bucks,82,36,46,0.439,3986.0,100.6,101.5,102.4,103.7,-1.8,-2.2,0.565,1.19,15.7,0.34,0.664,0.501,0.181,0.475,0.527,92.8,91.9,76.58,7637,0.483,1997-98,1997,1998,1998-99,1610612749,0.56,0.12100000000000005,0,MIL,12,19651.035,8,6,4,0.145,0.286,0.1674126409457144,0.39908364453407497,0.6117365658687527,28.036023293429583,100.77557143936693,102.58886771103914,-1.8117694988245312,0.14267953214678009,1.209163577558807,15.005075585077325,0.055563015383159206,0.12125982295589012,0.08852262726450116,13.06441178119456,0.4789407218669822,0.5293452348269019,0.1958923286568197,92.63393388355033,0.09750033870141361,14.06216008469783,5.937397190529659,2.9641186838250504,2.3962096652924387,1.3190144946563884,0.6485154598727243,4.0084917744153845,0.026875455008486673,0.0530405157003759,3.7126766628751273,0.030307202628267242
1610612750,Minnesota Timberwolves,82,45,37,0.549,3986.0,104.8,106.4,103.6,105.5,1.2,0.8,0.655,1.82,18.6,0.333,0.657,0.497,0.146,0.483,0.529,95.5,93.89,78.24,7793,0.515,1997-98,1997,1998,1998-99,1610612750,0.5,-0.049000000000000044,0,MIN,11,18452.874999999996,10,4,6,0.15,0.239,0.17448021875543337,0.4645013310933933,0.6536748338673513,26.99905136733436,105.26173155492933,104.11805483788659,1.1641788971456573,0.1634778368321106,1.7098036466765565,16.914074229625463,0.054965636429734295,0.12275386798353462,0.08915932810831192,10.065769931966338,0.48361194466083646,0.5292111766684956,0.19784697280685706,94.87375737746376,0.10495841695851368,15.098135114446936,6.496548640794456,3.693083056163335,2.0113938884862117,1.1100709239075213,0.8135317667301166,5.049778972103526,0.0323334795785725,0.034793479626736595,1.9479919526808178,0.03416451065463776
1610612751,New Jersey Nets,82,43,39,0.524,3976.0,104.8,105.8,103.3,104.3,1.4,1.5,0.552,1.43,15.3,0.383,0.65,0.508,0.153,0.463,0.513,94.0,93.16,77.63,7723,0.497,1997-98,1997,1998,1998-99,1610612751,0.32,-0.20400000000000001,1,NJN,9,17757.38333333333,8,5,9,0.137,0.266,0.1584254624602161,0.4593319398597579,0.7224305758262056,28.09516858245819,105.10955971365901,102.97742287480419,2.14533384704766,0.15027281834879952,1.507071888406982,15.240812544641058,0.0650319774028268,0.11621265238966326,0.08906431259110062,10.236644804086188,0.471476186619087,0.5189192898165365,0.19787413930168016,94.11629210947935,0.10666695083641264,15.2738719950293,6.286737066178107,3.2396665049186115,2.0496263056775446,1.4434559145820096,0.5676512023637117,3.731475639519212,0.020941399868361705,0.05534504300886483,1.050435754275363,0.02090655578419075
1610612752,New York Knicks,82,43,39,0.524,3966.0,100.4,101.5,97.1,98.8,3.3,2.7,0.624,1.43,17.3,0.319,0.703,0.512,0.169,0.476,0.521,90.8,89.53,74.61,7398,0.517,1997-98,1997,1998,1998-99,1610612752,0.54,0.016000000000000014,0,NYK,10,18733.981666666667,10,7,9,0.175,0.301,0.15209544794223756,0.4266898592210643,0.6675498508103234,30.30578763777659,100.71448252369201,97.64684656376215,3.0711573594116715,0.15640306318580255,1.4828972475952569,18.0362608447092,0.05123548322037609,0.12715975835000018,0.08942437748373298,11.98773476611886,0.4751343315609451,0.5199449615133426,0.19543127751183695,90.46033134262524,0.1047753752116586,13.666715627012552,6.141566808764359,3.3033020476426573,2.188749873336234,1.143376799504003,0.5015484784378904,3.139080749149521,0.020240343238950888,0.05340963404757427,2.2725692973710414,0.034319408173247724
1610612753,Orlando Magic,82,41,41,0.5,3966.0,98.8,101.0,100.9,102.2,-2.1,-1.2,0.611,1.35,16.3,0.37,0.646,0.505,0.172,0.452,0.499,90.1,88.51,73.76,7315,0.489,1997-98,1997,1998,1998-99,1610612753,0.66,0.16000000000000003,0,ORL,10,16673.123333333333,10,7,4,0.135,0.27,0.17718925688188394,0.450948902395212,0.6515155028941787,31.616817744805665,100.20659180633423,101.16456088911158,-0.9542146172572744,0.16174001311891772,1.4984093352235346,17.302294890959246,0.05867578540073576,0.11336769785385141,0.08559486215040295,11.614354439090295,0.46604655356514885,0.5052564221620545,0.18956209514434108,89.12671590225946,0.10090306025445743,13.024074473548948,5.998156314243862,3.2689735996275044,2.122457759863829,1.2307232178254144,0.8226413087569876,3.5779263623900635,0.02902834067324211,0.03861959198585092,2.3521049478619203,0.044182987437125405
1610612754,Indiana Pacers,82,58,24,0.707,3966.0,105.6,106.3,98.4,99.5,7.2,6.8,0.647,1.62,18.3,0.305,0.657,0.49,0.158,0.502,0.55,90.5,89.69,74.75,7410,0.553,1997-98,1997,1998,1998-99,1610612754,0.66,-0.04699999999999993,0,IND,10,19281.231666666667,9,6,9,0.136,0.289,0.1449922934556653,0.3842098953049248,0.6097611848620667,29.996132594918084,105.58331385987704,98.37750804128264,7.21035743826531,0.16157153644835448,1.6183531126426136,17.480447359042326,0.04921483300816104,0.1189451708608864,0.0859508667279986,10.799520768858214,0.5016976459577833,0.549103313247883,0.195926362847325,90.47240413929296,0.11334918870587364,14.443890557129865,5.844025005663971,3.493345298912872,2.0033989875646774,1.1781405043367301,0.6553523249163111,3.044242680607338,0.017606132212357403,0.04522351625810016,4.211414183260494,0.04314190518081587
1610612755,Philadelphia 76ers,82,31,51,0.378,3951.0,99.7,101.1,102.7,103.3,-3.0,-2.3,0.609,1.28,16.3,0.341,0.66,0.499,0.179,0.462,0.514,93.0,92.11,76.76,7570,0.478,1997-98,1997,1998,1998-99,1610612755,0.56,0.18200000000000005,0,PHI,5,8767.416666666666,3,2,0,0.135,0.264,0.3595354009637959,0.8054712049349391,1.0,25.385844747122395,100.11845256584513,102.49898904086153,-2.389637502495034,0.17442142288207282,1.2752052219867123,14.453207862445229,0.056638246537843724,0.12257098993432122,0.08928208100067485,11.905698162704711,0.464319655352679,0.5184148055774697,0.23303462441426112,93.25447450313187,0.11249715993878852,17.089640620099043,6.3234133961923416,3.4121795663869063,2.627912060755259,1.4042905074660914,0.6118107766445837,3.9454670129372915,0.027013546639675236,0.03720798086913089,0.8091628014850845,0.02030257604192726
1610612756,Phoenix Suns,82,56,26,0.683,3991.0,104.5,106.3,98.8,100.6,5.7,5.6,0.677,1.72,19.3,0.321,0.664,0.497,0.161,0.5,0.54,94.1,92.47,77.06,7685,0.547,1997-98,1997,1998,1998-99,1610612756,0.54,-0.14300000000000002,1,PHX,10,18586.65166666667,10,6,10,0.142,0.237,0.16773372575354478,0.4258101535411927,0.6441638986258148,28.771452738797944,105.3834691850092,99.53262247969893,5.834950709698385,0.17261657465469618,1.740633851838654,19.46263168612672,0.05206677220238073,0.12276825994569042,0.08826738203070646,10.974791416169545,0.4925096596652563,0.536011791706073,0.1941515086409234,93.31507921769307,0.11028084025534096,14.545922786343713,6.190248898156392,3.9686545658080252,2.146056251300777,1.3732435759677355,0.7960551618092232,3.938450861831747,0.02461441652446538,0.039900321827346444,1.86590683467057,0.02329718467484962
1610612757,Portland Trail Blazers,82,46,36,0.561,3966.0,100.8,102.4,99.5,100.8,1.3,1.6,0.612,1.28,16.6,0.355,0.685,0.525,0.183,0.476,0.524,92.8,91.46,76.22,7555,0.512,1997-98,1997,1998,1998-99,1610612757,0.7,0.1389999999999999,0,POR,11,15009.028333333334,7,4,6,0.163,0.257,0.19278829619994275,0.5342505516401961,0.7587029007096506,26.80244423995024,101.70745314736675,99.16305115021324,2.5563498503178694,0.13013315829794445,1.1251117088747804,14.690600735090891,0.06257243667894558,0.13898854456156776,0.10190961429104281,13.127957861362777,0.48029725897201647,0.5285836963463214,0.19363995992634211,92.29576876118007,0.10440318199590314,14.077127133590816,7.195669006776699,2.741549891581922,2.367375103229534,0.9858066539284077,1.0241835552978835,3.917446655574402,0.0334117398870663,0.04071644206417523,2.7437486237885524,0.0424809914521013
1610612758,Sacramento Kings,82,27,55,0.329,3946.0,98.1,99.1,103.8,105.0,-5.7,-5.9,0.621,1.44,17.0,0.328,0.643,0.483,0.165,0.464,0.502,94.8,93.78,78.15,7709,0.458,1997-98,1997,1998,1998-99,1610612758,0.54,0.21100000000000002,0,SAC,11,17948.19166666667,11,4,0,0.14,0.272,0.15681301226725253,0.43085129746125767,0.6549862265604287,26.883703697169125,98.20581529336985,103.67977628201169,-5.495652338234631,0.1529877183541703,1.5027792029187714,16.834920816071072,0.053474248241350227,0.11484875625817456,0.0836679140841951,11.702652597777957,0.4625529328627815,0.4972659847347667,0.19801172847961004,94.56145372212522,0.09365845259248495,14.218925490636709,6.095544444356744,3.2774332418818424,2.2244023655122174,1.073088607348094,0.780245735062446,3.8734975830862513,0.027804166862020824,0.04814097614647865,1.626312001192586,0.04357988025247588
1610612759,San Antonio Spurs,82,56,26,0.683,3966.0,101.5,102.4,96.2,98.0,5.3,4.4,0.635,1.4,17.7,0.326,0.696,0.524,0.178,0.493,0.531,90.9,89.65,74.71,7407,0.551,1997-98,1997,1998,1998-99,1610612759,0.74,0.05699999999999994,0,SAS,12,19188.24333333334,9,6,9,0.207,0.294,0.16704977162231105,0.43443068351054526,0.6400723151137856,29.2662646902018,101.50782751869072,96.62817951200327,4.891249789584699,0.15536165000687055,1.6138943273077109,17.889773190979962,0.055623798200738546,0.12814980640055118,0.0943612585345228,12.267081874613156,0.4894384303548371,0.5240135347633873,0.19549196782474268,90.66303900409157,0.11114995909821865,13.838473662605558,6.66783289003527,3.3057742127861975,2.2776446619310122,0.915560621929435,1.048767187824906,4.128253058566955,0.05565854502066681,0.05394294163020103,3.9467363500070003,0.045688081480105544
1610612760,Seattle SuperSonics,82,61,21,0.744,3951.0,108.5,110.1,100.4,102.3,8.1,7.9,0.651,1.73,18.7,0.321,0.635,0.481,0.153,0.521,0.558,92.5,90.96,75.8,7487,0.544,1997-98,1997,1998,1998-99,1610612760,0.5,-0.244,1,SEA,11,19296.118333333332,8,4,9,0.152,0.244,0.16302311578900455,0.4578004505396639,0.692941525113298,31.250883618993836,109.26631349258413,100.9679029746138,8.312774244491834,0.1628175629623609,1.7019717074358047,17.409683130570908,0.050219397493675544,0.11524474810175553,0.08328452976423324,10.717055459599777,0.5207170739261809,0.5589286547354818,0.19569323381187806,91.89262052359236,0.1106653641306615,15.109981964420998,5.764890019763042,3.5708736238920595,2.0093160360144973,1.4664089176484632,0.6884286140105381,4.231230423750545,0.03307563958092768,0.041361687613186225,3.139619084319765,0.04025400726128937
1610612761,Toronto Raptors,82,16,66,0.195,3986.0,98.5,99.4,107.7,108.9,-9.2,-9.5,0.589,1.27,16.0,0.339,0.602,0.466,0.175,0.462,0.504,95.4,94.36,78.64,7829,0.431,1997-98,1997,1998,1998-99,1610612761,0.46,0.265,0,TOR,7,12124.366666666665,7,5,0,0.111,0.231,0.24272333125304144,0.6022302195853529,0.8734119445414331,25.549468700770632,98.85894090687901,107.11209355265294,-8.266568727988544,0.12137803981513813,1.0407612548834166,13.873004912971401,0.06748666514539592,0.12311229287577911,0.09489253926665588,13.097308890361285,0.45873111763913454,0.5017492271761276,0.2001179682237698,95.33474828513381,0.08882532915808661,14.240413932274128,6.885638012707194,2.639643032900688,2.52087394255645,1.4311675386480671,1.6449519012676954,2.786283017827692,0.015082014165245378,0.026774142753979567,1.535646759277192,0.030118723954860475
1610612762,Utah Jazz,82,62,20,0.756,3956.0,109.3,110.9,102.3,103.8,7.0,7.2,0.692,1.64,19.4,0.352,0.684,0.529,0.169,0.51,0.569,91.9,90.55,75.46,7464,0.571,1997-98,1997,1998,1998-99,1610612762,0.74,-0.016000000000000014,0,UTA,12,19718.493333333336,10,5,12,0.203,0.317,0.15375845145707548,0.3915070928340028,0.5895581440637452,30.172583419152375,110.10084348905629,102.84729037783144,7.250644369718578,0.1742507195444953,1.5669250524211789,17.937334554634667,0.056772503747750835,0.125097986864446,0.09321574560801467,11.681343875495559,0.5088379287937482,0.5653124646271148,0.19594082112088343,91.34935935943719,0.11386380213633632,15.078433984476161,6.128865829505567,3.7700649204435495,2.231002098199524,1.1757490599349374,0.7521872867906743,4.507039913381199,0.048684253389459156,0.057254655143485565,3.9968238352053005,0.046770648670957614
1610612763,Vancouver Grizzlies,82,19,63,0.232,3966.0,101.1,102.4,109.3,110.2,-8.2,-7.8,0.652,1.4,17.9,0.34,0.652,0.496,0.182,0.482,0.527,94.6,93.6,78.0,7735,0.452,1997-98,1997,1998,1998-99,1610612763,0.16,-0.07200000000000001,1,VAN,9,16462.504999999997,8,3,0,0.127,0.278,0.17906124655188668,0.45202517275874277,0.6820722808183405,26.27675101693211,101.82179537682752,108.96405303040659,-7.1268231758573,0.15764381807831393,1.4627848647578239,18.181653106053222,0.05405429712347341,0.11344875471057818,0.08370336359300526,12.14802967916082,0.48384235783071905,0.5253108872758632,0.20185793504694458,94.63032505786128,0.09334885942327732,15.051658298661112,5.845282962708288,3.498859985160218,2.447015202121427,1.1327559201956205,0.691024847069143,3.529745783348784,0.023667153159715376,0.04891245440322466,3.228813985676589,0.031502237072161716
1610612764,Washington Wizards,82,42,40,0.512,3961.0,102.2,103.9,101.6,103.2,0.6,0.7,0.617,1.64,17.5,0.339,0.673,0.501,0.151,0.476,0.513,94.5,92.98,77.49,7669,0.507,1997-98,1997,1998,1998-99,1610612764,0.36,-0.15200000000000002,1,WAS,11,19433.475000000006,7,5,8,0.147,0.265,0.1553234817756474,0.44600944161213213,0.6922825176660373,27.11718267920002,102.78010027371154,101.81582912131427,0.9353407286482044,0.15503399100435375,1.5151233846065444,15.380559438460352,0.055354671599735325,0.12322252307766196,0.08834989530522289,10.528409852929887,0.47634246671443636,0.5112935075516173,0.19629392452970965,94.08753293993996,0.10311386435004545,14.55859026756666,6.3391647659515336,3.434486112236746,2.006228942584895,1.2578295955818501,0.694677611698371,2.8488380530587323,0.03471737119847803,0.05770561598762475,1.9982501118772058,0.031648446171205984
1610612765,Detroit Pistons,82,37,45,0.451,3991.0,102.5,103.4,100.4,101.8,2.1,1.6,0.558,1.33,15.5,0.332,0.668,0.5,0.16,0.472,0.523,90.8,89.75,74.79,7468,0.505,1997-98,1997,1998,1998-99,1610612765,0.58,0.12899999999999995,0,DET,10,16451.661666666667,7,4,7,0.164,0.27,0.20039860208649643,0.5120375378495202,0.7531625224888632,28.47522200644981,102.61360012570158,100.81209630597598,1.8214641135034284,0.14499682007805287,1.535244316252958,15.007207184846678,0.053819850517632606,0.1290849230325974,0.09145904785504443,10.881744569469525,0.47706899586738805,0.5241555830682554,0.19478668132509813,90.555918601738,0.10486780767940665,13.978405626098356,6.2605226199541955,2.9431677468851425,1.9650294696675523,1.2451021918049412,0.512045541093772,4.11205501212148,0.03678280359038243,0.05314730064413617,2.0161309396211817,0.03159664283103088
1610612766,Charlotte Hornets,82,51,31,0.622,3956.0,104.7,105.5,102.7,103.3,2.0,2.2,0.654,1.56,18.3,0.326,0.691,0.51,0.166,0.495,0.542,91.8,91.13,75.95,7511,0.526,1997-98,1997,1998,1998-99,1610612766,0.52,-0.10199999999999998,1,CHH,10,18000.326666666664,7,5,7,0.136,0.248,0.18293047644690896,0.5159330441780872,0.7229967863546181,29.541498598729138,104.5675523110877,102.32341859351445,2.25258745304252,0.15806740849888282,1.5544020849251259,18.151780023251433,0.05601705857930728,0.13134950467565593,0.09418022321076398,11.62294609283017,0.4945841056958596,0.540804174016842,0.19811057706730512,91.7601488361878,0.10806586334173938,14.627734533706613,6.279886031697944,3.455937281138232,2.211959857024817,1.2679769885657632,0.6079889661261704,1.9106454239053368,0.024590004189033312,0.032565065663661526,2.0966632465141237,0.01795192297512724
1610612737,Atlanta Hawks,50,31,19,0.62,2415.0,96.9,98.4,93.9,95.3,3.0,3.1,0.507,1.05,13.0,0.353,0.701,0.527,0.17,0.436,0.492,88.4,87.1,72.58,4387,0.525,1998-99,1998,1999,1999-00,1610612737,0.341,-0.27899999999999997,1,ATL,12,11884.858333333334,9,6,6,0.157,0.293,0.15379078280977967,0.418199627957983,0.6247231947092344,30.3014606119972,97.49299955195093,94.3766006185742,3.106633510566316,0.12713619388255226,1.0461567779169993,12.468534416691272,0.056514110461280215,0.12479280092386463,0.090595710508399,12.257730922329042,0.44132050613420576,0.4962290455011734,0.1952294531627428,87.90392886887588,0.10676157772179307,12.940162657947825,6.518546357655365,2.3142051195393583,2.1142868762283666,1.0389690523586386,0.7875567160736036,4.2782590971489824,0.04104304096444859,0.04415360049855682,5.18054299332457,0.05308095257787888
1610612738,Boston Celtics,50,19,31,0.38,2430.0,97.6,98.7,99.7,100.8,-2.1,-2.1,0.591,1.33,16.3,0.33,0.666,0.493,0.171,0.469,0.501,94.0,93.02,77.51,4711,0.473,1998-99,1998,1999,1999-00,1610612738,0.427,0.046999999999999986,0,BOS,10,10273.468333333332,9,4,5,0.135,0.27,0.15869697364457086,0.46076665767370684,0.6824000203761114,24.89888679269464,97.45065548295034,99.469882501544,-1.9852616634985814,0.1533802325115455,1.4474414726217903,16.41307791055958,0.04809731896774231,0.11931357569765874,0.08270987986692582,11.656415595447235,0.46706142375481435,0.5009008106804567,0.19992587167495038,94.17011818144505,0.09751272639019506,14.11130061399258,6.006150795228031,3.2728966410402456,2.2496784192161003,1.401668797019377,0.7779261823457543,3.5471568255402675,0.028793458945237924,0.050486722140954565,4.201064315274489,0.055486917966002934
1610612739,Cleveland Cavaliers,50,22,28,0.44,2410.0,96.7,98.2,98.5,100.1,-1.9,-1.9,0.7,1.39,17.9,0.295,0.656,0.478,0.178,0.464,0.52,89.1,87.66,73.05,4400,0.493,1998-99,1998,1999,1999-00,1610612739,0.39,-0.04999999999999999,0,CLE,9,9762.718333333332,8,5,3,0.166,0.279,0.1557146566589804,0.44398853393120874,0.6736979505878742,27.45787247438427,97.43101443228498,98.91434163401551,-1.4833272017305288,0.1975370387789876,1.56978127335095,18.689743788913983,0.033970564892189345,0.10932672986741568,0.07249440721001374,11.970092004771212,0.46398699440097874,0.518484362705674,0.2001845469610496,88.99651089834781,0.10372161151837662,13.404053618263081,4.756871848021836,3.7206850346155296,2.315748465548615,1.3754365886140658,0.5014996676984261,3.720089928829471,0.036352740616095704,0.03790035258299176,2.3145987163456403,0.048481830425780525
1610612741,Chicago Bulls,50,13,37,0.26,2414.0,89.8,91.4,100.1,101.7,-10.2,-10.4,0.661,1.31,16.4,0.299,0.684,0.482,0.173,0.424,0.47,90.7,89.19,74.32,4482,0.42,1998-99,1998,1999,1999-00,1610612741,0.207,-0.05300000000000002,1,CHI,14,12052.608333333332,10,6,0,0.152,0.272,0.13742032326336,0.35743687569703103,0.5503634413850944,29.003270799612533,90.35843939728123,100.3476900090091,-9.981692524370589,0.16723498412860838,1.35726284559428,16.07189161682153,0.046385538538338524,0.12498272185896138,0.08361076862338926,12.0721820933643,0.42645810913681886,0.4709246854588183,0.19552538046743687,90.33981711704175,0.08480768049516253,12.21046896487828,5.860308245863793,3.037682714599122,2.1774539812613174,1.2993038159789754,0.5047869997711422,4.081596276542875,0.03654821194111332,0.035952152659888235,3.289673601348895,0.05418331018887377
1610612742,Dallas Mavericks,50,19,31,0.38,2415.0,99.3,100.2,102.2,103.0,-2.9,-2.7,0.527,1.33,14.7,0.321,0.673,0.495,0.151,0.459,0.502,91.6,90.8,75.66,4570,0.474,1998-99,1998,1999,1999-00,1610612742,0.488,0.10799999999999998,0,DAL,13,12062.599999999999,11,6,1,0.127,0.256,0.17038145452334766,0.39712541243181404,0.609766689326237,26.719408612847424,99.27414668755767,101.86092495260831,-2.574564894798799,0.13169762530466067,1.40984292358198,14.831856578736478,0.052778210474248216,0.12308283468461748,0.08769607201874663,10.825262740481598,0.45510777845019584,0.49732931429929417,0.19359562891361173,91.73636588297711,0.09596122643542848,13.65974168089798,6.335947474010577,2.7456767197784884,1.939880291147845,1.0505197884369868,0.871453915407955,3.7686810211373247,0.030687381323010902,0.0486026116905379,4.243731982801261,0.03778348523237038
1610612743,Denver Nuggets,50,14,36,0.28,2405.0,100.2,101.4,106.8,108.6,-6.5,-7.3,0.576,1.31,15.3,0.319,0.66,0.483,0.16,0.459,0.511,93.3,91.99,76.66,4611,0.442,1998-99,1998,1999,1999-00,1610612743,0.427,0.14699999999999996,0,DEN,11,11678.573333333332,10,6,0,0.132,0.271,0.165895691597033,0.44782139485074096,0.6718289220258641,24.854139860690747,100.69088370383142,107.82418045069434,-7.127835277825031,0.14782018009049053,1.3423202106307506,14.570752049622502,0.051749082079660426,0.12080093045040893,0.08496605393010336,11.556346751258433,0.4614410851268363,0.5137294090145714,0.19719713752136395,92.7908626710112,0.08962940593200312,14.148988518003913,6.060329286796447,2.9746784139158553,2.142384971680331,1.12205486286567,0.8168806007126442,1.9022751456244806,0.03041153628914696,0.04638733178068847,2.4059520429309322,0.02914683024943187
1610612744,Golden State Warriors,50,21,29,0.42,2425.0,95.1,96.0,98.7,98.9,-3.6,-2.9,0.599,1.35,15.8,0.367,0.69,0.523,0.167,0.434,0.471,91.5,90.96,75.8,4600,0.466,1998-99,1998,1999,1999-00,1610612744,0.232,-0.18799999999999997,1,GSW,11,11919.328333333333,10,5,0,0.142,0.226,0.14139275465326137,0.37726091109440313,0.5889726448512129,28.593429831127224,94.57608809612735,97.4525579391568,-2.870755986390172,0.1521523058416183,1.5143084894185173,15.621751924779876,0.061186208618858144,0.12685686120177073,0.09298718342210838,11.545770392263435,0.43600074696602736,0.4736579112329736,0.19439523745535436,92.38214314089566,0.09572754127504668,13.195709993166561,7.016167158188584,3.1320556793119074,2.1715988750484683,1.2322842016964883,0.6342639273437807,4.699619802854371,0.021704952766763312,0.029414241777956884,1.9746757812299702,0.02694775616689084
1610612745,Houston Rockets,50,31,19,0.62,2415.0,102.5,103.5,100.1,101.0,2.4,2.5,0.603,1.3,16.9,0.312,0.678,0.506,0.178,0.506,0.545,91.3,90.45,75.38,4551,0.523,1998-99,1998,1999,1999-00,1610612745,0.415,-0.20500000000000002,1,HOU,9,10899.458333333332,7,5,8,0.166,0.259,0.1847091789729612,0.4912204352662785,0.7645543547653362,30.002091694159105,102.94075514455993,100.1225042223046,2.812073780424868,0.15441337558823642,1.3883476900610503,17.326040086089904,0.04971551323269124,0.12771908772224919,0.09125660143661574,12.5520364238284,0.5078663909139215,0.5459586982533536,0.19797644363060857,91.12149273167243,0.10907633253946104,14.228963977567691,6.305267463597197,3.2599785157519294,2.358282330543949,1.1824440817013078,0.796002859469316,5.286503865475122,0.04149106923161761,0.03475155413996604,1.5979414132535732,0.03281582986767277
1610612746,Los Angeles Clippers,50,9,41,0.18,2425.0,96.6,98.3,107.0,107.8,-10.4,-9.6,0.479,1.03,13.2,0.332,0.646,0.48,0.173,0.454,0.497,92.2,91.04,75.87,4599,0.402,1998-99,1998,1999,1999-00,1610612746,0.183,0.0030000000000000027,0,LAC,11,11357.318333333333,10,7,0,0.101,0.266,0.1325700271675048,0.361588291602287,0.5835969788055896,25.383705161620462,97.1652966053753,107.06497315754264,-9.895062111933408,0.11854193823043027,1.0911994498114361,13.151924038406369,0.05423158386420739,0.11767521895940518,0.08403858011669717,12.302420568470463,0.45525074008814587,0.49835658124108234,0.19622976800127848,91.83185324557982,0.08138355929385327,13.5190364039868,5.813344141831603,2.443886768458106,2.2505312653764658,1.245716601821058,0.6688198549217385,2.925995475922462,0.014821224531844056,0.03853080467453286,2.218963705259514,0.036453508633020486
1610612747,Los Angeles Lakers,50,31,19,0.62,2410.0,104.6,106.1,101.2,102.8,3.3,3.3,0.595,1.45,16.9,0.323,0.671,0.5,0.162,0.498,0.538,94.3,92.95,77.46,4666,0.527,1998-99,1998,1999,1999-00,1610612747,0.817,0.19699999999999995,0,LAL,10,10021.436666666665,8,4,7,0.192,0.323,0.18902046978626824,0.47178880872369944,0.6818869283878461,27.838209491586532,105.52953016383877,101.86328590278639,3.672826600710277,0.15833337452281454,1.5915912605345006,19.06925984664208,0.05135280819682873,0.125295782939971,0.08911746802105219,12.701372724003976,0.49162906449540994,0.5307318059187123,0.20138407350775717,93.92916585479593,0.11075705529247136,15.25649515987561,6.2649699926590685,3.4988995257167046,2.3170330534776946,1.1746818736235753,0.8621518338521654,5.676738965025752,0.04272445485866607,0.07441066365152262,4.355228863058526,0.04744224757390564
1610612748,Miami Heat,50,33,17,0.66,2405.0,102.0,102.9,96.0,97.1,6.0,5.8,0.631,1.37,17.1,0.299,0.683,0.503,0.172,0.494,0.54,87.2,86.35,71.96,4325,0.56,1998-99,1998,1999,1999-00,1610612748,0.634,-0.026000000000000023,0,MIA,10,11296.663333333334,8,6,10,0.17,0.268,0.15651553747876584,0.4557577325930164,0.7193880848002611,30.614750697772404,102.36160677533394,95.58269286889728,6.791788755322737,0.16121631564364577,1.5484576301143786,17.43194053760417,0.04758172781992559,0.1281954512232078,0.09039041188858421,11.835217301628001,0.4952491397902449,0.5397462415893306,0.19498071362664904,87.1869423375457,0.11755254442388445,13.441845217422607,6.099500176895892,3.103925377375443,2.061847760946521,0.971968418993337,0.9114195666626045,2.8247957506577874,0.03836891107043098,0.05657417659608213,2.7635519433545386,0.045336613060123925
1610612749,Milwaukee Bucks,50,28,22,0.56,2410.0,102.4,102.9,99.5,101.2,2.9,1.8,0.588,1.43,16.8,0.312,0.648,0.484,0.161,0.489,0.53,89.6,88.64,73.87,4453,0.512,1998-99,1998,1999,1999-00,1610612749,0.512,-0.04800000000000004,0,MIL,9,9695.138333333332,9,3,5,0.131,0.28,0.17728507569859328,0.45777015731080345,0.6767685797159848,28.83547819413957,101.90078480915608,99.97172029348731,1.9248772279852293,0.1446293236661743,1.4942339141456296,17.277262022907358,0.04807680567734723,0.11612454988178786,0.08309632026911083,11.76871182687268,0.4908679229778912,0.5352450828018097,0.19121952566260444,89.72911295747372,0.10564378177172304,13.608882665074576,5.618073525854798,3.067104251391978,2.053400303898019,1.2513488289577441,0.6498102227525377,4.51541662785518,0.025731982708905844,0.05735090058958833,2.893036195325202,0.032350996337666964
1610612750,Minnesota Timberwolves,50,25,25,0.5,2405.0,98.5,99.9,98.2,99.4,0.4,0.5,0.663,1.9,18.1,0.348,0.673,0.501,0.138,0.439,0.481,94.1,92.86,77.38,4651,0.493,1998-99,1998,1999,1999-00,1610612750,0.61,0.10999999999999999,0,MIN,9,9166.13,7,4,4,0.156,0.276,0.19408318086986184,0.49575666066267887,0.7133837653768094,27.977721968449796,98.82950110897403,98.21283456958754,0.6013712439164621,0.1309228485740438,1.5874291276689292,13.82426440238865,0.06453238989628121,0.12719970405540104,0.09395856593786038,9.292080736363111,0.44296817722783044,0.4871103900992022,0.19519082662657705,93.5602389358068,0.09778020658664018,13.981909486337202,6.990954743168601,2.7924543946027387,1.7752312044450604,1.1939608100692443,0.9426006395283506,4.429968675847667,0.035608588481655025,0.050893700949171276,2.8728266880543396,0.020325498502679094
1610612751,New Jersey Nets,50,16,34,0.32,2410.0,96.3,97.0,100.6,101.2,-4.4,-4.2,0.546,1.23,14.3,0.328,0.682,0.496,0.159,0.434,0.485,94.3,93.73,78.11,4711,0.466,1998-99,1998,1999,1999-00,1610612751,0.378,0.057999999999999996,0,NJN,8,7880.508333333333,8,5,1,0.133,0.28,0.2039980500411881,0.6034532459306242,0.8227218844808024,27.405209900799544,95.67345477924964,99.65714483308501,-3.98369005383536,0.11134573658002181,1.3621504386878598,12.43745818004549,0.05360176913291339,0.12752922474332767,0.08868460685171536,9.911868206471452,0.4243062124799479,0.4734662535517485,0.1940016974370308,94.60331245129068,0.09625121497026948,13.604198544721628,6.587392310775215,2.2475707468109607,1.8318615233154376,1.6993827597838973,0.8496913798919487,3.217092510768997,0.020664067769846316,0.049737196527819744,3.0265341032736632,0.031293721178342525
1610612752,New York Knicks,50,27,23,0.54,2420.0,96.2,97.2,94.3,95.9,1.9,1.2,0.598,1.2,15.9,0.303,0.671,0.494,0.181,0.463,0.509,89.5,88.22,73.52,4446,0.515,1998-99,1998,1999,1999-00,1610612752,0.61,0.06999999999999995,0,NYK,9,11656.308333333332,8,6,6,0.149,0.278,0.15565734434215522,0.42956081721128125,0.652511479835311,29.414497443086976,96.37261624427978,94.91587213504565,1.464862760293604,0.14644508045357416,1.1688557383448308,16.079448653340076,0.04931679912951285,0.12487893965856832,0.08884523630623477,13.12369576702744,0.47028947858705994,0.5150601885817194,0.1961254270756107,89.13361550004755,0.10560040607482216,13.030197525374318,6.195443525930524,2.8660875334314686,2.313253838944149,1.170524973244102,0.7999102059900327,3.155605463460504,0.02142186523763248,0.05108292133688424,2.1534717629724835,0.02672706431929196
1610612753,Orlando Magic,50,33,17,0.66,2410.0,96.7,98.9,95.3,96.3,1.4,2.6,0.632,1.3,16.6,0.36,0.685,0.518,0.181,0.456,0.498,91.4,89.93,74.94,4521,0.519,1998-99,1998,1999,1999-00,1610612753,0.5,-0.16000000000000003,1,ORL,9,11386.884999999998,9,6,8,0.171,0.232,0.17093246601975284,0.4550252329763584,0.6974853087565213,28.76278001695225,98.12953789966849,95.43098520798267,2.664822205546117,0.15905756944648747,1.3333268434109358,15.70048661244932,0.05624298729049546,0.1254808123556179,0.08996579237136991,12.26497037307979,0.46267086433208027,0.5015789744078385,0.19484798725317184,90.76385939613863,0.10655518197762893,13.404895193022499,6.383132876111421,3.189985672113137,2.349018190664084,1.5175353048704716,0.6639216958808313,3.3520638663269264,0.030688539764116965,0.03475842860971468,2.345829876715417,0.03832695887894029
1610612754,Indiana Pacers,50,33,17,0.66,2420.0,105.6,106.6,101.0,102.2,4.6,4.3,0.581,1.55,16.4,0.31,0.671,0.495,0.146,0.486,0.537,89.1,88.16,73.46,4442,0.526,1998-99,1998,1999,1999-00,1610612754,0.683,0.02300000000000002,0,IND,9,11335.056666666665,9,6,9,0.136,0.286,0.15775336515006397,0.4008049364258436,0.6251483230344094,31.455271654280804,106.27941290986047,101.24161783340593,5.02656937165731,0.1458893230058841,1.5319358615175283,15.669172172937234,0.049038605747302545,0.12226373151494316,0.08662316127224184,9.771407877096335,0.49220899557332015,0.5421010099346658,0.19671190189609405,89.03916393154336,0.10855866108006519,14.33958424557207,5.989912710331987,3.0902359847046785,1.7753770970708276,0.930564381827822,0.6637814191195044,3.4599806546123126,0.014119531871560781,0.04524017454160096,2.425827571300988,0.04080309508893071
1610612755,Philadelphia 76ers,50,28,22,0.56,2430.0,96.8,97.8,94.6,95.5,2.2,2.4,0.564,1.14,14.7,0.356,0.679,0.515,0.179,0.439,0.494,91.4,90.56,75.47,4582,0.518,1998-99,1998,1999,1999-00,1610612755,0.598,0.03799999999999992,0,PHI,8,10929.901666666668,8,5,7,0.154,0.318,0.1821782172178737,0.4880664525649132,0.7492104610273254,26.264766486920205,97.16153080669679,93.78285731756353,3.356529526569391,0.14917286965527743,1.2503129305371912,15.473099346273466,0.05737251219551989,0.11956123697971664,0.08797378658941883,12.430695015401936,0.4393792386970239,0.4935586617811901,0.19725593673380104,91.56222607675181,0.1104494273431249,13.596462670219202,6.208656040058914,2.9248204581285493,2.292426845560214,1.666620666456133,0.8300166164959397,3.0367680005907802,0.028875039021100453,0.06635888167954442,2.3158289073464084,0.0379483617993961
1610612756,Phoenix Suns,50,27,23,0.54,2410.0,103.4,103.9,99.9,101.6,3.5,2.2,0.695,1.83,19.1,0.306,0.671,0.489,0.148,0.481,0.526,92.6,91.54,76.28,4601,0.529,1998-99,1998,1999,1999-00,1610612756,0.646,0.10599999999999998,0,PHX,10,11356.125000000002,7,5,9,0.164,0.22,0.18168756214524467,0.4725150524496692,0.6862392174560717,30.069643474336537,103.32129096265966,100.31514662792105,2.99572825237482,0.17487798390736278,1.825815129133691,18.06701867934705,0.05109771320175971,0.12241489299093371,0.08698256652980955,9.968539209750979,0.4872900951395539,0.5324321543073305,0.19458653648728477,92.45991263011518,0.10944276238593711,14.398573457055113,6.073902849783707,3.7629032790674635,1.9083974507149226,1.3250998910279694,0.6213387048839283,3.196096691798085,0.033301567318573214,0.027582802676237844,2.665046968598673,0.038291083096169964
1610612757,Portland Trail Blazers,50,35,15,0.7,2435.0,101.4,102.8,94.9,96.2,6.6,6.6,0.614,1.39,16.6,0.345,0.687,0.519,0.167,0.473,0.521,92.1,90.81,75.67,4613,0.556,1998-99,1998,1999,1999-00,1610612757,0.72,0.020000000000000018,0,POR,11,12098.566666666666,9,5,10,0.154,0.247,0.13840689117443666,0.38124171733841755,0.6070132274622063,27.70538218025827,101.97406976584003,94.96551979986612,7.002615888383472,0.15300376573533503,1.4264609127251988,16.213234047008324,0.054647766126565966,0.12862952278093548,0.09223160346817944,11.80776528624603,0.4725495784624624,0.5217704788721529,0.19442683609904204,91.7314452276716,0.11137556046584032,13.967274360323676,6.558132230539706,3.154092633562654,2.192987048052524,1.2110525489245283,0.8599365765090631,3.2403799383493608,0.02020994233304958,0.030709665299961515,4.488455470641051,0.0417831195466317
1610612758,Sacramento Kings,50,27,23,0.54,2440.0,99.9,101.2,100.0,101.6,-0.1,-0.4,0.589,1.34,16.4,0.328,0.654,0.493,0.17,0.479,0.514,98.8,97.36,81.13,4948,0.494,1998-99,1998,1999,1999-00,1610612758,0.537,-0.0030000000000000027,0,SAC,9,11567.758333333333,9,4,5,0.14,0.246,0.15614059479977035,0.4567980975858907,0.6794904803653258,26.572916821251017,100.47750524986475,100.88324153844269,-0.408012428221832,0.14816104214948012,1.3454089822934578,16.54397399092737,0.05255668550014371,0.1187810873757592,0.08615204832973257,11.946274335779547,0.4808361063905352,0.5179505212404305,0.19900360311814952,98.2497667986667,0.10080697268485468,15.043882745936802,6.650553874238095,3.4015233432579493,2.446109192864362,1.3226417391442162,0.6317559365794727,3.4630257405459646,0.027518735759188586,0.029363530925027026,2.806835934433799,0.0389593116982556
1610612759,San Antonio Spurs,50,37,13,0.74,2415.0,101.3,102.7,92.1,93.6,9.2,9.1,0.633,1.45,17.4,0.329,0.674,0.512,0.168,0.479,0.523,91.2,89.88,74.9,4517,0.582,1998-99,1998,1999,1999-00,1610612759,0.646,-0.09399999999999997,1,SAS,11,11954.725,8,5,11,0.179,0.272,0.16422697580524295,0.43408889232778947,0.6685650792190256,30.633271502829768,101.60790112974853,92.28419194084346,9.35093549482178,0.1569276049149325,1.5794450590317495,17.560755405638076,0.05342443022877285,0.12290447598473961,0.09049449610927894,11.483259297056183,0.48205052339834936,0.5217853081800988,0.19558275019570362,90.89061236596126,0.11749343293133048,13.83419526588859,6.558745600588887,3.2853955235273076,2.135055386050285,1.2557377940521424,1.0509652041347666,4.62508711842425,0.04012524724197215,0.04830397810634235,2.3476922054358638,0.057449736624114386
1610612760,Seattle SuperSonics,50,25,25,0.5,2420.0,101.8,103.2,103.3,104.2,-1.6,-0.9,0.619,1.42,16.7,0.344,0.673,0.506,0.167,0.481,0.519,92.3,91.22,76.02,4594,0.49,1998-99,1998,1999,1999-00,1610612760,0.549,0.049000000000000044,0,SEA,11,11208.320000000003,8,6,4,0.156,0.268,0.17931188617027347,0.4834859283103979,0.7255743947353392,31.722610822436664,103.0334551178648,103.20155484199832,-0.18987311806467555,0.15208417615961475,1.4198311343716095,14.97718598029559,0.057003970859742265,0.12397045884961645,0.089676264893698,10.876874812639182,0.48843021225898847,0.5246085608726373,0.19503753298145188,91.63261724474914,0.102217015722844,14.289741906012674,6.401316165134471,3.121966539142351,2.0459801290469932,1.153072003654428,0.6391680465939586,4.184451076526559,0.03508878275253469,0.04747302724039376,3.8273307276518422,0.05676965172699897
1610612761,Toronto Raptors,50,23,27,0.46,2415.0,98.8,99.8,100.5,101.8,-1.7,-1.9,0.624,1.3,16.1,0.359,0.675,0.515,0.175,0.45,0.504,91.7,90.67,75.56,4565,0.489,1998-99,1998,1999,1999-00,1610612761,0.549,0.08900000000000002,0,TOR,10,11708.133333333333,9,5,2,0.13,0.269,0.15098478550523284,0.44093664233410396,0.6627449863912266,27.5857862340709,98.77926996617734,100.04585688296454,-1.2923273991868898,0.15844228926330411,1.4131129699012652,17.120370483196865,0.05726681779617588,0.12366249217068476,0.08964249681133342,12.129834716037854,0.4515171563072962,0.5030203752946668,0.1944641489961394,91.70887428966756,0.10079848581043377,13.593627222102013,6.398628873375772,3.1455056883533947,2.244593501953058,1.3344569586953796,0.9777818268781814,5.407626893451201,0.023742183945119667,0.05264755175569288,2.3506491281827637,0.025517123914608187
1610612762,Utah Jazz,50,37,13,0.74,2435.0,102.7,104.2,95.5,96.7,7.2,7.4,0.715,1.48,19.0,0.329,0.677,0.516,0.182,0.485,0.545,89.6,88.37,73.64,4480,0.591,1998-99,1998,1999,1999-00,1610612762,0.671,-0.06899999999999995,1,UTA,11,12002.941666666664,7,5,9,0.196,0.303,0.15259634270210154,0.41937358411444986,0.648492418178044,30.845590074099896,103.50542132380048,95.66743499683759,7.840750024473168,0.1812194596741216,1.4278386881549177,17.305506830617215,0.05268046971818714,0.12324974627747504,0.09066992341460742,12.429159948984728,0.4852344447506966,0.5418930839870504,0.19506505308073788,89.1489272240902,0.11802872892964436,13.823611295286643,6.085508205280234,3.569125068646367,2.2824404850755338,1.166713993028098,0.8247978099813033,4.847548194843523,0.044941388840127536,0.05400141705664352,5.4521721255726945,0.04213681201949033
1610612763,Vancouver Grizzlies,50,8,42,0.16,2435.0,95.4,97.1,105.1,106.3,-9.6,-9.3,0.586,1.14,15.3,0.342,0.645,0.49,0.185,0.447,0.498,91.6,90.29,75.24,4576,0.427,1998-99,1998,1999,1999-00,1610612763,0.268,0.10800000000000001,0,VAN,10,10676.56,8,5,0,0.138,0.282,0.18918297029505135,0.46802777923475974,0.6800375464256901,24.911819755926373,96.28158011569269,105.51912040644801,-9.239860092264422,0.15108650710840696,1.100485017333923,14.51218691538598,0.05925952163743128,0.12607080510951094,0.09177973304759834,13.328570875512959,0.4517323173381689,0.4985693057189457,0.19944424280854503,91.14958200019481,0.09059180266552772,13.386334175052637,6.315517357650778,2.8863229354773443,2.4547232441910127,1.2341053672718552,0.6237964288122765,3.2850814326093096,0.02991574181074877,0.05321395475068533,1.7248299331415355,0.04059564945206614
1610612764,Washington Wizards,50,18,32,0.36,2410.0,98.3,99.8,101.0,102.1,-2.7,-2.3,0.602,1.45,16.8,0.308,0.673,0.488,0.161,0.468,0.507,92.2,91.11,75.93,4571,0.476,1998-99,1998,1999,1999-00,1610612764,0.354,-0.006000000000000005,0,WAS,11,11488.161666666665,8,6,2,0.149,0.253,0.16646397008398647,0.4426115753651912,0.6776763093950193,29.774056249498578,98.82385385999531,100.64351823333497,-1.8116465108937505,0.1577245786495867,1.4226168619667463,15.480557217088839,0.047966816710013224,0.12096942635295435,0.08410405465220212,11.033217078392436,0.47900526658094555,0.5115399945770263,0.19573885769655341,92.11996428932565,0.09828239200440685,13.68156233873798,5.841143426341638,3.3060119714540925,2.080750662602386,1.2095930056694595,0.5295886475599447,4.025205682417461,0.032300160082994266,0.0504621679482986,2.1440469266769138,0.04408981807258913
1610612765,Detroit Pistons,50,29,21,0.58,2410.0,101.2,102.4,97.9,98.4,3.3,4.0,0.608,1.28,16.4,0.331,0.697,0.514,0.179,0.48,0.528,88.7,87.93,73.28,4411,0.515,1998-99,1998,1999,1999-00,1610612765,0.512,-0.06799999999999995,1,DET,11,11631.309999999998,9,4,10,0.179,0.291,0.15901805844168315,0.41204501757182416,0.6127638818556695,28.181863149264064,101.31302351153913,97.21792350417392,4.102435108341192,0.1563396751240115,1.4669842004039098,15.867687503241966,0.053484740899061814,0.12886126670168707,0.09122259888754289,11.723974313010887,0.4905838002483527,0.53177914324927,0.19475777004768452,89.07181322224237,0.10576114155098036,13.609129152262298,6.069479706069221,3.0270021175602744,2.200611968901181,1.3308905015858057,0.6313992147058242,3.345900776301726,0.036529241512810555,0.06452696252289127,2.185509963321205,0.03861715239437765
1610612766,Charlotte Hornets,50,26,24,0.52,2430.0,100.0,100.4,99.2,100.4,0.8,0.0,0.664,1.39,17.6,0.266,0.678,0.482,0.172,0.485,0.537,92.1,91.43,76.19,4626,0.511,1998-99,1998,1999,1999-00,1610612766,0.598,0.07799999999999996,0,CHH,9,8882.909999999998,6,3,3,0.143,0.231,0.20753559362866453,0.5193155546249296,0.7637033734815881,29.506780060438153,99.34974963159596,99.21257816038514,0.13717147121082288,0.17241196165821035,1.4872385063003004,18.160740324210575,0.04064146903060672,0.117460450460491,0.08083405907148296,12.468613175937465,0.4856436359256145,0.5305798711608396,0.19191262210244164,92.31683203852494,0.09750835274326394,13.33752115016363,5.576550927567656,3.444817070081764,2.326264703796391,1.138815996109383,0.5795398129666968,3.856701959653872,0.02204924492599969,0.023423276099378037,3.043644641190041,0.040225218736141564
1610612737,Atlanta Hawks,82,28,54,0.341,3966.0,99.2,100.1,104.8,105.8,-5.7,-5.7,0.516,1.22,14.6,0.334,0.698,0.516,0.164,0.46,0.503,94.4,93.55,77.96,7731,0.462,1999-00,1999,2000,2000-01,1610612737,0.305,-0.03600000000000003,0,ATL,12,19331.085,9,4,0,0.148,0.282,0.15444356416966076,0.44123036377247665,0.6487932950133597,28.18253915907979,99.18863764415362,104.90077137418825,-5.699138046312455,0.12663556839497972,1.189957999425968,13.60632927053327,0.05732751144939182,0.12811685772767886,0.09297020662144245,11.903063580411205,0.46962972995738905,0.5123551988071715,0.19699051889741315,94.23477357496142,0.09398356489905593,14.198064930137134,6.840174775497599,2.7431465952376706,2.2123952173403616,0.8883102009018118,0.8547890612451396,3.8719972718535445,0.02628928858832337,0.041477091232342236,2.3946632830527026,0.049509541973968424
1610612738,Boston Celtics,82,35,47,0.427,3946.0,102.0,102.9,103.0,103.9,-1.0,-1.1,0.57,1.38,15.9,0.327,0.705,0.506,0.159,0.474,0.52,97.1,96.19,80.16,7918,0.476,1999-00,1999,2000,2000-01,1610612738,0.439,0.01200000000000001,0,BOS,12,19400.583333333332,10,4,4,0.137,0.28,0.15485359117208675,0.4218201342743131,0.613748555670577,25.673423135902272,101.82141068782298,102.24289401950972,-0.3794587791604204,0.14363535623928833,1.551153174088408,16.245572418355117,0.05323690155364744,0.13234439737636755,0.09069297529713455,11.419428908924562,0.47355801801492226,0.5178919245555332,0.19651123574462967,97.56515488194084,0.09657546542844503,14.989652372995659,6.413003045441074,3.1935122225706274,2.2341596257844483,1.4566572310970032,0.5158607773821234,2.978683947093895,0.028321719221749694,0.05136055199706072,2.6166133002443455,0.03243703451523243
1610612739,Cleveland Cavaliers,82,32,50,0.39,3971.0,97.9,98.7,100.9,102.2,-3.0,-3.5,0.652,1.36,17.3,0.308,0.685,0.496,0.177,0.468,0.516,98.4,97.36,81.13,8051,0.475,1999-00,1999,2000,2000-01,1610612739,0.366,-0.02400000000000002,0,CLE,10,18949.771666666667,10,6,1,0.136,0.297,0.13155250859223191,0.37361998117303613,0.5927975561359007,28.02297353978672,98.26813109357605,101.00829124326299,-2.7327270697984662,0.1649860820662483,1.4768073230082015,16.55125412680874,0.04929300511360603,0.12582585366244078,0.08748491507769268,12.498566411925982,0.4736417515320985,0.5193124903088102,0.1965633600862209,98.28813808310619,0.09673896774305901,14.531256884977417,6.354693983559872,3.5620481970627087,2.5152809668858804,1.2956356642116091,0.6573166272979718,3.3025557307806817,0.02497020535223166,0.05249321577483092,1.5104090354161521,0.03072981937812562
1610612741,Chicago Bulls,82,17,65,0.207,3961.0,91.2,92.8,102.3,102.8,-11.1,-10.0,0.638,1.05,15.8,0.331,0.676,0.499,0.208,0.443,0.49,92.0,90.93,75.78,7492,0.417,1999-00,1999,2000,2000-01,1610612741,0.183,-0.023999999999999994,0,CHI,13,17101.638333333336,11,5,0,0.142,0.266,0.1752236603452125,0.40304169688225766,0.592719722856962,26.19970494055005,91.3026705628496,101.38628493975673,-10.075064406597303,0.15436312885422382,1.2019686262027722,17.05355601895062,0.05507496893816118,0.12595632104643387,0.08960547288695442,14.922868588711237,0.4406672633606351,0.4846978124805392,0.18547478355631233,92.07410069970878,0.08429362459717553,12.150414828676746,6.2330870248981025,2.904984834299014,2.5281788304297943,1.1451534419265679,0.7283512700488832,4.92194778410063,0.03656761668798246,0.0513724376090855,3.953489434723651,0.0500256812883885
1610612742,Dallas Mavericks,82,40,42,0.488,3946.0,103.8,104.7,104.5,105.2,-0.7,-0.5,0.567,1.61,16.7,0.281,0.647,0.466,0.142,0.49,0.532,97.4,96.64,80.54,7941,0.493,1999-00,1999,2000,2000-01,1610612742,0.646,0.15800000000000003,0,DAL,11,18727.74,10,6,6,0.131,0.258,0.18503469541261608,0.4522573643874452,0.6621485916969515,27.10148368142659,104.07003792235476,104.04507221195225,0.04418000605874833,0.14134423258403492,1.6593901951507943,16.91452080354241,0.045752009229802076,0.1204066665278352,0.08359981227491055,10.362835326989092,0.4937601639777856,0.5369197311937621,0.19384984182109888,97.31974145127319,0.10113527428652186,15.170650596388034,6.19359303364955,3.3063252693597844,1.9434272368155476,1.0860894053420223,0.7862133925396231,3.3004593867754677,0.021595024795875422,0.047198399572918055,2.9390018839095324,0.03439912948983093
1610612743,Denver Nuggets,82,35,47,0.427,3971.0,100.8,102.2,102.8,104.5,-2.0,-2.3,0.625,1.49,17.2,0.321,0.688,0.504,0.161,0.476,0.517,97.4,95.95,79.96,7944,0.483,1999-00,1999,2000,2000-01,1610612743,0.488,0.061,0,DEN,13,17302.16,8,5,2,0.118,0.27,0.17042091854427424,0.46704852650381995,0.7082004982807542,26.324193530364607,101.15426548862493,103.17264946496084,-2.0027128597431383,0.16192875581237642,1.597219934775003,17.47252744744009,0.05298576015942518,0.12870801477965754,0.09083431076428222,11.28823519722393,0.48062814161160605,0.5208091981964486,0.19089497399939276,96.94617137783182,0.09740371732007255,14.329540357966867,6.768403482570962,3.641163877804852,2.2159083027783812,1.0007999001280765,1.2026244122121168,3.097148264614681,0.019648401177253878,0.04475341487536517,1.5056991762526506,0.04115092796881806
1610612744,Golden State Warriors,82,19,63,0.232,3951.0,96.9,98.0,105.8,106.5,-8.9,-8.4,0.618,1.42,16.3,0.346,0.673,0.499,0.163,0.444,0.484,98.0,97.11,80.92,7991,0.431,1999-00,1999,2000,2000-01,1610612744,0.207,-0.025000000000000022,0,GSW,12,15233.385,11,5,0,0.125,0.252,0.1612224291142995,0.43903352187755157,0.6652892096317835,27.737498373911425,96.76481254822879,105.0524391875695,-8.274970380297397,0.1481724612312584,1.451225005691994,15.688609218065018,0.06569887990533074,0.13221500572591058,0.09697349888638233,11.752487557208505,0.45061183687451395,0.48864185427817486,0.19197113248302988,97.9395215596096,0.09126043576876272,14.051768533389001,7.415817298650301,3.2541683939584014,2.3017865037875693,1.3494046136167372,0.760960219937985,3.6099161988570967,0.02297286125488058,0.033533965365702294,2.0057411933025038,0.025626564892997746
1610612745,Houston Rockets,82,34,48,0.415,3966.0,101.6,103.3,103.1,104.2,-1.5,-0.8,0.591,1.24,16.3,0.321,0.691,0.508,0.181,0.494,0.536,96.8,95.54,79.62,7892,0.49,1999-00,1999,2000,2000-01,1610612745,0.549,0.13400000000000006,0,HOU,13,19273.731666666667,12,4,6,0.144,0.247,0.14399702392868222,0.41389459349638136,0.6034878732616993,26.716430021897683,102.6035884159779,103.32256518565552,-0.7171134045223383,0.15080339337504178,1.3044318229673393,15.851672340912359,0.04976777780189427,0.12613777811060461,0.08842204316254619,12.425493722500892,0.4968270884923773,0.5374418340886936,0.19608327275145385,96.25621926008273,0.09994942027746054,14.880979198025914,6.4327968316808395,3.2705654042604966,2.4524570963986476,1.120696312139519,0.7770161097500665,4.26116011435555,0.01675616486525113,0.03321972162432363,3.2331422535602954,0.03195990259790208
1610612746,Los Angeles Clippers,82,15,67,0.183,3940.0,95.2,96.1,107.3,108.0,-12.2,-11.9,0.514,1.12,14.2,0.286,0.674,0.474,0.169,0.458,0.499,96.5,95.69,79.74,7849,0.411,1999-00,1999,2000,2000-01,1610612746,0.378,0.195,0,LAC,13,19232.174999999996,10,6,0,0.113,0.247,0.14385086450180495,0.3940916718987843,0.6242824849503502,24.434661879549942,95.2258608642375,107.00174477579023,-11.762543931371951,0.12951496090969086,1.2172430869970077,13.54353724942707,0.04565097022740972,0.12292719665525784,0.08329069870325814,12.297372736052996,0.4564717691403426,0.4969727569381346,0.1980498122720563,96.54464697657271,0.08387129588827058,13.936021276844667,6.025527533937271,2.7291764971980554,2.332341505835924,1.0594745524102192,0.9022380463988084,2.781898138892164,0.019833516381101247,0.036052157653523056,2.229267669818105,0.03491735349513458
1610612747,Los Angeles Lakers,82,67,15,0.817,3961.0,104.6,105.4,95.6,96.4,9.0,9.0,0.612,1.68,17.4,0.324,0.705,0.518,0.146,0.484,0.525,95.8,95.04,79.2,7840,0.573,1999-00,1999,2000,2000-01,1610612747,0.683,-0.1339999999999999,1,LAL,12,19456.583333333332,9,4,11,0.214,0.311,0.1626789561373828,0.4223928490356735,0.6265135622475684,29.677559095250537,104.68715807417371,95.59739130285807,9.093769486763263,0.1544783814390159,1.7633294146368623,18.21973988238771,0.05565230894427336,0.13057723649664427,0.09389590567031725,10.27424664316705,0.46988884884721965,0.5110927092372334,0.19650664822103917,95.78331351599073,0.11522941429421918,15.120434814265952,7.088397671739215,3.482214674553172,1.9964450764308568,1.1138646302237032,0.9880460341187003,5.020868892163734,0.05037050007376863,0.0677466703752494,3.0506910513813974,0.04865008620259974
1610612748,Miami Heat,82,52,30,0.634,3966.0,102.2,102.5,97.7,99.4,4.5,3.1,0.649,1.57,18.3,0.304,0.696,0.508,0.163,0.495,0.533,92.2,91.22,76.02,7548,0.543,1999-00,1999,2000,2000-01,1610612748,0.61,-0.02400000000000002,0,MIA,12,18977.89666666667,9,6,8,0.171,0.279,0.14889725222447373,0.4152810049726268,0.6348705836561795,29.590908915266155,101.7749489537741,98.19192438607085,3.5579006647909166,0.16412650005646914,1.7645629608760647,18.93982408306927,0.04978298525881599,0.130162850326406,0.09181649959804114,11.299012746231623,0.49411219534514633,0.5303826959046567,0.19710221399666875,92.36656191527369,0.11151031893418464,14.240355754211606,6.4647838564477365,3.6136775958136553,2.1852790500668404,1.069876201595224,0.9370901482057458,3.2355560155319014,0.02997823622031356,0.051115082935432876,4.067387876668195,0.04415215672205579
1610612749,Milwaukee Bucks,82,42,40,0.512,3971.0,104.9,106.5,104.9,106.2,0.0,0.3,0.583,1.51,17.1,0.327,0.667,0.497,0.158,0.494,0.539,95.5,94.27,78.56,7796,0.498,1999-00,1999,2000,2000-01,1610612749,0.634,0.122,0,MIL,12,19220.78166666667,10,5,6,0.144,0.27,0.15978356412664102,0.46217717992565155,0.6820069492491155,28.24736871176502,105.61353658093512,104.87534583444359,0.7448931707512066,0.14993632898557976,1.4464306498461,15.745841632004383,0.05333873657063376,0.12352048021980376,0.08857104996336863,11.521881680323617,0.492167914867146,0.5345677037588394,0.19673581650208646,95.28678500935055,0.10055645846522546,15.137365641303697,6.20890461530831,3.3676049768700875,2.163283508501085,1.223051195715332,0.7117296391605302,3.8143612214736433,0.030603748359737337,0.062208282892739934,3.5076978347397128,0.041074847158328584
1610612750,Minnesota Timberwolves,82,50,32,0.61,3981.0,103.4,104.2,100.2,101.7,3.2,2.5,0.684,1.94,19.8,0.318,0.696,0.507,0.147,0.485,0.525,94.4,93.37,77.81,7751,0.531,1999-00,1999,2000,2000-01,1610612750,0.573,-0.03700000000000003,0,MIN,12,19885.9,8,6,7,0.18,0.273,0.16309294525266646,0.4134250063277665,0.6267806167519029,27.260525213006865,103.24958455488562,100.46322276085066,2.7993482232804814,0.17326129594335685,1.9921154494725746,18.992653940731874,0.05236017152857049,0.12665207031112496,0.08980612410468389,10.036086942674626,0.4824066879883066,0.5228832496894784,0.19580702113893092,94.40259474217075,0.10640029216681167,14.614777304522299,6.308992803946515,3.9899627374169633,2.0022226803916343,1.1242136388094075,0.8037855968299146,3.9956317594031288,0.04121219198104563,0.04233528433420195,5.0085542038831425,0.0330055074587193
1610612751,New Jersey Nets,82,31,51,0.378,3966.0,102.3,102.8,103.3,103.9,-1.0,-1.1,0.567,1.51,15.8,0.298,0.657,0.472,0.143,0.468,0.517,95.1,94.63,78.86,7820,0.479,1999-00,1999,2000,2000-01,1610612751,0.317,-0.061,1,NJN,12,19293.661666666667,10,5,3,0.134,0.272,0.14932710630270027,0.4159421267623556,0.6303991716796112,27.58670969403855,101.85435014625268,102.88606571743728,-1.0344278263405504,0.1478451086310988,1.6807397455312827,14.994896985598984,0.049081010197044854,0.11828641591016462,0.08261789886609566,9.835876644117235,0.46571852828696675,0.5116864097941665,0.19614409879168435,95.64507999215978,0.09723871302466605,14.74618996204021,5.978336408753237,3.110451558486781,1.9237405859627301,1.328519201945164,0.6959798628167783,4.03048126747812,0.02569355363865419,0.05838102717070054,2.2091068567922973,0.03551686867834083
1610612752,New York Knicks,82,50,32,0.61,3966.0,99.8,100.9,98.1,99.5,1.7,1.5,0.548,1.32,15.8,0.277,0.699,0.496,0.16,0.482,0.527,91.7,90.54,75.45,7485,0.507,1999-00,1999,2000,2000-01,1610612752,0.585,-0.025000000000000022,0,NYK,10,19199.748333333333,8,6,7,0.128,0.252,0.1706838344842888,0.4545660277317871,0.6641372642992108,29.920399217038348,100.37522553464026,98.35730028232142,2.0242911777749866,0.13478620926368046,1.4103422301802742,16.219507573406563,0.043578750902030054,0.12776422729152093,0.08722950830345085,11.685548248071655,0.48396671909501593,0.5268307872785485,0.1966034204962235,91.37858936779466,0.10309625855338904,13.893932116644931,6.03007904009853,2.8725376521862396,2.0869023543624574,0.9262621411096621,0.6375083562293221,3.0936896622329857,0.02361019293485914,0.045673325180067,2.4564892415642334,0.03670755035804001
1610612753,Orlando Magic,82,41,41,0.5,3951.0,99.4,101.1,98.9,100.3,0.5,0.8,0.539,1.18,15.3,0.344,0.669,0.506,0.178,0.473,0.516,100.2,98.68,82.23,8120,0.497,1999-00,1999,2000,2000-01,1610612753,0.524,0.02400000000000002,0,ORL,9,15877.733333333334,9,2,4,0.143,0.243,0.1630054247877531,0.4329190564564211,0.6416105783361185,26.649500453465226,99.83809075392794,99.30390247768364,0.5395066256308625,0.1491425563472536,1.2897851425056475,17.104934677913725,0.05549882193512088,0.12348235211994994,0.08952478470898448,13.228390492345673,0.49815853490842515,0.5312764729222476,0.18664057422134145,99.55022079977832,0.10261556214992905,14.431530949001957,6.686344818319995,3.4055238783033683,2.5530092456521922,1.2946432320314403,0.959078961732573,3.6089435681791846,0.021892959379993977,0.05691381654916558,2.85989178298989,0.034054016783506516
1610612754,Indiana Pacers,82,56,26,0.683,3946.0,105.9,106.8,100.8,101.7,5.2,5.1,0.609,1.6,17.5,0.276,0.691,0.492,0.149,0.503,0.552,95.6,94.7,78.92,7777,0.534,1999-00,1999,2000,2000-01,1610612754,0.5,-0.18300000000000005,1,IND,11,19400.131666666664,10,4,11,0.13,0.263,0.1542039362447626,0.42018194206413895,0.6272327704992381,30.95772606010663,106.27786750416385,100.78276620803003,5.478944266615374,0.15146437597201873,1.5666771660226704,16.7070693936012,0.043712002641906465,0.12742191629455435,0.08740826363807323,10.592851526179503,0.504518040728074,0.5534487943767391,0.1957493643299156,95.25095307342845,0.10756138888748092,15.145876587263711,6.251710147328038,3.4236881038350337,2.028233657177069,1.0206116298695223,0.7552526061034465,4.7396923924341525,0.015361194351204996,0.03541415174364692,2.6215389645587552,0.02625750149437568
1610612755,Philadelphia 76ers,82,49,33,0.598,3966.0,98.5,99.9,97.5,98.3,0.9,1.5,0.607,1.42,16.6,0.335,0.68,0.504,0.165,0.457,0.501,95.3,94.25,78.54,7782,0.508,1999-00,1999,2000,2000-01,1610612755,0.683,0.08500000000000008,0,PHI,8,15976.853333333333,7,5,7,0.126,0.334,0.1791347733053818,0.5091238241322447,0.7664619399397795,27.78517547051401,99.54647770649872,97.40537054021485,2.128913014995026,0.15048363121565866,1.5254843267009606,16.84955468911692,0.056882765922200776,0.12650854058454564,0.09095102466985572,11.605985168961096,0.4641439946664508,0.507339676189888,0.19542460238311424,95.07948470245289,0.10496088059476041,14.287919857393696,6.644862901664408,3.3100385223957325,2.194674963113304,1.4578590360721844,0.7345626673253973,2.273428366802225,0.010711009756534688,0.06970366377565342,1.3155981386611049,0.027840074461584152
1610612756,Phoenix Suns,82,53,29,0.646,3961.0,101.8,102.7,96.2,97.3,5.6,5.4,0.678,1.53,18.8,0.316,0.676,0.5,0.173,0.491,0.532,96.7,95.67,79.73,7895,0.542,1999-00,1999,2000,2000-01,1610612756,0.622,-0.02400000000000002,0,PHX,13,19405.80833333333,10,5,12,0.153,0.227,0.1464377718526713,0.39890762945973657,0.6060826290410475,28.942773405041535,102.06499093699182,96.17281985591083,5.883038926919216,0.16943589457967265,1.5348349819663103,17.90033194528958,0.052767221669457194,0.12400597011977084,0.0891735561990246,12.275891273102511,0.49108618845646285,0.5318560393215604,0.19721311308426986,96.60818261113404,0.10943724649449885,14.859468621293367,6.494756509756314,3.8252464790395657,2.4246348923883185,1.3672195223337342,0.792133970198785,2.9456352679416473,0.03024442758756559,0.024611735353939925,3.094085003160183,0.035158144250486564
1610612757,Portland Trail Blazers,82,59,23,0.72,3956.0,105.1,106.5,97.7,99.5,7.4,6.9,0.637,1.55,18.2,0.335,0.693,0.523,0.166,0.501,0.546,92.4,91.03,75.86,7505,0.559,1999-00,1999,2000,2000-01,1610612757,0.61,-0.10999999999999999,1,POR,11,19589.185,9,5,10,0.152,0.247,0.14528109940935943,0.4229433230632106,0.6299754175582087,29.761413929846153,105.68852119166775,98.37365747987985,7.284759541212834,0.15862205778341468,1.6221060643070824,18.085945314553246,0.052883499832518124,0.12731132671760803,0.09197669947303407,11.440072621704275,0.50022680456929,0.5449742238723393,0.19568944352032341,91.94314601909166,0.11229122948878852,14.56783424118972,6.402716601022453,3.522964329552251,2.1667057613678162,1.1577817045476881,0.7167220075771402,4.613364085266893,0.018086246746424926,0.023344508051513214,2.943432525370087,0.02337285479786726
1610612758,Sacramento Kings,82,44,38,0.537,3961.0,101.9,103.6,99.9,100.7,2.0,2.9,0.596,1.47,17.0,0.308,0.679,0.493,0.16,0.486,0.526,101.9,100.66,83.88,8306,0.513,1999-00,1999,2000,2000-01,1610612758,0.671,0.134,0,SAC,12,19721.93666666667,9,4,11,0.159,0.279,0.14604524133109983,0.40633441847580554,0.6012325361555938,27.9711162578523,102.79514373250362,99.86059529143607,2.9205746443765417,0.14934077687772718,1.4346935561264185,16.477770523212648,0.049589737552819785,0.12458597321662632,0.08679894046916624,11.28649852000674,0.4876889267636157,0.5274275966981606,0.196321992464905,101.56705921629401,0.1032630944290292,15.676350919559795,6.702790006593336,3.5631389141803353,2.363865212020253,1.4329221555489566,0.6918184674561204,3.6811370675941495,0.030664901959365717,0.042059632183487246,2.76662393995821,0.049108486835304055
1610612759,San Antonio Spurs,82,53,29,0.646,3971.0,102.8,103.5,95.7,97.1,7.1,6.4,0.616,1.48,17.3,0.301,0.703,0.512,0.162,0.488,0.535,93.1,92.11,76.76,7620,0.556,1999-00,1999,2000,2000-01,1610612759,0.707,0.06099999999999994,0,SAS,11,18742.315000000002,10,4,11,0.183,0.284,0.1535859719926096,0.4274264767541612,0.6360563427374545,31.418037384033575,102.72641731646631,95.99697355067038,6.747805727307432,0.1576985494232347,1.6599706306291404,17.973457085388507,0.05051835779091323,0.1318101836228164,0.09343970377547632,11.621416333396736,0.4875847753243572,0.5329392627502703,0.19691154445613218,93.00802071675777,0.11394791402947464,14.43855788359122,6.592141899226429,3.376744014813538,2.176251973142058,1.1428684236712485,1.0218588258707635,5.271396010595187,0.04574570437126397,0.05173896521173696,2.750522183625486,0.0424475979844805
1610612760,Seattle SuperSonics,82,45,37,0.549,3956.0,102.6,104.0,101.8,103.1,0.8,1.0,0.604,1.63,17.2,0.312,0.673,0.491,0.148,0.487,0.52,96.0,94.74,78.95,7809,0.496,1999-00,1999,2000,2000-01,1610612760,0.537,-0.01200000000000001,0,SEA,12,19373.478333333336,7,5,6,0.166,0.264,0.17675469910023897,0.4647603721479372,0.7116799796835656,28.632551700619587,102.90619541130414,102.08673497540066,0.8413681865939237,0.15618249381650362,1.852149147713709,17.135742798552695,0.04988316475952047,0.12272983529803246,0.08576675492879571,10.40310461372149,0.4930194750779136,0.5245263949762248,0.1945048079044832,95.63759979600978,0.10016354772637198,14.819228383270016,6.386669335836871,3.4655624996612637,2.0143001338513726,1.1855382706616013,0.61506766079779,4.285889424433172,0.03491326560866415,0.05246746631688833,1.9889984282457966,0.055843879899826726
1610612761,Toronto Raptors,82,45,37,0.549,3951.0,101.8,102.7,101.7,102.8,0.0,-0.1,0.653,1.71,17.7,0.324,0.686,0.499,0.147,0.464,0.511,95.2,94.3,78.58,7760,0.5,1999-00,1999,2000,2000-01,1610612761,0.573,0.02399999999999991,0,TOR,12,19583.52666666667,9,5,6,0.147,0.295,0.1597252316487769,0.4119420608273143,0.6516499922213533,29.592601809207675,101.87119496522419,101.6322988556028,0.23006222236444307,0.16378784328597265,1.886928407345085,18.218693909064392,0.05383988753813155,0.12700488165393434,0.08915333806066253,10.404245175111463,0.4587959357167197,0.5058675070101436,0.19592433512996812,95.21658610604355,0.10076808552358123,14.577558213042323,6.4762594684171635,3.544203308290744,1.9687975846366115,1.194881820741174,0.9945093308015003,5.766264749609122,0.032538689522392236,0.05712531829235036,2.0578786217878577,0.03159050215264831
1610612762,Utah Jazz,82,55,27,0.671,3951.0,104.0,105.7,99.8,101.1,4.2,4.6,0.689,1.67,19.1,0.329,0.698,0.516,0.163,0.49,0.54,92.2,90.84,75.7,7488,0.551,1999-00,1999,2000,2000-01,1610612762,0.646,-0.025000000000000022,0,UTA,12,19528.118333333336,8,5,6,0.199,0.316,0.15084095403969197,0.42384916587372173,0.6402614657104273,31.9750553710116,104.8962402334207,99.89880730102773,4.973033474551355,0.1748704329850521,1.6555799743805322,17.606717527230607,0.05104758736355466,0.1302792074778326,0.09114048008209699,11.48605926445721,0.4886929976441663,0.5346119795976246,0.19560871609835087,91.76168349980126,0.11003806203891808,14.50277979504938,6.118561858366453,3.744139540326082,2.121863422410301,1.1503412472493724,0.8148250501349721,4.965196174294173,0.051788899601887935,0.05683351039722428,5.454736747998051,0.05120914972184264
1610612763,Vancouver Grizzlies,82,22,60,0.268,3971.0,99.7,100.7,105.3,106.7,-5.6,-6.0,0.588,1.23,16.2,0.326,0.679,0.501,0.181,0.474,0.524,93.5,92.46,77.05,7647,0.457,1999-00,1999,2000,2000-01,1610612763,0.28,0.01200000000000001,0,VAN,13,19454.781666666666,8,5,1,0.144,0.247,0.16570639146211613,0.48749120717451727,0.7160283388771004,25.692564098851786,99.77143538576503,105.57562390188735,-5.8206542538942205,0.1480615516202572,1.346189451796298,15.739183674553354,0.05326203326705714,0.1258969040087745,0.08942961957338852,12.725217099583658,0.47432060421478206,0.5233775286949592,0.19583326995274253,93.44106906365519,0.09229443506990438,14.052277978961296,6.0343005648397146,3.1124481907575587,2.392625154964045,1.1065660036105947,0.6235999050447666,3.374923657922335,0.030046261024343685,0.03918520020480129,1.6741834399182287,0.02668734632399933
1610612764,Washington Wizards,82,29,53,0.354,3961.0,100.7,101.8,104.1,105.2,-3.4,-3.4,0.588,1.34,16.4,0.329,0.686,0.506,0.17,0.476,0.521,95.3,94.33,78.61,7781,0.471,1999-00,1999,2000,2000-01,1610612764,0.232,-0.12199999999999997,1,WAS,11,18786.036666666667,11,3,1,0.119,0.246,0.15509382766739338,0.39917475940907177,0.583215352679499,28.624220719963812,100.8516696709666,104.23168828763065,-3.3804364358563483,0.14870157666749292,1.3386614730337834,15.319487505879811,0.053580596474935016,0.12619903399883353,0.08953301219647004,11.904429850468727,0.48193005452099086,0.5263607459512039,0.19817597316517535,95.24838123297604,0.09696796024565053,14.69048553970316,6.3257621662614305,3.2500735031746095,2.3149108442422928,1.0520579912988566,0.6477151203260719,3.628773078619368,0.016379095008095878,0.03583999718004244,2.357245582020998,0.03721151657324173
1610612765,Detroit Pistons,82,42,40,0.512,3966.0,104.6,105.2,103.1,103.8,1.6,1.4,0.561,1.33,15.7,0.295,0.694,0.495,0.16,0.492,0.548,98.2,97.56,81.3,8063,0.506,1999-00,1999,2000,2000-01,1610612765,0.39,-0.122,1,DET,11,19257.71,8,5,9,0.17,0.298,0.16349192089817532,0.45937393386856484,0.6954494243258068,28.426849644462745,104.48188709872565,102.59707435792382,1.89574193054799,0.14564557727787986,1.4652915775897895,15.756220149401633,0.04723048872373715,0.12543481312160168,0.0864112759686034,11.579341339131185,0.4981418843846612,0.5487566875812337,0.19668940292831635,98.68678424035534,0.10319816963353032,15.620548860690082,6.0586642960144275,3.1555153754002943,2.276906236515141,1.216967126413265,0.48043095466698793,2.372840333056151,0.0409935003836093,0.06670684490574504,2.720598273989112,0.04617278982190115
1610612766,Charlotte Hornets,82,49,33,0.598,3956.0,101.7,102.5,98.9,99.7,2.8,2.8,0.689,1.68,18.4,0.283,0.712,0.501,0.153,0.475,0.53,96.3,95.58,79.65,7876,0.541,1999-00,1999,2000,2000-01,1610612766,0.561,-0.03699999999999992,0,CHH,11,18972.333333333332,9,6,9,0.14,0.249,0.16530193088181036,0.45819544248642763,0.7157905370978794,28.77616028603053,101.80024755345504,98.86997214364777,2.9257902032784586,0.1752431450181844,1.7341087091730065,18.534169852592374,0.04613286654250927,0.13238855508898925,0.08997057724405715,10.75085429660734,0.47593657799954325,0.5332241742361685,0.1973035839028761,96.40414070312913,0.11132834636400374,14.910553964544864,6.442012052638052,3.7399722402797058,2.1384823514942815,1.3529174060474025,0.895619937804171,3.9932599610334005,0.019634891037355013,0.03230383890543257,2.965203329290117,0.027827133492650095
1610612737,Atlanta Hawks,82,25,57,0.305,3946.0,95.6,96.9,101.9,102.4,-6.3,-5.5,0.542,1.14,14.9,0.313,0.691,0.501,0.178,0.456,0.5,94.5,93.63,78.02,7695,0.452,2000-01,2000,2001,2001-02,1610612737,0.402,0.09700000000000003,0,ATL,9,12794.5,7,3,1,0.115,0.248,0.24155379264527727,0.5381626219599567,0.7500300910547499,24.7151503901416,95.61357445256428,101.60160583323564,-5.988031380671383,0.12266901389920148,1.0596402047754896,12.678220654708406,0.047718122240025015,0.10815119869214636,0.07767023525733714,12.549261310198393,0.45845690544114015,0.5003151111805855,0.20372390258835177,95.09086647648077,0.08253146612476717,14.490601430302085,5.618976904138497,2.5126421509242256,2.3832115362069644,1.0889053890343507,0.5486732580405644,2.5256263903440157,0.02644481129378605,0.03711729889197236,3.179644278243706,0.024512977769501818
1610612738,Boston Celtics,82,36,46,0.439,3966.0,99.0,100.1,100.9,102.3,-1.9,-2.2,0.616,1.33,16.2,0.28,0.69,0.478,0.166,0.473,0.521,95.0,93.81,78.17,7748,0.468,2000-01,2000,2001,2001-02,1610612738,0.598,0.15899999999999997,0,BOS,14,19407.065,11,4,1,0.147,0.302,0.17485616707111562,0.464993461573573,0.6527404667664414,26.22789278028388,99.05174474690875,100.89737895280233,-1.884871789388727,0.15545544006783102,1.44076802271063,16.68255004041054,0.045131179804880336,0.1269482666922244,0.08472716989062144,11.987284355808912,0.4704865743480531,0.5176425624723093,0.19579522474590225,95.09265923346304,0.09525490631032223,14.209258329376443,5.932272602786666,3.0830009586714944,2.2222834828450364,1.4005208927779653,0.6140031993503398,3.0065666513733826,0.036640477293359786,0.07263989846074784,1.2682142371133436,0.041843753724305904
1610612739,Cleveland Cavaliers,82,30,52,0.366,3966.0,97.4,99.3,102.0,103.5,-4.6,-4.2,0.591,1.27,16.2,0.331,0.678,0.505,0.177,0.459,0.509,93.9,92.32,76.94,7613,0.469,2000-01,2000,2001,2001-02,1610612739,0.354,-0.01200000000000001,0,CLE,12,17962.396666666664,12,5,0,0.142,0.254,0.158471707283308,0.4369336200310316,0.6199379667041462,27.27556883185039,98.62251163031512,102.43021544637978,-3.830768054522792,0.14307988067293917,1.213390174919123,14.728224815582333,0.05482445104300299,0.1285762960547767,0.09171762240710642,12.442887548970361,0.46784819035841374,0.517038265680582,0.1968816109171772,93.243577852176,0.0976435954444832,13.993232900064006,6.465506922888354,3.0183054636918354,2.3629363490655204,1.1744535204006743,0.8397543089554309,3.339621660080123,0.03084407422407225,0.0359844547035617,2.265412912466517,0.03843827921285932
1610612741,Chicago Bulls,82,15,67,0.183,3971.0,94.3,95.9,104.9,105.9,-10.6,-10.0,0.665,1.4,17.4,0.302,0.673,0.48,0.173,0.45,0.495,91.7,90.47,75.39,7486,0.432,2000-01,2000,2001,2001-02,1610612741,0.256,0.07300000000000001,0,CHI,13,19319.241666666665,11,6,0,0.136,0.26,0.15060054548379873,0.4041054061386985,0.6021711514729055,23.761298515426542,95.3308349749753,104.77849504962454,-9.44483746558375,0.16860382157857298,1.7204844134237498,18.561571550643166,0.04639425072326423,0.12383073852536482,0.0835661777614632,11.793475908517806,0.45362392157387127,0.4981148837363785,0.1962872406568753,91.37985254942289,0.08966556658322943,13.20238156345854,5.7300385755307,3.333671223292495,2.1541218189637363,1.2279985109836524,0.6633800757362371,2.358560286616733,0.029641387180870924,0.05148371072599802,2.1776095787327376,0.043951683059480544
1610612742,Dallas Mavericks,82,53,29,0.646,3961.0,104.5,105.6,100.1,101.2,4.4,4.4,0.564,1.52,16.5,0.272,0.678,0.481,0.146,0.498,0.544,95.5,94.52,78.76,7803,0.523,2000-01,2000,2001,2001-02,1610612742,0.695,0.04899999999999993,0,DAL,8,14960.68,6,4,6,0.159,0.247,0.23021413465163346,0.601323157325291,0.8947251506393205,26.5526444430779,105.78350224276791,99.54905762973341,6.226959079845747,0.15645562378626282,1.7441746119383164,17.283361273239805,0.04180160215533875,0.1263144278869677,0.0855862527639118,10.123636369915449,0.5016923525534935,0.5501654038007185,0.19804216018255852,94.99880333536532,0.11580992608624742,15.530310119593494,6.138491031156338,3.5156156003604115,1.9418903418828555,1.1141204811546,0.9697420170740902,2.200667500442372,0.030983102813654864,0.04321198034649963,3.9014287784112063,0.04264929637630508
1610612743,Denver Nuggets,82,40,42,0.488,3956.0,101.1,102.2,103.1,104.9,-2.0,-2.8,0.661,1.73,18.0,0.306,0.69,0.497,0.147,0.47,0.511,95.3,93.98,78.32,7751,0.48,2000-01,2000,2001,2001-02,1610612743,0.329,-0.15899999999999997,1,DEN,9,16673.946666666667,7,6,2,0.151,0.267,0.16111162644157032,0.46180728257896947,0.7371364188122627,27.718262662868852,101.95028620498566,103.84113934033614,-1.8747419727063217,0.18256006676283798,1.8822433720950689,18.491752372563663,0.04571997731390928,0.1209585058246558,0.08336323413932793,10.076342373651189,0.47818728789264847,0.5202799233294897,0.1995891026799494,94.65268091397677,0.10137539872583655,14.83919823820955,6.235356396326085,3.9510741708021935,2.0251953946516164,1.0104386404018724,0.943507875759868,3.1935933775880097,0.029721516555517455,0.040787061097842726,2.559927873635333,0.024917828456356463
1610612744,Golden State Warriors,82,17,65,0.207,3956.0,94.5,96.3,104.9,105.5,-10.4,-9.2,0.609,1.37,15.9,0.357,0.68,0.504,0.165,0.429,0.47,96.8,95.7,79.75,7879,0.427,2000-01,2000,2001,2001-02,1610612744,0.256,0.049000000000000016,0,GSW,12,17529.411666666667,11,7,0,0.118,0.276,0.19356724940473852,0.43292515902083417,0.6141989743523432,26.925906621509547,95.38437449935334,104.62487058179455,-9.213659471552903,0.1541827442963241,1.456455108257579,15.788270180583167,0.05522462742854937,0.1226790701380261,0.08642655871603219,11.475606549639856,0.4255662841698338,0.46410905462029667,0.20182288852249936,96.58076596504903,0.0859773799215737,14.156094038904328,6.52046983512567,3.3228725018057745,2.3042416236255123,1.3841879272046305,0.7824563802150805,3.8992486755729683,0.024320487196121243,0.046881486031715165,2.2829536389795284,0.03399327946239603
1610612745,Houston Rockets,82,45,37,0.549,3966.0,103.6,105.2,101.7,102.8,1.9,2.4,0.548,1.34,15.7,0.305,0.691,0.502,0.159,0.492,0.538,92.9,91.66,76.38,7575,0.509,2000-01,2000,2001,2001-02,1610612745,0.341,-0.20800000000000002,1,HOU,11,19338.126666666663,10,5,9,0.139,0.24,0.16516405070604911,0.44460907795618954,0.640582731384874,27.131878337750056,104.78569608086823,101.89065206764255,2.8721418724116337,0.13935239883628853,1.4465376894487196,15.460162187374923,0.04851717617252827,0.12851573799461447,0.08937422997539576,11.359250973637916,0.4985166170008195,0.5428729622724573,0.19496505728407337,92.28554138129202,0.10433100414069754,14.513091409405739,6.258724130120844,2.971125434762899,2.079415482850976,1.0741474786078902,0.6590090250038009,4.278286923870077,0.024471187946622647,0.0405922517480043,2.9187952624984588,0.03120057462507417
1610612746,Los Angeles Clippers,82,31,51,0.378,4006.0,98.4,100.3,101.8,103.2,-3.5,-2.9,0.547,1.23,15.3,0.322,0.682,0.506,0.171,0.476,0.514,92.1,90.67,75.56,7559,0.476,2000-01,2000,2001,2001-02,1610612746,0.476,0.09799999999999998,0,LAC,11,18653.993333333332,10,5,2,0.139,0.24,0.15170353157625946,0.41832025957623376,0.6470675269173822,24.406935923282198,99.43908426756879,101.95049830259757,-2.519936660568478,0.14026642418656377,1.4425133295855506,14.823577927371401,0.04863601252135825,0.1262363587742964,0.08844958023286523,12.067577558906958,0.47629467738632547,0.514851369626307,0.19648901888389222,91.72144225686797,0.09775804421144497,13.794794251382813,6.312642976535139,2.900612165616727,2.2386627492451123,0.8800260462549752,0.9340627333057192,4.173614623139903,0.02446136365636009,0.028104279683067175,2.8449275766910906,0.03893743395087938
1610612747,Los Angeles Lakers,82,56,26,0.683,3981.0,105.6,107.0,101.7,103.6,3.9,3.5,0.607,1.59,17.4,0.338,0.691,0.517,0.154,0.498,0.535,94.3,92.9,77.42,7710,0.532,2000-01,2000,2001,2001-02,1610612747,0.707,0.02399999999999991,0,LAL,14,19867.64333333333,10,5,8,0.186,0.315,0.1470635755658321,0.4077899358303359,0.6153929848750725,29.53040957885795,106.13504424195253,102.46466554580455,3.6614007482518054,0.1537594676973095,1.78673764360242,18.645913422377056,0.05484249079701283,0.12719040607567447,0.09131725705430924,10.761358023842115,0.49168577132030256,0.5261754374323545,0.19541092233217394,93.74982503293043,0.10593465044419795,14.892757788920779,6.630076742871533,3.417415888782649,2.05479831276751,1.0201511905538871,0.8860638227013337,4.64815578543185,0.04571853046610982,0.07787058898551133,5.343827267106611,0.04125645630980582
1610612748,Miami Heat,82,50,32,0.61,3976.0,98.6,99.4,95.7,97.1,2.9,2.3,0.605,1.45,16.4,0.28,0.7,0.49,0.153,0.469,0.515,89.4,88.39,73.66,7331,0.523,2000-01,2000,2001,2001-02,1610612748,0.439,-0.17099999999999999,1,MIA,11,19192.443333333333,9,5,9,0.175,0.292,0.16959704453124172,0.45414740489008437,0.7090036130539572,31.35174503576321,98.571288100716,96.02085278181532,2.5730052001369286,0.15511492952174052,1.5494364500750553,16.269746565184594,0.042652993634821196,0.12882032720169553,0.08567703512823537,10.788154044308754,0.46586233409920175,0.5102428191790066,0.19410784852302113,89.2469231336361,0.10556848407176919,13.141422153476027,5.841048898932964,2.999305455810472,1.9357618701666086,1.132945900756426,0.5533427826542147,3.4032941886276036,0.03793294377965603,0.047702265555683736,2.215022589050973,0.04022909155318937
1610612749,Milwaukee Bucks,82,52,30,0.634,3956.0,106.3,106.8,101.2,102.6,5.1,4.2,0.593,1.64,17.2,0.301,0.683,0.494,0.145,0.499,0.542,94.7,93.89,78.24,7733,0.519,2000-01,2000,2001,2001-02,1610612749,0.5,-0.134,1,MIL,10,18936.103333333333,9,4,8,0.148,0.284,0.16534913642035823,0.4569731083357347,0.6728555206095728,28.5352796096205,106.37134802989213,101.43926284728416,4.898390737200246,0.15232913582537488,1.6616630014165181,16.100673316984793,0.05050641226609277,0.12600242420519114,0.08892214052838397,10.571286093531036,0.5033841728437266,0.5436670674589686,0.19736015426264225,94.86961296683532,0.10577606427651168,15.340220471265564,6.319357150388739,3.3402859546429045,1.9771755223839615,1.2186245287001147,0.6615933478746333,2.9997749100151236,0.03366727506837596,0.06785586467881115,3.3322301070069953,0.03556741708705615
1610612750,Minnesota Timberwolves,82,47,35,0.573,3966.0,102.7,103.9,100.7,102.4,2.1,1.6,0.662,1.83,19.0,0.315,0.682,0.498,0.148,0.482,0.523,94.3,92.99,77.49,7679,0.518,2000-01,2000,2001,2001-02,1610612750,0.61,0.03700000000000003,0,MIN,12,19284.855,7,4,9,0.174,0.268,0.16607263402637285,0.4604974559915886,0.6714641273337721,28.0917133332521,102.8615261475045,101.16836640289317,1.7127276559766715,0.16959592713211136,1.8799301126886012,18.342881776053453,0.051375791002836166,0.1277497506895091,0.08961307763700237,10.349024411470385,0.4816578474835997,0.5219661973087172,0.19626392645074767,93.94517286838126,0.10472322832260514,14.53264751018351,6.32454846043696,3.815636674478496,2.006756078798622,1.228321395208831,0.8288369292898495,4.036493129611143,0.03995259087631302,0.040051214037562156,2.591472449792908,0.02957679508454677
1610612751,New Jersey Nets,82,26,56,0.317,3946.0,96.9,98.4,103.0,103.8,-6.1,-5.4,0.576,1.33,15.4,0.292,0.673,0.477,0.157,0.452,0.504,94.5,93.35,77.79,7674,0.446,2000-01,2000,2001,2001-02,1610612751,0.634,0.317,0,NJN,10,17995.108333333334,10,7,1,0.149,0.288,0.1421670611411527,0.39819914022931235,0.627232585892555,27.89660282678672,98.25468485185557,103.21261139948679,-4.95488352621754,0.14977190347562044,1.370222646617391,14.410434178177125,0.04471870077655362,0.12039647033707769,0.08141833952097167,11.329930856209533,0.4558001580059025,0.5078867340337397,0.2000710817245242,94.13952495516142,0.09184082072303908,14.335895912453987,5.77556956450665,2.936798102076814,2.100570849578103,1.2063278307577106,0.7201957198553496,4.70429860204463,0.02573534221436722,0.0468683746452202,2.693504311625105,0.036204445701872506
1610612752,New York Knicks,82,48,34,0.585,3981.0,98.7,100.0,95.5,97.0,3.1,3.0,0.552,1.28,15.6,0.276,0.707,0.498,0.163,0.476,0.523,89.0,87.74,73.12,7276,0.52,2000-01,2000,2001,2001-02,1610612752,0.366,-0.21899999999999997,1,NYK,7,15944.711666666666,7,6,6,0.157,0.255,0.18894916778572457,0.506893351369268,0.7740424280694111,30.1513158960646,100.21881356274135,96.55069726880188,3.6492213771608912,0.11890113482767065,1.1514872475482207,12.817871536717451,0.043421087681422485,0.13590044431659526,0.09084100099228301,10.630184678786394,0.4864712950281216,0.5318337879424391,0.20609353163802374,88.46679453804276,0.11244135019897403,14.357362164069654,6.089291674240582,2.3616607679850383,1.910100391697268,0.9821438184259003,0.6660515550244611,2.1124059806606694,0.020581252639920795,0.0367137950068343,2.587413361125762,0.026764842366437645
1610612753,Orlando Magic,82,43,39,0.524,3991.0,100.4,102.1,99.2,101.1,1.2,1.0,0.598,1.45,16.6,0.321,0.662,0.489,0.159,0.474,0.513,95.8,94.14,78.45,7828,0.495,2000-01,2000,2001,2001-02,1610612753,0.537,0.013000000000000012,0,ORL,11,19354.621666666666,7,4,6,0.171,0.309,0.15984097855008447,0.4342781866139983,0.6461022703190703,26.585172034276386,101.38454594781108,99.89422183659319,1.485117249773159,0.14846847260339968,1.437171666061155,16.311457384037382,0.052931764445925185,0.12283027059945113,0.08710282625863779,11.810707235903086,0.4890527380497319,0.5241105430201727,0.19654838607454048,95.1619737060218,0.09913947951966338,14.53978304751156,6.409631876899685,3.208535980165977,2.163204257932192,1.1941333908791636,0.8890899701561374,4.1581459888767185,0.042109761118380364,0.05995865049629699,4.246939850869566,0.05576910842367929
1610612754,Indiana Pacers,82,41,41,0.5,3996.0,99.4,100.3,99.2,100.5,0.2,-0.2,0.623,1.42,16.9,0.297,0.685,0.497,0.164,0.471,0.519,91.9,90.89,75.75,7566,0.51,2000-01,2000,2001,2001-02,1610612754,0.512,0.01200000000000001,0,IND,11,19478.145,8,4,7,0.133,0.254,0.1634034794723351,0.4501459627358423,0.6734192775201813,28.02416708572608,99.67771879714417,99.38433380078031,0.31271583271062686,0.15714234440702643,1.6059689188404065,16.409301655778822,0.04872727177048943,0.12751510577624303,0.08933329397298014,11.751870853204963,0.47102508657780295,0.5163500957098327,0.1949941081829575,91.62214214957328,0.10363245576003259,13.708286903090617,6.372680766058575,3.143831201585161,2.0940392424432615,0.999889876577056,0.8908445850464713,5.515236543699607,0.026159545450766587,0.04390955687524442,1.8592664104832697,0.03113535356200905
1610612755,Philadelphia 76ers,82,56,26,0.683,3971.0,100.7,101.9,96.2,97.3,4.5,4.6,0.583,1.31,16.0,0.334,0.704,0.523,0.17,0.468,0.518,93.2,92.09,76.74,7619,0.536,2000-01,2000,2001,2001-02,1610612755,0.524,-0.15900000000000003,1,PHI,10,16499.233333333334,7,6,7,0.155,0.349,0.18036343102810837,0.4857855011444976,0.7383157197203101,28.18056778395763,100.75971735050312,95.93368236301889,4.865416312273095,0.14661972717924263,1.2367968784408165,15.020616170044265,0.05405194322160424,0.12816951100758214,0.09188041343335143,12.350053457029315,0.47069395446657114,0.5190546039512947,0.19953711768425603,93.26515664364202,0.10942223224513462,14.479218226301423,6.567577887457397,3.0306862743117358,2.2822878638805437,1.2938783014160253,0.7134876974081624,2.878354525899719,0.025493252189083927,0.07298371944018267,2.3197968991836118,0.033127054320000425
1610612756,Phoenix Suns,82,51,31,0.622,3961.0,97.5,98.9,95.4,96.7,2.1,2.3,0.647,1.52,17.5,0.305,0.702,0.5,0.161,0.46,0.506,95.7,94.41,78.67,7792,0.521,2000-01,2000,2001,2001-02,1610612756,0.439,-0.183,1,PHX,10,17952.45333333333,8,5,9,0.169,0.249,0.17084981514132888,0.48336466919284565,0.7323051111305865,29.04804301584778,98.14662720192746,95.49197121804707,2.6595894043079715,0.16452641588819056,1.4816607999352365,16.43585732757788,0.048589500766469056,0.13389488678984635,0.09040176987880578,11.545986704509836,0.45776879687381633,0.5036814658200847,0.20126812509933645,95.08172045751962,0.10749443892162557,14.388005650481196,6.483125054774314,3.457131950025029,2.2238743228409263,1.4097237592039416,0.8321982362299228,4.557058615380746,0.04357888816912031,0.04639473183305463,1.6638220408084885,0.03026373615482182
1610612757,Portland Trail Blazers,82,50,32,0.61,3956.0,103.6,104.7,99.0,100.5,4.6,4.2,0.653,1.56,18.6,0.333,0.7,0.522,0.168,0.497,0.539,91.7,90.53,75.44,7475,0.544,2000-01,2000,2001,2001-02,1610612757,0.598,-0.01200000000000001,0,POR,11,19243.425,10,6,8,0.145,0.238,0.15295258856813,0.42286720442610054,0.6458450093993143,30.2764713142281,103.8930824251227,99.30503980796904,4.56111702222101,0.15923960383005278,1.6117279295828748,18.386700860163923,0.05299657709927763,0.12952300088644997,0.09258802950444978,11.537195241145136,0.4973249148735218,0.5395693503105606,0.19532509155724617,91.39808012173856,0.10959611884751978,14.316993986257645,6.304491014463382,3.5133038947068935,2.2056364706386726,1.2272243636462845,0.7670152272789278,3.941220862832998,0.022867478965354102,0.03677792587195592,2.98548375616051,0.0308948175755716
1610612758,Sacramento Kings,82,55,27,0.671,4016.0,102.8,104.2,97.0,98.5,5.8,5.7,0.591,1.52,16.8,0.307,0.679,0.497,0.152,0.484,0.529,97.0,95.61,79.67,8010,0.54,2000-01,2000,2001,2001-02,1610612758,0.744,0.07299999999999995,0,SAC,10,19650.555,9,5,9,0.169,0.311,0.14964819059817905,0.441754613716169,0.6812302078321282,27.79762047433265,103.45711911614369,97.61105790650694,5.829273278371356,0.1472573322568582,1.5301503460504464,17.135918502047396,0.04900564420021045,0.1276778845856177,0.0892303337827693,11.050218674909349,0.48246035824433453,0.5299644509616479,0.19529556001514117,96.3276634349513,0.10946199797749563,14.978508240606942,6.659353896111329,3.3305929527181286,2.117802779616148,1.4143111988440018,0.778603963094172,3.320254401533248,0.027803063556939015,0.05338072619312889,1.817203331311867,0.024408561435325098
1610612759,San Antonio Spurs,82,58,24,0.707,3966.0,104.7,105.0,94.9,96.6,9.8,8.3,0.617,1.55,17.2,0.297,0.703,0.511,0.152,0.496,0.541,91.8,90.87,75.73,7514,0.573,2000-01,2000,2001,2001-02,1610612759,0.707,0.0,0,SAS,11,19186.915,10,4,9,0.17,0.284,0.16542280681044,0.43802655785640027,0.6334554912379956,30.076017518536283,103.93477880628541,94.9851032157419,8.96031462066726,0.15532500361140217,1.7135661690966648,17.878492495189214,0.04789770189736077,0.13068628090202794,0.0916907408859979,10.786646142262406,0.5006495992190511,0.5445278274282239,0.19484234967771874,91.8916843006462,0.11729798511120729,14.379799983478323,6.527573609410371,3.264724944056926,2.0001130979107375,1.0357058443215077,1.0507160739493555,4.944587641949779,0.035053872597748274,0.05114390347610583,4.509734070485386,0.0282610966907017
1610612760,Seattle SuperSonics,82,44,38,0.537,3961.0,102.6,104.4,102.7,104.2,-0.1,0.2,0.592,1.43,16.9,0.321,0.668,0.496,0.164,0.491,0.53,94.2,92.69,77.24,7643,0.494,2000-01,2000,2001,2001-02,1610612760,0.549,0.01200000000000001,0,SEA,11,19535.625,10,6,5,0.148,0.265,0.16606225805419586,0.41441776242121764,0.6274911433172303,28.08823683228291,103.44153227756985,103.48987082146934,-0.04807775538279421,0.1533544075673716,1.5270502044342074,16.454067632850244,0.05093813055208968,0.12221135566433121,0.086558261552079,11.702096375211957,0.4961098825009866,0.5350007592965844,0.19666047114779628,93.54233136982653,0.09956626871847375,14.596717535272102,6.158594874748058,3.2893751799596895,2.187388424992802,1.1978116901813995,0.7315865246184856,5.1109350426563775,0.0294198803862542,0.04399568118280305,2.2650360299505197,0.05562406961618006
1610612761,Toronto Raptors,82,47,35,0.573,3991.0,102.6,104.4,100.5,102.0,2.1,2.3,0.657,1.86,18.2,0.339,0.7,0.515,0.141,0.468,0.51,93.8,92.22,76.85,7671,0.522,2000-01,2000,2001,2001-02,1610612761,0.512,-0.06099999999999994,1,TOR,6,13636.933333333334,5,4,5,0.15,0.302,0.2185283592596576,0.6217234813301132,0.9298471308309786,29.37009799368381,104.76490547728227,100.91722086832816,3.865219978587561,0.15114022201961338,1.9305874634570823,16.475170505098898,0.05449163497169452,0.12833542707549106,0.09022377147354732,8.898756208629505,0.4562544766907516,0.5004218207661546,0.20759299255942196,92.89689856957088,0.10892603297906664,15.482953156623678,6.599724278185711,3.294582359670307,1.7449670991523019,1.1219531272915708,0.8843630532768852,5.564477767557238,0.023644649121605885,0.05198313529851545,2.197911893494737,0.03816315980265144
1610612762,Utah Jazz,82,53,29,0.646,3956.0,104.1,106.1,100.0,100.9,4.1,5.2,0.713,1.63,19.6,0.332,0.701,0.519,0.173,0.497,0.546,92.3,91.08,75.9,7503,0.548,2000-01,2000,2001,2001-02,1610612762,0.537,-0.10899999999999999,1,UTA,11,19093.673333333332,9,5,9,0.184,0.298,0.15139543604495873,0.4064264218758674,0.6397283951996665,32.79871997740263,105.48729578314074,99.80340372779673,5.702528402950923,0.17873444991028442,1.5657617427203632,18.189212962688163,0.05243724439613679,0.13109332559022166,0.09205608725193788,11.726046070757816,0.5002047511549199,0.544927761062914,0.19612971879690685,91.88946076815671,0.1111517909422702,14.610284523564697,6.091860794378311,3.870810959721038,2.249331453944081,1.2047969816179949,0.8635321088905189,4.518125623737154,0.04796527779246098,0.04954754473845854,4.180635156166593,0.04216549794424887
1610612763,Vancouver Grizzlies,82,23,59,0.28,3956.0,96.8,98.2,103.2,104.2,-6.3,-6.0,0.662,1.47,17.9,0.293,0.675,0.484,0.168,0.464,0.51,94.1,93.03,77.53,7662,0.465,2000-01,2000,2001,2001-02,1610612763,0.28,0.0,0,VAN,11,17903.335000000003,9,3,0,0.136,0.262,0.18100314829611353,0.5055294632722525,0.6921146255711575,26.579832472553296,97.32551328192949,103.43398476689771,-6.131956932418829,0.17368485154674623,1.5558565122084798,17.32091888652775,0.04468492760333944,0.12308761877791669,0.08401692887572808,11.65609801190672,0.4647588066692602,0.5085527013076986,0.19556441672273162,93.87771722605498,0.09553626060917327,13.796088829260022,5.913758525995296,3.5751998161236433,2.2078568043328235,1.085831215245651,0.6595419233343954,4.3185389503316705,0.028436370964038407,0.035485597230063,1.3732357247661076,0.03683858667311505
1610612764,Washington Wizards,82,19,63,0.232,3936.0,97.8,99.4,104.8,106.2,-7.0,-6.8,0.581,1.18,15.6,0.328,0.684,0.502,0.181,0.46,0.514,95.3,93.97,78.3,7695,0.453,2000-01,2000,2001,2001-02,1610612764,0.451,0.219,0,WAS,9,10846.64,8,3,1,0.112,0.276,0.23231894854074628,0.529012056575431,0.7825099139764327,27.479633324236815,98.89730231358898,105.45013503413655,-6.5472597965821695,0.1460250035955835,1.3160892190269675,16.4976534054171,0.05601936160260998,0.13540416202621272,0.09445011235430205,13.491431832038927,0.46636992546386097,0.5163727108118275,0.19009958675374744,94.88107146698579,0.09104156448448553,13.617857696023838,6.5915343369006445,3.0567991562364014,2.4461031250230487,1.1749260600517764,0.6671190340971951,4.032448721736629,0.012782601269646272,0.06137073299076676,2.8792821186886344,0.025864835677879557
1610612765,Detroit Pistons,82,32,50,0.39,3971.0,97.3,98.5,98.9,100.3,-1.6,-1.8,0.558,1.25,14.9,0.325,0.691,0.505,0.164,0.453,0.498,97.5,96.15,80.13,7955,0.48,2000-01,2000,2001,2001-02,1610612765,0.61,0.21999999999999997,0,DET,11,17327.745,8,4,3,0.145,0.343,0.18531253393521968,0.48110318644078226,0.6791310698535787,27.221778040554803,97.48503878221506,99.0087318055523,-1.5303382523230804,0.15646283614322964,1.3925617643842287,16.103287107853134,0.047789345064807906,0.12030682882663998,0.08379359653165101,11.945906338841743,0.4569786825502491,0.49415829055271376,0.19837378445185258,97.26379530054254,0.09741512932005865,14.443425846813879,6.390675763060917,3.2015706602330534,2.3144384915636738,1.0678827510446396,0.8310371603460229,3.194489821797942,0.03180167232951613,0.08079546960749333,2.084526778670963,0.03719751917431915
1610612766,Charlotte Hornets,82,46,36,0.561,3976.0,99.3,99.7,96.3,97.6,3.0,2.1,0.679,1.61,17.8,0.315,0.71,0.513,0.156,0.457,0.506,92.0,91.24,76.04,7565,0.527,2000-01,2000,2001,2001-02,1610612766,0.537,-0.02400000000000002,0,CHH,12,19613.791666666668,7,5,8,0.138,0.264,0.16259613239833365,0.47347160055318216,0.7357502267749522,28.58649844603394,98.76089326600543,96.51332818956048,2.248164569573706,0.17270692926533415,1.6703187892873002,17.45752513431238,0.05213171497097069,0.1324658945342457,0.09226171533211112,10.943052435467392,0.45763270453826077,0.5089056486188502,0.19483401178167578,92.18276336506413,0.10728582557766539,13.716266827551193,6.611266307084089,3.468987595888098,2.0391773645670246,1.2095570506297653,0.8259494275924043,4.208035101077591,0.021352170268108244,0.04731451861190632,2.751060963528015,0.022775139536363884
1610612737,Atlanta Hawks,82,33,49,0.402,3956.0,99.1,100.4,103.7,104.8,-4.6,-4.4,0.57,1.3,15.8,0.297,0.689,0.491,0.166,0.471,0.517,94.4,93.21,77.67,7678,0.465,2001-02,2001,2002,2002-03,1610612737,0.427,0.024999999999999967,0,ATL,13,19426.233333333337,11,6,3,0.139,0.267,0.15330189245813647,0.4177672116914069,0.6019456508123894,25.89735529447293,99.41374013147168,103.88416128019327,-4.452052224912359,0.1457507321714451,1.35916587707001,15.355903717824862,0.04824654178971046,0.12670791361166256,0.08710528675142032,11.725538112552268,0.4709372514314835,0.5148225769449215,0.19527756195659818,94.20918248176433,0.09410470154619095,14.0562503968002,6.15435828184225,3.0466019317520803,2.1904400750188313,1.217528874185594,0.6189568401491453,3.191135676636247,0.03041613802651342,0.04340334148746568,3.0540972371869413,0.03538114092637939
1610612738,Boston Celtics,82,49,33,0.598,3966.0,101.1,102.1,98.0,99.9,3.1,2.2,0.604,1.55,16.4,0.272,0.695,0.481,0.144,0.476,0.52,95.0,93.6,78.0,7738,0.5,2001-02,2001,2002,2002-03,1610612738,0.537,-0.06099999999999994,1,BOS,9,16822.061666666665,7,3,5,0.153,0.289,0.20249806875633655,0.5429038275827666,0.7551485217279649,26.79927014494953,101.153950164848,98.43772788650459,2.7204983198155355,0.15499618388035474,1.542916119972215,15.898916185164383,0.04480864642334267,0.13302626481474672,0.08850100458356422,10.861424407254084,0.47510572554672004,0.5225389563328393,0.20148055534611936,94.76014317408776,0.10378510333206283,14.821964450057003,6.484341941044285,3.1672693309391224,2.0523049245747425,1.4573719016010422,0.5435718986882008,2.352181429956877,0.033277793183548066,0.06713685255738293,2.863283201838248,0.03885367810199781
1610612739,Cleveland Cavaliers,82,29,53,0.354,3971.0,101.7,103.4,105.0,107.0,-3.3,-3.6,0.641,1.58,17.8,0.319,0.69,0.505,0.158,0.477,0.524,93.0,91.31,76.09,7553,0.482,2001-02,2001,2002,2002-03,1610612739,0.207,-0.147,1,CLE,13,19669.39166666667,10,5,1,0.148,0.27,0.1535040695632427,0.4129793880254727,0.6213836472658236,26.81216204364904,102.6035743013574,106.08393273474397,-3.4907232599550833,0.16122663520774874,1.6379196687577615,16.038033458923277,0.050629454054459413,0.12894203548915048,0.0899219875890078,10.819584362675172,0.47741922843741574,0.5241977464139502,0.19559069578071175,92.11398626546239,0.0975479045911859,14.219250129325303,6.263132184650687,3.4298976370646956,2.024261892525909,1.0304334950199698,0.8345962233199046,3.7019778459811588,0.028578135958172792,0.045332375904759775,3.2008025196999497,0.03977693335682513
1610612741,Chicago Bulls,82,21,61,0.256,3961.0,95.5,97.2,104.8,106.2,-9.3,-9.1,0.646,1.45,17.3,0.298,0.685,0.487,0.166,0.456,0.499,93.0,91.56,76.3,7549,0.436,2001-02,2001,2002,2002-03,1610612741,0.366,0.10999999999999999,0,CHI,10,11907.664999999999,8,2,0,0.102,0.257,0.18774279704151348,0.4708643550183853,0.7040966189984912,24.666130737358387,96.41460336682296,105.55493985036807,-9.15108521835865,0.11821589735127191,1.4880955782122969,15.55964512493983,0.05181040013582287,0.13820172888639373,0.09415256811473953,12.37630864937276,0.4570936021741738,0.49340496296573105,0.17978341849556567,92.6671658689312,0.07795782002600844,12.105144039574508,6.55443363581357,2.4700056644186748,2.025586040588142,0.9855836555697527,0.8374437809595752,5.643629216860982,0.016977676284629917,0.04686045837265199,2.2787642060714237,0.04592842308888689
1610612742,Dallas Mavericks,82,57,25,0.695,3976.0,109.5,110.3,104.8,106.0,4.7,4.3,0.566,1.83,16.9,0.285,0.683,0.487,0.127,0.507,0.553,95.3,94.36,78.63,7823,0.517,2001-02,2001,2002,2002-03,1610612742,0.732,0.03700000000000003,0,DAL,10,14737.380000000003,7,3,9,0.159,0.25,0.19616478641386728,0.5756845291813515,0.7614707182235466,27.587028811543618,110.29329613992898,104.80038057420428,5.486911671771599,0.14224986406448545,1.7385436386929023,15.73333470173577,0.045143074956335516,0.12838197257585815,0.08761483904647005,8.92261894583705,0.5207608517705771,0.5670900438205434,0.19522527918802393,95.32382226691583,0.10931764307269452,16.178452343632316,6.246157729528587,3.243995879864671,1.7001665153507612,1.1041311277852646,0.6693184270202709,3.5763307155807476,0.035403465638392057,0.05174949752089501,3.2148228455359655,0.029856292923142458
1610612743,Denver Nuggets,82,27,55,0.329,3961.0,97.8,100.3,104.9,106.6,-7.1,-6.3,0.623,1.51,17.0,0.341,0.668,0.497,0.16,0.455,0.495,93.3,91.35,76.12,7537,0.442,2001-02,2001,2002,2002-03,1610612743,0.207,-0.12200000000000003,1,DEN,9,11605.431666666667,9,2,1,0.094,0.243,0.19323839598670678,0.49652382598435585,0.7803392061102422,28.558640573329242,98.68669123179245,105.26620456024972,-6.563929375598407,0.12097491375805497,1.271724159621235,14.441751010554107,0.052627279266791595,0.12455607194849422,0.08651221432378144,11.646144614181376,0.43948584649802624,0.48331802694686493,0.17868196917564033,92.5691150293275,0.07378202160798557,12.131905477018734,6.241215499811223,2.5839624807866546,2.0256032412409186,1.2997362298314625,0.6266031466013255,3.9126926435155616,0.013213155686650784,0.04091969787735604,4.296674538111691,0.026388433587351972
1610612744,Golden State Warriors,82,21,61,0.256,3956.0,99.3,101.5,105.6,107.1,-6.3,-5.6,0.569,1.24,15.3,0.373,0.669,0.516,0.175,0.452,0.499,97.5,95.75,79.79,7890,0.456,2001-02,2001,2002,2002-03,1610612744,0.463,0.20700000000000002,0,GSW,11,19369.79666666667,11,4,0,0.121,0.234,0.15659999184297063,0.4068448317905247,0.6045525516616161,25.362688629152707,100.51127984651018,106.25152304128473,-5.709538131444848,0.14292937948582835,1.2717979305926286,14.948619603475445,0.062033395291191305,0.12459699611370896,0.09219971453839045,12.222439204748145,0.4510841629037922,0.4972730616342729,0.19478404325015283,96.66798493152311,0.09240717601750766,14.56928045536186,6.993775016395801,3.109376987092791,2.3994056726460213,1.1783293543435922,0.960877407248639,3.6034525210624397,0.021062541837142963,0.02775301913722838,0.8489398002997821,0.0316243176164277
1610612745,Houston Rockets,82,28,54,0.341,3996.0,99.7,101.6,105.9,106.9,-6.1,-5.4,0.522,1.28,14.6,0.327,0.675,0.497,0.155,0.465,0.507,90.8,89.56,74.63,7456,0.458,2001-02,2001,2002,2002-03,1610612745,0.524,0.183,0,HOU,14,19980.0,11,7,0,0.127,0.278,0.15594602936269603,0.3972925425425426,0.6057525859192526,26.197586002669336,100.78269667167169,106.13821085251921,-5.376961753420088,0.13145913246579916,1.255318394227561,13.605937228895566,0.05095199441107776,0.12429012245578915,0.08700559000667336,10.476817133800468,0.4681453794627962,0.5065753928928931,0.19522185744077414,90.25793335085086,0.09281993451785117,13.643243243243246,6.190990990990992,2.670270270270271,1.9351351351351356,0.9675675675675678,0.8018018018018019,4.151488377782335,0.019864464915910655,0.0476851182926772,3.7380051297189434,0.045648419402608165
1610612746,Los Angeles Clippers,82,39,43,0.476,3961.0,102.0,104.3,103.2,104.7,-1.2,-0.4,0.577,1.41,16.3,0.349,0.673,0.512,0.161,0.476,0.519,92.9,91.21,76.01,7524,0.495,2001-02,2001,2002,2002-03,1610612746,0.329,-0.14699999999999996,1,LAC,11,19161.38333333333,9,7,3,0.151,0.228,0.15821943961944293,0.4497371884249832,0.678263399563184,24.804029632516094,103.26520794862586,103.96559939565951,-0.7093503687538218,0.1463400987054693,1.586044416591356,15.948478711088189,0.05505321640834909,0.12542207408476946,0.09043933292916397,11.050581725571313,0.4780996281583707,0.5199276811086186,0.1960981166112746,91.97924905126025,0.10162660742135006,14.346354603834277,6.517483515021098,3.14695442134919,2.0873232012650447,0.9299954857121486,0.9938739635186395,3.471708019098171,0.026194821075245407,0.02595050015725114,1.5471848293099697,0.05144003595269116
1610612747,Los Angeles Lakers,82,58,24,0.707,3956.0,106.5,108.0,98.7,100.4,7.8,7.6,0.597,1.81,17.5,0.311,0.686,0.501,0.135,0.498,0.534,94.8,93.32,77.77,7691,0.549,2001-02,2001,2002,2002-03,1610612747,0.61,-0.09699999999999998,1,LAL,12,19637.15,8,5,12,0.193,0.314,0.15608841744686303,0.39598830108578215,0.6056678285800129,28.20965533864808,107.17772782710318,99.41065783476724,7.791363860505894,0.151792699466742,1.9717795216379834,18.399051831180525,0.050624109744370566,0.1259960500038617,0.08901138140378481,9.431934929457684,0.4923074283522132,0.5254094370449207,0.1960842174993146,94.15164775608135,0.11030140083124754,15.14822670295842,6.601568964946541,3.4300293066967447,1.8075942792105775,1.1402876690354757,0.8671319412440194,3.9810016827805503,0.04207669877546691,0.07132127495411204,2.960008100622739,0.03636071757097477
1610612748,Miami Heat,82,36,46,0.439,3986.0,96.0,97.3,97.6,99.0,-1.6,-1.7,0.594,1.37,16.5,0.297,0.71,0.505,0.166,0.463,0.501,89.7,88.47,73.72,7346,0.501,2001-02,2001,2002,2002-03,1610612748,0.305,-0.134,1,MIA,12,19371.548333333336,11,6,3,0.132,0.24,0.16287899547523688,0.40779221829540546,0.618404964875893,30.77987157970249,96.48890117112474,97.69731994405194,-1.211672126707476,0.1480847375046341,1.445716622720486,16.094127796874606,0.047431024830316,0.13155941329418772,0.09003270337451083,11.724991497409988,0.46174104711471603,0.4974129290474026,0.19560499302714487,89.53521941242177,0.10185254061175113,12.995760362985955,6.236775601055465,3.0310432077835108,2.092553434680707,0.9830912672700658,0.8121188729622283,2.983701119573092,0.02648752262375474,0.03039679620702347,3.216262324589339,0.05024386839008983
1610612749,Milwaukee Bucks,82,41,41,0.5,3981.0,104.2,105.3,103.9,105.6,0.4,-0.3,0.607,1.6,17.7,0.287,0.679,0.491,0.152,0.507,0.544,92.8,91.51,76.26,7591,0.502,2001-02,2001,2002,2002-03,1610612749,0.512,0.01200000000000001,0,MIL,11,19041.98833333334,9,5,5,0.14,0.283,0.16488526714603416,0.4344134930587168,0.6622882431832879,28.89582014063132,104.48820939830074,104.31852636537518,0.11669570921033891,0.15460380546744373,1.6388561847489138,17.22594371053513,0.045225151032459575,0.12797404954122,0.08830928781684474,11.731425079646357,0.5081479045474329,0.5388359742369341,0.19510230102896295,92.63189516185854,0.10195203844696539,14.591333380538954,6.2312820448634865,3.3179308218250667,1.998320728586379,1.0662752042788248,0.722193489422892,4.394435304339525,0.03455339490918847,0.07315142325024658,1.7814911441327124,0.041754290255855274
1610612750,Minnesota Timberwolves,82,50,32,0.61,3961.0,105.8,107.5,102.2,104.1,3.6,3.4,0.628,1.82,18.4,0.343,0.703,0.524,0.145,0.49,0.532,93.3,91.72,76.43,7578,0.529,2001-02,2001,2002,2002-03,1610612750,0.622,0.01200000000000001,0,MIN,11,18771.005,8,7,7,0.176,0.258,0.1689562350728335,0.46071267894286955,0.6887626244128466,27.17339677159889,106.7684606214034,102.80198808392694,3.962127840251494,0.15740053396182035,1.8982761436232818,17.307079908614373,0.054678253419746733,0.13056071149804357,0.09310787994569283,10.028543570256359,0.49350752112988444,0.5348424079229286,0.19703837682993885,92.67386157267552,0.10863120363915871,15.076230601398272,6.593573439461553,3.630492879843141,1.923605049383344,0.9455007869850335,0.7959083703829389,3.234274372330539,0.03826674909089654,0.03412928801892783,3.659978066354744,0.0346256492574168
1610612751,New Jersey Nets,82,52,30,0.634,3966.0,101.1,102.4,96.6,98.1,4.5,4.3,0.654,1.67,18.2,0.322,0.683,0.503,0.154,0.476,0.515,94.5,93.2,77.67,7707,0.537,2001-02,2001,2002,2002-03,1610612751,0.598,-0.03600000000000003,0,NJN,10,18916.958333333332,9,4,10,0.156,0.235,0.1615493153189268,0.4313292966848529,0.6629261663366424,26.624515481038838,101.7694286387655,96.96986207701643,4.780698112584167,0.16257657807038217,1.6158038664602086,17.31489295098974,0.05233099331067583,0.12543359375516236,0.08915106709808439,10.7305601896006,0.48114502067148746,0.521739426308405,0.19697999096930224,94.23315077608936,0.11019703458316722,14.562171948890656,6.49702757886993,3.653864367730013,2.1276147724594554,1.309301398436588,0.915369146290696,2.796521420876245,0.025084940965658394,0.02705296631452206,1.2298695344664055,0.02914298506744371
1610612752,New York Knicks,82,30,52,0.366,3961.0,98.6,100.4,103.0,104.6,-4.4,-4.2,0.611,1.44,16.7,0.292,0.684,0.489,0.159,0.468,0.514,92.3,90.78,75.65,7487,0.466,2001-02,2001,2002,2002-03,1610612752,0.451,0.08500000000000002,0,NYK,11,19368.275000000005,10,6,1,0.123,0.252,0.1718203264530957,0.4653220279038788,0.6764886564928125,30.64893535089384,99.7333797408391,103.7279639513586,-3.991433671816412,0.1522028375440422,1.4476392786657564,16.008271653860078,0.04535022177590244,0.1268611890664846,0.08610735855413043,11.495122014393813,0.4695970159104688,0.5137858236385705,0.19631515153862011,91.5547884594782,0.09459551164640802,13.734005738766102,6.07054577653405,3.1821109520594892,2.104059344469242,1.012996769201181,0.5204387071125333,2.694591755432557,0.021500021236752,0.039737411975671426,2.7748829932088497,0.03526314786022754
1610612753,Orlando Magic,82,44,38,0.537,3966.0,104.1,105.6,102.5,104.1,1.6,1.5,0.584,1.61,16.8,0.292,0.665,0.477,0.143,0.493,0.533,95.8,94.4,78.67,7805,0.497,2001-02,2001,2002,2002-03,1610612753,0.512,-0.025000000000000022,0,ORL,12,18799.805,8,6,6,0.165,0.31,0.1547282006382513,0.42784938460797867,0.6586685340619225,28.285061290086077,104.80460237043238,102.73112886011317,2.0803889898503387,0.15323801966740255,1.6918265747969194,16.405275737345857,0.046647387211374444,0.12284317594428949,0.08448917395685752,10.162947913555486,0.49750263136594597,0.5361111943271043,0.20024925790453676,95.41881586183119,0.10176192430364749,15.405478939808152,6.146872268090014,3.36641789635584,2.0010845857177775,1.1929910975140434,0.6989434198918553,5.481087586415074,0.03377367852482931,0.05826174399075292,3.5430760194607305,0.02192216035798191
1610612754,Indiana Pacers,82,42,40,0.512,3981.0,101.2,102.8,101.1,102.4,0.1,0.4,0.642,1.51,17.6,0.302,0.686,0.499,0.162,0.477,0.527,94.5,93.13,77.61,7721,0.51,2001-02,2001,2002,2002-03,1610612754,0.585,0.07299999999999995,0,IND,7,14064.881666666668,7,4,3,0.128,0.249,0.20552465840155779,0.5717752809627856,0.8157035092960256,26.136929816567953,102.03589425861978,101.82960976446181,0.21559409967781454,0.14749694208826733,1.3396359064047108,15.72828758246455,0.052836823724906314,0.13218087567747044,0.0933678696668736,11.714680393685025,0.4771530267644151,0.5263299117696095,0.19568022281026418,94.12869566742414,0.1019834300063432,14.246547162560557,6.767493837191899,3.278804691922399,2.262656789741921,1.0954944638116992,0.9035269759942286,5.253101851807515,0.01796012023145507,0.03309827332505115,1.165297414170811,0.05458350274095967
1610612755,Philadelphia 76ers,82,43,39,0.524,3946.0,99.1,100.5,97.5,98.7,1.6,1.8,0.584,1.3,15.8,0.341,0.702,0.523,0.169,0.452,0.507,91.5,90.32,75.27,7424,0.52,2001-02,2001,2002,2002-03,1610612755,0.585,0.06099999999999994,0,PHI,11,18982.17,9,6,7,0.149,0.365,0.15307154029281164,0.4255047412036313,0.6523434886527726,29.929553013872134,99.58388420993663,97.25516568091703,2.3368259266458993,0.15403728648164738,1.3952006988663568,15.93117148004329,0.05525429064924259,0.12845388707753994,0.0923209842885894,11.85268906733705,0.4594792152319782,0.5114165986642553,0.1956130279976771,91.27510405993272,0.10762668853631238,13.778192904183241,6.522120495180476,3.0647707822656733,2.1297881116858606,1.2972173360579953,0.6201609194312346,4.246795704161298,0.02721541187065171,0.07498120314387402,4.006752614906931,0.03366005661576466
1610612756,Phoenix Suns,82,36,46,0.439,3966.0,100.2,101.8,101.0,102.6,-0.7,-0.7,0.593,1.53,17.1,0.327,0.672,0.498,0.157,0.472,0.51,94.2,92.74,77.28,7663,0.486,2001-02,2001,2002,2002-03,1610612756,0.537,0.09800000000000003,0,PHX,9,14495.531666666668,7,4,3,0.143,0.262,0.21982452293632093,0.6042451702645377,0.7951407784398846,26.776299110105075,100.89480349059289,101.84722603597727,-0.9244869022281462,0.15886644999453278,1.4534389057133583,15.557040152258413,0.05194906729303592,0.129366269076712,0.09016796693325839,11.317043125588471,0.4697622014324183,0.5099902006583867,0.20427785320970748,93.69806960972684,0.1017468117473902,14.769516905152035,6.536635025115211,3.4694829521603148,2.235171551141219,1.2069926376162585,0.7053208005823404,4.038743901116863,0.030219188611650724,0.0473022207271644,2.7181432746360774,0.03770365128427353
1610612757,Portland Trail Blazers,82,49,33,0.598,3966.0,104.4,105.9,101.0,102.6,3.4,3.3,0.641,1.64,18.0,0.345,0.703,0.522,0.157,0.485,0.528,92.0,90.55,75.46,7482,0.518,2001-02,2001,2002,2002-03,1610612757,0.61,0.01200000000000001,0,POR,11,19031.736666666668,8,6,9,0.13,0.26,0.15583259961737594,0.4311435232482725,0.6596777558047339,29.467442189984066,105.31055091136369,101.19154507006807,4.104328892038406,0.16000313012247439,1.777530330477811,17.927136628449215,0.055263327168776515,0.12995526165855245,0.09189378408451428,10.389621248437479,0.48509712469750094,0.5283018271585305,0.19601474177956438,91.52559752385535,0.10596623841124328,14.53677112318179,6.3821816225914585,3.5372494470201623,2.025879228747911,1.2768146399671707,0.6544857265609498,3.828631684316981,0.01685326927696506,0.039759851023161014,2.044491584088058,0.02916891666232577
1610612758,Sacramento Kings,82,61,21,0.744,3951.0,106.4,107.9,98.6,99.7,7.7,8.1,0.6,1.74,17.7,0.306,0.69,0.502,0.142,0.497,0.539,98.0,96.74,80.61,7951,0.552,2001-02,2001,2002,2002-03,1610612758,0.72,-0.02400000000000002,0,SAC,10,19348.57,8,5,9,0.158,0.288,0.1445094736544699,0.41873077269620784,0.6508145046378103,27.870358722462004,107.39557118863736,98.8688491276961,8.525531835169215,0.15022818430509335,1.797691204052806,17.66402711759405,0.050251293592584186,0.1298340955774337,0.09082700831809966,9.99129068280843,0.5006062786552185,0.5434450514947616,0.19668746157123412,97.38115906670795,0.11137161282031006,15.699764892185831,6.794920761585998,3.5593328085744838,1.9554933517050614,1.3526581034153946,0.6809805582531422,3.8994779731075164,0.019460935153030625,0.046311064352789394,1.9277257789636908,0.037067174545824935
1610612759,San Antonio Spurs,82,58,24,0.707,3971.0,104.0,105.4,96.5,98.5,7.5,6.9,0.564,1.39,16.0,0.301,0.685,0.501,0.157,0.492,0.539,92.6,91.06,75.88,7528,0.554,2001-02,2001,2002,2002-03,1610612759,0.732,0.025000000000000022,0,SAS,10,18948.775,10,6,9,0.207,0.289,0.1758245585796443,0.4173391155892663,0.6485947860305833,29.23266825076203,104.83842357443511,97.23409793860903,7.615776587140856,0.1434320133271588,1.614176214557405,16.73163529040795,0.04732189750172943,0.12664702766625632,0.08896794040775721,10.893444281578446,0.49568691757998423,0.5402772890771742,0.1959334269189785,91.8893995988307,0.11458267583700442,14.526321622374004,6.261935138287303,3.032174903126983,2.0290493712654247,1.1076177747638039,0.974627647433673,5.395634651343715,0.04889238996342964,0.05044393815572594,3.3991079095574652,0.04044106137188123
1610612760,Seattle SuperSonics,82,45,37,0.549,3966.0,105.8,107.3,102.5,104.1,3.4,3.3,0.615,1.71,18.3,0.32,0.656,0.49,0.151,0.505,0.54,91.7,90.35,75.3,7468,0.522,2001-02,2001,2002,2002-03,1610612760,0.488,-0.061000000000000054,1,SEA,11,18964.816666666666,10,5,9,0.16,0.266,0.1738557978853825,0.47029174198889345,0.6879910079102618,27.128538987546232,106.3935520775752,102.77174022246456,3.6292464906506696,0.15988978151647476,1.764426529301188,17.472365670113692,0.050232313872442744,0.11962560311243009,0.08546921167178871,10.8195151987584,0.5122129779793986,0.5459306096640357,0.1970176424062452,91.35104843354667,0.10638064802454367,14.726638538556923,5.911156536358115,3.5440363691010277,1.9893680315039513,1.2813200584591289,0.6492021629526253,4.06553016846081,0.03578271079370957,0.03948715963683145,2.7391599191147287,0.05015452602929971
1610612761,Toronto Raptors,82,42,40,0.512,3951.0,99.4,101.1,100.0,101.7,-0.6,-0.6,0.609,1.52,16.9,0.343,0.671,0.503,0.158,0.463,0.501,91.6,90.02,75.02,7414,0.496,2001-02,2001,2002,2002-03,1610612761,0.293,-0.21900000000000003,1,TOR,11,19075.865,9,5,5,0.125,0.295,0.1560581918565685,0.43486678061519096,0.6538285419822377,29.676688055823416,100.51295520980744,100.72937781152605,-0.21482055990645768,0.14912687087409493,1.5713258935658574,16.62893825959312,0.055608859327392665,0.12240185324929347,0.0884938670758399,10.941194453480001,0.45739242126110663,0.4953380901294209,0.19667811691195478,90.7961493690238,0.10012474462713311,13.789780961440018,6.303252827591304,3.191257644148771,2.0174183451182945,1.2587633640728741,0.8416918446424316,4.562148653272778,0.019018342712468623,0.04571226565384353,2.382519835097901,0.034236326306904964
1610612762,Utah Jazz,82,44,38,0.537,3966.0,102.4,103.8,101.6,102.9,0.8,0.9,0.697,1.48,18.4,0.362,0.683,0.521,0.178,0.472,0.529,93.0,91.75,76.46,7582,0.53,2001-02,2001,2002,2002-03,1610612762,0.573,0.03599999999999992,0,UTA,14,19829.7,11,5,8,0.166,0.285,0.15318108695542543,0.3913732095459504,0.5803644701298221,30.43074008515846,102.8338164302368,101.73201620128728,1.1003805487055605,0.17549272740720567,1.4785951165843827,17.63996947339933,0.05918582269693102,0.12720527029321335,0.09283126345834783,12.076175324555255,0.47234656063043473,0.5266002161740554,0.19485990803357253,92.70564437518803,0.1061948572931848,14.289474878591204,6.27785594335769,3.6291018018426904,2.341941633005038,1.359778514047111,0.9494848636136703,6.592057076150664,0.048497196519967416,0.044115276714216604,4.693512543190899,0.055826766015378414
1610612763,Memphis Grizzlies,82,23,59,0.28,3956.0,95.4,96.6,103.8,104.7,-8.4,-8.0,0.626,1.33,16.9,0.305,0.663,0.483,0.176,0.462,0.501,93.5,92.55,77.12,7629,0.456,2001-02,2001,2002,2002-03,1610612763,0.341,0.061,0,MEM,13,19310.553333333333,10,7,0,0.134,0.244,0.16043558910619857,0.43176459987509425,0.6217911760167066,25.484730888084343,95.82913857465849,103.64623036004839,-7.820222784915884,0.1561278443427998,1.2794834145957499,15.779400875100078,0.05093416561859268,0.1233673450752145,0.08693510042695136,12.27716217695126,0.4628790781241208,0.501480437294564,0.19528277214911507,93.46544469811501,0.09307631561049694,13.51033269200296,6.232239849505436,3.26432903873288,2.3433818399127526,1.1819443806719852,0.8967117462195975,4.721802105471327,0.025718915166468372,0.0320662019972129,3.0357146262966674,0.0389905874930498
1610612764,Washington Wizards,82,37,45,0.451,3946.0,101.5,102.9,103.2,104.5,-1.7,-1.6,0.584,1.61,16.6,0.328,0.685,0.504,0.144,0.464,0.508,91.1,89.93,74.94,7395,0.486,2001-02,2001,2002,2002-03,1610612764,0.451,0.0,0,WAS,14,19730.0,11,4,3,0.143,0.356,0.11151816185166415,0.32743977023145804,0.5006646392971786,28.21244889339415,101.81589657881399,103.36863133975335,-1.5754164977192093,0.14981572039195812,1.7266767595877681,16.329485985808418,0.05359930317621219,0.12626543884102046,0.08943993123838485,10.278213034296334,0.47303851528974483,0.5143323139888495,0.1943947241932759,90.91411141155601,0.097911451427606,13.883628991383679,6.2913329954384185,3.129244804865687,1.8228079067410035,1.0400405473897618,0.6459199189052205,5.162204478459467,0.018338191236205437,0.07012506261518202,2.170267946026113,0.03336408038259694
1610612765,Detroit Pistons,82,50,32,0.61,3936.0,102.5,103.2,99.3,100.9,3.3,2.3,0.62,1.48,17.3,0.277,0.676,0.481,0.159,0.497,0.54,92.4,91.38,76.15,7495,0.523,2001-02,2001,2002,2002-03,1610612765,0.61,0.0,0,DET,10,19195.35166666667,10,4,9,0.142,0.314,0.15206450589469966,0.440710949899242,0.6631526504116316,29.707437937882702,102.24802016738253,99.92613497312847,2.319843015813464,0.15917071798024712,1.6619155948432307,18.181147197876292,0.04346511677176011,0.12276994247999798,0.08409519500858326,11.084502784571715,0.5062454479647894,0.5434903473592696,0.193525114370137,92.14254550428919,0.10646393723272068,14.137172619308616,5.759519383642447,3.250161866444923,2.0648749076490827,1.183411504747113,1.0371260889463605,3.342818521936646,0.03141630180045996,0.07323804908059935,1.5911783745545764,0.04260814807766384
1610612766,Charlotte Hornets,82,44,38,0.537,3951.0,101.4,102.9,100.0,101.8,1.4,1.2,0.608,1.53,16.7,0.333,0.689,0.511,0.154,0.466,0.513,92.5,90.93,75.77,7480,0.513,2001-02,2001,2002,2002-03,1610612740,0.573,0.03599999999999992,0,CHH,12,19601.28,9,5,7,0.132,0.272,0.16936470475397525,0.42719174462075943,0.6348741850872324,28.72946324593768,102.02022122194741,100.77103388996365,1.2460409388230427,0.15385249772803955,1.582221008015803,16.138651719003384,0.05371195750141487,0.12580446208955062,0.08985887299196789,10.801009866022358,0.46764856155652423,0.5142610051486434,0.19540014784748755,91.83600052139452,0.10338078465624015,14.064795768439613,6.463047311196004,3.2140758154569498,2.014766382603585,1.1937995885982957,0.8319864825154276,3.801437826407507,0.024457804221355108,0.04702277470465331,2.287304061869612,0.04849871520479456
1610612737,Atlanta Hawks,82,35,47,0.427,3981.0,99.6,100.4,102.8,104.2,-3.2,-3.8,0.587,1.23,16.0,0.3,0.681,0.499,0.178,0.476,0.527,93.7,92.63,77.19,7683,0.483,2002-03,2002,2003,2003-04,1610612737,0.341,-0.08599999999999997,1,ATL,11,18821.26833333333,7,5,1,0.138,0.28,0.16384912423100076,0.4651654276575941,0.7016720711613397,27.458016954401145,99.28490302770068,103.27928335683366,-4.0081270470525325,0.14665957687407005,1.2020780852441666,14.84190696145965,0.049777555905061666,0.12566081527803524,0.08943957655705281,12.932679457220429,0.47892402903063314,0.5270170859013134,0.19752077848809516,93.77603100605779,0.09850789217977783,14.25174941717088,6.386604657620932,2.9953347989920274,2.394737655388262,1.094081420832337,0.8741174988118496,2.4900762538003485,0.030954714870871643,0.05191968961958146,3.0981579423699235,0.03101355903043081
1610612738,Boston Celtics,82,44,38,0.537,3966.0,98.9,100.0,98.5,100.5,0.4,-0.6,0.583,1.37,15.5,0.266,0.691,0.474,0.151,0.47,0.514,93.4,91.95,76.62,7602,0.48,2002-03,2002,2003,2003-04,1610612738,0.439,-0.09800000000000003,1,BOS,10,17791.724999999995,8,5,4,0.158,0.322,0.1818468042493538,0.4879939972093769,0.7027819580919408,27.17438031819099,99.3591421292764,99.42816317698257,-0.06602175074835824,0.1489100576251038,1.4826520728035084,15.110005222465315,0.0430736758240137,0.12979858904443872,0.08545490726728296,10.719286728333913,0.47679876731083315,0.5187623333319282,0.20003304991505885,92.95199090869492,0.09835890046262144,14.200309413505437,6.155221036746016,2.834801010020108,2.0052018564810328,1.2686796811439027,0.5625086943508851,3.089458638239833,0.03221579993704818,0.0759645807192284,2.7066060713752074,0.0421660707633959
1610612739,Cleveland Cavaliers,82,17,65,0.207,3966.0,93.5,95.2,103.6,105.1,-10.1,-9.9,0.601,1.14,15.7,0.338,0.697,0.513,0.191,0.444,0.491,96.9,95.32,79.44,7870,0.431,2002-03,2002,2003,2003-04,1610612739,0.427,0.22,0,CLE,10,18037.991666666665,9,6,0,0.124,0.278,0.17391200701851972,0.43084471247953976,0.6555897991230547,23.169775182843246,94.69807535853722,104.46849425679778,-9.758217604602137,0.15299302647791072,1.1841010219633652,15.956921091085988,0.053950398210443784,0.12537547602075064,0.08874611068582561,13.49287028905195,0.4471889265203674,0.48993911739065543,0.2019257575330587,96.36273561034834,0.08815790800805151,14.148138258185615,6.50626755842645,3.1513486118881486,2.6504059256412043,1.1555610172788082,0.9639654081963115,2.400974764856425,0.026210806450974792,0.055513791357678505,1.2713393168595701,0.05090061289109259
1610612740,New Orleans Hornets,82,47,35,0.573,3981.0,100.6,102.4,98.4,100.0,2.3,2.4,0.62,1.49,17.0,0.345,0.697,0.518,0.161,0.465,0.511,92.3,90.72,75.6,7522,0.517,2002-03,2002,2003,2003-04,1610612740,0.5,-0.07299999999999995,1,NOH,11,18624.88333333333,8,5,9,0.137,0.265,0.17856791944110614,0.46458089670360353,0.6974514381745568,29.24156786664436,101.90653994253209,99.14433492648278,2.7410491161913324,0.15687046182839626,1.5843924874697204,16.388680815002875,0.0557070736013559,0.12871644887261038,0.0916259971203399,11.066178794855988,0.47245415998131546,0.5174361382129463,0.19441825425304682,91.60094585111496,0.10530031910714431,13.982584230952678,6.504201816029274,3.2337383768846877,2.0430732004585264,1.182933584371446,0.684245896842307,3.5206613451287803,0.023822086980311824,0.046724604260345554,2.3057138528904604,0.04021183815021325
1610612741,Chicago Bulls,82,30,52,0.366,3985.0,97.3,99.1,103.1,104.2,-5.8,-5.1,0.596,1.28,16.5,0.307,0.672,0.492,0.177,0.471,0.512,96.1,94.76,78.96,7857,0.457,2002-03,2002,2003,2003-04,1610612741,0.28,-0.08599999999999997,1,CHI,12,19543.26166666667,10,3,2,0.128,0.273,0.17151137429550525,0.3952492747500268,0.5973193488599694,25.536624942424744,98.13148198479664,103.369742196735,-5.269607290901715,0.14834694618102387,1.3774784036816785,16.51469975542295,0.049618687412890904,0.12409358059218534,0.08731253594056332,12.640741459311169,0.47030345250285344,0.5078730434539374,0.19658806031780607,95.63762595155347,0.09241451320348522,14.141549384839124,6.401183289346874,3.1867761411712494,2.400213475113375,1.0831354745714998,0.8381405457993749,4.281333197880787,0.024771258464329867,0.05738343633222331,3.2830537953647454,0.04761980043981036
1610612742,Dallas Mavericks,82,60,22,0.732,3956.0,108.2,109.3,99.4,101.0,8.8,8.3,0.581,1.94,17.3,0.277,0.677,0.478,0.123,0.498,0.543,95.0,93.75,78.12,7726,0.546,2002-03,2002,2003,2003-04,1610612742,0.634,-0.09799999999999998,1,DAL,11,19080.776666666665,10,4,10,0.179,0.269,0.16357615072621956,0.4441845745971556,0.6413117705027032,28.72539246742752,108.96819545081411,99.79274974481298,9.190270652854279,0.14989130019689975,1.905013379958503,16.540873729283906,0.04430287944253842,0.12623874368845572,0.08569040673222071,8.716187338984978,0.5036071247449222,0.5450297757795672,0.19717975683379765,94.63318418554941,0.1118172797997566,15.631439181458898,6.246915525625879,3.384767880692488,1.6414426177271262,1.2093847332909056,0.824494740168683,2.7818930086019007,0.0402505285272384,0.056450364551905656,3.7987393038679893,0.04398317024838457
1610612743,Denver Nuggets,82,17,65,0.207,3946.0,88.9,91.2,99.0,100.1,-10.0,-8.9,0.646,1.15,16.3,0.345,0.697,0.511,0.2,0.428,0.469,93.8,92.11,76.76,7568,0.425,2002-03,2002,2003,2003-04,1610612743,0.524,0.31700000000000006,0,DEN,10,15383.39,10,2,0,0.135,0.259,0.17766608443695875,0.45450190107642074,0.6611364595190006,23.77883862616324,90.51021235674753,98.46786121264559,-7.9576488558980385,0.14723143295030114,1.1522429917376251,15.730691002871712,0.06037941626217194,0.13853966117567929,0.09742308771560322,13.851340385095005,0.4338234955580878,0.46962444222849015,0.19477199823965977,93.11041462252469,0.08987307446538116,12.651047655945796,6.856746139830037,2.89013019887034,2.5765452218269185,1.3573081095909287,0.8354465433171752,3.6126881340822643,0.033410109508468,0.04187197204665991,2.262189852365756,0.051481925107805825
1610612744,Golden State Warriors,82,38,44,0.463,3951.0,105.0,106.4,106.0,107.7,-1.0,-1.3,0.559,1.32,15.4,0.371,0.663,0.518,0.164,0.472,0.526,97.2,95.88,79.9,7897,0.492,2002-03,2002,2003,2003-04,1610612744,0.451,-0.01200000000000001,0,GSW,9,18830.33666666667,9,4,3,0.116,0.242,0.171494986547417,0.46700749375874134,0.7055832423601559,24.76377586451366,105.77459272723216,107.03905404594467,-1.2787823850202005,0.14027363150349056,1.2756060645755847,14.317187177216342,0.06169082983292386,0.12206123098170842,0.09215614997855412,11.522301698978298,0.47869834350633844,0.5313662589852793,0.19615994500717904,96.55230807344391,0.10109646242826957,15.493297075056722,6.97810147136686,3.100953585358095,2.2616696001717798,1.066789211239098,0.9539925025238529,2.927331943388056,0.01504844909479994,0.042735937025193314,2.1802392763728515,0.01899723092591303
1610612745,Houston Rockets,82,43,39,0.524,3986.0,101.0,102.4,99.9,100.9,1.1,1.5,0.53,1.18,14.7,0.331,0.698,0.518,0.17,0.474,0.522,91.5,90.36,75.3,7508,0.511,2002-03,2002,2003,2003-04,1610612745,0.549,0.025000000000000022,0,HOU,10,17481.743333333332,8,3,7,0.141,0.257,0.19000097816331438,0.5001998275152955,0.6956222710816599,26.39180874981385,101.83638985852478,100.23082892381251,1.5614377227442802,0.13746409940427373,1.2210180916357884,14.31720776131595,0.05423207468057629,0.1261304200591741,0.09068848148821161,11.827657529578952,0.47540764755917736,0.5202924761699014,0.19908704299704666,90.88713521420348,0.1043552154314129,14.155567627408633,6.431166380622223,2.7841616863916894,2.2013822801425413,1.0172898469508096,0.9761040231876189,3.8931681640424616,0.02709665664214384,0.04092831503141341,1.9647043459679028,0.041774271578467866
1610612746,Los Angeles Clippers,82,27,55,0.329,3951.0,99.5,101.1,103.6,105.1,-4.1,-4.0,0.566,1.24,15.4,0.316,0.673,0.496,0.17,0.467,0.516,94.0,92.68,77.23,7613,0.47,2002-03,2002,2003,2003-04,1610612746,0.341,0.01200000000000001,0,LAC,15,19755.0,13,5,5,0.141,0.24,0.14746789842234032,0.3729726651480637,0.527962456762001,25.82562777355943,100.08719116679319,104.01717242048423,-3.9369851851851845,0.14082500843668264,1.2602337872268623,14.860926128406307,0.0515198833206783,0.12382086087910227,0.08793846081160886,12.157580021935372,0.4662097242892093,0.5144584860372898,0.196085400742428,93.59254327596385,0.09443775592676956,14.019134396355348,6.323462414578585,2.9248291571753975,2.2706150341685643,1.0460136674259677,0.8400911161731204,3.3486872852695604,0.024827776289072123,0.031533585506650065,4.53036117483886,0.040749024856807606
1610612747,Los Angeles Lakers,82,50,32,0.61,3986.0,104.1,105.6,101.8,103.4,2.3,2.2,0.618,1.6,17.4,0.328,0.693,0.509,0.153,0.486,0.528,95.2,93.78,78.15,7797,0.52,2002-03,2002,2003,2003-04,1610612747,0.683,0.07300000000000006,0,LAL,12,19664.114999999998,7,5,8,0.18,0.323,0.1730999166078243,0.44579580621858655,0.6760152524874202,28.30858774981737,104.7788995080633,102.16908676032459,2.5874607544419534,0.15859621956035144,1.7850790293215164,18.709014144123277,0.053556318451148194,0.12778576220355373,0.09042679503586441,10.847598023099438,0.47818263708621855,0.5146748209449887,0.19613094622700628,94.65593809501895,0.10477271288334106,14.915087711803965,6.565055177921814,3.4656021895722238,2.079727462944557,1.1606929678757474,0.8458046548242828,3.9486818092921756,0.05154681772116242,0.0790779439060605,3.2966732013164832,0.04612308432476566
1610612748,Miami Heat,82,25,57,0.305,3966.0,93.8,95.4,99.8,101.2,-6.0,-5.8,0.558,1.29,15.0,0.306,0.709,0.501,0.159,0.439,0.483,90.3,88.93,74.11,7353,0.456,2002-03,2002,2003,2003-04,1610612748,0.512,0.20700000000000002,0,MIA,12,19450.276666666665,10,5,1,0.137,0.225,0.1468180486892817,0.40192307461607657,0.5866350144462383,27.300460936031246,94.45416515926165,99.97600557695583,-5.531033671671851,0.14101803102029573,1.3270098077439518,14.41359745868225,0.0476521183160548,0.13070370592843322,0.08791243226531653,11.19976196568241,0.44092831070269267,0.48412370560967183,0.19537694485236973,89.92723193654658,0.09408853018885935,12.82655276711574,6.191171573737684,2.772608375921988,1.993390668136169,1.0846118212885747,0.5663672650414742,3.1794975422967275,0.024450778347938754,0.0243360004346632,2.356547073039485,0.04444027779855507
1610612749,Milwaukee Bucks,82,42,40,0.512,3981.0,106.2,107.2,105.3,106.9,1.0,0.3,0.599,1.75,17.4,0.287,0.666,0.477,0.137,0.5,0.543,92.9,91.76,76.46,7607,0.495,2002-03,2002,2003,2003-04,1610612749,0.5,-0.01200000000000001,0,MIL,10,15004.534999999998,9,5,4,0.141,0.258,0.17984907007559162,0.4916410271961111,0.7461702967358425,29.77772997741461,105.58766600675507,105.64375711520995,-0.04036546284173424,0.13380890010920032,1.5584527011333575,15.688135209343935,0.05052943137969067,0.13182301517507874,0.09142016763598473,10.930438264164803,0.49460151891855814,0.5348358747316507,0.1854359777449507,93.03447075500841,0.09556387718779691,14.069346367614859,6.3556784665436155,2.879129543168116,1.7802617675256183,1.1108641487390314,0.7437751319850966,5.042104140006433,0.03562082241348487,0.061516317092321034,3.421273282541345,0.039025617584920444
1610612750,Minnesota Timberwolves,82,51,31,0.622,3961.0,103.5,104.8,100.6,102.5,2.9,2.2,0.653,1.84,19.0,0.31,0.695,0.508,0.146,0.488,0.528,94.6,93.08,77.57,7681,0.529,2002-03,2002,2003,2003-04,1610612750,0.707,0.08499999999999996,0,MIN,11,19097.225000000002,9,6,8,0.197,0.258,0.17394089106314312,0.43261014798397845,0.6584667842230131,29.008087824278135,103.89262474870914,101.50677212701495,2.409842119295692,0.16250580786824614,1.8369439905536018,18.266044682757137,0.049868508644580575,0.13026464097968862,0.09129317505553819,10.06981791857194,0.48631943366990055,0.525424825596389,0.19648907585613443,94.11475875421691,0.10742094649877142,14.75083421806048,6.5883917689611975,3.738134728998585,1.9736898947360155,1.0028682177646229,0.8087038823703444,3.3875049077143253,0.0434291320125832,0.03590869089348094,2.6420622193111,0.02918376967765499
1610612751,New Jersey Nets,82,49,33,0.598,3951.0,100.6,102.1,95.5,96.6,5.1,5.4,0.649,1.56,17.6,0.317,0.702,0.51,0.158,0.468,0.518,94.2,93.0,77.5,7661,0.544,2002-03,2002,2003,2003-04,1610612751,0.573,-0.025000000000000022,0,NJN,11,19300.071666666667,9,5,10,0.174,0.248,0.15484700704479248,0.4398041527134226,0.6432650552333874,27.921316786129385,101.40399823213092,95.6548463766499,5.712927568576386,0.16499264139174616,1.64058331994104,16.78793409489067,0.05111982753431918,0.12941352048520027,0.09053460121003006,11.166975010369136,0.4662250199761781,0.5191732706864735,0.19564765856223507,93.87185865890137,0.1098471363189239,14.342122909215451,6.483706494008702,3.4600907785921007,2.148800311017844,1.290772409048913,0.6882875996229031,3.632642488285517,0.035370850395810255,0.03953680746614144,2.9529334317128098,0.02755075599705578
1610612752,New York Knicks,82,37,45,0.451,3971.0,101.5,103.3,103.7,104.6,-2.2,-1.3,0.607,1.57,17.2,0.28,0.689,0.48,0.151,0.486,0.528,93.3,92.06,76.72,7611,0.474,2002-03,2002,2003,2003-04,1610612752,0.476,0.024999999999999967,0,NYK,10,19301.651666666665,8,5,3,0.113,0.265,0.16111540022783888,0.44258198629115597,0.6638465568274771,30.53748016901144,102.86998246523116,103.61468391608281,-0.7235095079514353,0.14966635946785553,1.5437742944450952,16.639836055480917,0.043111693636580836,0.1269802307073721,0.08425100140393857,10.856455764450555,0.4883452694160629,0.530577609031904,0.197396256417089,92.81120585794426,0.09651892787068049,14.415553902079708,5.845302876066477,3.2621042534270166,2.0143353880509878,1.0482004519302364,0.45509058767077876,1.674283524367822,0.014864264645733517,0.04372886901546053,1.493885805769954,0.03114810574683827
1610612753,Orlando Magic,82,42,40,0.512,3961.0,102.3,103.7,101.9,103.7,0.4,0.0,0.569,1.42,15.8,0.3,0.68,0.485,0.151,0.478,0.526,95.8,94.33,78.61,7788,0.482,2002-03,2002,2003,2003-04,1610612753,0.256,-0.256,1,ORL,10,15633.515000000001,7,4,6,0.192,0.347,0.1886827754346991,0.5044056524289856,0.7167572359766822,28.353241524165654,102.83933034253654,102.71931063914077,0.12458189984785882,0.15555890373981793,1.5522762763204565,16.593329821647064,0.04993208053339252,0.1215797114937577,0.08470980443830665,11.393172829867968,0.47534273194479937,0.5216714912374687,0.19580653455093108,95.40358915019004,0.09754931568492434,14.80895371258479,6.047008622181257,3.2468705854057776,2.0724705864292194,1.3609223517551876,0.5733835289120841,4.072039437677098,0.05165707304972022,0.0777253499451038,4.884089264070611,0.050775405740685946
1610612754,Indiana Pacers,82,48,34,0.585,3981.0,101.6,103.2,97.9,99.6,3.7,3.5,0.656,1.58,17.7,0.318,0.694,0.509,0.157,0.469,0.522,94.2,92.71,77.26,7696,0.538,2002-03,2002,2003,2003-04,1610612754,0.744,0.15900000000000003,0,IND,11,19477.973333333335,9,6,10,0.151,0.262,0.14696104591305872,0.3926341926059384,0.6241257646243824,26.34779088926432,102.31088831623826,98.70325471917681,3.5702874888420975,0.15958487073946095,1.6724191137613225,17.676396440629006,0.05096708949185679,0.1306538824538898,0.09117987899836262,10.610498200360341,0.4683411443216544,0.5197293235675444,0.19600314611787129,93.54553072941198,0.10884991628150226,14.42367720666353,6.598222402330703,3.4358810772920942,2.070030557593946,1.251259542402769,0.807681565775495,4.1909006057077045,0.026006099412702467,0.035784555720974325,2.256793089595535,0.05277468766482002
1610612755,Philadelphia 76ers,82,48,34,0.585,3971.0,101.8,103.2,100.0,100.6,1.8,2.6,0.595,1.46,16.5,0.324,0.704,0.509,0.158,0.466,0.52,94.0,93.07,77.56,7694,0.516,2002-03,2002,2003,2003-04,1610612755,0.402,-0.18299999999999994,1,PHI,9,17258.606666666667,8,5,7,0.137,0.324,0.2018743498412966,0.5197757370139189,0.7563478473156001,28.861473753578405,102.06316814489853,99.15365773057772,2.903755150570286,0.16036893293046833,1.5868604475988988,17.038183557498463,0.04735252845826488,0.12391975163309825,0.08477562325425265,10.998152738092802,0.4745402656104723,0.527904963262774,0.20137278868784694,94.17217033839349,0.10704863080874433,14.928899242928455,5.853079680823983,3.4167300488915484,2.1338918437216448,1.5852959933806938,0.498533871602613,2.884688171602697,0.020275120187763448,0.0668091579900158,2.233329287668654,0.02590860773457427
1610612756,Phoenix Suns,82,44,38,0.537,3961.0,100.7,102.6,99.4,101.3,1.2,1.3,0.572,1.42,16.2,0.323,0.672,0.496,0.158,0.473,0.514,94.3,92.59,77.16,7637,0.498,2002-03,2002,2003,2003-04,1610612756,0.354,-0.18300000000000005,1,PHX,12,19515.926666666663,9,5,9,0.151,0.273,0.1729216718379416,0.4710528733967369,0.6787581015027386,25.780561278326864,101.80283262661709,100.05087110903266,1.7320965628414946,0.14503384304238345,1.4115879705430334,15.39301223718474,0.05291086135119043,0.12321166729122777,0.08790931876494718,11.468720812300655,0.4783178140144682,0.5169150415267667,0.19705078279654667,93.58791343326766,0.10039067467630709,14.362423306229545,6.376945462321543,3.1045412823509277,2.1139657216721113,1.1953314028303037,0.74154818508917,4.2643725900930365,0.035112526894570034,0.04998117639925188,3.0768387209832957,0.039611577905048996
1610612757,Portland Trail Blazers,82,50,32,0.61,3970.0,102.6,104.2,99.5,101.5,3.1,2.7,0.623,1.49,17.7,0.338,0.689,0.515,0.167,0.489,0.531,92.1,90.44,75.36,7486,0.515,2002-03,2002,2003,2003-04,1610612757,0.5,-0.10999999999999999,1,POR,12,19823.555,10,5,8,0.144,0.254,0.13551361835284673,0.38523186179270064,0.5967592593760301,29.34561754101791,103.04217038770291,100.09793980780273,2.944230579900192,0.1543244966236715,1.6033006995970198,17.770058658331802,0.05282834444511424,0.12542938085525024,0.08939887959887449,11.285882686867552,0.49163427246021213,0.5325516160782799,0.1944693263477044,91.59527752127875,0.10410386784812309,14.161334836259188,6.114544036122683,3.3741677514451873,2.150169331383801,1.3129834684041284,0.5738627607409468,4.546755030296214,0.01975281413988124,0.039110919128108726,4.34555636659305,0.03228302961957027
1610612758,Sacramento Kings,82,59,23,0.72,3966.0,103.1,104.4,96.3,97.8,6.8,6.6,0.627,1.71,18.3,0.289,0.678,0.493,0.149,0.499,0.535,98.0,96.63,80.52,7987,0.551,2002-03,2002,2003,2003-04,1610612758,0.671,-0.04899999999999993,0,SAC,12,19547.561666666665,9,6,11,0.147,0.3,0.1386177150653999,0.3979176601480645,0.6138737508352491,29.174039694805927,103.74839293255415,96.84860279675121,6.911999399413583,0.15788380017047313,1.7707763517308257,18.893293195903293,0.04518715335083993,0.1255418673275277,0.08718524850968197,10.8240258780784,0.5024143693284167,0.5396682726072315,0.19690327139693553,97.41017514290147,0.11060077876720688,15.197394184799009,6.607882978073055,3.7127904358403785,2.1197528728433905,1.3499381892217248,0.8213812174527821,3.78833996595041,0.020477686280019617,0.05273393564490443,3.360613327173376,0.04003675803918417
1610612759,San Antonio Spurs,82,60,22,0.732,3966.0,103.1,103.9,96.6,98.1,6.5,5.8,0.563,1.26,15.9,0.311,0.687,0.508,0.171,0.497,0.541,92.5,91.46,76.21,7558,0.549,2002-03,2002,2003,2003-04,1610612759,0.695,-0.03700000000000003,0,SAS,12,19709.17166666667,9,5,11,0.206,0.276,0.16147025627577954,0.432840023802793,0.6448227191689012,29.007816580825352,102.82610976463324,96.79438565953599,6.031999002494861,0.1436361245690775,1.3432756095026148,15.729056607570941,0.05122244423767851,0.1266302749236121,0.09075619404942015,12.304906641180505,0.5001971812953748,0.5410544085947125,0.19511671418966278,92.59408219252916,0.11086816679172123,14.289184992807492,6.347298715327373,2.9718143913201827,2.2777212943922973,1.1434270491496217,0.966250653354872,5.55016240670573,0.04835058329394929,0.05260398392095358,3.9401191762132983,0.022273699928012366
1610612760,Seattle SuperSonics,82,40,42,0.488,3971.0,100.7,102.4,100.9,102.6,-0.2,-0.2,0.615,1.64,17.2,0.314,0.688,0.497,0.147,0.472,0.512,90.7,89.17,74.31,7379,0.502,2002-03,2002,2003,2003-04,1610612760,0.451,-0.03699999999999998,0,SEA,9,12972.225,7,3,4,0.11,0.219,0.2344336971234053,0.5785805185052423,0.831396824112029,25.665721056590783,101.34621500937581,101.48769237094383,-0.14147736156801677,0.10137168745788278,1.2299646552538213,13.691380520046998,0.05627780392338246,0.1360547834572198,0.09497990026126334,11.764514607170318,0.482425056225898,0.519748370589214,0.17712763795982056,90.14855097332956,0.08663760110543872,12.457693263877244,6.602105652654036,2.2201280042552454,1.8010788434520677,1.132265282170175,0.6910148413244451,3.2354138556282472,0.022601440298830478,0.04307528681835343,2.9189343193030215,0.04827164239987299
1610612761,Toronto Raptors,82,24,58,0.293,3961.0,97.4,99.3,104.3,105.6,-6.9,-6.3,0.556,1.34,15.3,0.318,0.678,0.491,0.157,0.458,0.497,92.4,91.01,75.84,7507,0.447,2002-03,2002,2003,2003-04,1610612761,0.402,0.10900000000000004,0,TOR,13,19131.618333333332,12,6,0,0.13,0.274,0.15393121909620647,0.41450021957543065,0.6144787716599337,27.97023783752045,98.4494606964335,104.47391893402293,-6.042783085696445,0.14022474871658797,1.4799017237694914,14.759789845274458,0.05004565121734343,0.12459402075325395,0.08586237128746121,11.164087277509456,0.4610632961787255,0.4988685250620462,0.19553949408879942,91.96391634145606,0.09124213956111572,13.679971837196906,6.149401370558389,2.8827671051699673,1.9946038717233454,1.1102040418082773,0.6999930568689476,3.247918604212839,0.022749442468666174,0.03699888598970308,3.2108079482884593,0.022733828717366296
1610612762,Utah Jazz,82,47,35,0.573,3956.0,102.4,103.7,99.8,101.1,2.7,2.6,0.727,1.53,19.5,0.353,0.673,0.519,0.184,0.486,0.537,92.0,90.78,75.65,7483,0.551,2002-03,2002,2003,2003-04,1610612762,0.512,-0.06099999999999994,1,UTA,12,19496.106666666667,9,5,7,0.164,0.272,0.150530054547643,0.4023288752352606,0.632508935117302,31.664986787105516,102.83901821765437,100.05909692738652,2.766809980180658,0.17906202092999077,1.4789548665442944,18.020707553234555,0.05755291757397031,0.12448617296581607,0.09228742174505952,12.622609163675754,0.486005900579808,0.5343719798243477,0.19353047052813277,91.64581802058939,0.11077999957940318,14.109278570490652,6.233860025386264,3.785371164704337,2.3543162121941608,1.2833331509607386,0.8604794940254736,6.4743494718727765,0.04443234922422009,0.04376120032935172,4.501887597087561,0.051473248778788804
1610612763,Memphis Grizzlies,82,28,54,0.341,3986.0,101.0,102.3,104.6,105.9,-3.6,-3.5,0.621,1.5,17.5,0.301,0.659,0.482,0.162,0.487,0.526,95.2,94.03,78.35,7813,0.482,2002-03,2002,2003,2003-04,1610612763,0.61,0.26899999999999996,0,MEM,9,16670.79833333333,9,5,0,0.13,0.236,0.17671489237817947,0.4638692068236285,0.6992421578690643,25.520772300546692,101.64207771893349,104.48000920571789,-2.8411759924714666,0.16383673507337532,1.716168306876725,17.923420154143784,0.048217709729757995,0.1249953506525732,0.08698886376067373,10.731641216142517,0.4929509875501863,0.5317206515504806,0.18863754045372153,95.07782456329075,0.10098868360533424,14.103463751336045,6.225736639886972,3.69700351282917,2.0838834053038253,1.2416921845074607,0.9825564242624254,2.9789407334110036,0.017409727056030375,0.03448448922903773,1.566728013060705,0.04581158905614742
1610612764,Washington Wizards,82,37,45,0.451,3966.0,100.2,101.5,100.9,102.6,-0.7,-1.1,0.572,1.47,15.9,0.305,0.686,0.496,0.148,0.46,0.513,90.8,89.46,74.55,7390,0.498,2002-03,2002,2003,2003-04,1610612764,0.305,-0.14600000000000002,1,WAS,12,19260.85166666667,9,5,2,0.139,0.284,0.15726398737473618,0.4147330452936876,0.628858138931378,28.935265756247702,100.60963815982177,101.71610146003408,-1.1037943805011736,0.1491082725573488,1.6696721069187748,16.205830514071245,0.045982110777206014,0.12511010304061487,0.08575658535694726,10.628188992335142,0.4638251804545506,0.5162169950774934,0.19609720477054013,90.28013284113172,0.10066878801049899,13.717150444455076,5.93057887454094,2.9755693565298382,1.869076228976029,1.1438746521333296,0.6971654334080588,6.285928404482511,0.02649113633715587,0.06117471768324452,1.2400187235437863,0.028193322964023677
1610612765,Detroit Pistons,82,50,32,0.61,3981.0,101.4,102.4,97.3,98.2,4.2,4.2,0.6,1.47,16.2,0.294,0.707,0.499,0.151,0.473,0.523,89.1,88.26,73.55,7318,0.525,2002-03,2002,2003,2003-04,1610612765,0.659,0.049000000000000044,0,DET,12,19771.175,10,5,9,0.153,0.308,0.14522412889808858,0.4216239887951357,0.6436908782609025,29.22604996078045,101.33035252077835,97.20609167976444,4.1055754568624945,0.1510818785428787,1.6090876220895654,17.05902206115721,0.04634797712663343,0.12993827664095162,0.08816977417882348,10.763373345286762,0.474616277400475,0.5172798579244784,0.1943234564966422,89.15841493487363,0.10625408521918063,13.57794870562827,6.016030913691271,2.9224363245988165,1.8827409094300163,0.9868912697399118,0.8466871594632085,4.0503605683381485,0.03652800389371344,0.066865169324567,3.700692872306473,0.04226016865257817
1610612737,Atlanta Hawks,82,28,54,0.341,3981.0,98.2,99.1,103.1,103.9,-4.9,-4.8,0.583,1.22,15.7,0.308,0.686,0.5,0.176,0.465,0.514,93.5,92.68,77.24,7680,0.466,2003-04,2003,2004,2004-05,1610612737,0.159,-0.18200000000000002,1,ATL,7,11402.205,6,4,2,0.111,0.245,0.26426891406822917,0.6903673456142913,0.9073838495858184,25.979167187399277,98.9988414960089,103.47717109687703,-4.478329600868136,0.17554783336497926,1.4554816575682799,19.130384707753166,0.03548829268841714,0.09882662183907995,0.06751947013757427,12.838114937710147,0.4641945607596659,0.5053820123680756,0.1944056665647858,94.05996560022089,0.08667272368224684,13.699455500054595,4.799071758488819,3.596146534814977,2.4090077313993215,1.3481602900491616,0.3630876659382988,2.154122519199894,0.023169855731822,0.05122962764554037,2.585255256850433,0.03457471241466681
1610612738,Boston Celtics,82,36,46,0.439,3941.0,99.9,100.7,100.2,102.2,-0.3,-1.5,0.592,1.26,16.1,0.279,0.658,0.473,0.172,0.486,0.532,95.8,94.47,78.73,7757,0.49,2003-04,2003,2004,2004-05,1610612738,0.549,0.11000000000000004,0,BOS,8,12072.508333333335,6,3,2,0.137,0.299,0.256764784451726,0.6370005957060841,0.9083685315327317,26.13242387490587,99.36403400011461,100.78619267882057,-1.444816121477103,0.15049032919836464,1.1881249712673632,15.181825138520649,0.04210644515327871,0.12618204501826122,0.0850885822540331,13.291331006191065,0.48582094897428807,0.5313627597413132,0.20133378481826136,95.67565919537573,0.09794777983862786,14.492431495525993,6.095170777130686,3.0535493521437487,2.5346845208224478,1.5059008035474541,0.6649819389922421,2.5074346237866476,0.027353168289488743,0.05901683391048666,2.3256025813556196,0.0421084846411805
1610612739,Cleveland Cavaliers,82,35,47,0.427,3971.0,98.4,100.6,101.3,103.1,-2.9,-2.6,0.619,1.49,16.9,0.34,0.688,0.514,0.16,0.451,0.498,93.6,91.71,76.43,7577,0.491,2003-04,2003,2004,2004-05,1610612739,0.512,0.08500000000000002,0,CLE,8,12758.776666666665,6,3,1,0.154,0.276,0.24507561200355418,0.6479964249446069,0.8545951244541994,24.30176795946738,99.82860897322186,102.26462565768453,-2.4587167578500866,0.15294122033120733,1.3763544401984205,15.960213975582299,0.06103669748379743,0.1376098114683409,0.0988948107093862,11.440821991032058,0.4513610910450402,0.504835765079881,0.2045765795728065,92.67402248595936,0.10588829741513882,14.689182583596706,7.276873200748349,3.1799286922231054,2.2459833531584668,1.0834894568000644,1.131456437960484,4.513790148925961,0.03836603741342139,0.05547533255241884,2.385909779583699,0.05004379448239582
1610612740,New Orleans Hornets,82,41,41,0.5,3966.0,99.1,100.7,99.5,100.6,-0.3,0.1,0.619,1.4,16.4,0.332,0.681,0.502,0.164,0.46,0.505,91.8,90.59,75.49,7476,0.491,2003-04,2003,2004,2004-05,1610612740,0.22,-0.28,1,NOH,11,19118.543333333335,8,6,5,0.136,0.295,0.14615383005992608,0.43091061853910406,0.6532550509862761,30.736991032963985,99.92647402704844,99.55409411421338,0.3919076906661126,0.15613428202253202,1.482788458604674,15.793351864498742,0.055340840646332365,0.12697912602476863,0.09014902695690032,11.325918336177287,0.4647058062129211,0.5105416858815779,0.19562973861502353,91.46105129086719,0.10145686779135721,13.819253663502607,6.453002085409925,3.080569422740192,2.073170497822097,1.2823152670452753,0.6402161392002843,4.416506737856038,0.024272193173481102,0.053292403766410826,2.32173775133256,0.027997069258704283
1610612741,Chicago Bulls,82,23,59,0.28,3966.0,93.9,95.6,100.5,102.1,-6.6,-6.5,0.641,1.36,16.7,0.311,0.679,0.491,0.172,0.446,0.486,94.8,93.23,77.69,7694,0.446,2003-04,2003,2004,2004-05,1610612741,0.573,0.2929999999999999,0,CHI,10,13685.948333333332,10,4,0,0.114,0.264,0.20559116047128145,0.5612502312286483,0.7389036126956979,25.099414496791052,94.29804073983912,100.96638145523713,-6.649018853765947,0.1740671101953841,1.4414938618916795,16.42727661424997,0.0410511959407514,0.11391638832968462,0.07645032733695593,11.776587202762347,0.44626400033903385,0.4856750991193036,0.20911416283538506,94.18801153348403,0.08992899676054601,14.267480429136015,5.726457392003891,3.511630968454384,2.388435145585454,1.2021088783398155,0.7075870640556025,4.790807435963542,0.017369373714754742,0.039248149352764564,3.305574111875844,0.03813867061935947
1610612742,Dallas Mavericks,82,52,30,0.634,3961.0,109.6,110.4,104.3,105.9,5.3,4.5,0.591,1.96,17.7,0.335,0.686,0.507,0.128,0.495,0.536,95.7,94.62,78.85,7814,0.527,2003-04,2003,2004,2004-05,1610612742,0.707,0.07299999999999995,0,DAL,12,19533.738333333335,8,5,11,0.14,0.242,0.1494770202290174,0.43715083381803593,0.6928243723274338,27.950399919182562,109.38294274274006,104.92536947399469,4.462648743716319,0.14696032556662858,1.921564511930341,16.851949153272674,0.0567138317865935,0.12782130447295334,0.09175702133479655,8.77890905504263,0.49265981473251025,0.5346822995052234,0.1958886703970216,95.49731745920283,0.1059608814424752,15.748137645268958,6.728665950014858,3.5974680729742547,1.7581888020581142,1.1997703460585245,0.7869461409631182,2.509765646473884,0.02349436659212616,0.03245192552810527,2.405908351614326,0.04623208200937042
1610612743,Denver Nuggets,82,43,39,0.524,3946.0,100.8,102.4,99.9,101.4,0.9,1.0,0.599,1.4,16.5,0.337,0.664,0.498,0.164,0.467,0.517,96.1,94.64,78.87,7786,0.505,2003-04,2003,2004,2004-05,1610612743,0.598,0.07399999999999995,0,DEN,12,19273.47,7,5,7,0.127,0.282,0.15519943563181235,0.43322660631427556,0.6619774920309281,26.283710457950743,101.69667123598742,100.04184656421495,1.6592653960772674,0.15273505324503922,1.5608454082217682,16.670079881827192,0.05360669779062445,0.12157314986178755,0.08715020344892055,11.431272443415741,0.47030580421342566,0.5190547740840994,0.19583132625659344,95.65329200796052,0.10333055827518343,14.664510334672478,6.30587019358735,3.317306120797137,2.205933856228276,1.3728716209380043,0.9600762083838561,4.3568665088493255,0.020435985329714537,0.05257551871299623,2.1956628461120626,0.03524506262029862
1610612744,Golden State Warriors,82,37,45,0.451,3971.0,100.5,101.5,101.2,102.6,-0.7,-1.1,0.585,1.39,16.2,0.312,0.694,0.503,0.161,0.475,0.517,92.1,90.95,75.79,7535,0.491,2003-04,2003,2004,2004-05,1610612744,0.415,-0.03600000000000003,0,GSW,12,19652.488333333335,9,7,4,0.138,0.252,0.14962397043359987,0.41675553723349534,0.6407826388057899,28.419383787956285,100.53947548457181,101.67154463815565,-1.097891988741375,0.14605331665803478,1.429076577495318,15.813116905552166,0.05102993242670796,0.12910875662649332,0.08989801800331813,11.330943799907274,0.4781266157729136,0.5184734932209178,0.19504283851078058,91.77982745526796,0.09960935828906482,13.894423717166264,6.4187291634740395,3.0481636210105028,2.084621514849731,1.0514699029206902,0.7052542031785118,5.214697596762099,0.02497869570744051,0.03055732300944748,3.3399621272976674,0.04687098114395363
1610612745,Houston Rockets,82,45,37,0.549,3986.0,98.1,99.7,96.4,97.8,1.8,1.9,0.577,1.15,15.8,0.305,0.708,0.516,0.186,0.484,0.528,90.3,88.92,74.1,7384,0.513,2003-04,2003,2004,2004-05,1610612745,0.622,0.07299999999999995,0,HOU,10,18418.30666666667,6,6,7,0.158,0.249,0.17568426485822436,0.518602506346946,0.7782671660731749,28.320333374837933,98.82360020609929,96.65712673188197,2.131580708107079,0.14440974079774255,1.1843230792841615,15.56304837650656,0.045268777784856086,0.13159251330017308,0.09056251515702131,13.0540612220595,0.4823056314261245,0.5258902825304967,0.19777784403633197,89.8619121708981,0.10548635044625891,13.596038144657525,6.303511071955221,2.8849557650250874,2.370901993885793,0.9929251549002333,0.826786103391336,3.691156173131721,0.025209815729699082,0.038981433592512375,1.9061094057799859,0.03361088432927347
1610612746,Los Angeles Clippers,82,28,54,0.341,3961.0,99.8,101.9,105.9,106.6,-6.1,-4.7,0.587,1.23,15.5,0.362,0.677,0.517,0.176,0.453,0.512,93.8,92.49,77.08,7624,0.464,2003-04,2003,2004,2004-05,1610612746,0.451,0.10999999999999999,0,LAC,12,18461.64,11,4,1,0.148,0.248,0.14490677245719594,0.4140925002690263,0.6096620704697235,24.211364754160527,101.0420734831792,105.78866554289509,-4.776505274359882,0.14169538441149684,1.2702319169189016,15.067149632065917,0.06010131069973561,0.12830417666036173,0.09356863935165025,12.439303667857606,0.45569142385689104,0.5117430414271612,0.19959482761733705,93.4816070258836,0.09596577281324954,14.58006980961605,6.680663256352092,2.9054840198378917,2.347787087171021,1.091993994033033,0.7273459995970024,1.5622753772767533,0.029490309335320708,0.036789098991587575,3.18991421263082,0.04928329712416789
1610612747,Los Angeles Lakers,82,56,26,0.683,3971.0,102.7,104.2,98.7,100.1,4.0,4.1,0.643,1.72,17.9,0.313,0.701,0.506,0.146,0.481,0.522,94.8,93.39,77.82,7729,0.538,2003-04,2003,2004,2004-05,1610612747,0.415,-0.26800000000000007,1,LAL,13,19584.52666666667,10,4,10,0.156,0.281,0.14481049495196718,0.3956658470854031,0.5852137861216287,30.143514063313244,103.14350614039176,99.0805911401484,4.051049765818526,0.16162269558723058,1.8386453965868974,18.155204636040896,0.04950835932040226,0.1266574306620975,0.08816601601127964,10.075086624508668,0.47756767800362127,0.5148094810563032,0.19589533837767842,94.42523084550761,0.1076450583096383,14.666884979604646,6.378504935358832,3.540345967003202,1.9650206846970004,1.2426136415857552,0.6874815117649,5.300189559111318,0.035718014084865746,0.04922364011267339,3.278332105231573,0.04139157274590568
1610612748,Miami Heat,82,42,40,0.512,3951.0,99.3,100.6,98.9,100.3,0.4,0.3,0.573,1.38,15.6,0.307,0.707,0.504,0.154,0.463,0.51,90.5,89.3,74.42,7361,0.496,2003-04,2003,2004,2004-05,1610612748,0.72,0.20799999999999996,0,MIA,12,19422.091666666664,8,6,7,0.143,0.243,0.15456402524444887,0.4421622971435879,0.6706690963168661,26.71199617617567,99.87471229283149,99.17511454095872,0.6767470719554323,0.14473137754215454,1.4489358252265139,14.940848535452112,0.04815508645438549,0.1308227635969521,0.0888721927907696,10.73076593621267,0.46234013355066883,0.5087512035049434,0.19533930159427557,90.19124993488943,0.10119422693487784,13.562493912645007,6.237227281133039,2.8674563458879083,1.957358695059878,1.080625112897641,0.5708962860591311,3.6113587770877036,0.023721404395302546,0.03673985884693079,2.185559355255114,0.03351604420673485
1610612749,Milwaukee Bucks,82,41,41,0.5,3956.0,103.5,104.6,102.6,103.5,0.9,1.1,0.63,1.69,17.5,0.308,0.69,0.499,0.144,0.477,0.528,94.1,93.2,77.66,7682,0.51,2003-04,2003,2004,2004-05,1610612749,0.366,-0.134,1,MIL,10,16934.641666666666,8,5,7,0.123,0.254,0.1783501963677019,0.46138167474265024,0.6733215986756929,26.801118909611805,103.7725027249371,102.7689459721862,0.979444796834103,0.15738117734013662,1.6945557789088146,17.02728744875519,0.05040276208974011,0.12731731800249685,0.08869526222629452,10.01203585156068,0.4721442166131849,0.5214100744184627,0.19489737121688924,94.09670602911095,0.1032266283559784,14.519350621039615,6.3498243492013655,3.486344805051972,1.928118742793987,0.984254661426258,0.7249046210504405,3.352820075471236,0.014507480528015189,0.03599038857368672,1.8700398312131978,0.02851186486464675
1610612750,Minnesota Timberwolves,82,58,24,0.707,3951.0,103.3,104.2,96.6,98.5,6.7,5.7,0.623,1.81,18.2,0.303,0.691,0.507,0.14,0.486,0.528,91.5,90.24,75.2,7441,0.554,2003-04,2003,2004,2004-05,1610612750,0.537,-0.16999999999999993,1,MIN,13,19421.011666666665,10,4,9,0.222,0.291,0.1665749990538598,0.4728754689830353,0.6818710182193564,30.150033207161286,103.20808408796421,97.17840188895073,6.034337071523996,0.16124820377105314,1.8783244453365675,17.625506137811055,0.047550526161227284,0.1304232850211116,0.09132133307164655,10.242547071226209,0.489566012395338,0.5286174075037459,0.195197221274175,91.39391733369195,0.11174341956267815,14.191639690585982,6.482257575493623,3.4329828509620217,1.8332721596120083,1.0269289953741685,0.8434164131683153,3.3330788200564125,0.059391305445193616,0.07461321903683224,4.427072404979633,0.04257094622691763
1610612751,New Jersey Nets,82,47,35,0.573,3941.0,98.2,99.0,95.2,96.4,3.0,2.6,0.714,1.66,19.1,0.289,0.711,0.501,0.162,0.471,0.515,91.9,90.97,75.81,7475,0.533,2003-04,2003,2004,2004-05,1610612751,0.512,-0.06099999999999994,1,NJN,11,18995.388333333332,8,5,7,0.157,0.246,0.16510138908277125,0.4447140810405473,0.6807396146064576,28.130488777407635,98.53269934026972,95.13281014786658,3.407666202840637,0.17844507530906845,1.7651330520311377,18.822217278527166,0.04577214767830052,0.13134405973800833,0.08881421437992888,11.170244540933751,0.4709218708611116,0.5156232070538526,0.19482194494049562,91.9910326269543,0.1081468382720613,13.611303726088606,6.1555993459114156,3.6994242374442994,2.1112492830496667,1.290629050051008,0.595091808687249,3.555805210374402,0.033503203010520226,0.0402969692917928,4.295009538333806,0.03463533044402624
1610612752,New York Knicks,82,39,43,0.476,3976.0,99.1,99.7,100.3,101.3,-1.2,-1.6,0.588,1.31,16.4,0.307,0.701,0.508,0.17,0.474,0.518,92.1,91.29,76.08,7563,0.488,2003-04,2003,2004,2004-05,1610612752,0.402,-0.07399999999999995,1,NYK,7,9882.375,5,2,2,0.12,0.244,0.2572706459732605,0.6377874751767668,0.8776267513291761,31.130499837673966,99.15676457666639,100.11932888939484,-0.9857456667383431,0.09562505268217408,0.9417704718417047,11.84541381331242,0.05295372468662644,0.134087813236528,0.09476175801194889,12.854867444988342,0.4729453650227467,0.5160208962926423,0.18160120112827127,92.21514407552166,0.0863554078177901,12.637043220885667,6.662770842029371,2.036352597427238,2.061852540507722,0.8524266686904717,0.9252836489204265,4.12178628261904,0.01874586113987985,0.03630980576887557,2.794379382283234,0.02051216542136522
1610612753,Orlando Magic,82,21,61,0.256,3966.0,99.3,101.4,107.5,108.8,-8.3,-7.4,0.545,1.41,15.2,0.315,0.657,0.481,0.148,0.461,0.504,93.6,92.14,76.78,7608,0.434,2003-04,2003,2004,2004-05,1610612753,0.439,0.183,0,ORL,9,14843.433333333332,6,4,0,0.153,0.325,0.19427940076756725,0.5326981852805842,0.7970192206205662,25.98744944453552,100.59936388256985,108.29188861292198,-7.6945747277696315,0.13671904669404877,1.3681331935783052,13.954298960483086,0.05370942268522782,0.12984287036018172,0.09056607523416639,10.873490544640392,0.46458208904947873,0.5044010888091929,0.20650115135087796,92.93110822630882,0.09112030785779571,14.903560047877514,6.528947705270344,2.7672842985562642,1.9814822716217948,0.9701259591783573,0.6548350224453912,3.5611670976679157,0.03272607599761638,0.07016925721230607,2.8874130272344187,0.029621348606388563
1610612754,Indiana Pacers,82,61,21,0.744,3961.0,100.9,102.5,94.8,96.2,6.1,6.3,0.644,1.5,17.3,0.32,0.706,0.511,0.162,0.471,0.52,89.9,88.54,73.78,7311,0.539,2003-04,2003,2004,2004-05,1610612754,0.537,-0.20699999999999996,1,IND,11,19277.74,9,5,9,0.149,0.298,0.14467247370974673,0.41214746472702013,0.6310783836694549,27.603253545280726,101.14443127150795,94.90814570760543,6.2047515683892405,0.16051308089018734,1.751689236739715,18.106662909310604,0.0511236686285149,0.13230646512506133,0.09118468805644922,10.828412294871354,0.47749994017279346,0.5250840074268734,0.193377354831704,89.75930526261551,0.10915054712499149,13.591219717664002,6.254052601601641,3.2586807374723388,1.977617708299832,1.3314838772594715,0.7413732107601826,4.430018791492912,0.02452537320727064,0.06300403984643117,5.161221818221705,0.04167933127305792
1610612755,Philadelphia 76ers,82,33,49,0.402,3971.0,96.1,97.8,99.1,100.4,-3.0,-2.6,0.611,1.25,16.1,0.313,0.681,0.498,0.177,0.456,0.505,90.7,89.26,74.38,7379,0.484,2003-04,2003,2004,2004-05,1610612755,0.524,0.122,0,PHI,14,19855.000000000004,9,7,0,0.127,0.339,0.14989599597078818,0.3970612775959035,0.6067699991605806,28.056439184084606,96.52688246453454,99.08785034835894,-2.573445672794426,0.15275459044741038,1.321100303869722,15.603927994627718,0.04947877528750105,0.12458215663560816,0.08732269428355577,12.207778779484594,0.4602363635524218,0.5086480284563082,0.1930689207588349,90.43623653907497,0.09806559355326115,13.08184336439184,6.072223621254092,2.9735582976580206,2.188466381264165,1.1857970284563082,0.6491060186351045,3.5724149567720285,0.023153209570552967,0.061103934518841614,1.3072861852835862,0.039159157659246796
1610612756,Phoenix Suns,82,29,53,0.354,3946.0,98.8,100.3,102.2,104.2,-3.4,-3.8,0.536,1.27,15.3,0.297,0.661,0.479,0.162,0.475,0.515,95.3,93.72,78.1,7699,0.466,2003-04,2003,2004,2004-05,1610612756,0.756,0.402,0,PHX,7,14073.756666666666,6,3,0,0.137,0.273,0.23688546081157674,0.6088465600395251,0.8525513325392627,23.52398163295419,100.04143178307994,103.14243371883413,-3.0986526932988983,0.12133420832675094,1.2556750850933662,14.156330541454578,0.04716727481196088,0.1226302475032134,0.08493184158126935,11.881880187403171,0.485853206452577,0.5279260584771608,0.19821768506726584,94.64245999705834,0.09604737908168086,14.465220965641251,6.098158582155392,2.5937637593563623,2.1768175140160397,1.3224614039321885,0.6983210121344052,1.9499911703210193,0.030590704384853666,0.049780558396397175,2.0100545203141627,0.03371914124492116
1610612757,Portland Trail Blazers,82,41,41,0.5,3996.0,100.5,102.1,102.2,103.5,-1.6,-1.5,0.61,1.46,17.2,0.344,0.67,0.507,0.166,0.478,0.515,88.8,87.54,72.95,7289,0.488,2003-04,2003,2004,2004-05,1610612757,0.329,-0.17099999999999999,1,POR,7,12462.565,5,3,2,0.133,0.272,0.2505782985551797,0.6425577987624003,0.9102284856020143,27.846519957970123,100.67819484458722,102.25350575904717,-1.5946246619375706,0.16085862527764816,1.7365238950943616,18.452271810284103,0.058922834772242576,0.13206454610266827,0.09565892708817698,11.338806511072693,0.47057006135307344,0.5077360341417143,0.19519175373073946,88.52714022755347,0.09983304012189037,13.25601912607878,6.55146031334641,3.3826102411501964,2.11738113301716,1.1294625143379393,0.47662740374874674,4.237295317350073,0.022765424562373338,0.05379346007681724,2.6383238638937034,0.02548603251706318
1610612758,Sacramento Kings,82,55,27,0.671,3956.0,107.3,108.6,102.2,103.2,5.1,5.4,0.694,1.89,19.6,0.292,0.676,0.488,0.146,0.507,0.554,95.3,94.25,78.54,7765,0.544,2003-04,2003,2004,2004-05,1610612758,0.61,-0.061000000000000054,1,SAC,11,19471.863333333335,8,6,8,0.138,0.286,0.1678826662539914,0.4639644998877868,0.7176533695884951,30.172500098004658,108.11595398591366,102.2977381894114,5.82223705178703,0.17212266460032327,1.89903466865609,19.98875147884323,0.04627856887176865,0.12481227331607879,0.08651094990224356,10.439720697847953,0.5080687148756008,0.5549297115718594,0.19591818083152118,94.99507148947737,0.10947533201325194,15.396985633458465,6.1639709536443945,3.945385127497642,2.026308387880701,1.2978727082958503,0.5879252439288895,3.9899486001093782,0.02282761173682953,0.04193779351444852,3.725287836642852,0.047361913979979776
1610612759,San Antonio Spurs,82,57,25,0.695,3951.0,99.8,101.0,91.6,93.1,8.2,7.9,0.59,1.39,16.3,0.319,0.71,0.516,0.162,0.473,0.511,91.5,90.23,75.19,7428,0.566,2003-04,2003,2004,2004-05,1610612759,0.72,0.025000000000000022,0,SAS,12,19138.32166666667,8,6,10,0.212,0.296,0.13727361847211783,0.4039564423665502,0.6450436745890203,27.80353057778578,99.80220879695739,91.7547714171732,8.056777000560743,0.14762057444431081,1.478194411509264,16.19381005457375,0.0537535194003863,0.1345109591201527,0.09469929486154002,11.259987618210687,0.47544477114982137,0.5110206717011845,0.19509291810941623,91.44810423118778,0.11564348284458591,13.786161848221974,6.831947036804777,3.0341218530743683,2.08043321109749,1.196343148515374,1.0044767945081914,3.891349189942093,0.043444552164642436,0.0530242674314276,3.2637984249348055,0.022059683762396216
1610612760,Seattle SuperSonics,82,37,45,0.451,3961.0,104.0,105.6,104.7,106.4,-0.6,-0.8,0.606,1.5,17.1,0.302,0.655,0.479,0.158,0.501,0.54,92.8,91.34,76.12,7542,0.491,2003-04,2003,2004,2004-05,1610612760,0.634,0.183,0,SEA,13,19801.449999999997,11,4,6,0.14,0.273,0.14815303929762721,0.37435903262976533,0.5676573348584741,26.30818946760633,104.53480101204707,105.26624984533959,-0.7098918429374279,0.15228187321298858,1.6297423589349935,16.600605317624044,0.04681948619924298,0.12028719083703467,0.08359332489960751,11.407666080009292,0.501306864480463,0.5417175111755282,0.19505371138645572,92.32938716609135,0.09862541657302873,14.475303576253253,5.85957089001058,3.239762744647488,2.05075890906979,1.201730176325471,0.7035848384840504,2.8718363329021885,0.026311488924824506,0.04877281600376062,2.8818786538719623,0.05165571225869697
1610612761,Toronto Raptors,82,33,49,0.402,3996.0,94.6,95.3,97.6,98.8,-3.0,-3.4,0.593,1.35,15.9,0.27,0.673,0.471,0.159,0.454,0.495,89.1,88.24,73.53,7348,0.476,2003-04,2003,2004,2004-05,1610612761,0.402,0.0,0,TOR,8,12546.026666666668,7,4,0,0.131,0.315,0.2221037842525442,0.5932050731599485,0.8291322245980666,26.51904959020227,93.5189355567553,97.14361186861818,-3.6514524917317783,0.16020128935907466,1.5192751782237564,16.273984339796293,0.03554247666193388,0.10470584737584915,0.06980427349110263,11.06534565525128,0.4449575131090641,0.48727312817231916,0.19679054590457326,89.18347592916537,0.08894241124945801,12.73454969010109,4.903863321402155,2.972733997058299,1.939737627424141,1.1076016629966248,0.6599699028218231,4.165851485023395,0.03335217197025191,0.06809229885455637,2.906682993644006,0.042613762622188814
1610612762,Utah Jazz,82,42,40,0.512,3956.0,98.3,100.0,100.4,101.3,-2.1,-1.3,0.621,1.22,16.3,0.373,0.691,0.529,0.188,0.456,0.509,89.4,88.26,73.55,7271,0.493,2003-04,2003,2004,2004-05,1610612762,0.317,-0.195,1,UTA,10,16205.698333333334,8,4,3,0.163,0.233,0.1793144983261546,0.4368869633202066,0.6672778371476124,25.222253715488353,99.5360467341786,100.27773910596675,-0.724834248117869,0.1662580281688982,1.293616059330571,16.76390300572258,0.060383969877262314,0.12648675573890214,0.09286013623397285,12.940165758567026,0.45791343806124163,0.5119336262275647,0.19343807348012054,88.97832174156025,0.10134377671064057,13.19313710537415,6.195598482385671,3.2233106482400893,2.3525058418237457,1.1218276205108513,0.9618838805568289,3.0819002845328174,0.03644166202081946,0.04225076316706397,1.9636356921189446,0.05270144157226779
1610612763,Memphis Grizzlies,82,50,32,0.61,3976.0,101.9,103.4,99.2,100.8,2.7,2.6,0.646,1.56,17.7,0.325,0.655,0.489,0.16,0.479,0.522,94.0,92.6,77.17,7670,0.522,2003-04,2003,2004,2004-05,1610612763,0.549,-0.06099999999999994,1,MEM,10,17743.896666666664,9,5,8,0.137,0.264,0.13816656957537887,0.39481434837030355,0.6040492045245981,26.181451593965924,102.53257730498504,99.69142838598587,2.8131730741593963,0.1624728686051485,1.665581680761967,17.69619816691899,0.05404179183490134,0.1245763869229025,0.08900909956080673,10.592712198316452,0.48785031641865956,0.5287758150267255,0.18948035033266836,93.83187418340466,0.10889614391352218,14.254817008439897,6.370641247722926,3.578920751905491,2.030895506041608,1.4344087140573594,1.0874725187195822,2.763270252723062,0.016370081233999887,0.038955283916785155,2.2736815080080506,0.04617544233572169
1610612764,Washington Wizards,82,25,57,0.305,3966.0,95.9,97.2,101.9,102.9,-6.1,-5.7,0.557,1.07,14.5,0.333,0.667,0.496,0.186,0.454,0.5,95.0,93.9,78.25,7751,0.441,2003-04,2003,2004,2004-05,1610612764,0.549,0.24400000000000005,0,WAS,12,18892.786666666667,11,5,1,0.112,0.273,0.11803931870999797,0.33684646133021495,0.546511931537892,24.504040607385253,96.5717088850136,101.92152796058322,-5.366495087366679,0.13522937652042155,1.0492593381318727,13.719974748740086,0.05552953878693739,0.12462891675059054,0.08913772522705316,13.094628364335174,0.4570608472969226,0.5009465701724609,0.19768420848803672,94.79317321019876,0.08954979704776217,13.911976281600246,6.469135663064352,2.696267146755835,2.503812742641107,1.2823941977149658,0.758384681561005,3.2696441690013267,0.021777604974501725,0.04660522626187188,2.31968852538264,0.037302290692939985
1610612765,Detroit Pistons,82,54,28,0.659,3956.0,99.1,100.3,92.5,93.9,6.6,6.5,0.62,1.37,16.6,0.332,0.686,0.512,0.168,0.461,0.511,90.5,89.34,74.45,7365,0.558,2003-04,2003,2004,2004-05,1610612765,0.659,0.0,0,DET,9,16498.16,7,4,9,0.137,0.248,0.18543502224894573,0.522269251035671,0.7819764951566316,27.564346266492745,99.95878064584173,93.02212704325817,6.955197104808455,0.14803311642025535,1.382899774883987,15.611797265068752,0.055689767121505265,0.1281326580257031,0.09246994513327547,11.781635457125722,0.46433008802193704,0.5114471065258187,0.19621848769802208,90.40490841908027,0.11493193847071433,13.779718465574343,6.539638359671624,2.961057475500298,2.144966468988057,1.1608567258409423,1.0626639576777046,2.9111065633393856,0.021764998456115972,0.04394586666389049,1.418534258608311,0.04478618751009592
1610612737,Atlanta Hawks,82,13,69,0.159,3971.0,97.9,98.8,108.4,109.0,-10.5,-10.2,0.549,1.22,15.3,0.326,0.696,0.502,0.171,0.464,0.504,93.8,93.09,77.58,7695,0.422,2004-05,2004,2005,2005-06,1610612737,0.317,0.158,0,ATL,11,14212.166666666664,7,3,0,0.101,0.236,0.17917382993444586,0.49029552144289523,0.6863313123732014,24.954727404923013,97.55882423510376,106.55940451256554,-9.015817011246234,0.11388511662542655,1.1414079122348222,13.663854350146003,0.06002287875411914,0.12662334466947336,0.09191710541437502,12.354468061402793,0.45943888041935904,0.5060286042475345,0.1889375468202128,94.50123778335464,0.08185814595475709,13.48590995977625,6.365531879962005,2.4519836290502273,2.2037456170182828,1.142401463534765,0.7193836267048188,4.5713711346272055,0.020083683325867106,0.03361117714753199,3.5365508484214594,0.022318091989807866
1610612738,Boston Celtics,82,45,37,0.549,3976.0,104.8,105.9,103.3,105.1,1.5,0.8,0.594,1.4,16.9,0.305,0.671,0.494,0.165,0.501,0.551,95.9,94.61,78.84,7839,0.505,2004-05,2004,2005,2005-06,1610612738,0.402,-0.14700000000000002,1,BOS,10,17037.528333333335,6,5,7,0.146,0.261,0.17392683230558578,0.4816338285375314,0.7366449965306978,27.149598381690137,104.96977699327864,103.65908250384909,1.3280871726601187,0.15327592255410286,1.5064870510853634,16.983187340260717,0.04912915439514553,0.12097168143618636,0.08634542363685967,11.995875575457589,0.50483986341133,0.5549943263483935,0.19795156398370378,95.73811964118033,0.10445448503533913,15.359270128873346,6.072711837994497,3.395562951864007,2.324280800902556,1.2170779466544295,0.7987074024919694,4.651047827365228,0.021518281849581197,0.03715672635759178,2.0829236157333035,0.022431838450140757
1610612739,Cleveland Cavaliers,82,42,40,0.512,3971.0,103.2,105.3,102.5,104.7,0.7,0.6,0.619,1.62,17.3,0.354,0.674,0.51,0.152,0.47,0.518,92.6,90.72,75.6,7516,0.51,2004-05,2004,2005,2005-06,1610612739,0.61,0.09799999999999998,0,CLE,11,19339.111666666664,9,4,7,0.19,0.292,0.1749805467624461,0.44728217867987213,0.6730194518586557,26.749200131305585,104.79436825217843,103.47474736645522,1.2992638924211188,0.1580658583335481,1.7899142807921113,17.363233195733656,0.05648628810682187,0.1247117755408793,0.08998055822453754,10.179607000218127,0.4656322890391295,0.5095067686235502,0.19543301359843573,91.4939849563928,0.10413308143161006,14.437891709434776,6.321696782521983,3.3637532644338113,1.9359731018324096,1.1895065500681823,0.8432652068558476,4.711125517346094,0.049432392002607344,0.06002040434766242,2.070076383896452,0.04839315534083487
1610612740,New Orleans Hornets,82,18,64,0.22,3986.0,95.9,98.2,105.1,105.9,-9.1,-7.7,0.634,1.42,16.6,0.329,0.675,0.494,0.165,0.446,0.493,90.4,88.97,74.14,7382,0.437,2004-05,2004,2005,2005-06,1610612740,0.463,0.24300000000000002,0,NOH,9,11296.87,9,3,0,0.141,0.238,0.25010954361694876,0.5933593405370986,0.801982909130287,28.223192353280155,96.74481852052826,105.01968247251966,-8.256967578925254,0.11824922183460256,1.2773671483045008,13.80792917271185,0.0677152155124974,0.13903858133565608,0.10191144331719022,11.111957427145748,0.4502759032664209,0.49262982607866895,0.1894218485592322,89.58580121455469,0.09129179896732456,12.810628076626534,7.10320646338322,2.3008142963493428,1.896100424276813,0.8572285951772481,0.7488799995042874,5.6863825468108535,0.029381195165207506,0.03734436837490128,3.9472768125694193,0.05194773478988293
1610612741,Chicago Bulls,82,47,35,0.573,3966.0,98.5,100.5,97.5,99.1,1.0,1.4,0.612,1.27,16.4,0.317,0.691,0.506,0.178,0.471,0.517,95.1,93.41,77.84,7707,0.498,2004-05,2004,2005,2005-06,1610612741,0.5,-0.07299999999999995,1,CHI,12,19606.72166666666,9,6,9,0.129,0.294,0.14267896052314716,0.365015807079086,0.5643653838781311,25.159547750333584,99.56662609667961,97.69319598134416,1.869991388157446,0.15292367991487274,1.4064424581263926,16.294794072746992,0.04993043423118585,0.1271917237906422,0.08891390996608052,12.731374248950168,0.47083055479358144,0.5165457358033593,0.19679780429041638,94.53560037701358,0.10176912730523624,14.154533568547455,6.508992281813559,3.178297782741684,2.399789255946494,1.0484159641510697,0.6591617007534747,4.900718754544002,0.0165721168216211,0.053729157750006425,2.9858643156975706,0.0420500730980432
1610612742,Dallas Mavericks,82,58,24,0.707,3946.0,107.5,108.5,101.0,102.6,6.4,5.9,0.526,1.46,15.3,0.319,0.674,0.5,0.142,0.492,0.545,95.3,94.18,78.48,7749,0.537,2004-05,2004,2005,2005-06,1610612742,0.732,0.025000000000000022,0,DAL,10,18133.125,9,6,8,0.186,0.284,0.16699787451602155,0.434038534450074,0.6538470340881674,27.890673192476935,107.98837924148944,101.57138693229471,6.408600365353462,0.1299727102563219,1.5529185565091508,14.55359617642666,0.05185330088810763,0.12543043895265338,0.08969883330461056,10.528550704856443,0.4991780366042808,0.546536780156022,0.19682532639391537,94.97920800652581,0.11013774257516745,15.53709026987902,6.462206597042705,2.894592079412677,1.9118602005997312,1.2944266363354358,0.8417743770034123,3.144940384618667,0.03700419200930444,0.0494873184391297,4.80824667516218,0.03676306417581546
1610612743,Denver Nuggets,82,49,33,0.598,3951.0,103.4,104.7,100.7,102.6,2.7,2.2,0.645,1.6,18.0,0.313,0.678,0.497,0.157,0.483,0.535,96.1,94.68,78.9,7792,0.531,2004-05,2004,2005,2005-06,1610612743,0.537,-0.06099999999999994,1,DEN,10,17948.216666666667,8,5,10,0.142,0.286,0.15875114797848996,0.4311377267750835,0.6643610832273958,27.223272507110728,103.88496603655145,101.3742465964585,2.5033906525532243,0.16845851899863776,1.7548642399941312,18.586995634663797,0.05102420147591265,0.1264544275986565,0.08951646300978836,11.068222813222855,0.4896175408327475,0.5415173428557898,0.1972538354321181,95.48935130138275,0.10923372498474777,14.99112725219683,6.290095673386307,3.720703913945025,2.20634733441484,1.3518891849050927,0.9046024071100842,3.647381157789484,0.02080692539877886,0.049759762387248656,1.3653158656601703,0.037988685587152606
1610612744,Golden State Warriors,82,34,48,0.415,3981.0,101.9,103.4,104.0,105.5,-2.0,-2.2,0.598,1.63,16.6,0.303,0.666,0.477,0.142,0.475,0.512,95.8,94.45,78.71,7830,0.473,2004-05,2004,2005,2005-06,1610612744,0.415,0.0,0,GSW,8,14257.486666666668,7,4,1,0.122,0.267,0.19077275424420292,0.5380134787664772,0.8131444859612936,26.186909871445316,102.50365494526152,104.26023694919581,-1.7494351388720686,0.12865229355524557,1.4549312653515836,14.333710827013455,0.05358754920806518,0.1307088697961258,0.09089667709081964,9.933962273855652,0.4824688229295205,0.5160762287228745,0.19718762049225133,95.45374136886211,0.09679466343530392,14.937836168413039,6.799795943464556,2.7673881745403466,1.855867069605068,1.045345533083671,0.7852716444179269,3.3801260404724256,0.020139315315275866,0.04941422585361203,2.0027080767808574,0.025361504628246063
1610612745,Houston Rockets,82,51,31,0.622,3971.0,103.2,104.4,98.9,100.1,4.3,4.3,0.609,1.53,16.9,0.301,0.713,0.512,0.152,0.486,0.534,91.3,90.18,75.15,7467,0.527,2004-05,2004,2005,2005-06,1610612745,0.415,-0.20700000000000002,1,HOU,9,12820.426666666668,6,5,9,0.161,0.304,0.2489003226101679,0.5909033708706521,0.8125694204665055,29.42036172483079,103.73089274459925,99.14136972300453,4.604540397511472,0.14860177183390674,1.4720827153958476,14.517326750435766,0.061048708337320026,0.15218670881468324,0.10760173725367433,10.95053440759122,0.48726210971137723,0.5392051158983788,0.21129908975988318,91.29097588015793,0.12103333768402923,15.68278538831781,7.5367226467761865,2.9849240586896744,2.0891660391957836,1.0165028308990236,0.9715745289808347,4.537588960078162,0.03528711878690222,0.07079849952689467,2.964660789659476,0.04643843602686688
1610612746,Los Angeles Clippers,82,37,45,0.451,4006.0,102.2,103.8,103.4,104.5,-1.2,-0.8,0.65,1.47,17.9,0.338,0.687,0.518,0.171,0.477,0.533,91.8,90.66,75.55,7564,0.518,2004-05,2004,2005,2005-06,1610612746,0.573,0.12199999999999994,0,LAC,12,19485.00833333333,11,6,4,0.148,0.272,0.15420513463128277,0.42400914207119067,0.6086458777496032,25.974860929406837,102.99284228344781,103.42962268855415,-0.4415447517129623,0.15870297959841775,1.5782233015895553,17.955875795109147,0.05395510274779626,0.1262856256583587,0.09121697587162095,11.73283525240131,0.47679264212101513,0.5276500802112393,0.19596295938629735,91.49170376456087,0.10552691783127284,14.241102454408324,6.2244777074340485,3.410622097929134,2.2041561012077233,1.078983372259271,0.7648957467728394,3.4757232053809743,0.02841661858886056,0.04529846658956502,2.371550391735656,0.047555081298619614
1610612747,Los Angeles Lakers,82,34,48,0.415,3956.0,104.9,106.4,108.0,109.6,-3.1,-3.2,0.578,1.42,15.9,0.324,0.68,0.503,0.155,0.485,0.535,93.7,92.34,76.95,7610,0.468,2004-05,2004,2005,2005-06,1610612747,0.549,0.13400000000000006,0,LAL,13,19544.4,9,4,2,0.148,0.312,0.14898436380753566,0.42690020329779027,0.6412631410190812,26.413632293649325,105.56308620372073,108.349153474482,-2.7978059614689283,0.14682729878294204,1.4616372200391583,15.362772396867301,0.051436433965739534,0.12491906061753405,0.08819388946876512,10.663517998335411,0.487572045871622,0.5334772260425833,0.19668649937236918,93.2064239364387,0.09498627236787346,14.816724995395097,6.435807699392152,3.0392337447043647,2.0445754282556634,0.924663842328237,0.6299502670841775,2.494609774255016,0.028602662236104026,0.052855556651754454,2.4093631028145803,0.03607939494602839
1610612748,Miami Heat,82,59,23,0.72,3996.0,108.2,108.9,99.8,102.2,8.4,6.7,0.578,1.59,17.1,0.297,0.698,0.508,0.147,0.524,0.559,93.1,91.73,76.44,7647,0.556,2004-05,2004,2005,2005-06,1610612748,0.634,-0.08599999999999997,1,MIA,9,17858.945,8,5,9,0.161,0.302,0.16672700057776835,0.4755250100159892,0.7597079036117008,28.166444789058556,108.36155613708799,101.01517158488366,7.303146621109664,0.15343463009713057,1.800703705248733,17.219505986122545,0.048323050064454164,0.1295534184690081,0.09102048599921964,10.11715413013852,0.5289049411000109,0.5624789943265592,0.20119169665397366,92.74173196587667,0.11450285043900037,15.620407588466172,6.349759182303322,3.372427654601098,2.017812362376389,0.9312980134044873,0.8345397782455795,3.981174259734223,0.031485016219112844,0.06740505447117005,2.561384281294999,0.04804030455849635
1610612749,Milwaukee Bucks,82,30,52,0.366,3956.0,103.4,105.1,106.7,108.1,-3.3,-3.0,0.58,1.52,16.4,0.322,0.687,0.503,0.149,0.475,0.527,93.5,92.14,76.78,7584,0.478,2004-05,2004,2005,2005-06,1610612749,0.488,0.122,0,MIL,9,16459.271666666667,9,4,1,0.116,0.269,0.1752925883820497,0.48654765303000946,0.7319830778255376,26.525939229996304,104.70685164987555,107.169734201483,-2.469026576003818,0.13769348471575749,1.3582216122766873,14.960649200455709,0.052425550725563694,0.1294879623571841,0.09088128352783532,10.714093069934341,0.47406475468791,0.52643027177286,0.19794765837654016,92.80942491683764,0.09696521960317606,14.678413777523367,6.3407422948949845,2.9943001730635506,1.9991164048064904,0.9251928219181023,0.5489914853462026,3.736473228728134,0.014079851600907902,0.042490452376329396,2.049264533928996,0.026860099178407974
1610612750,Minnesota Timberwolves,82,44,38,0.537,3951.0,104.9,106.6,103.7,105.0,1.2,1.6,0.63,1.78,18.3,0.321,0.682,0.508,0.145,0.489,0.534,91.7,90.39,75.33,7440,0.518,2004-05,2004,2005,2005-06,1610612750,0.402,-0.135,1,MIN,13,19701.099999999995,9,5,8,0.213,0.268,0.15840663719284714,0.41293328798899565,0.6066520820326446,29.64236650068609,105.45730636867992,103.77079642761066,1.6989341204298243,0.16163208754841105,1.8637729018515043,17.383301076251243,0.0501855499608313,0.12774633785253955,0.0904102490047087,10.215577378928081,0.49129511059450154,0.53298371461492,0.19502327890320845,91.46722283950305,0.1035548735011412,14.44853333062621,6.415682373065464,3.502951611838933,1.885783027343651,0.8387348929755192,0.8149798742202212,3.360004080328974,0.05380308414313875,0.053547222492213185,2.7729666546815235,0.0539092427232407
1610612751,New Jersey Nets,82,42,40,0.512,3981.0,98.3,99.9,100.4,101.6,-2.1,-1.7,0.644,1.52,17.1,0.298,0.701,0.495,0.155,0.463,0.512,91.7,90.41,75.34,7501,0.49,2004-05,2004,2005,2005-06,1610612751,0.598,0.08599999999999997,0,NJN,12,15557.151666666667,9,4,4,0.159,0.281,0.16365410077744524,0.4475931808854042,0.6312475152103143,27.400451196561153,98.70355784922499,99.99858147769339,-1.2769154722088696,0.1599394486415733,1.6780909155285602,17.75416367456297,0.044181528730998426,0.12652290195366742,0.08449088302475251,11.206617363868343,0.44882721740729964,0.4971595639133171,0.17941656340047685,91.6045961284044,0.09046735129641878,12.090902244209015,5.831401656537171,3.258179973176324,1.9322303107970389,1.2033051037298925,0.4836360897683606,3.6121456871948814,0.03806244709146062,0.04429354697530959,5.338903816661581,0.0344495128037915
1610612752,New York Knicks,82,33,49,0.402,3976.0,103.0,104.5,106.5,107.2,-3.5,-2.7,0.559,1.38,15.9,0.316,0.686,0.498,0.158,0.485,0.531,93.1,92.12,76.77,7634,0.475,2004-05,2004,2005,2005-06,1610612752,0.28,-0.122,1,NYK,9,16302.536666666667,9,5,2,0.144,0.243,0.20208583081446835,0.5421667507367463,0.7533456449824475,27.745576199695716,104.46843189638587,106.53572173123978,-2.1012979268461494,0.1568139917284856,1.6451778486006576,16.140289006148535,0.043785992404862965,0.12262032830882556,0.08246014260357437,10.656836829687649,0.4887315842054028,0.534057628046024,0.19859963572131206,93.19865140312518,0.09985860227068957,14.954237183129578,5.684023406582329,3.369782330398071,2.0095032245493085,1.1328298397734013,0.40190064490986166,4.086803908546495,0.026108441178524865,0.032803837705295685,1.8794050286460295,0.0367958251055082
1610612753,Orlando Magic,82,36,46,0.439,3941.0,102.1,103.4,104.2,105.7,-2.1,-2.3,0.522,1.2,14.8,0.328,0.682,0.507,0.168,0.478,0.529,97.4,96.15,80.12,7891,0.489,2004-05,2004,2005,2005-06,1610612753,0.439,0.0,0,ORL,11,17844.521666666667,8,4,1,0.138,0.28,0.16670980159830565,0.44809690892059956,0.6540974807114003,26.793430252590124,102.24692401860402,104.45766247773709,-2.2144059619418206,0.13755766386938736,1.1317240959013282,13.303740410338822,0.054987462725488205,0.13010471682578958,0.0930941699847563,12.410128542718944,0.48165553527025523,0.5320455596409468,0.19769646062241508,97.24616720649932,0.10021419234829589,15.084293377435259,6.734167619884833,2.93938952132181,2.3563534391927754,1.1216887946842322,0.8372317442337345,4.40487627308614,0.030397453703452492,0.05711778362593345,2.195050576023164,0.038150096779029294
1610612754,Indiana Pacers,82,44,38,0.537,3981.0,102.4,103.7,101.9,102.7,0.5,1.0,0.558,1.27,15.1,0.296,0.687,0.494,0.16,0.476,0.534,89.6,88.71,73.92,7351,0.504,2004-05,2004,2005,2005-06,1610612754,0.5,-0.03700000000000003,0,IND,12,18167.44166666667,11,8,8,0.157,0.358,0.12496989807315557,0.34173175181058785,0.5371895602618787,28.524577254273098,102.6278863975069,101.30845960241145,1.3181838114245585,0.1455079854850229,1.4023649018642785,15.198101484661438,0.043563141664140013,0.1267555893257765,0.0856826315207654,11.343107986677635,0.4799561327888306,0.5366091036483306,0.197672012799454,90.01331573653052,0.10378774419256427,14.116682178237351,5.798064577979013,2.801935513760193,2.0231797450842692,1.1294930996063013,0.6063594534728565,4.321210468342832,0.02515934637262942,0.06475760134162256,4.284053585782576,0.02634488574354588
1610612755,Philadelphia 76ers,82,43,39,0.524,3971.0,100.8,101.8,101.5,102.5,-0.7,-0.7,0.58,1.34,15.9,0.281,0.703,0.491,0.16,0.475,0.528,97.5,96.56,80.47,7985,0.493,2004-05,2004,2005,2005-06,1610612755,0.463,-0.061,1,PHI,9,15782.146666666666,8,3,6,0.161,0.344,0.20124564803605086,0.540081999829343,0.7783816481239139,26.125918654074095,101.11404927170871,101.23607840420527,-0.1086680329080709,0.1618523447591836,1.5348627478644645,17.90256501861597,0.04003780854484519,0.12421845792418608,0.08190836597218291,12.133655349800325,0.49766543735917634,0.5441403273403449,0.19268267086184304,97.59053292496755,0.10265141930417576,14.792664453758299,5.91934684001585,3.350874954906853,2.2947448636053736,1.4347858043814912,0.6136047398706218,3.682102276480686,0.03164711399344343,0.08632031487161539,2.0634619597057657,0.03593386432986915
1610612756,Phoenix Suns,82,62,20,0.756,3956.0,111.9,112.7,103.7,105.7,8.2,7.0,0.575,1.71,17.4,0.304,0.656,0.49,0.14,0.534,0.571,98.6,97.35,81.13,8034,0.546,2004-05,2004,2005,2005-06,1610612756,0.659,-0.09699999999999998,1,PHX,8,17177.326666666668,6,5,7,0.152,0.283,0.18849751164228504,0.5394449233272232,0.8545875784318785,25.30127068666874,113.35992981445696,104.78973647044029,8.547083374246439,0.14609694960294556,1.6217311114379844,16.010242494078433,0.051914670656939624,0.12336806212375305,0.08982413833118774,9.633515100719979,0.5377704410930844,0.5711466992923617,0.20398384323676286,98.18639043269829,0.11470936901706473,17.31119200154933,6.76310128196122,3.669721210013665,2.0119545183398735,1.1044791991303264,0.8928048175133189,2.9363131744529483,0.031897122940797884,0.040593340115217515,3.9315411571285503,0.03313558309452179
1610612757,Portland Trail Blazers,82,27,55,0.329,3946.0,100.1,101.9,104.5,106.1,-4.4,-4.3,0.595,1.32,16.6,0.331,0.65,0.496,0.175,0.484,0.524,92.6,91.05,75.87,7481,0.475,2004-05,2004,2005,2005-06,1610612757,0.256,-0.07300000000000001,1,POR,13,19487.64833333333,11,8,0,0.138,0.273,0.1421050547487815,0.3390539939443694,0.5228542626444838,27.230485138920052,100.9564028719388,104.895122850893,-3.9276593746688615,0.15081054760412776,1.4146114568809356,16.00706604841751,0.05094153938020057,0.11982100893138381,0.08631837739272287,12.384653082392617,0.4881535369112863,0.525461684833017,0.19576054952414734,92.00018433128882,0.09636101311694102,13.97131122970285,6.129420952023543,3.166313294686062,2.2537352505933463,1.0659059340920989,0.9883183271044592,4.19526553870296,0.023474291728833058,0.04978058546165233,1.9147351830540378,0.03744982748033012
1610612758,Sacramento Kings,82,50,32,0.61,3971.0,107.5,108.8,105.0,106.5,2.5,2.3,0.626,1.87,18.2,0.315,0.667,0.491,0.137,0.496,0.541,95.7,94.52,78.77,7819,0.522,2004-05,2004,2005,2005-06,1610612758,0.537,-0.07299999999999995,1,SAC,9,12866.246666666668,7,3,8,0.14,0.246,0.24021859262763498,0.6002236083354016,0.8243522975102295,27.56635954956042,108.02501902911855,104.7944965172438,3.2502141391143855,0.14950557349799498,1.9370795212486207,17.476454892050878,0.04997331337758694,0.11258738938110413,0.08164073943864489,9.209690795606281,0.5004767754076946,0.5474876634574081,0.18951066550358894,95.25507593641656,0.10328358050029611,15.341537055354655,5.94858795908882,3.4499571747678806,1.7123875028044955,1.194754025649542,0.5260275335412503,1.9656856212722078,0.027521790088763383,0.039412106103510376,1.8431342039608922,0.04499465167243656
1610612759,San Antonio Spurs,82,59,23,0.72,3961.0,104.9,106.1,95.8,97.8,9.1,8.3,0.606,1.57,17.1,0.321,0.697,0.51,0.151,0.492,0.534,91.4,89.96,74.97,7435,0.565,2004-05,2004,2005,2005-06,1610612759,0.768,0.04800000000000004,0,SAS,10,17773.331666666665,8,5,9,0.204,0.289,0.15392668360152698,0.42556333698080806,0.6497254922848362,29.002392629631714,105.44433509417995,95.85132022236685,9.577506965257593,0.16145640673822267,1.7807268089578776,17.371167936156027,0.046783184713351904,0.12708629755122822,0.0872520170903992,10.188797448311837,0.49883663576862664,0.5365715573491706,0.1942244318477524,91.09368288200325,0.11738774497259423,14.496550496675777,6.0420860879675615,3.378544952976833,1.9181547185066312,1.1180796247261462,0.9783196716353779,4.4240033094113205,0.04506394352414142,0.05624838020084827,5.315111180203316,0.04034709538810084
1610612760,Seattle SuperSonics,82,52,30,0.634,3951.0,108.1,110.3,106.1,108.0,2.0,2.3,0.516,1.34,14.7,0.357,0.681,0.517,0.151,0.495,0.546,91.0,89.24,74.37,7353,0.504,2004-05,2004,2005,2005-06,1610612760,0.427,-0.20700000000000002,1,SEA,12,19610.13666666667,11,5,7,0.137,0.27,0.1564776618078983,0.4255333253669318,0.6246612933685146,26.414296109784036,109.43436384346123,106.7715863955393,2.66041379789806,0.12940697515111657,1.5232636565000992,13.948945987287868,0.05445115400351622,0.12504444172665122,0.0893215335402218,11.225309147089066,0.49375059701266744,0.5444211646663691,0.195024349311861,90.15450439917043,0.10234896025711873,14.842323893374193,6.1315227957785785,2.713290626395431,1.8926946115112917,1.0096818975084485,0.6076449237732663,2.3970972942487894,0.028350135642880015,0.046236934680774756,4.154219839995171,0.046368979388002274
1610612761,Toronto Raptors,82,33,49,0.402,3961.0,104.5,105.4,105.9,107.2,-1.3,-1.8,0.566,1.54,16.0,0.269,0.682,0.473,0.14,0.492,0.539,95.0,94.01,78.34,7762,0.479,2004-05,2004,2005,2005-06,1610612761,0.329,-0.07300000000000001,1,TOR,10,18054.66,8,5,2,0.133,0.248,0.16690529388719216,0.4680441688369282,0.6994001364006117,27.320188342880268,104.97535070354874,106.24694646700631,-1.2890010852230578,0.1425466722534053,1.6020651962798893,15.321350222047938,0.04234463706322911,0.12896445146756202,0.08536382841512016,10.213342824881037,0.4960946472175788,0.5437555069808385,0.19631478179779255,94.70766829080875,0.09974386917283405,15.088182219991959,6.039659567114529,3.0567177670473993,1.9121933063264553,1.1026516145970071,0.5762501204675137,3.7532390667902313,0.02134924244734801,0.0308657420936129,1.8955852550221548,0.03226988764747073
1610612762,Utah Jazz,82,26,56,0.317,3956.0,101.1,102.9,107.0,107.3,-5.9,-4.4,0.646,1.41,17.4,0.351,0.695,0.518,0.174,0.469,0.522,91.0,90.02,75.02,7409,0.475,2004-05,2004,2005,2005-06,1610612762,0.5,0.183,0,UTA,13,18384.68833333333,10,6,3,0.172,0.242,0.14060640861194912,0.363648898771106,0.5504033111611991,26.149741002771062,102.13534548178816,105.97342129723349,-3.8278395255182005,0.15191556506306475,1.391427423345859,16.499877343582927,0.05748318705067342,0.1296728899311411,0.09272751618579701,11.699539190810324,0.4664308211915115,0.5210520951628861,0.19744866874273007,90.7777026081396,0.09818724585395473,14.100646978604388,6.146636698491762,3.1526234738998844,2.1990038268258196,0.982991915464436,0.7088507438209678,2.9551107654203665,0.039416572969405136,0.028841780792204993,3.577319697310704,0.04948316644528433
1610612763,Memphis Grizzlies,82,45,37,0.549,3941.0,102.5,104.2,99.9,101.5,2.7,2.7,0.612,1.43,16.9,0.308,0.663,0.487,0.163,0.489,0.535,91.1,89.65,74.71,7355,0.515,2004-05,2004,2005,2005-06,1610612763,0.598,0.04899999999999993,0,MEM,12,19180.703333333335,10,6,9,0.156,0.257,0.13130653359774258,0.3694302311819987,0.5656833751838436,26.65634106917525,103.20911718391974,100.32567800346563,2.8825696433446737,0.15278332485548407,1.4618704988398927,16.330266582160437,0.04784665621403177,0.12333249006683973,0.0859091754716676,11.220242531947472,0.48802958381261996,0.5337546800942823,0.19601235052034063,90.69140596512709,0.10377243656862774,14.082278178537422,5.863392913468067,3.149415271702758,2.102112696249755,1.281913367445163,0.861490828195212,1.7785762981287687,0.021980718422101055,0.034365132428899894,2.8931532285645183,0.04057806735046123
1610612764,Washington Wizards,82,45,37,0.549,3956.0,104.0,105.4,104.2,105.9,-0.2,-0.4,0.527,1.33,14.6,0.338,0.667,0.497,0.15,0.474,0.523,96.2,94.8,79.0,7816,0.485,2004-05,2004,2005,2005-06,1610612764,0.512,-0.03700000000000003,0,WAS,13,19473.57333333333,10,6,5,0.147,0.265,0.16837647670210162,0.42339601429082013,0.6223687417751784,25.522501263250437,104.47043615689776,104.95405541047768,-0.5184762358286582,0.13529763994692298,1.3683685385938416,14.99382364681572,0.05463160356462571,0.122356893239248,0.08734183163096931,11.400072131942231,0.47517738509556207,0.5180759281124917,0.19556226771939822,95.68252342405229,0.09833717968556363,15.07026958928271,6.390814765720108,2.8561784243672457,2.0483143651772866,1.316245332135585,0.6156035050577947,2.685580411808458,0.03308677116425755,0.05991848774936168,3.923895257573695,0.04057570046547917
1610612765,Detroit Pistons,82,54,28,0.659,3991.0,102.8,103.9,97.9,99.6,4.8,4.3,0.627,1.58,17.2,0.34,0.693,0.518,0.154,0.472,0.519,89.8,88.59,73.82,7364,0.542,2004-05,2004,2005,2005-06,1610612765,0.78,0.121,0,DET,9,18091.873333333333,7,5,7,0.138,0.245,0.1682229516678022,0.4893867633386776,0.7862099041890263,28.24590285656801,103.94576819205382,98.1806746749277,5.7656842427594555,0.15472303881558608,1.6496578399288668,16.757982727788278,0.056124679091643724,0.13037075578316745,0.09365041081059967,10.0582061982894,0.48099713250627074,0.523810545784645,0.19599277797287254,89.31202529422973,0.11457172179700574,14.137839420351163,6.570463865728295,3.205638185247815,1.8843819748166857,1.0506374685355966,0.9252773160398721,2.606021760312159,0.020396101193418822,0.031212665211026995,3.1548777286525427,0.05283972186163414
1610612766,Charlotte Bobcats,82,18,64,0.22,3976.0,98.0,99.8,104.7,106.0,-6.8,-6.2,0.606,1.51,16.5,0.327,0.676,0.492,0.154,0.455,0.497,95.0,93.54,77.95,7743,0.46,2004-05,2004,2005,2005-06,1610612766,0.317,0.097,0,CHA,12,17402.726666666666,10,5,1,0.131,0.237,0.14938061430220323,0.4040318011468701,0.6243765823669778,24.82108273071384,98.46479336188311,104.4532556009422,-5.976850926425704,0.14999539727299435,1.5043990845878938,15.63699530418413,0.05512264993723205,0.1307367003599819,0.09079814791475205,10.985187713879316,0.4521637187888947,0.49623000706019627,0.19316352178911425,94.87291208006101,0.09470821507281042,13.806112375493647,6.5100143310875795,3.3098261613410003,2.0913964056973446,1.2825576375196375,0.8274565403352501,2.3142271097725415,0.027853980620670356,0.021663009926344956,2.791419592257646,0.0360970357701166
1610612737,Atlanta Hawks,82,26,56,0.317,3976.0,103.8,104.8,108.3,110.1,-4.5,-5.3,0.552,1.27,15.5,0.334,0.667,0.496,0.169,0.486,0.534,93.0,91.75,76.46,7607,0.462,2005-06,2005,2006,2006-07,1610612737,0.366,0.04899999999999999,0,ATL,10,19275.22666666667,8,5,1,0.125,0.257,0.17326177573700816,0.4503094472905462,0.694186648561677,23.35927809236311,103.86505801574663,109.0746867395247,-5.185241003650972,0.14394761289447866,1.3612527133273657,15.191697382546987,0.055909770365000465,0.12244933539908216,0.08840808417644201,12.095779210897303,0.4857680550405977,0.5355031511086423,0.19727973047614825,92.58851144162938,0.09490610382791866,14.569789754309848,5.995260237320165,2.990159389392394,2.252424874208137,1.0589758736948705,0.7078515981135024,2.544971300989677,0.023963683910462896,0.04220041120572032,1.389876377007608,0.04089114495899348
1610612738,Boston Celtics,82,33,49,0.402,3976.0,102.5,104.0,104.0,105.6,-1.5,-1.5,0.581,1.26,16.4,0.289,0.694,0.497,0.176,0.504,0.551,94.7,93.27,77.72,7722,0.485,2005-06,2005,2006,2006-07,1610612738,0.293,-0.10900000000000004,1,BOS,10,14829.738333333333,8,2,2,0.16,0.307,0.20799186949016746,0.5080780813956821,0.690718188666624,24.90320260764322,102.82061098403287,103.82955551137505,-1.0089445273421882,0.1415614391038367,1.3689013955404699,16.672027715031607,0.04858557630203185,0.13973933446566766,0.0951276590292726,13.000136662334905,0.5046406373994237,0.5461195631345709,0.1903047991518843,94.30159015617603,0.09751200903409961,14.23760792362823,6.401461567708038,3.0125952997822054,2.2891840190931667,1.1360955683304368,0.8714921133133052,3.3255782777733764,0.038930071274290726,0.06365151915423406,1.5649967946474976,0.03736155961286121
1610612739,Cleveland Cavaliers,82,50,32,0.61,3966.0,105.2,106.6,102.6,104.4,2.5,2.1,0.536,1.37,15.3,0.313,0.717,0.514,0.151,0.492,0.538,92.2,90.77,75.64,7510,0.51,2005-06,2005,2006,2006-07,1610612739,0.61,0.0,0,CLE,12,18388.2,9,7,10,0.192,0.329,0.18275941455208594,0.4347952309995903,0.6666009542351435,27.529906316732106,105.44516311185072,103.14474543457219,2.286750778579016,0.1400377520185046,1.495586919872527,15.608848101862424,0.05249959176718402,0.13781407750622682,0.09471143396308501,11.114563406604962,0.4879391143958263,0.5289045181148779,0.1966920582221207,91.9541891838244,0.10500893725323848,14.726400626488726,6.546807191568505,2.862270369041015,1.9871439292589812,1.004339739615623,0.7478709172186511,4.662716347228417,0.05087025619209365,0.0767190679871592,1.989273875956376,0.04636862955367454
1610612740,New Orleans/Oklahoma City Hornets,82,38,44,0.463,3961.0,100.6,102.3,104.4,105.1,-3.8,-2.8,0.537,1.39,15.1,0.297,0.709,0.497,0.147,0.464,0.515,91.3,90.32,75.27,7442,0.484,2005-06,2005,2006,2006-07,1610612740,0.476,0.012999999999999956,0,NOK,10,16984.81166666667,9,5,4,0.161,0.234,0.16535214255638392,0.4542107080571102,0.6968524918390322,26.450454214633133,101.47387876050436,103.81420667307958,-2.3568631268308637,0.14643744886975982,1.4200394264012546,14.191570331414725,0.044380773135841864,0.12827894078307414,0.08483868175557242,10.186412527192187,0.46344360436927623,0.5166289713545053,0.1990047227488638,91.28581706872032,0.1016825703199339,14.219998710612728,5.786346173792331,2.999150123046208,1.8673153769637523,1.1678669383734706,0.565917373041228,4.692781498938764,0.036940665567348464,0.03213173051076157,2.5357869717772488,0.0333050334449345
1610612741,Chicago Bulls,82,41,41,0.5,3981.0,101.3,103.3,100.2,102.7,1.0,0.7,0.601,1.47,16.9,0.303,0.703,0.503,0.158,0.487,0.527,95.7,93.59,77.99,7762,0.501,2005-06,2005,2006,2006-07,1610612741,0.598,0.09799999999999998,0,CHI,11,19276.895,8,6,6,0.125,0.258,0.15327606788679746,0.4171012326760438,0.6450197676199062,24.396601475496965,102.43884067774748,101.70329213634596,0.7319096168409556,0.15292534257548568,1.5331659481467323,16.66255219871596,0.04576380350673695,0.13018228739638826,0.08821940151668617,11.82729959017432,0.49367653400612493,0.5314909062550444,0.19832303680995653,94.5648418542855,0.10177475167378704,14.678712520870194,6.364510467064329,3.309246639565138,2.1831316713609743,0.9169526523851482,0.6312219888109575,2.577668791916909,0.018257611992936216,0.04371040562843856,1.681319555015865,0.024790446680162777
1610612742,Dallas Mavericks,82,60,22,0.732,3976.0,108.7,109.9,101.9,103.2,6.8,6.7,0.5,1.32,14.6,0.347,0.69,0.522,0.15,0.495,0.55,90.3,89.3,74.42,7397,0.551,2005-06,2005,2006,2006-07,1610612742,0.817,0.08499999999999996,0,DAL,12,19198.319999999996,10,5,10,0.205,0.293,0.1608983668015396,0.4073794825102753,0.599141400566994,27.83812368304449,108.99310854630338,101.83505178230874,7.1659923541921025,0.13041219604979323,1.4371751417137888,14.761480700741869,0.056889080745954154,0.12936140783846364,0.09364774834464683,11.34648135878556,0.4912006500221547,0.5427691038417252,0.19600400173904103,90.4244492886183,0.112080899960691,14.918805395472104,6.2893003137774555,2.713362419211681,1.9051667020864327,1.0688435238083331,0.8513244908929531,3.1379815465099226,0.04584533192498444,0.06609490615645512,2.6417359052838116,0.031963121646445214
1610612743,Denver Nuggets,82,44,38,0.537,3986.0,102.8,104.4,102.1,104.1,0.7,0.3,0.624,1.58,17.6,0.3,0.682,0.494,0.154,0.488,0.535,96.6,94.9,79.08,7877,0.512,2005-06,2005,2006,2006-07,1610612743,0.549,0.01200000000000001,0,DEN,10,17053.17,9,5,7,0.153,0.313,0.1724516126131779,0.4535822372028192,0.6492918911850408,27.978180987269035,103.82292524889311,102.8300267633525,0.9817459158619777,0.1535931191483265,1.603546580098207,16.669665473731083,0.047024710948169755,0.12634490322522635,0.08751592177094739,10.498923953728251,0.48584556273115204,0.5336266444889719,0.19783665813061932,95.91724763391987,0.1062648903400365,15.193186955856303,6.189582347446253,3.3987815755076625,2.0139364118225527,1.251849362904375,0.9246374720946312,3.35666513810999,0.030481720689260024,0.06514929168245823,1.4884230902743556,0.023953203851961466
1610612744,Golden State Warriors,82,34,48,0.415,3966.0,101.9,103.5,103.5,104.9,-1.6,-1.4,0.576,1.47,15.9,0.296,0.686,0.485,0.148,0.479,0.521,95.8,94.43,78.69,7800,0.475,2005-06,2005,2006,2006-07,1610612744,0.512,0.09700000000000003,0,GSW,12,19405.64666666667,8,5,5,0.127,0.275,0.14824516712833063,0.4145058981114431,0.645749415891663,26.19898503768834,102.69676482480872,103.70977462917149,-1.0161340582311609,0.14447154865920467,1.4300049762148266,14.496855468528578,0.047460404222551024,0.12823081761081914,0.0867054895018529,11.132107123802797,0.4824094889734843,0.5223315302212723,0.19749084733756186,95.40202577033419,0.09558781232747719,14.76498077707279,6.313007863346991,3.0591095993709048,2.022091851615698,1.0963819122063097,0.6474404185448428,3.4822176543300154,0.026145480230960912,0.052362398900504946,2.5903815612285914,0.03504716509653775
1610612745,Houston Rockets,82,34,48,0.415,3966.0,98.9,100.4,100.6,102.1,-1.7,-1.7,0.583,1.32,15.8,0.291,0.705,0.501,0.162,0.471,0.519,90.4,89.07,74.23,7358,0.49,2005-06,2005,2006,2006-07,1610612745,0.634,0.21900000000000003,0,HOU,11,17172.341666666664,8,6,3,0.183,0.338,0.14774601211929456,0.4274337464168399,0.6754448650713041,29.322673329836107,99.28513822372315,101.0941396266574,-1.8321437913000604,0.14514122438164861,1.400381221547634,15.42188285328976,0.046368191389157286,0.13397102346263198,0.09087328984932651,11.708105310817151,0.4758012164910532,0.5220527953623098,0.19809927776303074,90.00207887392564,0.10217252306397738,13.848781058300629,6.324821745820921,2.8489999179882766,2.0314061225391025,1.0523899623473987,0.6310146985389781,4.8852798479498265,0.041700155779116704,0.0702099939167402,3.383588045814626,0.056258456753965874
1610612746,Los Angeles Clippers,82,47,35,0.573,3961.0,102.9,103.8,100.7,102.2,2.3,1.6,0.571,1.44,16.5,0.286,0.719,0.513,0.154,0.487,0.54,94.1,92.99,77.49,7675,0.523,2005-06,2005,2006,2006-07,1610612746,0.488,-0.08499999999999996,1,LAC,11,17764.571666666667,7,6,7,0.176,0.272,0.1744373609533507,0.49146498794463855,0.7214625589527772,27.50598977759386,103.39670827038425,101.29063649437839,2.1247248573307385,0.14808303286794702,1.5257952114991422,16.410477492514833,0.044635730498427444,0.13065326999628382,0.09000594929439618,11.431439326382108,0.48103887709835963,0.5320265011549675,0.19989197872582168,93.72661457453287,0.10605274045917049,14.827939842437333,6.2902726897533805,3.1998519900517355,2.093380054289704,0.9686695701359909,0.9301659679757737,4.7051655133936,0.041541986193355994,0.05278580782253612,3.5139308552849133,0.049318830015818105
1610612747,Los Angeles Lakers,82,45,37,0.549,3971.0,105.4,106.8,102.6,104.2,2.8,2.6,0.58,1.52,16.5,0.316,0.701,0.507,0.15,0.495,0.539,93.6,92.22,76.85,7632,0.518,2005-06,2005,2006,2006-07,1610612747,0.512,-0.03700000000000003,0,LAL,10,18988.175000000003,9,5,9,0.181,0.378,0.17258635966858318,0.4882702875166606,0.6736818221515934,25.45205511675907,106.45562265287036,103.29334577967603,3.1406521690473146,0.14967668448038493,1.5971087944646252,17.38121502812496,0.05031154415840384,0.12947175579889408,0.08971822647516152,11.016813297398686,0.49867344790463886,0.5358428137511899,0.19733379704298418,92.96575113195448,0.10524968750288005,15.032724313948021,6.283068278020399,3.1927238926331776,1.9964003912961616,1.1394459973114845,0.6351321282851037,1.7893761161625459,0.04099419387616397,0.08462177301770406,1.5320725539623132,0.037912096888278665
1610612748,Miami Heat,82,52,30,0.634,3951.0,106.4,107.5,101.7,103.4,4.7,4.1,0.557,1.43,16.4,0.297,0.726,0.519,0.156,0.517,0.556,93.8,92.56,77.13,7622,0.538,2005-06,2005,2006,2006-07,1610612748,0.537,-0.09699999999999998,1,MIA,12,18870.353333333325,8,7,9,0.186,0.318,0.153276585882688,0.4073956573150195,0.6253275420032766,29.704323943059887,106.75094148563903,102.11707527645657,4.62805941983775,0.14058535222622573,1.5213224438828739,15.939369170971187,0.048298587148871606,0.13661051126758622,0.09424800136227797,11.11425837106742,0.5209984728249215,0.5551999582767042,0.1951219491385606,93.61345590154998,0.10951466436063906,15.07316768136827,6.488272786271799,3.058130337075476,2.073729055771081,0.9615082282508047,0.8279654187715263,4.4577813388208805,0.04022300025457276,0.0730294259195677,4.603315623536844,0.03264797345347224
1610612749,Milwaukee Bucks,82,40,42,0.488,3971.0,103.3,104.9,105.0,105.9,-1.7,-1.0,0.594,1.48,16.8,0.309,0.713,0.507,0.157,0.492,0.535,93.6,92.45,77.04,7646,0.486,2005-06,2005,2006,2006-07,1610612749,0.341,-0.14699999999999996,1,MIL,11,19506.568333333333,9,6,5,0.138,0.277,0.16045296195529354,0.42163900176872043,0.6683552147093017,25.934286835519764,104.05943019535043,104.60998226153055,-0.5379180824647014,0.14785031870888615,1.5344580368270826,16.353673202898065,0.04860989892208104,0.13374090300010913,0.090184152500427,11.24449552505434,0.4908794865763592,0.5311696308106816,0.19702452737928192,93.38746688401795,0.09852452426067425,14.68120866296233,6.132703505596961,3.2075349662135175,2.087296919900741,1.0888639988872124,0.49275709780150123,3.5615717748520437,0.01955909086036322,0.03922867862020094,2.6959389450434648,0.033403784273539336
1610612750,Minnesota Timberwolves,82,33,49,0.402,3971.0,99.6,101.5,101.7,103.5,-2.1,-2.0,0.594,1.44,16.9,0.296,0.673,0.49,0.16,0.48,0.524,91.3,89.58,74.65,7409,0.503,2005-06,2005,2006,2006-07,1610612750,0.39,-0.01200000000000001,0,MIN,8,12359.791666666666,6,3,2,0.214,0.252,0.2392756080705244,0.6127325501036628,0.832928818244644,27.275459065855344,100.89877469617542,102.3851496283311,-1.4928442698939774,0.15569718327237175,1.6332832012405816,18.000362317326005,0.04894311716419168,0.13424564720953358,0.09295729661031232,11.406834918333976,0.46373469078160023,0.5043091722824347,0.1886786911861378,90.04331417398484,0.10507414310516289,13.007986245722856,6.3903989751715065,3.27675426028621,1.9398385220894363,1.0806007382810523,1.039823351930824,2.978660248132856,0.06334369447525288,0.04934226781069517,2.3172869627002664,0.06156655220986524
1610612751,New Jersey Nets,82,49,33,0.598,3956.0,101.5,102.4,99.8,100.9,1.7,1.5,0.678,1.68,18.2,0.274,0.73,0.501,0.149,0.478,0.528,92.0,91.17,75.98,7513,0.513,2005-06,2005,2006,2006-07,1610612751,0.5,-0.09799999999999998,1,NJN,12,19146.67333333334,8,5,6,0.158,0.316,0.1597572563519302,0.4669240191768735,0.6948589154390962,29.029866197818166,101.42518702117441,99.52904393139139,1.8727014719006012,0.17184928582893944,1.7357965918187352,18.018357775641437,0.04239452075399695,0.13439481636670736,0.08817559133858241,10.60926367191376,0.4726759093224549,0.5183044965861779,0.1948110462879365,92.2636784362192,0.10298733000092965,14.050900400104316,6.091919884429009,3.4746506007483977,1.923467296842863,1.0284815360440334,0.5095402125556362,4.828175494055089,0.048468054817210525,0.0641811045797291,5.573318948193448,0.05283953377601927
1610612752,New York Knicks,82,23,59,0.28,3986.0,101.1,102.7,108.4,109.3,-7.3,-6.6,0.52,1.01,14.2,0.342,0.697,0.518,0.19,0.481,0.534,93.2,92.03,76.69,7633,0.444,2005-06,2005,2006,2006-07,1610612752,0.402,0.122,0,NYK,12,16787.00833333333,10,4,1,0.122,0.242,0.15222773960617364,0.3940427145793796,0.5796628444317804,25.573263054117742,102.00092317422056,107.84823563460037,-5.8522549828959995,0.13025776957478527,1.1156072309886464,13.429237818332728,0.055666286379198994,0.1292258896636834,0.092297840641647,13.698520403427056,0.4871919650165976,0.5360651357870496,0.2008082104166863,93.0927894537492,0.09204256783891909,14.6899313506824,6.176204713863549,2.6527657052254203,2.5433954134174197,0.9693210175924737,0.523261788257884,2.9623660783156565,0.02760247147829754,0.031208683291052586,4.753605386847846,0.047144055534862866
1610612753,Orlando Magic,82,36,46,0.439,3981.0,103.6,105.3,104.7,106.6,-1.1,-1.3,0.514,1.21,15.0,0.33,0.691,0.516,0.168,0.496,0.543,90.7,89.12,74.26,7395,0.495,2005-06,2005,2006,2006-07,1610612753,0.488,0.04899999999999999,0,ORL,10,15710.648333333334,8,6,4,0.138,0.244,0.19226513991731087,0.5272867478734433,0.7818290757998635,26.10631282031752,104.94267279867191,106.04319169302264,-1.0978188678612775,0.11829475910658897,1.1967200738267856,13.472757181991959,0.050741321729879815,0.13012638880063193,0.09140810378184054,11.785527978953553,0.503344194579706,0.5446818398858779,0.19241077330884604,89.85200310532485,0.09838071757912813,14.039649753473999,6.024194418456527,2.483920406849325,2.037089706355212,0.9532388277207742,0.614105783243191,4.147394171017356,0.030266982622617362,0.03594469837627447,2.5671680022849266,0.03448783725776427
1610612754,Indiana Pacers,82,41,41,0.5,3946.0,101.6,103.1,99.9,101.0,1.7,2.0,0.585,1.3,16.0,0.304,0.699,0.506,0.168,0.487,0.533,92.0,90.85,75.71,7470,0.514,2005-06,2005,2006,2006-07,1610612754,0.427,-0.07300000000000001,1,IND,11,17508.13,11,6,9,0.152,0.289,0.1661961233628796,0.38421969298453534,0.5879952151752738,27.929188516039886,101.08042183831171,99.66497373886686,1.4208553112182742,0.15396588641962336,1.3639089754302716,16.542534430195193,0.04925869029607008,0.1303080745916326,0.09091556208458586,12.521257324454412,0.4878140243037568,0.5318486459338224,0.19078142230685596,92.06894503201275,0.10085700109986999,13.474197415714873,6.388574907771419,3.1130680432461952,2.257693997017386,1.0671613701748845,0.7957446055061278,2.578919209277512,0.02193906735665493,0.0499575296627009,1.826018749810705,0.03620741866244914
1610612755,Philadelphia 76ers,82,38,44,0.463,3981.0,103.7,104.7,104.8,106.5,-1.2,-1.8,0.551,1.43,15.8,0.285,0.676,0.481,0.149,0.487,0.538,95.1,93.91,78.26,7780,0.492,2005-06,2005,2006,2006-07,1610612755,0.427,-0.03600000000000003,0,PHI,10,18700.27166666667,8,6,3,0.163,0.35,0.16594348941276515,0.48563046722226755,0.7328033469745492,27.290752906174355,103.81965246850692,105.52721777749575,-1.7253215572714942,0.1484213418289912,1.5544709564379766,16.0157692272385,0.04461730760952404,0.12709555387029584,0.0859777374891969,11.485864349742512,0.4963822590634378,0.5433769353439873,0.19704675948112338,94.88832546104722,0.10086891892747013,14.931119984620544,5.9562771057782316,3.095570001968777,2.013660585857799,1.1916404423001696,0.7507912318207854,4.0444552276899035,0.034007205603119026,0.08313853047089013,2.507877739780569,0.046176206543065326
1610612756,Phoenix Suns,82,54,28,0.659,3991.0,109.4,110.2,102.9,104.7,6.4,5.4,0.635,2.0,19.5,0.256,0.69,0.48,0.135,0.537,0.568,98.1,96.92,80.77,8067,0.547,2005-06,2005,2006,2006-07,1610612756,0.744,0.08499999999999996,0,PHX,9,18434.123333333333,8,6,8,0.166,0.265,0.17702089440289812,0.4934348202436894,0.7412110005412065,27.881212866645676,109.7112657830035,103.52196151810492,6.214505192092127,0.16732187517460823,1.99027922582703,18.70551830780489,0.040166554073541506,0.12595527198924747,0.0845106044279838,9.065213226847238,0.5436488601663906,0.5754899078466256,0.1960042191681839,97.75999412864222,0.11384901198628557,16.27742174521634,6.104765491967161,4.130383562223463,1.8923601285080545,0.9998848150630794,0.76163101147383,3.210292774229721,0.036613668952901184,0.03226264364464783,2.7332165945228555,0.03446012108653012
1610612757,Portland Trail Blazers,82,21,61,0.256,3946.0,97.9,99.7,109.4,110.3,-11.5,-10.7,0.534,1.24,15.1,0.308,0.657,0.48,0.165,0.474,0.511,90.1,88.88,74.06,7308,0.424,2005-06,2005,2006,2006-07,1610612757,0.39,0.134,0,POR,11,17184.166666666664,11,4,0,0.114,0.284,0.14810542650695893,0.3635067164541002,0.5520511129431164,24.31439338538383,98.70808965617573,108.95186827020996,-10.232603947432228,0.14039621444158867,1.4134019581979531,15.584854090490277,0.045141791280733236,0.12174960418990348,0.08283388788128608,11.729326705785363,0.48333891518355077,0.5198888528199408,0.19502044207361424,89.8334024421706,0.08847386790165367,13.359507298385141,5.599806022986276,2.859609136317346,2.0195334852819937,0.9343484797051549,0.7939867125745599,3.3555037302589117,0.014566290461768319,0.05654856374852289,1.5281434945885417,0.034280283736921754
1610612758,Sacramento Kings,82,44,38,0.537,3966.0,103.9,105.3,102.3,103.5,1.6,1.8,0.618,1.52,17.3,0.289,0.694,0.495,0.156,0.492,0.544,94.4,93.26,77.72,7701,0.515,2005-06,2005,2006,2006-07,1610612758,0.402,-0.135,1,SAC,9,16422.87833333333,7,6,6,0.126,0.249,0.19282653152456938,0.510447265283481,0.7463487673242826,27.766951327147584,104.67253559998163,102.7115623661991,1.96499284991354,0.15867435600763038,1.5854531660964426,17.664980661631887,0.046535676196428004,0.12967605120377293,0.08884561648602605,11.515636246062021,0.49926956013699175,0.5508629235415188,0.1944835890014002,94.1974368743928,0.1052118437013731,14.798623911541288,6.170660096428488,3.4064674209058157,2.1416465059362815,1.076303412911683,0.5326715465122993,2.326419791722845,0.02158983611642518,0.032251945163678644,2.2314523129272787,0.039626897234164855
1610612759,San Antonio Spurs,82,63,19,0.768,3961.0,105.2,106.2,96.9,98.7,8.3,7.5,0.574,1.52,17.0,0.289,0.708,0.505,0.153,0.513,0.546,90.6,89.41,74.51,7382,0.554,2005-06,2005,2006,2006-07,1610612759,0.707,-0.061000000000000054,1,SAS,12,19511.291666666668,10,5,10,0.172,0.274,0.14267422069698954,0.4230190637472745,0.6203859730796909,30.43411537336286,104.57110749117497,96.97268288661907,7.593279489868048,0.14986220415101514,1.615869958207961,16.49958697420938,0.0466925577710343,0.13102272709606191,0.09033924090964422,10.765188380232814,0.5133616229063941,0.5432695105184819,0.19381901574088511,90.89911237638036,0.11132177580930701,14.234834102474851,6.149669742520891,3.1495608312280714,1.977931582352954,0.9834305348825788,0.8487392983977228,3.8470230023490593,0.04023536385677994,0.06075006016569439,3.2628521079825976,0.03216528733717425
1610612760,Seattle SuperSonics,82,35,47,0.427,3966.0,107.4,109.4,111.3,112.7,-3.9,-3.3,0.551,1.4,16.0,0.34,0.659,0.495,0.157,0.504,0.551,94.5,93.04,77.53,7689,0.467,2005-06,2005,2006,2006-07,1610612760,0.378,-0.04899999999999999,0,SEA,8,14348.375,7,3,2,0.137,0.269,0.21063174982068236,0.5940050121819834,0.8012369577275011,25.7724688916573,109.1050402687877,111.88400951327242,-2.7858449475985956,0.13861972592715202,1.4925455158975607,15.168590589526687,0.05023429331428355,0.11323875665362802,0.08120803133920507,11.083218575854987,0.5025720432917782,0.5513472888044814,0.1971393616582598,93.8199862876458,0.09724579055119482,15.731398154843319,5.537351790708007,3.1337346563635253,2.0122139266641694,1.179227612882992,0.6448116947041042,3.1535532852946715,0.02976842599474518,0.04659989117274417,2.1839543748032004,0.033210804766345046
1610612761,Toronto Raptors,82,27,55,0.329,3991.0,106.7,107.9,109.7,111.2,-3.0,-3.2,0.529,1.49,15.5,0.286,0.697,0.484,0.139,0.5,0.548,93.5,92.33,76.94,7678,0.459,2005-06,2005,2006,2006-07,1610612761,0.573,0.24399999999999994,0,TOR,12,18158.965000000004,7,4,1,0.148,0.252,0.17293239638566033,0.4854813219439176,0.7096417664773293,25.79847355470608,107.18311856797274,110.06335841093737,-2.869052191759461,0.13076596922420053,1.4803240658264392,14.565919414092894,0.047024979580792936,0.13155875679037876,0.08787718628236799,10.33827657578502,0.5009906466769077,0.5474789524990366,0.19539478883662517,93.11940917429308,0.09457107742649432,15.04909558446751,5.84835093850338,2.8191034015429848,1.8456999063547954,0.9753859870317501,0.5114828956386006,3.704463018325296,0.03442164876547067,0.04388658264590908,2.746064388747216,0.045863796126776615
1610612762,Utah Jazz,82,41,41,0.5,3976.0,100.8,102.4,104.5,105.1,-3.6,-2.7,0.646,1.37,16.9,0.356,0.702,0.526,0.174,0.467,0.519,90.4,89.4,74.5,7398,0.497,2005-06,2005,2006,2006-07,1610612762,0.622,0.122,0,UTA,12,19255.29,10,6,2,0.152,0.231,0.15291866979585003,0.40795455863470936,0.5987205767003941,26.438914535520713,101.82209699256671,104.24017782472592,-2.409503847167886,0.16215821210690673,1.4575911329648459,17.30764556995333,0.05607921018068281,0.13085845950212469,0.09307046920612468,11.875476938198974,0.46727936591277863,0.5203169724614206,0.19523951071800702,90.08892781498831,0.10112260085410293,13.790288279220931,6.261344285128917,3.2363054516447165,2.196798905651382,0.9441561254076152,0.9011549553395456,2.758553806802414,0.036221027916535475,0.03489389177636877,2.320027616962345,0.04130257002677285
1610612763,Memphis Grizzlies,82,49,33,0.598,3971.0,103.0,104.5,99.2,100.4,3.8,4.1,0.578,1.4,16.1,0.298,0.69,0.496,0.157,0.496,0.537,88.6,87.39,72.83,7232,0.516,2005-06,2005,2006,2006-07,1610612763,0.268,-0.32999999999999996,1,MEM,12,18399.816666666666,7,6,9,0.166,0.261,0.17038811075110352,0.45713018879717104,0.6768619977191801,28.301575830918605,103.27735078882125,99.12290183144941,4.196192561701249,0.1451493627200996,1.4588936003891344,15.55021962175348,0.047473111507451614,0.13221760660658755,0.0902554350632117,11.109475764704177,0.49938004545335146,0.5367964259607659,0.1933033234026789,88.32325306683309,0.10586270678421615,13.650788187201142,6.032016623354037,2.8291586238631004,1.9350192800834067,1.0995761733133211,0.8550085191066216,3.4681700603809786,0.036760787622927366,0.04387948216292805,4.127913149125752,0.051706892561775165
1610612764,Washington Wizards,82,42,40,0.512,3966.0,106.0,107.7,104.7,105.8,1.3,1.9,0.512,1.33,14.5,0.329,0.679,0.499,0.148,0.484,0.538,94.9,93.68,78.06,7742,0.503,2005-06,2005,2006,2006-07,1610612764,0.5,-0.01200000000000001,0,WAS,10,18605.44833333333,8,5,8,0.147,0.297,0.181895912389104,0.5041777636998626,0.7317473940653048,26.899964427982525,107.11298706498967,104.93398829679731,2.174330601546913,0.1296001617447363,1.3710922087427975,14.222972016530287,0.05212546226378672,0.12701843107068372,0.08835298343164535,11.28593897540228,0.482205290582893,0.5346331367630756,0.1974294525196876,94.45647578142211,0.10339509098992422,15.396135307677351,6.207214033810348,2.745647354730949,2.010378859454162,1.1938438462783618,0.6211083867996016,2.7015521799186537,0.03324126960228022,0.06534077455063833,1.3086964138828283,0.03182681082725424
1610612765,Detroit Pistons,82,64,18,0.78,3966.0,107.7,109.3,100.2,101.7,7.6,7.6,0.661,2.12,18.9,0.317,0.68,0.497,0.128,0.497,0.535,89.3,87.98,73.31,7268,0.557,2005-06,2005,2006,2006-07,1610612765,0.646,-0.134,1,DET,9,18267.471666666665,6,5,8,0.162,0.272,0.16009641180958908,0.47693071555332006,0.7837244033862376,28.932859619416405,109.08797063049137,99.7769988877315,9.299480734562518,0.1608443179009538,2.1542266677481274,17.72519427291662,0.05043434043919414,0.12661000039870504,0.08802719642920845,8.382650655085182,0.5015056114771584,0.5352152941617628,0.19695209754898577,88.50650501077371,0.11536223421905768,14.664098288369225,6.061922636073611,3.4605774216336997,1.533217103662311,1.0641866786345089,0.8927343804100604,2.361023580825135,0.025190332011423892,0.04783872357870038,4.444210672812221,0.036620652558882374
1610612766,Charlotte Bobcats,82,26,56,0.317,3981.0,99.5,101.2,104.2,105.6,-4.7,-4.4,0.58,1.47,15.9,0.305,0.678,0.479,0.149,0.464,0.509,96.0,94.57,78.8,7851,0.463,2005-06,2005,2006,2006-07,1610612766,0.402,0.08500000000000002,0,CHA,14,18937.448333333334,13,6,2,0.136,0.243,0.12703444999497907,0.36552847800948896,0.5758769506873902,25.538473900346826,100.23140475894807,104.18516681541661,-3.9332008122530406,0.14409644840395164,1.4005555843540693,14.744535487841596,0.04814623538246837,0.12514018132854754,0.08397122333183045,10.471093879332036,0.46485238023531666,0.5086377108707623,0.1951870979802013,95.66988057173137,0.09361789739536362,14.382930329666905,5.933006285869735,3.1746621266909507,2.02836196956841,1.4846773179315165,0.665348349905289,2.5508806525078924,0.02490596483271057,0.017682130871120357,2.5119751855637857,0.0414978926208101
1610612737,Atlanta Hawks,82,30,52,0.366,3976.0,100.1,102.0,105.5,107.0,-5.3,-5.1,0.556,1.2,15.3,0.328,0.676,0.499,0.173,0.471,0.523,92.5,90.98,75.82,7533,0.466,2006-07,2006,2007,2007-08,1610612737,0.451,0.08500000000000002,0,ATL,12,18563.835,10,7,0,0.14,0.281,0.14259760083696787,0.3870640594108563,0.6051957116260371,24.396166435078385,100.97079432491545,105.90063359752982,-4.9347320385757225,0.13741273215726527,1.2272938179709816,14.54659046294403,0.05299372974388105,0.1270714172655237,0.0896092454315968,12.524454061710133,0.4705963158115407,0.5225600155714952,0.1981480404417155,91.85123412987312,0.09649330584619684,14.203099736665404,6.0776235082891015,2.7653768739056344,2.284441765400307,1.1247675924721374,0.8513327122332213,3.176804101867679,0.032175403882486756,0.04787286740864199,2.2003753593248616,0.0533237601664199
1610612738,Boston Celtics,82,24,58,0.293,3971.0,100.2,102.3,104.5,105.8,-4.4,-3.5,0.57,1.21,15.6,0.309,0.705,0.502,0.176,0.479,0.53,94.5,92.91,77.42,7680,0.459,2006-07,2006,2007,2007-08,1610612738,0.805,0.512,0,BOS,13,19477.758333333335,12,5,1,0.146,0.302,0.11905955981416409,0.3497585921720116,0.5351328502467131,23.72322679158408,101.56980722884352,104.80759835042618,-3.230244462594301,0.1427266826136307,1.2785928531303443,16.00846059030578,0.04782477398365915,0.12953794845488295,0.08816362149819604,12.80958510369306,0.4776702659571966,0.5262228564974324,0.1969399296034665,93.81482788873294,0.09311227019194118,14.381326393223725,5.986520522767208,2.9941843923689033,2.3343548688653857,1.066447157035097,0.670919095327106,2.8562881147236237,0.031745732639459,0.04849797203834861,2.816519331292109,0.033786099378732504
1610612739,Cleveland Cavaliers,82,50,32,0.61,3976.0,102.6,104.4,98.9,100.6,3.7,3.8,0.574,1.45,16.2,0.327,0.721,0.518,0.155,0.484,0.522,93.2,91.59,76.33,7598,0.52,2006-07,2006,2007,2007-08,1610612739,0.549,-0.06099999999999994,1,CLE,11,19422.34166666667,10,4,8,0.181,0.303,0.16425877243603904,0.413143025579219,0.6222871341037232,27.24044508879593,103.16567079750507,99.22148779691427,3.95201859885587,0.14727230710680697,1.527877936963488,16.705767782034517,0.051501909098671146,0.13493761419945496,0.09178245662962882,10.973702115390306,0.48010975693370295,0.5179216314888223,0.1952513358112929,92.78922476821151,0.1058782781513214,14.435334565305158,6.4503035807989155,3.138035621348438,2.0463032049431042,1.1269495911280865,0.6468838935916154,4.656725093723921,0.03875409307829416,0.05899130980766129,2.656728297088739,0.03393767527858145
1610612740,New Orleans/Oklahoma City Hornets,82,39,43,0.476,3976.0,101.9,103.7,104.0,105.4,-2.2,-1.6,0.517,1.29,14.9,0.318,0.719,0.514,0.157,0.479,0.52,92.6,91.19,75.99,7551,0.485,2006-07,2006,2007,2007-08,1610612740,0.683,0.20700000000000007,0,NOK,13,19615.138333333332,10,7,4,0.15,0.239,0.13128745884449963,0.3799663916041718,0.5901367166838742,26.853550357321808,102.85559965886893,104.39278608197428,-1.5357495566986825,0.130947116950403,1.3023538732796769,13.465002498495425,0.05141956233973369,0.1324821783481347,0.0909745029413082,11.410717241096863,0.490065389036682,0.526604655859764,0.1957880586788283,91.98812729504924,0.09798772011379306,14.258579024381085,6.392409672019477,2.8061999392815906,2.0243548286642215,0.9506942894361439,0.6295137862482574,3.400952526352896,0.029329165347561793,0.039056783435564554,2.4108968536772912,0.04475190816945604
1610612741,Chicago Bulls,82,49,33,0.598,3956.0,102.5,104.0,97.0,98.8,5.4,5.2,0.601,1.4,17.0,0.319,0.707,0.514,0.168,0.493,0.534,96.0,94.47,78.73,7790,0.539,2006-07,2006,2007,2007-08,1610612741,0.402,-0.19599999999999995,1,CHI,12,19520.648333333334,7,5,12,0.145,0.286,0.1573399756445931,0.44128477973195734,0.6770509415286667,26.42761378571016,103.24609624902317,97.68074168301618,5.575551853682455,0.1512266626390227,1.5289273358321689,17.332039552306536,0.049928451317660306,0.13177971855272227,0.09109869045503868,11.950459210328486,0.4877244496404619,0.5244629736085439,0.19621636516683316,95.34699886760934,0.1088038647794229,14.788648157092462,6.489743467366052,3.3269386800592096,2.2923418954066506,1.1600024555195358,0.8188252627196724,4.580625265365594,0.02719670985530045,0.05418674477092358,1.7614447181057775,0.04787863495509673
1610612742,Dallas Mavericks,82,67,15,0.817,3951.0,108.5,109.7,100.6,102.1,7.9,7.6,0.542,1.43,16.0,0.32,0.719,0.522,0.152,0.509,0.559,91.9,90.68,75.57,7476,0.552,2006-07,2006,2007,2007-08,1610612742,0.622,-0.19499999999999995,1,DAL,10,18595.073333333334,9,5,10,0.201,0.283,0.15305756614386393,0.43677429254558825,0.6517076566158563,28.51555035545257,109.2889641467758,100.19022290312739,9.087795593528176,0.13512812614165545,1.4721735694508329,15.220432239937388,0.051837424231723016,0.13801669151793253,0.09525749660931696,11.663342557401403,0.5142200072886689,0.5585628498014349,0.19497162698291767,91.86051540354238,0.11399917056883527,15.185957857654769,6.390724998485262,2.9349709475018653,1.9340606705503716,1.031886223626975,0.7685906768853829,2.446288072822759,0.04564071765142197,0.062477118701299704,4.232458074967827,0.05093531934176939
1610612743,Denver Nuggets,82,45,37,0.549,3956.0,104.9,106.7,102.7,105.1,2.2,1.7,0.607,1.42,17.1,0.322,0.678,0.502,0.167,0.501,0.548,100.2,98.2,81.84,8093,0.514,2006-07,2006,2007,2007-08,1610612743,0.61,0.06099999999999994,0,DEN,9,13909.451666666666,8,3,8,0.142,0.328,0.17869491859911563,0.47229743420271425,0.6984693022286645,25.87139068865763,105.9172914436718,103.8840820228835,2.0332094207883347,0.09964249752955755,1.06943593870403,12.122503487137223,0.06445632951502642,0.14799167700236449,0.10698248852608737,12.174655279365794,0.5122256508793601,0.5519525859574383,0.19300426700261733,99.21402958491895,0.09924684198550361,15.805942985291416,7.769680832134409,2.241353631122051,2.2310009584609793,1.2009100286843324,1.0275027616113792,4.140361477537624,0.03661207969880149,0.06991851545038862,1.6153841498002501,0.05079551552466183
1610612744,Golden State Warriors,82,42,40,0.512,3951.0,104.7,106.2,104.5,106.5,0.2,-0.3,0.598,1.49,17.3,0.285,0.662,0.472,0.159,0.512,0.548,101.6,99.97,83.31,8228,0.489,2006-07,2006,2007,2007-08,1610612744,0.585,0.07299999999999995,0,GSW,8,13810.123333333333,7,5,4,0.141,0.263,0.19101277637636352,0.5243204441572692,0.7958572419218076,24.556102202321636,106.01048918945207,105.41466081524254,0.6009487967401691,0.14950870798402235,1.4237422378800866,15.793470538641099,0.04870333067264425,0.1252970721719357,0.08684043589280038,11.816308640255928,0.5275713205071545,0.556023402639175,0.19526198124709002,100.68002184146556,0.10020269478645738,15.844029391965362,6.35273110039809,3.5269779149932767,2.3122168592749714,1.4128765927024065,0.9749369846322878,3.097084826679801,0.019906597022046887,0.04342036982559319,4.020536020589488,0.02925980407758127
1610612745,Houston Rockets,82,52,30,0.634,3971.0,104.0,104.7,97.5,99.7,6.4,4.9,0.586,1.47,16.5,0.287,0.725,0.508,0.153,0.499,0.54,93.0,91.7,76.41,7598,0.529,2006-07,2006,2007,2007-08,1610612745,0.671,0.03700000000000003,0,HOU,11,19062.93,9,6,9,0.185,0.34,0.15948475216908767,0.44943309694085143,0.67673699688348,28.73551766001694,103.81584440761907,98.84172109603999,4.983102684984243,0.15298885603279946,1.6200183007893683,16.094243994321268,0.04558102173520371,0.13624536460729458,0.09142275793909961,11.04942983581223,0.513417078242082,0.5489445365953713,0.19562162602146332,92.59433216544711,0.10804861450994158,14.622516056031262,6.45860840909556,3.1329916230086354,2.0225642123220307,1.0688808068854054,0.6269760209999199,4.481402961760296,0.034381536727849486,0.08165458422326617,3.9466722756706263,0.04601249354852885
1610612746,Los Angeles Clippers,82,40,42,0.488,3946.0,102.4,103.8,102.8,104.2,-0.4,-0.4,0.612,1.42,17.0,0.307,0.712,0.513,0.164,0.481,0.537,93.2,91.92,76.6,7554,0.509,2006-07,2006,2007,2007-08,1610612746,0.28,-0.20799999999999996,1,LAC,11,18620.55,8,6,6,0.154,0.254,0.16527170250073173,0.4408716892537188,0.6680195626158554,28.023627211154707,103.14022708781425,103.12003772713481,0.00838065112648827,0.15153500120386704,1.5249612703885402,16.367253589895753,0.04935268990443355,0.13257126167952435,0.09182825041866827,11.6198114627835,0.4823208045233179,0.536731255789974,0.1975660089703759,92.78943672089886,0.10441822448853552,14.608376229488389,6.23311341501728,3.1610237076778076,2.180816356122671,1.0459411778921677,0.8990067425505691,3.936292105272941,0.029783570008654534,0.04357266125691031,2.684601327981026,0.03616070217577336
1610612747,Los Angeles Lakers,82,42,40,0.512,4006.0,105.6,107.3,106.1,107.5,-0.5,-0.2,0.596,1.45,17.1,0.3,0.69,0.496,0.161,0.511,0.554,96.0,94.58,78.82,7898,0.499,2006-07,2006,2007,2007-08,1610612747,0.695,0.18299999999999994,0,LAL,13,19898.976666666666,11,5,7,0.172,0.328,0.1577807267475899,0.3919418469257967,0.5816717878122042,25.537495311735466,106.36422179499016,106.43449458791264,-0.038373246329417604,0.15119154544463176,1.506720484621236,17.285402348160954,0.04628056149621095,0.12810137221461806,0.08757434352151779,11.787496124172549,0.5149690590454149,0.551291735102626,0.19631029552105952,95.49915472453945,0.10028628406854423,15.29083656395731,6.084131964575063,3.323386981541597,2.2161943671140207,1.0782464022856788,0.7616472069836757,2.94711098081179,0.035345593471977285,0.059382087264236015,2.260807105788291,0.026541068561429095
1610612748,Miami Heat,82,44,38,0.537,3971.0,102.6,103.4,102.0,104.6,0.6,-1.2,0.576,1.4,16.6,0.279,0.693,0.493,0.16,0.506,0.541,92.1,90.61,75.51,7503,0.508,2006-07,2006,2007,2007-08,1610612748,0.183,-0.35400000000000004,1,MIA,12,18390.481666666667,10,6,5,0.195,0.333,0.1350101488188319,0.34433265251617023,0.5445927689586524,29.559718437680953,102.22788876564681,103.53850946807722,-1.2898345330632544,0.14923560276516235,1.5245704657545225,16.116243357410706,0.0455638660542605,0.13109115784442477,0.08947338446546035,11.547317502740775,0.5081928855588249,0.5390599152333241,0.19676267424208305,91.81075842766128,0.10347344473214361,14.266510511008008,6.158403137710097,3.108564584451251,2.1493727416419857,0.9963849958977875,0.8378247116782968,4.798309612674097,0.03571917070003721,0.06097275180456141,2.7817868633774316,0.05095334792079607
1610612749,Milwaukee Bucks,82,28,54,0.341,3971.0,104.0,106.0,109.1,110.3,-5.0,-4.3,0.567,1.43,16.7,0.306,0.657,0.479,0.161,0.504,0.541,94.8,93.33,77.78,7709,0.456,2006-07,2006,2007,2007-08,1610612749,0.317,-0.02400000000000002,0,MIL,11,17664.91,8,6,1,0.134,0.287,0.16121970995983942,0.4430945303429228,0.6861770028831169,26.266620567743246,105.45770746449695,108.69083192800491,-3.2288459531730798,0.1364163718732033,1.4524771104598513,15.870884529461703,0.051193898053636645,0.12728924272281414,0.08882088728445263,11.694983001139926,0.5068521888874611,0.5392111465611769,0.199419947983507,94.21381260646108,0.09467651830663161,15.223400515485219,6.083246390726021,3.071173303458665,2.170404491163555,1.0943729687838772,0.4361188367220665,3.5676258159109118,0.025099356357741614,0.048001033101638,2.623269256357342,0.03399341103381399
1610612750,Minnesota Timberwolves,82,32,50,0.39,4001.0,101.1,102.4,105.3,106.5,-4.2,-4.0,0.617,1.45,17.5,0.292,0.698,0.5,0.166,0.49,0.537,93.3,92.19,76.83,7689,0.487,2006-07,2006,2007,2007-08,1610612750,0.268,-0.122,1,MIN,12,19723.198333333334,9,5,0,0.191,0.272,0.15319143218742667,0.4340482641464759,0.6516416919872445,28.182301146391147,101.56954601430006,105.57189559097033,-4.023976689379064,0.15562871741812667,1.5237113132175402,17.703452237589257,0.04444435761306124,0.12850861975648137,0.08753132618196896,12.175663683349532,0.4926393049504565,0.5364832820809404,0.19622440190777038,92.97017246611202,0.09793461210947954,14.222439751362165,5.924799721884187,3.3384037866069556,2.2268193655880184,0.9546119083627326,0.5786079826978704,3.2065168190724234,0.04563965398461556,0.04912251493456265,2.091111447817116,0.026148826807268696
1610612751,New Jersey Nets,82,41,41,0.5,3976.0,103.7,104.2,103.5,105.1,0.2,-0.9,0.674,1.62,18.5,0.275,0.714,0.496,0.158,0.504,0.546,93.6,92.69,77.24,7682,0.499,2006-07,2006,2007,2007-08,1610612751,0.415,-0.08500000000000002,1,NJN,13,19836.99666666667,11,5,7,0.16,0.302,0.15758467469621995,0.4103674800234376,0.6019136129309897,28.59808818505624,103.01588522556926,103.727220325187,-0.6979924464372046,0.1707176505549647,1.569996225067,17.116560142924865,0.04389203775638752,0.13181572865784957,0.08818123778481925,11.926416834940907,0.4976319281531026,0.5362062820665562,0.19384553054822315,93.8363567804871,0.10018764550883795,14.501993665371725,6.061401431903587,3.5569900618356374,2.0942686384481255,0.898321469698286,0.49362311062208847,4.638626398845894,0.04585584548417946,0.06426518130565628,3.312372200844276,0.0651092312242236
1610612752,New York Knicks,82,33,49,0.402,4001.0,102.7,104.3,106.3,107.4,-3.6,-3.1,0.528,1.09,14.7,0.337,0.714,0.527,0.183,0.494,0.539,93.1,91.89,76.58,7661,0.471,2006-07,2006,2007,2007-08,1610612752,0.28,-0.122,1,NYK,12,19592.975,10,7,2,0.157,0.256,0.14538858953272793,0.39782115783845995,0.5829240667467124,25.94536630263313,103.54017495216185,106.45395632022873,-2.9040537573628646,0.13261858974113594,1.2358791658745036,14.989964915146034,0.054155485065437985,0.13069391767542532,0.09292435588095563,13.049794786141463,0.4965641027800355,0.539007312569939,0.195616507872507,92.88859591852011,0.09633701347889571,14.500707523997761,6.3243075643183335,2.8075368850314977,2.3922860106747446,0.9774932086627989,0.4299500203516822,2.9068046420570677,0.026843882279503146,0.04215539066813916,2.557682752368938,0.05745297777001961
1610612753,Orlando Magic,82,40,42,0.488,3956.0,102.0,104.1,101.7,103.3,0.4,0.8,0.53,1.1,15.1,0.333,0.697,0.519,0.186,0.5,0.544,92.2,90.54,75.45,7465,0.502,2006-07,2006,2007,2007-08,1610612753,0.634,0.14600000000000002,0,ORL,12,19207.02,10,4,8,0.162,0.225,0.15741223781721475,0.39683763193526805,0.6010115051684227,26.179523250700345,103.03377162794297,102.23015668229637,0.8183130178445173,0.1331531585847258,1.1676225515462575,14.485995094501906,0.052310401353255216,0.130699739036387,0.09252236751632129,13.538546765713786,0.5061916115392532,0.545785873689238,0.19590868095796918,91.48591457966931,0.10301864500583642,14.24479174801713,6.138380654573171,2.7627398732338486,2.449729317718209,1.0383703458423015,0.7797149167335693,4.401809202464895,0.030599398513135517,0.03345300743058411,1.3497565557325624,0.04692939142483839
1610612754,Indiana Pacers,82,35,47,0.427,3956.0,100.0,101.9,103.0,104.4,-3.0,-2.5,0.585,1.26,15.9,0.321,0.694,0.503,0.173,0.474,0.523,94.9,93.43,77.86,7697,0.485,2006-07,2006,2007,2007-08,1610612754,0.439,0.01200000000000001,0,IND,9,12624.535,6,3,0,0.139,0.282,0.2206266078975054,0.5930407205757149,0.831868790942927,28.25703811401106,100.72122311831683,103.28946019265923,-2.5465165647685235,0.15464607396100793,1.2909757243864164,15.651801604309913,0.055633045362330824,0.13361275088547814,0.0938694949952612,12.544345831351412,0.47673408512339926,0.5238315475909938,0.194214464400735,94.4606829070008,0.10156827201952387,14.035526853068252,6.541547866911534,3.2251484906176744,2.3211944043879638,1.2062226450320745,0.995204971905896,4.401689091276343,0.023926908846424524,0.05877325226617439,2.2298340674708212,0.05145540078746208
1610612755,Philadelphia 76ers,82,35,47,0.427,3976.0,101.0,102.4,103.9,105.6,-2.9,-3.2,0.569,1.33,16.1,0.306,0.678,0.493,0.165,0.48,0.53,93.2,91.84,76.53,7606,0.489,2006-07,2006,2007,2007-08,1610612755,0.488,0.061,0,PHI,10,14860.79,7,3,2,0.13,0.251,0.20601607765580876,0.5305485105435176,0.7624820080224537,25.458483588916433,100.86670731053553,104.56830792082161,-3.6756978599388055,0.11841834844132333,1.0960105743593263,13.206983534074121,0.04609895234371793,0.12223648709119772,0.08426838703281139,12.309747362017767,0.502165347086752,0.5457059828806768,0.18943705628480498,92.69774826685975,0.09289817937000658,13.936540385807216,5.704945699387449,2.4975792000290697,2.122094451237115,1.031977438615309,0.799419142589324,3.209204290013292,0.026430133129302574,0.04082494299559311,3.571611092339109,0.04804549286190784
1610612756,Phoenix Suns,82,61,21,0.744,3981.0,111.4,112.9,103.4,105.5,8.0,7.4,0.626,1.78,19.3,0.262,0.683,0.484,0.149,0.551,0.59,98.1,96.45,80.37,8002,0.561,2006-07,2006,2007,2007-08,1610612756,0.671,-0.07299999999999995,1,PHX,9,19267.204999999998,8,6,8,0.165,0.252,0.15624182819113272,0.44722210616433467,0.7220859659371108,27.856509372618742,112.69054181271578,104.30590018116277,8.363228086274061,0.15853581980365083,1.7819958577281965,17.779613251290645,0.04076884702962019,0.12644751976220736,0.08614199153431959,10.13207382700293,0.5514872250541789,0.5883392788419494,0.19579837552981869,97.32644614428162,0.1130805984400263,16.434973313461917,6.007098590584364,3.916291958278329,2.0908066323060353,1.008968348029722,0.7230939827546342,3.530262281901833,0.03499383500235075,0.03884684725862441,3.84570458968769,0.044142180440204744
1610612757,Portland Trail Blazers,82,32,50,0.39,3991.0,101.7,103.8,107.3,108.6,-5.6,-4.8,0.526,1.22,15.0,0.326,0.697,0.507,0.166,0.483,0.53,90.8,89.36,74.47,7431,0.459,2006-07,2006,2007,2007-08,1610612757,0.5,0.10999999999999999,0,POR,12,17979.283333333333,9,4,1,0.162,0.328,0.14743301781587512,0.4015263863872957,0.6114286164539372,24.248123812869814,102.98155176745088,107.51575131378061,-4.534511701893939,0.1322219023375978,1.2472338274514094,14.410261736424422,0.052565486851997245,0.1363383007479905,0.09317853038265338,12.193901684994858,0.4889571910077989,0.5328719987912015,0.19645868643262568,90.19053301160503,0.09575098849880001,14.112242145358037,6.123047173737922,2.747161779714987,2.1264473834236997,0.9651107710077432,0.728838839516221,3.280034770015297,0.03400992611950072,0.06019117942462772,2.9544232979381353,0.03163991610299905
1610612758,Sacramento Kings,82,33,49,0.402,3961.0,103.6,105.1,105.2,106.7,-1.7,-1.6,0.566,1.39,15.8,0.267,0.692,0.477,0.151,0.491,0.545,97.2,95.83,79.86,7898,0.485,2006-07,2006,2007,2007-08,1610612758,0.463,0.061,0,SAC,12,19589.328333333335,9,6,3,0.127,0.237,0.14387042536850633,0.420797480124595,0.6326036191303819,27.70751234707128,104.22508619276296,105.98550340802056,-1.7595950073836975,0.14079496634094227,1.4376358003426528,15.902988200122913,0.04104187892438375,0.1269399166910351,0.08344183155165182,11.354728769414164,0.4913973680567745,0.542035943634957,0.19637259342820756,96.65235189448812,0.09734653646879336,15.135587854509561,5.785190695239934,3.032263229715976,2.0968559667308657,1.220256233049338,0.4851621167545561,2.7572827918024476,0.020696782428966467,0.03639707634061615,2.803893397788017,0.036996251571711415
1610612759,San Antonio Spurs,82,58,24,0.707,3956.0,106.7,108.6,97.4,99.4,9.2,9.2,0.605,1.6,17.8,0.279,0.715,0.505,0.153,0.521,0.561,92.0,90.22,75.19,7440,0.569,2006-07,2006,2007,2007-08,1610612759,0.683,-0.02399999999999991,0,SAS,12,19387.103333333333,9,4,11,0.189,0.279,0.14060549874134542,0.3966029135175944,0.5969286971012173,31.190620448542166,107.2890437388704,97.7663786974537,9.521559271962754,0.15717040116531078,1.7536025048266626,17.807245160055714,0.0427372821382462,0.13434019651551865,0.09045714702780938,10.906453542741732,0.5204737922856276,0.5563472267044879,0.19464697717434495,91.5720010914472,0.11507339879380299,14.719682207983281,6.068364003493044,3.3312867265197434,1.9757464197419212,1.0695770091835965,0.76875847535071,3.859240607171316,0.04801065658807841,0.0645998955317926,4.382644142994067,0.05264263228086287
1610612760,Seattle SuperSonics,82,31,51,0.378,3966.0,104.1,105.9,107.5,108.9,-3.4,-3.0,0.556,1.34,16.2,0.312,0.676,0.492,0.165,0.499,0.544,94.3,92.92,77.43,7674,0.474,2006-07,2006,2007,2007-08,1610612760,0.244,-0.134,1,SEA,10,19093.4,9,6,1,0.134,0.287,0.13543004388951155,0.3829489945914993,0.6118705067370573,26.296027248508206,105.61870305096699,107.93560296577175,-2.3278517445818974,0.14229590582784277,1.3801895742333303,15.739432159803911,0.047802872545836074,0.12403724341046295,0.08559470811903588,11.446663899567389,0.49769379008802345,0.5416025858848257,0.1962474319223746,93.68080008449691,0.09740139638129754,14.921595944148239,5.803471356594425,3.1638157687996897,2.1173808750667766,1.1689903317376684,0.5373584589439282,2.527543164019325,0.02328275228308914,0.043457668846799684,2.142411535865069,0.030476351252628
1610612761,Toronto Raptors,82,47,35,0.573,3951.0,105.0,105.7,103.2,104.4,1.8,1.2,0.601,1.65,17.5,0.25,0.711,0.481,0.143,0.504,0.55,94.7,93.86,78.21,7719,0.514,2006-07,2006,2007,2007-08,1610612761,0.5,-0.07299999999999995,1,TOR,10,17670.666666666664,9,5,8,0.158,0.266,0.1504010412736739,0.41524786840715316,0.6181606051460047,26.39938004602731,105.25073740851127,103.03588437523581,2.2481637082170076,0.1555484869463518,1.6368107777484342,16.109261865238057,0.04223886393646721,0.13671158577303252,0.08999438976080887,9.936730230891119,0.5113051469478609,0.5540403252093865,0.19636801856183506,94.44267186769032,0.10765981956915414,14.984154531049573,6.134233758394325,3.3981739983399977,1.9394853995321812,1.0430845846223495,0.6172941975401796,3.722979785681411,0.028102140131526853,0.046186945454378694,2.8192463202252416,0.03236914987244414
1610612762,Utah Jazz,82,51,31,0.622,3961.0,106.7,108.6,104.7,105.6,2.0,3.0,0.659,1.58,18.5,0.352,0.721,0.534,0.167,0.502,0.551,94.1,92.81,77.34,7661,0.531,2006-07,2006,2007,2007-08,1610612762,0.659,0.03700000000000003,0,UTA,12,19542.161666666667,8,6,11,0.181,0.262,0.1509403983540886,0.4181159760814588,0.6399822537544252,26.58465614986128,107.76192851234389,104.691937210631,3.0715399106734784,0.16520652227402002,1.5836314491649974,18.07460031076398,0.0546462175755548,0.1327084339100323,0.09349585549943852,11.550805612855692,0.4959882463531627,0.547570180695636,0.19618287366196355,93.65678484988484,0.10597073703122402,15.194224930933519,6.294697695077574,3.710132033329305,2.2400797182365615,1.0518795387443065,0.6208115666494418,3.5201025235401606,0.03855289070629432,0.03982493992445552,2.4583635597143036,0.039601011505225776
1610612763,Memphis Grizzlies,82,22,60,0.268,3996.0,104.3,105.7,109.7,110.9,-5.4,-5.2,0.56,1.25,15.9,0.291,0.682,0.486,0.17,0.504,0.555,95.9,94.77,78.97,7883,0.462,2006-07,2006,2007,2007-08,1610612763,0.268,0.0,0,MEM,13,18936.778333333335,11,5,0,0.154,0.247,0.1446663710045012,0.37094350878233684,0.5910046121009496,26.245320855791473,104.87672721873584,109.93988275196759,-5.078062486341614,0.14135325060132103,1.2956070123508339,15.160786686084494,0.04548816003285317,0.1278421730834715,0.08680353433930638,12.408417816934191,0.5040900862492715,0.5550129233527666,0.1977637821533705,95.95202672629898,0.09406776812704944,15.318761982304805,5.843866261306152,3.0645128214786976,2.3478122422619054,0.9885525230576444,0.7471175799262582,3.672606371103764,0.03005498140211997,0.028589653553993084,2.4456747035923923,0.04152747215903583
1610612764,Washington Wizards,82,41,41,0.5,3966.0,106.7,108.7,108.0,109.1,-1.3,-0.4,0.541,1.47,15.5,0.312,0.678,0.489,0.144,0.491,0.542,96.7,95.33,79.44,7870,0.485,2006-07,2006,2007,2007-08,1610612764,0.524,0.02400000000000002,0,WAS,13,19492.09166666667,9,4,6,0.142,0.302,0.15091770123866471,0.41440122511223565,0.6288674338438963,27.355601994142067,107.98509870028484,108.2147459803142,-0.2294737737655142,0.13861391812320462,1.6039145815974083,15.207064232460084,0.04827365705151362,0.12663378960099628,0.08606126099858447,10.519569098749875,0.49604830907919484,0.542585501812487,0.19744865417641597,96.16534352692608,0.09842129367850465,15.74669385148079,6.098473269714939,3.0492366348574693,1.9780329714914293,1.1617019038917917,0.6722726439055838,2.8283297583890126,0.02850085836125141,0.0554884551546225,3.1568641513848674,0.03554332560017212
1610612765,Detroit Pistons,82,53,29,0.646,3976.0,106.2,107.4,101.1,102.6,5.1,4.8,0.601,1.77,17.3,0.307,0.678,0.493,0.137,0.488,0.535,89.7,88.56,73.8,7332,0.533,2006-07,2006,2007,2007-08,1610612765,0.72,0.07399999999999995,0,DET,11,18219.083333333336,8,4,9,0.146,0.255,0.1647053227156507,0.45543747627258957,0.6831182505523055,29.21074020372412,106.46629532221252,101.43830429631933,5.0228167260518966,0.14940572293703033,1.851655761129585,16.43950549103733,0.04789865800053973,0.12241677160852404,0.08527779754744338,9.50850754474475,0.48883480114714883,0.5343354144235213,0.1961615437110356,89.52279070846045,0.10745184636987774,14.402700465171593,5.858692122271062,3.1931354028971457,1.705244958354107,1.0393497660420163,0.853610454239831,3.2200218534427663,0.022114653546099556,0.03150437526305879,3.225830155403239,0.03247893241206074
1610612766,Charlotte Bobcats,82,33,49,0.402,4001.0,100.7,102.4,104.8,106.3,-4.1,-3.9,0.62,1.5,17.1,0.299,0.682,0.485,0.158,0.48,0.524,94.5,93.11,77.6,7758,0.471,2006-07,2006,2007,2007-08,1610612766,0.39,-0.01200000000000001,0,CHA,12,18826.175,10,6,2,0.14,0.229,0.15044116325629964,0.4143924615595042,0.6377025603979566,25.644515149784805,102.02740151234474,105.27825065367767,-3.250327252703572,0.1562904215363273,1.5226455949407318,16.658439681277088,0.04629694091692374,0.12601690412417818,0.08525311886243489,10.658770532693623,0.4830078581195242,0.5254468046040508,0.19613204399371265,93.96041207432383,0.09826454400145898,14.500449507135677,5.89158445621588,3.3961226855694266,2.063297509982777,1.166461057543553,0.6769298596236357,3.272982638424898,0.03261447639202989,0.024203424218526545,2.1692693521599677,0.05491173470324331
1610612737,Atlanta Hawks,82,37,45,0.451,3971.0,104.0,105.5,105.9,107.3,-2.0,-1.8,0.606,1.48,17.0,0.329,0.682,0.506,0.16,0.483,0.535,93.6,92.35,76.96,7634,0.498,2007-08,2007,2008,2008-09,1610612737,0.573,0.12199999999999994,0,ATL,8,16006.099999999999,7,5,0,0.124,0.253,0.20884496119187893,0.5611164910044713,0.8618762013648964,23.717729698885634,104.42618320515304,106.46948128109491,-2.013222104905838,0.13936823981690316,1.3173948348858666,14.552862658611406,0.057965049991357466,0.13533893057438517,0.09682421847503973,11.507098335426287,0.4883099855680022,0.5432105189063338,0.20378936530447767,93.10182407332206,0.1051834925434678,15.370639943521534,6.697946407931976,2.926134411255709,2.1951630940703857,1.0773392644054456,0.9333941434827973,2.016178417673397,0.020943691098692357,0.0404576895457651,1.7551245284007655,0.04660252293415569
1610612738,Boston Celtics,82,66,16,0.805,3951.0,107.6,108.8,96.2,98.1,11.5,10.8,0.614,1.47,17.6,0.306,0.707,0.518,0.164,0.522,0.569,93.3,91.88,76.57,7575,0.581,2007-08,2007,2008,2008-09,1610612738,0.756,-0.049000000000000044,0,BOS,11,18979.47333333333,8,4,11,0.197,0.256,0.1514097159703413,0.41229761907689044,0.6345208560406137,27.999097972862614,108.2877710076957,96.85657115178117,11.436154884522614,0.1541106874760487,1.5796271138187536,17.534564789469044,0.04610176011206493,0.13252255032717802,0.09167433781970068,12.004414918784189,0.5275023508731013,0.5712571376234185,0.1957330480894974,92.82910650576537,0.11780936668070525,15.183772222692518,6.261290706696815,3.3611048567908983,2.1661296537557595,1.278433788643942,0.6866365452360639,3.963688642770071,0.0392844069626634,0.04330712504381808,3.573474315001807,0.043969029050509145
1610612739,Cleveland Cavaliers,82,45,37,0.549,3971.0,103.2,104.8,103.7,105.4,-0.5,-0.6,0.558,1.43,15.7,0.334,0.715,0.518,0.152,0.48,0.52,92.5,91.06,75.89,7540,0.49,2007-08,2007,2008,2008-09,1610612739,0.805,0.256,0,CLE,9,13398.116666666667,7,4,5,0.199,0.328,0.22591222398172875,0.5235142501371461,0.7547815799981838,26.743303225453325,103.8630593852121,103.47941250449378,0.40341258161905835,0.1697067208450939,1.7752171076283108,17.185803091728065,0.054176195410548994,0.13152479875902953,0.09159923135963137,10.437270225790439,0.48944179468009796,0.526399437109942,0.20185985306392562,92.01162378170065,0.10755525391006446,15.334394013088902,6.529275880814094,3.428541573629129,1.99371304673418,1.010291247401687,0.763092325165104,4.210294359477189,0.0552611082974106,0.076581648020151,2.7364865737451853,0.06578209893010097
1610612740,New Orleans Hornets,82,56,26,0.683,3961.0,109.0,110.0,102.9,104.4,6.2,5.6,0.564,1.83,17.2,0.3,0.717,0.506,0.13,0.512,0.548,92.1,91.04,75.86,7517,0.526,2007-08,2007,2008,2008-09,1610612740,0.598,-0.08500000000000008,1,NOH,11,18190.318333333336,7,4,10,0.182,0.259,0.1652301118791122,0.4759600597057536,0.7237307831611155,27.015583931049033,109.80496012026907,103.53200469920306,6.256965779689946,0.14843996353004998,1.893912415496485,14.850277175834652,0.050355741621160924,0.13587740575549756,0.09260607579618131,9.442387072023935,0.521397299992276,0.5532670682600295,0.19525021368968162,91.96388921634227,0.10612506002506276,15.161691782744134,6.364704447631527,3.3327619060359117,1.6960670745087745,1.1399470652474377,0.6036178036466467,3.150868258932134,0.04330635383800447,0.050804246322176824,2.7681469092519935,0.05085928874899199
1610612741,Chicago Bulls,82,33,49,0.402,3961.0,101.0,102.9,104.2,106.0,-3.2,-3.1,0.606,1.51,16.7,0.325,0.687,0.5,0.154,0.47,0.515,95.7,94.04,78.37,7754,0.48,2007-08,2007,2008,2008-09,1610612741,0.5,0.09799999999999998,0,CHI,9,15221.843333333334,8,3,0,0.117,0.252,0.15632195662680362,0.4466389637873468,0.6801413451239918,24.705354673426548,102.36355635202308,104.93748345852991,-2.6029588072228664,0.16484574623353765,1.657736319933219,17.94265373685579,0.04236419494091058,0.12320686861621886,0.08187039535071641,11.209015925140914,0.4777320620170182,0.523679419575334,0.20157317236874295,95.2045655015939,0.09858342616411112,15.252029265837933,5.907825880921563,3.599564047543082,2.2396761846408006,1.1115605140244733,0.6693013307849489,2.0854318764334767,0.011486603038829651,0.03967532929324441,1.5605024972812471,0.024196809080129954
1610612742,Dallas Mavericks,82,51,31,0.622,3946.0,108.6,109.5,103.1,104.7,5.4,4.8,0.569,1.66,16.7,0.3,0.716,0.514,0.138,0.502,0.554,92.5,91.38,76.15,7518,0.536,2007-08,2007,2008,2008-09,1610612742,0.61,-0.01200000000000001,0,DAL,10,15383.936666666665,8,3,7,0.176,0.283,0.17997008134675543,0.5268094577439107,0.7420643957409255,29.731850278461447,108.38206938146087,103.26025193811465,5.107524482788431,0.12505395303022784,1.6481452211733405,14.25232566176711,0.04695697633527264,0.14008980547025132,0.09485574758606431,9.529507293430093,0.5062170503172031,0.5522363412182533,0.20646105418184027,92.51821311666865,0.11189092009609154,16.21457533301511,6.587390613715908,2.665377587574572,1.6825342278016833,0.7862746878183109,0.7230919004043395,3.269924902927741,0.03841423973001736,0.05969119998791489,3.7408969893010875,0.05498104712709492
1610612743,Denver Nuggets,82,50,32,0.61,3971.0,107.6,108.9,103.2,105.5,4.4,3.4,0.612,1.68,17.7,0.292,0.686,0.494,0.144,0.51,0.557,102.3,100.58,83.82,8330,0.529,2007-08,2007,2008,2008-09,1610612743,0.659,0.049000000000000044,0,DEN,10,18973.325,8,5,9,0.136,0.296,0.1804536983721444,0.4737048812828888,0.6907606688161757,29.2495856683001,108.60723287387248,104.64781009654344,3.9686995294709813,0.15719953329213512,1.822563346171533,18.38219318437859,0.04455846967606715,0.1265403492359229,0.08670503614943613,10.1889053623091,0.5106460307651225,0.5529720281851845,0.19794030698362042,101.45551674521991,0.10793697880225703,16.7009208981557,6.502392174276253,3.764442974544525,2.11939657387411,1.3851025057547899,0.994237963034945,4.503417498047711,0.025908344772649177,0.06552450270196966,2.5250439073061726,0.0332907940659916
1610612744,Golden State Warriors,82,48,34,0.585,3956.0,109.1,110.4,106.6,108.5,2.6,1.9,0.539,1.69,16.3,0.301,0.672,0.481,0.131,0.511,0.548,101.4,99.96,83.3,8249,0.496,2007-08,2007,2008,2008-09,1610612744,0.354,-0.23099999999999998,1,GSW,11,19052.94333333333,8,5,9,0.122,0.253,0.16775422100137463,0.47879409008196994,0.7028354149306416,26.229106946380824,109.94636007245074,107.39885671207757,2.5484540533807296,0.13717373072541902,1.6304430758992094,15.311243564642597,0.04920792771650505,0.12465191616063524,0.08588768909370609,9.454460334475007,0.5178301446163263,0.5534651712605034,0.19859173683226197,100.72639423515143,0.10096436674788482,16.784178402532035,6.452546351980964,3.3670388284714723,1.9291507541354507,1.3698670879022545,0.661315145883847,3.3558328019671695,0.018357628653281673,0.0382470396836424,1.544129232424691,0.036141086653630604
1610612745,Houston Rockets,82,55,27,0.671,3946.0,103.9,105.4,98.8,100.5,5.0,4.8,0.585,1.56,16.8,0.323,0.711,0.519,0.15,0.492,0.528,92.9,91.42,76.18,7525,0.535,2007-08,2007,2008,2008-09,1610612745,0.646,-0.025000000000000022,0,HOU,10,16832.62,9,4,9,0.167,0.3,0.17268117896481158,0.46769892823181025,0.7093396631065159,28.285101982539462,104.84473083611861,99.37258418475555,5.470111654236437,0.1505071361439871,1.6838567782872382,17.134825040110613,0.05206102248689351,0.1331025520685431,0.0929865013091644,10.754767835706305,0.5065559660349964,0.5389981635855461,0.19122333669189148,92.24837375187782,0.10993505922825246,14.359261956843321,6.734780444161396,3.2315824868618197,1.9355275649304744,1.0650748368346699,0.8127077068216356,3.4749605214756962,0.02941485044711319,0.07038305467830541,1.605934345465271,0.041301078235366655
1610612746,Los Angeles Clippers,82,23,59,0.28,3961.0,98.8,99.9,106.4,107.4,-7.6,-7.5,0.614,1.47,16.7,0.267,0.703,0.484,0.153,0.465,0.519,94.3,93.38,77.82,7698,0.461,2007-08,2007,2008,2008-09,1610612746,0.232,-0.048000000000000015,0,LAC,10,17156.246666666666,10,5,0,0.139,0.269,0.15747927771303516,0.42906898439713115,0.6635269291612734,28.447993772530666,99.14114920046616,106.49690470370946,-7.343287294384903,0.14355092158852148,1.7418874126314339,16.718614182122973,0.04112321275010813,0.13262394086196785,0.08677587852354651,10.779572270469416,0.461382451659007,0.5125650323866486,0.19421634704871346,94.12031326199165,0.09285596344499591,13.95410107183506,6.01600116886483,2.9775743490126243,2.0039348155793206,1.0030165883213773,0.7239345668846761,2.914212444812417,0.027527817054625005,0.04833178442317913,2.556459380276038,0.045527205565814445
1610612747,Los Angeles Lakers,82,57,25,0.695,3956.0,110.3,111.7,102.8,104.3,7.4,7.3,0.617,1.73,18.1,0.297,0.702,0.507,0.145,0.525,0.57,98.0,96.7,80.58,7974,0.551,2007-08,2007,2008,2008-09,1610612747,0.793,0.09800000000000009,0,LAL,9,17010.166666666664,9,4,9,0.159,0.309,0.1876687471218193,0.4916157004144581,0.692634208953469,27.03403307825712,111.40216005134185,103.58904530623843,7.787221622363098,0.16103161413272457,1.875451946385005,18.887704510047914,0.043146966715983594,0.12884359912209367,0.08747108640910829,10.189012531721227,0.5292369241923948,0.5708223322326845,0.19793935822694272,97.47472085125564,0.11176099646289966,16.524705813190153,6.372424334466643,3.767158855978288,2.0317261245725597,1.2084537678447205,0.7089877622206329,3.6445738605738742,0.030499718249975837,0.054993475674881755,1.9850398454973608,0.03314558000748774
1610612748,Miami Heat,82,15,67,0.183,3966.0,98.1,99.4,107.1,108.8,-9.0,-9.4,0.585,1.37,16.3,0.264,0.681,0.47,0.159,0.482,0.522,92.5,91.24,76.03,7538,0.445,2007-08,2007,2008,2008-09,1610612748,0.524,0.341,0,MIA,14,16989.083333333336,13,6,0,0.139,0.317,0.17442926585209126,0.4004683399634078,0.5974847573687023,27.352851193658672,98.22508725701306,108.02839064301097,-9.80022269202282,0.150612584748049,1.629537031132737,16.182986653193964,0.03396306039662725,0.12153304906582167,0.0772027439188891,10.87306753846833,0.47822684724013953,0.5188231854769485,0.19182949747141545,92.38260693484541,0.08813237049281647,13.466294532273176,5.244544290696477,3.1022274107392493,1.9918673265675508,1.0595038971103994,0.5424659953205245,3.9143809221199266,0.024808978305035832,0.05135653219027693,2.2827488070768567,0.03290054763217617
1610612749,Milwaukee Bucks,82,26,56,0.317,3971.0,102.4,103.9,109.8,111.1,-7.5,-7.2,0.582,1.45,16.5,0.332,0.694,0.506,0.158,0.482,0.522,93.8,92.61,77.17,7654,0.452,2007-08,2007,2008,2008-09,1610612749,0.415,0.09799999999999998,0,MIL,13,19596.511666666665,10,5,0,0.119,0.265,0.1388019143202953,0.3996756395504744,0.5798332135132553,25.96130323194426,103.15032040141159,110.0932986457539,-6.936960804333629,0.1463643764149521,1.4821759901655973,16.33284944335757,0.052209008116835764,0.12896009544896048,0.0893001823368734,11.350596275340505,0.48116625297342464,0.5191812467984313,0.19651768507779493,93.39997387970499,0.09073507130138043,14.446652792882274,6.17987538088199,3.203835512561888,2.1346656339431846,0.9865021044987006,0.6613421929600227,3.187259664699617,0.025358275936265367,0.04209979739006681,1.4712300547064496,0.031131418743472593
1610612750,Minnesota Timberwolves,82,22,60,0.268,3946.0,100.7,102.7,108.9,110.0,-8.2,-7.3,0.53,1.37,15.6,0.314,0.703,0.501,0.156,0.484,0.518,94.2,92.84,77.37,7632,0.435,2007-08,2007,2008,2008-09,1610612750,0.293,0.024999999999999967,0,MIN,11,18069.57333333333,10,6,0,0.147,0.273,0.1615294550397058,0.41734078945232433,0.6360688833825998,24.676665304032266,101.85639251397193,109.25755343420761,-7.387013740593763,0.13380641730703105,1.4950588908943065,16.34458966195844,0.048513273141295346,0.1318425241363382,0.08838463064613958,10.917089962648078,0.4795538528672139,0.5139621570109015,0.1987084132405266,93.72707030344932,0.0894819626805429,14.61550835363757,6.156205127145595,3.0422411744826294,2.0520683757151987,1.1415875527036978,0.5120209442318505,2.709882340840777,0.03054073909163129,0.049455974335923,2.6992517248015253,0.04482076333035215
1610612751,New Jersey Nets,82,34,48,0.415,3966.0,101.4,102.3,106.6,107.7,-5.2,-5.4,0.674,1.57,18.0,0.3,0.706,0.502,0.16,0.481,0.528,93.9,92.96,77.46,7679,0.475,2007-08,2007,2008,2008-09,1610612751,0.415,0.0,0,NJN,8,13083.763333333332,7,3,0,0.132,0.257,0.2445999863953516,0.6062498837617822,0.8307907842009781,27.053638874034466,101.90917297240424,107.3706579070395,-5.46148493463527,0.1450200380675387,1.3152168017917374,13.697880553734668,0.04922538724204988,0.12759197124476673,0.08837265119184619,10.743911983529717,0.4961560685011881,0.5414412601471188,0.21293322334119466,94.36793163103684,0.10029014180170896,16.330163925822568,6.201885339309868,2.8945800252679597,2.0911414631213394,0.9327591526291239,0.7263965082421495,4.338168437271227,0.02237913082822886,0.04477028943879946,2.650533108080526,0.03146873354679086
1610612752,New York Knicks,82,23,59,0.28,3976.0,101.4,103.5,109.6,110.4,-8.2,-6.8,0.516,1.29,14.7,0.321,0.697,0.502,0.155,0.475,0.518,94.1,92.76,77.3,7676,0.44,2007-08,2007,2008,2008-09,1610612752,0.39,0.10999999999999999,0,NYK,13,19694.55,10,8,0,0.135,0.27,0.16195385694688802,0.3955067941807929,0.5845858371986159,26.354477169233785,102.64861462519666,109.18773431397689,-6.53911968878023,0.13043809209485197,1.4300044860126278,14.825267091657336,0.050335930244661604,0.12978880671725596,0.08861904350865257,11.072563179492127,0.4764551310726403,0.515740248698244,0.19574236180398472,93.67703794196873,0.08908787033299398,14.418608193637327,6.299001500415089,2.7930569624591577,2.0527506340586608,0.9450330167482882,0.3856904575123575,2.474731100256273,0.03127105738341766,0.04901165226387121,2.964313882564191,0.05693897734790743
1610612753,Orlando Magic,82,52,30,0.634,3956.0,109.0,110.4,102.7,104.9,6.3,5.6,0.558,1.45,16.4,0.274,0.709,0.501,0.151,0.537,0.575,95.6,94.02,78.35,7757,0.529,2007-08,2007,2008,2008-09,1610612753,0.72,0.08599999999999997,0,ORL,8,16725.513333333332,7,5,7,0.155,0.246,0.18461177275276452,0.5494624579534579,0.7980963812969168,27.0701056708972,109.87967946773533,103.83316212118254,6.058240783441824,0.15144507911466196,1.6270699155422037,16.888864098640518,0.039547636405379887,0.13890928878316441,0.09154748294721,11.068143728124738,0.5369073086745321,0.5753557757270629,0.19955809408141734,94.8872687475063,0.112174357777559,15.940676658852922,6.4572009150092855,3.3835732794648656,2.1803815089681353,0.9621229363363836,0.6564820930259441,2.7545870859286565,0.026394713725676637,0.03913876655732728,1.7911534356390078,0.03290239204726134
1610612754,Indiana Pacers,82,36,46,0.439,3951.0,103.7,105.1,104.6,106.3,-0.9,-1.2,0.601,1.51,16.9,0.278,0.701,0.487,0.152,0.498,0.54,100.1,98.64,82.2,8111,0.485,2007-08,2007,2008,2008-09,1610612754,0.439,0.0,0,IND,13,19089.33833333333,9,5,4,0.12,0.246,0.1547050303734118,0.4156524370540869,0.5952890981117471,27.087489412720178,103.96046961816297,104.7644257095344,-0.816774136487881,0.14588227416298608,1.6468197544475747,16.64116068978469,0.04407669123855613,0.13355271707950767,0.08808819146254679,10.848705320063916,0.5000406475586766,0.5399998658064193,0.1943633027965087,99.844905039925,0.09669643499953684,15.437727324755366,6.536423516687283,3.345532405828979,2.157434651785993,1.1202064538119578,0.7694347359516479,2.185075815243988,0.02278987652612153,0.03555931643743121,1.657725662768468,0.046505741143623935
1610612755,Philadelphia 76ers,82,40,42,0.488,3951.0,103.0,105.1,103.4,104.7,-0.4,0.5,0.547,1.43,15.9,0.351,0.688,0.515,0.156,0.482,0.522,93.1,91.56,76.3,7536,0.5,2007-08,2007,2008,2008-09,1610612755,0.5,0.01200000000000001,0,PHI,9,18392.555,7,4,6,0.133,0.236,0.17625446818019574,0.48834623574593083,0.6976173239661373,25.765036088424544,104.34840036271922,103.78548003073344,0.5736312691013655,0.14410386784217852,1.3847226400392258,14.256510038980448,0.05684277506124987,0.13061399571728888,0.09289164003224855,11.401464976816253,0.48508201896546355,0.523764336983089,0.19910745924098092,92.42017262781961,0.10380590869512148,14.713127132146676,6.4004158204229915,3.0925556563511702,2.08062447006411,1.3133574970959716,0.7261633851305596,3.7836258902393882,0.02436523802924776,0.03894084847189356,2.0548516831253245,0.033116767338255165
1610612756,Phoenix Suns,82,55,27,0.671,3956.0,111.2,112.0,104.9,107.0,6.3,5.0,0.645,1.85,19.7,0.253,0.674,0.481,0.147,0.551,0.59,99.0,97.72,81.43,8058,0.556,2007-08,2007,2008,2008-09,1610612756,0.561,-0.10999999999999999,1,PHX,7,15897.508333333331,6,6,6,0.168,0.278,0.17486167905767205,0.5096962259809058,0.8071350803925772,29.487030934092928,111.84503944800575,105.87763240675557,5.952178480799665,0.17324650319940077,1.9699287068571023,19.92784733037305,0.036795758349972035,0.11416682027214958,0.07898135871397038,10.11292505481729,0.5454805312782245,0.5846468721251392,0.19739033622145194,98.74073776865454,0.11155900437227846,16.74602047176156,5.6046518820297315,4.381818744132335,2.1308999680767586,0.8899507836919938,0.8718347372046249,4.092299366238274,0.037182387579714565,0.0464914872633282,3.1618990226197283,0.052358613733992754
1610612757,Portland Trail Blazers,82,41,41,0.5,3981.0,104.1,105.9,105.5,106.8,-1.4,-0.8,0.59,1.64,17.0,0.303,0.684,0.495,0.143,0.489,0.532,90.4,89.1,74.25,7381,0.495,2007-08,2007,2008,2008-09,1610612757,0.659,0.15900000000000003,0,POR,10,19477.698333333334,9,6,5,0.134,0.256,0.14334342550227744,0.40380558312031906,0.6304840604455404,24.2164201639499,104.9194013084537,105.64380728078838,-0.7412294351343189,0.14968665599520273,1.7218072515241578,16.385668224488192,0.04672855459735617,0.12668576052663305,0.08669749000972822,10.51153026379999,0.4985261118720479,0.5396643680263726,0.19609276258599687,90.02258775099968,0.10115138501563198,14.24459888698348,6.00502164056174,3.1697790438791578,1.8002127048036733,0.8150860398546406,0.6302592734476926,2.4517951384390395,0.01797416217809044,0.050436854665251545,2.303585589443521,0.04168318612440927
1610612758,Sacramento Kings,82,38,44,0.463,3966.0,104.5,106.2,107.2,108.6,-2.7,-2.4,0.515,1.19,14.9,0.29,0.689,0.493,0.166,0.503,0.556,97.2,95.81,79.84,7920,0.483,2007-08,2007,2008,2008-09,1610612758,0.207,-0.256,1,SAC,9,17786.13,7,7,2,0.129,0.255,0.14151663871417408,0.41688514214915406,0.6636032309070795,27.525260882121813,105.93589819707826,107.65130658927303,-1.7154083921947418,0.1280039347139222,1.214619894828161,14.685956725830744,0.04330584028116291,0.127208583879686,0.08601321366705403,12.108193191361282,0.5100707724689594,0.5629020525169519,0.19848489469041328,96.57887014394551,0.10032151082519543,15.74912586380511,5.908199254137915,2.8154522653325933,2.2547906711578065,1.1901408569486447,0.6193590173916417,3.311333306736775,0.020863134792701833,0.038963890959833526,2.867563072476665,0.037926688574277355
1610612759,San Antonio Spurs,82,56,26,0.683,3946.0,104.7,106.0,99.5,100.7,5.2,5.3,0.585,1.66,17.1,0.268,0.733,0.503,0.14,0.504,0.543,90.8,89.72,74.77,7377,0.533,2007-08,2007,2008,2008-09,1610612759,0.659,-0.02400000000000002,0,SAS,11,18002.003333333334,9,5,11,0.177,0.281,0.14724953759775997,0.41166196132615607,0.6617983813283003,32.12487897180332,105.0517848198747,99.49378301600139,5.562467455011025,0.15558594284228738,1.869021663514857,17.256571805619416,0.04110337553172324,0.13625183215719883,0.08948045337917021,9.425335365452847,0.5130607705512775,0.5473734863027282,0.1965288598435619,90.91159145898763,0.1105709424747357,14.676366574757145,6.063325174364854,3.2316403304002654,1.7718028049100465,0.9418951705560179,0.6039327845178714,3.4823601833148468,0.04692541093647616,0.07262198097876871,2.630990567856307,0.04767921219927234
1610612760,Seattle SuperSonics,82,20,62,0.244,3966.0,97.6,99.6,106.9,108.3,-9.2,-8.6,0.559,1.33,15.9,0.305,0.7,0.502,0.163,0.467,0.509,98.9,97.32,81.1,8030,0.45,2007-08,2007,2008,2008-09,1610612760,0.28,0.03600000000000003,0,SEA,9,16093.149999999998,8,5,0,0.106,0.273,0.17199667767549132,0.4529937685702716,0.7056556153808712,24.499604697236613,98.76870544299905,107.68981860812416,-8.935423642978536,0.14464602465438198,1.378756583805325,15.760999182882161,0.047340090659690616,0.12579970908947805,0.08653653573104085,11.790693535241187,0.4651199572488916,0.5074363680613595,0.19827738085251595,98.5510846115687,0.08962167858167398,14.732727899758595,6.446966566520539,3.3219102537414993,2.3600103149476643,0.9618999387938347,0.7046476295815302,3.613526113631346,0.017485608600864223,0.036634045601847416,2.413197830696791,0.02910753560737295
1610612761,Toronto Raptors,82,41,41,0.5,3966.0,107.7,108.9,104.3,105.6,3.5,3.3,0.62,2.04,18.7,0.269,0.709,0.489,0.127,0.511,0.551,92.4,91.35,76.13,7543,0.519,2007-08,2007,2008,2008-09,1610612761,0.402,-0.09799999999999998,1,TOR,11,18968.129999999997,9,4,8,0.156,0.282,0.138858794549946,0.39760754838071377,0.6134513523473322,26.79182950559702,108.15098640017051,104.71327789472832,3.408616163006053,0.15496623678770652,2.067818530345374,17.43202231848896,0.04246819612687175,0.1339955388327684,0.08870495272860317,8.657996896197288,0.518748501741254,0.5562207212835425,0.19563400556617863,92.15335093566591,0.1059330963744625,15.027733361169497,6.020203362165907,3.528233937662806,1.6511907077819479,1.019183229975754,0.6225178760373321,3.4957129405908023,0.031139847615349058,0.043829760809700004,2.9375719207093085,0.03449653889806761
1610612762,Utah Jazz,82,54,28,0.659,3941.0,110.8,112.1,104.0,104.9,6.8,7.2,0.66,1.8,19.6,0.327,0.71,0.521,0.154,0.528,0.573,95.6,94.64,78.86,7773,0.556,2007-08,2007,2008,2008-09,1610612762,0.585,-0.07400000000000007,1,UTA,11,18241.59833333333,7,5,11,0.155,0.263,0.16768989267113749,0.45364692549327956,0.6896261557489617,26.03500067930816,111.23851349283262,104.00972438544538,7.25743411190485,0.1708883588325913,1.8183217177880697,19.128539640943373,0.05512556867504026,0.13371780954136053,0.09520496568328851,10.570225708474558,0.524211452962044,0.570474641979015,0.1974633962539284,95.53919426285653,0.11248048640474577,15.979520800397697,6.3053685262777135,4.097009408623641,2.1531008019308246,1.343961178840414,0.6473116984723286,2.8993656867439044,0.031089262142897235,0.04131342249679468,2.2365358083465363,0.03981511917846549
1610612763,Memphis Grizzlies,82,22,60,0.268,3961.0,102.4,103.9,109.2,110.2,-6.8,-6.3,0.514,1.26,14.9,0.277,0.706,0.489,0.157,0.5,0.539,97.5,96.33,80.27,7945,0.451,2007-08,2007,2008,2008-09,1610612763,0.293,0.024999999999999967,0,MEM,9,15464.779999999999,7,5,2,0.119,0.248,0.19397118269168181,0.49084877594982496,0.7393264997411323,24.28916393680781,102.92315243626702,109.99888208346104,-7.083530738878922,0.1293223812430568,1.2931386404031182,14.886292045538312,0.036805079455812933,0.1273440283879456,0.08166726393779931,11.552286884563937,0.49941495568209404,0.5369294289993133,0.19812679704032862,97.40233828630821,0.09042937231136385,15.252205333667858,5.833642638304586,2.900526227983845,2.204493048074399,0.9614103789384654,0.6168855942341243,3.211591277643781,0.0214976436153685,0.031052430052613426,3.580554114824622,0.05128698587564677
1610612764,Washington Wizards,82,43,39,0.524,3981.0,106.0,107.6,106.8,107.9,-0.8,-0.3,0.538,1.49,15.6,0.32,0.695,0.503,0.144,0.489,0.535,92.0,90.85,75.71,7533,0.488,2007-08,2007,2008,2008-09,1610612764,0.232,-0.29200000000000004,1,WAS,12,19860.763333333332,10,6,6,0.136,0.286,0.1541117335369285,0.39971634188615435,0.6206785606931187,27.870832171774534,106.52314190172952,106.81307541217365,-0.28155516513380086,0.1331314786658922,1.6516741803646688,16.107545060789036,0.05125672049530154,0.1289366721218671,0.08895806262229934,10.32919809728696,0.4875664361843091,0.5336587681507374,0.19533681317049076,91.80442231827611,0.0978067653156668,14.680402515579715,6.171968214044811,2.907441120507453,1.868810346161586,1.1401374468822867,0.7087340886025025,3.634648846957421,0.026223327108092907,0.044081366656767325,4.4067741267896325,0.03770077450391898
1610612765,Detroit Pistons,82,59,23,0.72,3946.0,108.0,109.8,100.0,101.5,8.0,8.3,0.611,1.92,17.8,0.327,0.7,0.513,0.131,0.495,0.539,89.9,88.54,73.79,7279,0.552,2007-08,2007,2008,2008-09,1610612765,0.476,-0.244,1,DET,10,18141.601666666666,8,5,10,0.159,0.242,0.14849047231313003,0.421148316470771,0.6764254828290152,28.553320402342276,109.2429936956136,100.69785273461247,8.531778092728123,0.15286297350996483,1.9492151979230796,16.45300019908202,0.050731770835008044,0.13202250508752397,0.0908642335052923,8.807297894774267,0.49715750970536315,0.5413170423853608,0.19684954874895744,89.25733651135727,0.11276910813001537,14.775762632498179,6.219076026087738,3.315914498912766,1.613308490494362,1.071570215088506,0.8691625077940105,3.8930887572813546,0.021873111758916226,0.033419603112041577,2.3834141681219885,0.04062303612484142
1610612766,Charlotte Bobcats,82,32,50,0.39,3976.0,102.1,103.7,106.8,108.2,-4.7,-4.5,0.591,1.45,16.6,0.294,0.674,0.483,0.157,0.492,0.532,94.1,92.75,77.29,7678,0.469,2007-08,2007,2008,2008-09,1610612766,0.427,0.03699999999999998,0,CHA,11,17851.266666666666,8,6,0,0.12,0.256,0.1764194137484175,0.49518054741213513,0.7411834454324436,26.11977179957351,102.94089332596378,107.01627421396798,-4.0966651386082775,0.15588237585381426,1.596032576586535,17.18529207077742,0.03953765400401092,0.12115125313236405,0.08030046103171015,10.772952311507305,0.48740730891178585,0.5287065524762014,0.1969608903569868,93.73039443979698,0.09589680181425034,14.596611258211366,5.624474827183131,3.363794912779298,2.046913571025772,1.151514925178045,0.6917156205535366,3.0030776940162154,0.025823733391646807,0.045639633744991415,2.3636691654764657,0.033985053202790896
1610612737,Atlanta Hawks,82,47,35,0.573,3941.0,106.6,108.3,104.6,106.7,2.0,1.7,0.561,1.58,16.4,0.295,0.682,0.49,0.141,0.504,0.546,92.0,90.44,75.37,7428,0.507,2008-09,2008,2009,2009-10,1610612737,0.646,0.07300000000000006,0,ATL,10,19143.16,8,5,7,0.125,0.262,0.1632114725747125,0.4327792973225597,0.6592662862348744,26.4712914865327,107.35491784010581,105.81617681372005,1.5231849565763091,0.14367194270259803,1.6659715149780219,15.652537111601916,0.04568775740264407,0.12667558882650515,0.08650173969884456,10.084634294094254,0.5090463345654531,0.5518280852447212,0.19753781925241184,91.249259707732,0.10310312856741868,14.920420662001467,5.970801058968321,3.065324638147516,1.833553081100508,1.0850873105589673,0.6864070508735235,3.1601661387336817,0.019070737173776327,0.04287573278003844,2.2244149183750848,0.026177346625451986
1610612738,Boston Celtics,82,62,20,0.756,3976.0,108.1,109.5,99.4,101.6,8.7,7.9,0.606,1.45,17.8,0.314,0.715,0.524,0.169,0.528,0.571,92.7,91.15,75.96,7560,0.562,2008-09,2008,2009,2009-10,1610612738,0.61,-0.14600000000000002,1,BOS,12,19093.129999999997,10,5,11,0.17,0.251,0.15898135437545688,0.4479816387709437,0.6587780526294015,28.164553253796875,108.7847300311683,100.46978895899555,8.304582058223735,0.15170080599671193,1.5180692846065578,17.039695438446536,0.04887122584580597,0.13228868036129576,0.09279468164727316,11.990903848661798,0.5245661185463045,0.5666693593454819,0.196774101819171,91.96521558277769,0.11413442496507034,15.134867881798325,6.190079887373103,3.424058810682167,2.211685564388867,1.144495428460394,0.7014041176066995,4.167276302082017,0.033228396501341864,0.034133726354047246,3.352612340435713,0.04838757396245566
1610612739,Cleveland Cavaliers,82,66,16,0.805,3956.0,109.7,111.2,99.4,101.6,10.3,9.6,0.55,1.59,16.4,0.306,0.707,0.512,0.141,0.519,0.56,91.2,89.61,74.67,7395,0.559,2008-09,2008,2009,2009-10,1610612739,0.744,-0.061000000000000054,1,CLE,11,18933.039999999997,9,5,9,0.226,0.33,0.16130866112010186,0.43278593048624703,0.6412125751244034,26.717203629211163,110.4681958364848,100.23823443919555,10.205514161134891,0.1481932207752515,1.6559790715067417,15.975427761908989,0.04735306823415575,0.13219759381835497,0.09090854867117659,10.101000191552263,0.5161273969561501,0.5514384977267254,0.19589239146662837,90.52088056910038,0.11368168459300074,15.108825629692857,6.263336474227066,3.1069495442887147,1.7854501971157302,1.0819181705632062,0.7909981703941893,4.001017567358972,0.05361269676388093,0.07216934857814414,6.145660021336561,0.04053601982923957
1610612740,New Orleans Hornets,82,49,33,0.598,3951.0,106.2,107.6,104.1,105.8,2.0,1.8,0.553,1.56,16.3,0.282,0.707,0.496,0.141,0.501,0.548,90.0,88.74,73.95,7303,0.515,2008-09,2008,2009,2009-10,1610612740,0.451,-0.14699999999999996,1,NOH,12,18729.479999999996,7,6,8,0.212,0.271,0.16028697361948477,0.4590324984996915,0.6848055400719437,28.365112734932666,107.33567645764859,104.64731648538383,2.68030299470852,0.1370064141307358,1.4219550044457543,12.739485435082377,0.04591182955070473,0.13602836473125074,0.0910768370682653,10.223156898465236,0.5056388373658356,0.5472977307253948,0.19681416729135032,89.56300559421119,0.10372940679613103,14.523414424746443,6.0911461503469395,2.810115390283126,1.7356595057631072,1.0725337809698934,0.6381383786415854,3.325207735061593,0.053329047883703705,0.050834746483415245,3.3325645606540206,0.03973084417960939
1610612741,Chicago Bulls,82,41,41,0.5,3986.0,105.1,107.2,105.8,107.5,-0.7,-0.3,0.554,1.45,16.1,0.321,0.675,0.498,0.153,0.493,0.541,95.8,94.1,78.42,7816,0.499,2008-09,2008,2009,2009-10,1610612741,0.5,0.0,0,CHI,7,13830.96,6,5,3,0.113,0.243,0.21690817798137899,0.590979464428596,0.8515180194770766,23.638659692940088,106.28989541097171,106.45400383150071,-0.1943788669284948,0.15278216696454908,1.563365788299101,16.85791271900143,0.05320695647060412,0.1201225159593646,0.08661316724700721,11.082195981575635,0.49675189683145643,0.5430770356263533,0.19630332191932687,95.08886226986414,0.10275669620908455,15.208488781689775,6.121917784448803,3.412344479341998,2.1135192351073244,1.0853910357632444,0.9448368009162055,2.526797515088549,0.010793205866339332,0.04023209396680409,3.108187188453222,0.031008646442227197
1610612742,Dallas Mavericks,82,50,32,0.61,3961.0,108.1,109.0,105.3,107.0,2.8,2.0,0.569,1.71,17.0,0.297,0.707,0.504,0.136,0.504,0.55,93.9,92.68,77.23,7651,0.522,2008-09,2008,2009,2009-10,1610612742,0.671,0.061000000000000054,0,DAL,11,18620.25,9,4,8,0.16,0.295,0.16382477857887692,0.4525938158725044,0.6404965024637156,29.834673451394764,108.57382193221537,105.94885199357331,2.61843693469923,0.14561404841503203,1.706388194752129,17.411226075553948,0.045821839484790294,0.13355518687092455,0.09028274056470778,10.077972100267184,0.5184655036855037,0.5593751697748419,0.19879006368514565,93.61205230595723,0.10847146744359859,15.658436379747855,6.27961493535264,3.375679703548556,1.8463769283441414,1.0942925041285696,0.7308172554074194,3.94415758317999,0.03388981634133759,0.06710070236655856,2.9818259727423206,0.04515636547193749
1610612743,Denver Nuggets,82,54,28,0.659,3946.0,107.5,109.0,103.5,105.6,4.0,3.4,0.595,1.45,16.9,0.311,0.683,0.503,0.16,0.512,0.563,97.0,95.39,79.49,7848,0.529,2008-09,2008,2009,2009-10,1610612743,0.646,-0.013000000000000012,0,DEN,9,16418.36333333333,8,4,7,0.131,0.313,0.15290379126299436,0.4283056837374574,0.6679525912956407,27.176529674395077,108.04535119111549,104.0893250727996,3.9659308510044347,0.12365349763851817,1.1649522922402538,14.435572079961688,0.054598774766222144,0.13366215126193048,0.09543650158795773,12.05785809141756,0.5201338621044038,0.5611487807656023,0.19329987093719656,96.46591345990842,0.10369570992561379,15.346474851634625,6.764377042047838,2.762760153316135,2.212400789441254,1.3331414073144523,1.0020487222741856,3.5449811714042276,0.02410908324889754,0.05713622980550967,2.887848773243965,0.0475525793696856
1610612744,Golden State Warriors,82,29,53,0.354,3976.0,106.6,108.0,110.1,111.7,-3.5,-3.7,0.53,1.42,15.4,0.293,0.652,0.473,0.146,0.497,0.549,101.0,99.57,82.97,8247,0.478,2008-09,2008,2009,2009-10,1610612744,0.317,-0.03699999999999998,0,GSW,12,17291.716666666667,11,5,0,0.127,0.253,0.13732326557128027,0.38149614989065084,0.5873014343091056,25.10453309532599,107.2055546345408,110.55902643173079,-3.3632237979070903,0.12746826515200438,1.4496696433648864,15.221023264511045,0.051255105575598335,0.12775414461452161,0.0896831715185402,10.568951897006562,0.5069293140357185,0.5557892339588415,0.1937386757435882,100.18818102791026,0.09730607564508247,15.972503212038905,6.618429055144901,2.985475704648565,2.1089866728096207,1.188777285463271,1.0576162189410536,3.2605381678743965,0.015196530330961258,0.04106810394351165,1.7946671808973773,0.026719611347230814
1610612745,Houston Rockets,82,53,29,0.646,3961.0,105.4,107.1,101.4,102.9,4.0,4.2,0.562,1.44,16.2,0.308,0.714,0.517,0.154,0.501,0.548,92.7,91.23,76.02,7532,0.53,2008-09,2008,2009,2009-10,1610612745,0.512,-0.134,1,HOU,10,17145.454999999998,9,5,9,0.161,0.258,0.15099667326802743,0.43910577662321204,0.6741165515875782,27.932577272907984,106.47768377489349,101.74887325338796,4.709820367360718,0.12447821779396734,1.4968589712745057,15.283131321585417,0.05016488169410882,0.14156704804081702,0.09718559175011686,10.906000074072107,0.5085861234556525,0.5518203766926375,0.19729675755664305,91.89356579143957,0.10911028617593797,15.035821446558284,6.794570339486469,2.664496217802327,1.9737009020757976,0.9721526783628663,0.6781972248622156,3.1146917810006975,0.029237769005284815,0.05828706367732583,2.76553960357498,0.05926603668097538
1610612746,Los Angeles Clippers,82,19,63,0.232,3976.0,99.5,101.0,108.8,110.1,-9.2,-9.2,0.583,1.41,16.4,0.287,0.679,0.479,0.158,0.481,0.52,94.6,93.3,77.75,7723,0.441,2008-09,2008,2009,2009-10,1610612746,0.354,0.12199999999999997,0,LAC,13,16935.41,11,7,0,0.15,0.246,0.15805059733816107,0.4475268092121773,0.6494943631912857,27.047426368774058,99.9498397735868,109.34934411586924,-9.395377751901684,0.14303952812479884,1.4713400039719533,15.947799265956164,0.04146893255020102,0.12062558479540794,0.08048819170404886,11.336853246147173,0.49025614250457067,0.5276362062290392,0.19068468059920993,94.25915615171601,0.08804444376211343,13.85759187406741,5.692687688104391,3.1248136301394527,2.083209086759635,1.0501074376114896,0.9480727068314257,4.856473664596441,0.026398051200634265,0.038587436680416365,3.0445556185670273,0.0524024802842744
1610612747,Los Angeles Lakers,82,65,17,0.793,3956.0,109.8,111.4,101.9,103.5,7.9,7.9,0.577,1.73,17.3,0.326,0.698,0.514,0.14,0.513,0.555,96.9,95.49,79.58,7874,0.547,2008-09,2008,2009,2009-10,1610612747,0.695,-0.09800000000000009,1,LAL,10,18514.675,9,5,9,0.159,0.317,0.16199861281208913,0.45370397626027287,0.6867460541435376,27.64859658622148,110.74703250259591,102.32319001908849,8.41740503141427,0.14982235496977397,2.0286267181753574,18.143660087651195,0.0531527743083077,0.12932944686669723,0.09185282701424682,9.682537167589134,0.5121800097310198,0.551039256067597,0.1981754481242582,96.31500314750329,0.11195139603224652,16.18521524142336,6.595416878773191,3.569924937920866,1.9269039289104457,1.3105280000864183,0.7388733531644495,3.7552847900088038,0.03505190247160337,0.05579116588593423,5.444620206796645,0.042773427721296824
1610612748,Miami Heat,82,43,39,0.524,3991.0,105.1,106.8,104.7,106.5,0.4,0.3,0.551,1.63,16.3,0.282,0.693,0.484,0.136,0.5,0.54,92.3,90.8,75.67,7547,0.505,2008-09,2008,2009,2009-10,1610612748,0.573,0.04899999999999993,0,MIA,10,16275.426666666666,7,3,5,0.195,0.352,0.18727875644017933,0.5059311297112947,0.7419667236578334,25.220292432681745,105.82984064114653,105.12570214237087,0.6854106231316414,0.15520343665337602,1.7011210612399716,15.910428246837563,0.04091299838939195,0.12359841155213955,0.08143922862851727,9.908183758828239,0.5014666789073425,0.5379864708103915,0.20046827200433864,91.78745598169674,0.10209956810144044,15.109649967189801,5.55192818293755,3.2271965015561292,1.8049296403494184,1.1855910382687356,0.7210870867082235,3.1614638736098146,0.050211651709258856,0.0864115931405322,1.9834259629986646,0.02611786677099702
1610612749,Milwaukee Bucks,82,34,48,0.415,3956.0,103.8,105.2,104.9,106.3,-1.2,-1.1,0.599,1.56,16.8,0.31,0.699,0.496,0.149,0.483,0.531,95.2,93.89,78.25,7736,0.485,2008-09,2008,2009,2009-10,1610612749,0.561,0.14600000000000007,0,MIL,12,18675.364999999998,9,8,2,0.137,0.279,0.15735408651986188,0.38687249218422237,0.60791011759788,26.73814808974283,104.37825025999047,105.24299808865851,-0.8407926788401011,0.15044822060148935,1.5713260062119268,16.352588708886458,0.05081883834666685,0.13070600360421336,0.08918910286358528,10.99215419172084,0.4806964893769591,0.5277207252263433,0.19781590721252304,94.63616804544382,0.09815741468328286,14.925973334389985,6.130000672008285,3.275116711239647,2.041405884168797,1.1103397443637648,0.5860126428586537,3.4890287183404087,0.028153608130094963,0.05021935200454626,1.8540548601511078,0.029610876589004454
1610612750,Minnesota Timberwolves,82,24,58,0.293,3961.0,102.6,104.9,109.1,109.9,-6.5,-5.0,0.561,1.44,15.9,0.321,0.717,0.511,0.152,0.481,0.526,94.1,92.76,77.3,7645,0.453,2008-09,2008,2009,2009-10,1610612750,0.183,-0.10999999999999999,1,MIN,12,18589.023333333327,10,6,2,0.156,0.285,0.14060259934760788,0.4015364264251288,0.6243668530550378,25.811114695464543,104.2130036865842,109.03359305948833,-4.817085387487633,0.1391819570223072,1.5165430306810093,16.854855715030396,0.04897867469099595,0.13398289707528116,0.08967631238291701,10.819778204234145,0.48327577188473403,0.5289447895505357,0.1943851909379496,93.55829883567488,0.09290586084224972,14.553750089434498,6.282417204274852,3.106349320486086,2.002472068193649,0.906341322934843,0.5906711613143742,3.6108336511347603,0.03267625995253561,0.04632040203100257,3.679672769255204,0.04421676060991241
1610612751,New Jersey Nets,82,34,48,0.415,3966.0,105.4,106.8,108.2,109.5,-2.8,-2.7,0.559,1.52,16.0,0.288,0.703,0.493,0.143,0.497,0.543,92.3,91.12,75.94,7530,0.474,2008-09,2008,2009,2009-10,1610612751,0.146,-0.269,1,NJN,13,19668.76833333333,10,4,4,0.138,0.274,0.14979043341215825,0.4037803248313888,0.6023375807042994,26.266358569647767,105.8771879632185,108.24804082377297,-2.358319022009597,0.14296990923258115,1.5457838869930935,15.194966826002746,0.04429604853244073,0.12993094534558636,0.08650282516419219,10.203477094524048,0.5002845811138317,0.5414169631533444,0.19435685677996614,92.15193112329267,0.09549167703349666,14.618708966779058,5.933874354613461,2.9870706189787684,1.837634130793311,1.021314586636123,0.7083310842798918,4.032148632787543,0.027841908695917444,0.05290419784099431,3.0832389494628334,0.03513419048407753
1610612752,New York Knicks,82,32,50,0.39,3961.0,105.3,107.0,108.4,109.4,-3.1,-2.5,0.551,1.48,16.0,0.277,0.696,0.48,0.146,0.503,0.544,99.0,97.82,81.51,8066,0.467,2008-09,2008,2009,2009-10,1610612752,0.354,-0.03600000000000003,0,NYK,7,14289.038333333334,6,5,2,0.133,0.249,0.20339332376344899,0.592422186564223,0.8795271153657063,25.39626121328669,106.4242311851404,108.81143441773487,-2.387203232594496,0.15206034427555953,1.6698164338794435,18.608797664596743,0.04723382177690288,0.13007194407647912,0.08767913795924918,10.820002757358406,0.5033186100814109,0.5446033990157723,0.18357733638011325,98.67856631592772,0.09424530283878446,14.683143477231905,6.391752745665296,3.5851258009782088,2.023089260847155,1.0732702678964983,0.3879897212583585,2.274685959643378,0.02676257954490791,0.0370679748674679,2.0136542734387968,0.038676764928347554
1610612753,Orlando Magic,82,59,23,0.72,3946.0,107.2,108.3,98.9,101.3,8.3,7.1,0.544,1.39,15.6,0.273,0.717,0.502,0.149,0.52,0.559,94.6,92.99,77.49,7649,0.545,2008-09,2008,2009,2009-10,1610612753,0.72,0.0,0,ORL,10,17660.071666666667,9,5,9,0.173,0.258,0.16188864088226143,0.48104589609536313,0.6746898818738278,27.503708978908453,107.69051188259617,100.13212301988584,7.57533713292783,0.13231738470672494,1.3729946320527389,14.766677145421173,0.0458289370852874,0.13748973423380784,0.09290571489753298,11.057012773541974,0.5242256464040398,0.5618227400549433,0.19788192620584874,93.90068311444188,0.11214549072705726,15.474229389216333,6.676077097837372,2.837587578683854,2.0731512697711776,1.000901940469664,0.8683996469248001,3.6239229961001396,0.03431561268752459,0.04108482500242248,3.894401301323868,0.03165147638892111
1610612754,Indiana Pacers,82,36,46,0.439,3966.0,105.4,107.2,106.5,108.2,-1.2,-1.0,0.551,1.49,16.3,0.291,0.707,0.498,0.148,0.501,0.545,98.9,97.34,81.12,8037,0.489,2008-09,2008,2009,2009-10,1610612754,0.39,-0.04899999999999999,0,IND,12,19333.50666666667,9,6,4,0.14,0.289,0.14050486099090143,0.39429249944655664,0.6056222426971344,27.06271547220612,106.21860829006363,106.77992011106109,-0.5613118209974671,0.1398821848493772,1.6013315354758892,16.640697307541387,0.04442199182007334,0.13346820123336828,0.08847368101182543,10.687882013816429,0.5036914149217974,0.5447730529829734,0.19687591275043748,98.53649645123872,0.09835606206634011,15.771582737534079,6.440838806272772,3.262315579239635,2.08922264834867,1.033439010546802,0.7597173266722437,2.9747031123432586,0.026905974312025363,0.04875627420331123,2.0067078375851746,0.03776504260419625
1610612755,Philadelphia 76ers,82,41,41,0.5,3951.0,104.7,106.3,104.7,106.1,0.0,0.2,0.55,1.42,15.8,0.342,0.68,0.508,0.154,0.485,0.532,92.6,91.3,76.09,7512,0.503,2008-09,2008,2009,2009-10,1610612755,0.329,-0.17099999999999999,1,PHI,11,19367.29,8,4,5,0.135,0.266,0.1687881990717338,0.4556615819766214,0.6598914974681538,26.6377551187251,105.15955954601806,104.8876065520783,0.28019877845583974,0.14004641356637923,1.4382031593819617,14.357936241983264,0.05511586597815183,0.1265502248894915,0.09031263262266775,11.334038104109215,0.484151452870622,0.5314389116047386,0.19584503226832464,92.19470884413877,0.1019653977574216,14.571166125978392,6.1712299449226,3.0056863918493506,2.0279553825031797,1.2063639259803516,0.7602509179136576,4.381542983117259,0.02763585197457764,0.04510270207724114,2.9700393966093497,0.02737580404610318
1610612756,Phoenix Suns,82,46,36,0.561,3951.0,111.2,112.4,108.5,110.4,2.6,2.0,0.565,1.48,17.4,0.308,0.682,0.503,0.161,0.545,0.584,98.4,96.99,80.83,7984,0.525,2008-09,2008,2009,2009-10,1610612756,0.659,0.09799999999999998,0,PHX,9,15302.581666666665,6,5,7,0.137,0.245,0.16232446180922194,0.46925992553108414,0.7326167948349456,30.742147103936382,111.76725176764836,109.27132212658235,2.4832005253144107,0.15583141319618285,1.4375545030582528,17.425086300797393,0.05065622227796203,0.13418956420098613,0.09463986392709986,12.257157741030408,0.5446333664395844,0.5840011233398634,0.2028052738159977,98.02108334770092,0.10978838091481079,16.818338604956526,6.549483099202542,3.8911081343681766,2.5219274002676455,1.0562923532837434,0.8727939043836721,5.205864503672349,0.027436321596815597,0.035363541986510004,1.857546108704678,0.038477018627515853
1610612757,Portland Trail Blazers,82,54,28,0.659,3966.0,110.7,112.1,104.5,106.1,6.2,6.0,0.552,1.58,16.4,0.355,0.708,0.528,0.145,0.511,0.553,89.2,88.02,73.35,7273,0.531,2008-09,2008,2009,2009-10,1610612757,0.61,-0.049000000000000044,0,POR,11,19679.231666666667,9,5,8,0.159,0.272,0.15263875054742565,0.4143024215291603,0.6267585480767839,24.283903445078607,110.82981271541851,104.68053293747326,6.131484765792432,0.1394119030222979,1.6274195139224183,15.573091395251796,0.05647916496401156,0.1321072964484809,0.09354467971691646,10.371101658016967,0.5192904215687961,0.558556095728331,0.19451329265141531,89.09142325339768,0.1073817961558289,14.821310350954588,6.172192190091432,3.049509300795026,1.7927529182838184,0.9988194830438417,0.7280772055887345,2.8036505199400006,0.028050773171317826,0.04907084608160217,4.356184264067903,0.04527391146601385
1610612758,Sacramento Kings,82,17,65,0.207,3981.0,102.6,104.4,111.9,113.4,-9.3,-9.0,0.541,1.28,15.3,0.289,0.669,0.477,0.16,0.491,0.542,96.8,95.29,79.41,7901,0.44,2008-09,2008,2009,2009-10,1610612758,0.305,0.098,0,SAC,7,12963.546666666665,6,5,0,0.115,0.266,0.1776424867268834,0.5270034126463334,0.8295614317481019,25.43562834142097,103.94652286514184,112.50065378198971,-8.559726324894626,0.13291952459512105,1.2945932658860844,15.097902078752112,0.04538945322062069,0.11980400939660545,0.08190374637702028,11.994342507605941,0.4843814244250031,0.5319773655049133,0.19906356413779772,96.38472571420785,0.08611689779340223,15.009781273848926,5.726210728339775,2.9019836135378587,2.2910396948983096,1.083036946679201,0.7136935776834734,4.458664140811409,0.01781036401623793,0.029427813689290344,2.050178108298574,0.04191490821119783
1610612759,San Antonio Spurs,82,54,28,0.659,3981.0,106.2,107.6,102.0,103.4,4.3,4.2,0.571,1.8,17.3,0.258,0.74,0.502,0.13,0.513,0.548,90.4,89.19,74.32,7395,0.523,2008-09,2008,2009,2009-10,1610612759,0.61,-0.049000000000000044,0,SAS,11,18811.44666666667,10,5,9,0.167,0.313,0.13417460007506063,0.3974070574759977,0.6240556724859367,31.265358290714484,106.3830494695251,102.11945335942619,4.257319408714622,0.14899155505318212,1.8675472230205938,16.713130710840243,0.03808473847660839,0.13945891809844857,0.08976350410051753,9.08666734651278,0.5213166385927432,0.5514226517932167,0.19393355189411268,90.55060621954645,0.10475387246488574,14.467786812072225,6.056950431244522,3.1404283278585345,1.6343240658081586,0.8630915148471657,0.6047381789173046,4.2065613282485295,0.04087649477921312,0.07467457274624746,2.700906801917592,0.03360084808201002
1610612760,Oklahoma City Thunder,82,23,59,0.28,3961.0,99.9,101.4,106.9,107.6,-7.0,-6.2,0.555,1.25,15.6,0.309,0.716,0.508,0.17,0.471,0.521,96.1,95.1,79.25,7841,0.464,2008-09,2008,2009,2009-10,1610612760,0.61,0.32999999999999996,0,OKC,10,16383.715,9,6,0,0.148,0.277,0.17608287660440058,0.5142873070403547,0.7344913328061838,24.01772318834078,100.78217971320913,107.14493385657647,-6.327255682446462,0.1478029889232489,1.2139219961203347,15.714219943401115,0.04869600830255327,0.12639916384450453,0.08670536006841753,12.305294902082139,0.47643904104370305,0.5243414307031913,0.20032629392458712,96.09019226612118,0.09535785514254043,14.921890425950403,6.088728960434187,3.2388258706892787,2.4521910934119644,1.0942573158773818,0.6394154195187111,4.016412172953517,0.029362835302572683,0.05375817125747243,2.224729783176214,0.049957784874772045
1610612761,Toronto Raptors,82,33,49,0.402,3961.0,104.3,105.5,107.1,108.6,-2.8,-3.0,0.601,1.67,17.5,0.276,0.706,0.493,0.143,0.494,0.542,94.4,93.26,77.71,7697,0.492,2008-09,2008,2009,2009-10,1610612761,0.488,0.08599999999999997,0,TOR,7,14612.213333333331,6,4,0,0.148,0.268,0.20037108227272896,0.5486979613401027,0.8336869568470576,27.133375071629576,104.72383084104987,107.94694083533776,-3.1969852730501245,0.1608076886139084,1.8524615036645142,18.00329962560999,0.03558035914705142,0.12240828505560644,0.07965509993466653,9.74554121848755,0.5016578178665154,0.5494034377406664,0.19930735304986882,94.26665196169233,0.10059896127987912,15.34880410542414,5.489106829355535,3.6142368575693764,1.897043204041186,0.8918566751466355,0.524766496702302,3.603374287443396,0.03203631882985701,0.04098930613205137,1.5088494742445453,0.04246084743859162
1610612762,Utah Jazz,82,48,34,0.585,3976.0,107.1,108.5,104.7,105.8,2.5,2.7,0.644,1.67,18.4,0.316,0.693,0.505,0.155,0.504,0.554,95.6,94.47,78.73,7827,0.535,2008-09,2008,2009,2009-10,1610612762,0.646,0.061000000000000054,0,UTA,12,19268.078333333335,8,6,9,0.149,0.244,0.1351810122562819,0.3902277229341414,0.6063718341744337,26.388426297830943,108.13608851496782,104.94551751268745,3.176085437338631,0.16351449041752739,1.6285881250742271,17.599069609692094,0.04942598115864696,0.12949408179175803,0.08983646604785966,10.64032688954365,0.5012729242935229,0.5517131898726797,0.1973684385754781,95.24872266884944,0.10868471341243423,15.528066412435008,6.0778245746181065,3.747960681427581,2.1206058691028438,1.3190729018384209,0.661404826134279,3.2215764761215806,0.024865074560590193,0.02894533033027935,2.7085168708195053,0.04164294197222255
1610612763,Memphis Grizzlies,82,24,58,0.293,3961.0,100.9,102.3,106.8,108.2,-5.9,-6.0,0.497,1.14,14.2,0.297,0.697,0.495,0.166,0.486,0.533,92.5,91.22,76.02,7528,0.457,2008-09,2008,2009,2009-10,1610612763,0.488,0.195,0,MEM,10,18269.783333333336,8,4,1,0.113,0.253,0.17079038521712078,0.46999654256071266,0.7183642936834681,23.573003693712845,101.41095736402639,107.09606890977544,-5.740825990456008,0.11477948160304768,1.1597437928017755,13.59442765695999,0.0468035761234169,0.13087741790406202,0.08840171886731005,11.728112977074169,0.4854344391969619,0.5282604099483027,0.1945666077047073,92.13188136057079,0.09111063951679778,14.07110283190733,5.838492884881868,2.3941170621435943,2.072930987139968,1.0916385616687665,0.679811017645712,3.1125004889660595,0.02304004196762722,0.043574203662697375,2.706276902553576,0.04375085213837725
1610612764,Washington Wizards,82,19,63,0.232,3941.0,102.3,104.0,111.2,112.1,-8.9,-8.1,0.548,1.43,15.8,0.313,0.689,0.495,0.151,0.48,0.524,93.4,92.26,76.88,7576,0.448,2008-09,2008,2009,2009-10,1610612764,0.317,0.08499999999999999,0,WAS,10,15963.946666666667,9,4,0,0.132,0.255,0.19391883878339192,0.48564671977522683,0.7073677895858668,27.32675973610536,102.86238345613783,110.7247200775748,-7.863100091790167,0.12363895081082706,1.376131467281274,15.022687382652244,0.052267229239887206,0.1351740628466144,0.09237026735661023,10.814097380681135,0.4782994787838596,0.5234822534486041,0.20375413556881508,93.20920343737053,0.09518403135064346,15.246605684809772,6.361584771017359,2.690312170089936,2.0092775721291978,1.1523466210527722,0.7531972043671741,4.26900105143035,0.02631447513430757,0.052811259296922874,2.664553564376828,0.03919067269335722
1610612765,Detroit Pistons,82,39,43,0.476,3981.0,104.5,105.8,105.2,106.4,-0.8,-0.6,0.567,1.74,16.7,0.311,0.711,0.508,0.133,0.483,0.524,89.1,88.02,73.35,7302,0.496,2008-09,2008,2009,2009-10,1610612765,0.329,-0.14699999999999996,1,DET,11,17825.58333333333,8,5,4,0.121,0.271,0.1715146301897554,0.4405411697606905,0.6643019630026135,28.30570846208866,105.21058235588362,105.6493189937683,-0.431814985016853,0.13446355949080674,1.7024421192387342,14.81605811871514,0.05391518407532244,0.13808615407630417,0.09556989027942048,9.221303744150493,0.49877765159625437,0.5321305631886754,0.18792793335421465,88.69931072662418,0.09830314155216985,13.624014174384193,6.496954283871027,2.8475926454019733,1.577283585857405,0.8138864085794293,0.7432014847573944,4.132456257787225,0.019674170750184242,0.04744956108199632,2.0816874242065455,0.02584985753943913
1610612766,Charlotte Bobcats,82,35,47,0.427,3986.0,101.6,103.7,103.4,105.0,-1.8,-1.3,0.607,1.36,17.0,0.321,0.686,0.504,0.173,0.494,0.536,90.8,89.18,74.32,7401,0.495,2008-09,2008,2009,2009-10,1610612766,0.537,0.11000000000000004,0,CHA,6,10996.903333333332,4,4,2,0.139,0.215,0.2806515834306082,0.7681169941477465,0.97263472050162,24.979598499092624,103.11027895428745,103.40519050666082,-0.30562697801896355,0.16757947813187413,1.4688296296139127,16.735768978600337,0.050618615513276316,0.14236851980451468,0.09655126822065971,11.887714541457276,0.49503656665770474,0.5470767984381057,0.20242292072525872,90.01923776420695,0.1159292716040364,14.65285227265494,6.452361892181163,3.4798887323128245,2.252270411882618,1.1359561525047508,0.8347804578925402,2.0927830271487298,0.0235396435443497,0.010228926206217964,2.753253989455917,0.05265337806638919
1610612737,Atlanta Hawks,82,53,29,0.646,3971.0,108.9,111.0,104.0,106.0,4.9,4.9,0.562,1.83,17.1,0.32,0.685,0.502,0.13,0.506,0.545,92.5,90.77,75.64,7515,0.523,2009-10,2009,2010,2010-11,1610612737,0.537,-0.10899999999999999,1,ATL,10,19440.66,7,6,7,0.132,0.264,0.14844017641376372,0.44243353877903324,0.6959464510635612,27.22137194244777,110.14813646587444,104.9370884356121,5.2037965789227325,0.14361832048568993,1.9536433390978836,16.831938507574677,0.050103198656835726,0.12865203170399905,0.08911798862109961,8.96673352825127,0.5059874800203971,0.5451984252763709,0.1970164193671065,91.61302420802586,0.10577508522515869,15.219853646944085,6.164605522652009,3.285073654906778,1.692535129980155,1.0666304539043427,0.7536781158664366,3.4424474900593367,0.025609306916243503,0.04322506889083731,3.1165412233081735,0.031843118588715864
1610612738,Boston Celtics,82,50,32,0.61,3956.0,105.4,106.9,101.1,103.2,4.3,3.7,0.635,1.58,18.5,0.274,0.697,0.493,0.16,0.522,0.564,93.8,92.22,76.85,7609,0.54,2009-10,2009,2010,2010-11,1610612738,0.683,0.07300000000000006,0,BOS,11,18014.885000000002,9,5,8,0.151,0.235,0.16447842992059064,0.45478188361087685,0.6886824423247775,29.71887164419868,106.0997653144423,102.01191878271774,4.067711090023612,0.16006803253716767,1.588275854476266,17.49933548470242,0.043598245099353485,0.1324067949920302,0.08989077976351224,11.617110082393902,0.5240316405942457,0.5648981041695983,0.19523774543477063,93.32283817705932,0.11003347056244507,14.8637085388,5.971062263233987,3.573045290047647,2.1542185809123957,1.2789423856993816,0.7793555162855605,4.349668187024463,0.030749014549935443,0.02638168696492323,3.7174390593732305,0.045145773132496014
1610612739,Cleveland Cavaliers,82,61,21,0.744,3956.0,108.8,110.6,101.5,103.8,7.3,6.8,0.592,1.61,17.7,0.293,0.725,0.519,0.15,0.532,0.57,93.5,91.77,76.48,7573,0.552,2009-10,2009,2010,2010-11,1610612739,0.232,-0.512,1,CLE,11,18412.11666666667,10,5,10,0.218,0.328,0.1610749080994671,0.41350605172137544,0.6229855882946645,28.359697101636872,109.69389758736774,102.51001773288786,7.18490209798439,0.1601388698746387,1.7356311151985968,17.30435302115365,0.04335401090043061,0.13465455555988043,0.09128444593098566,10.351096017387102,0.5360383509228978,0.5710319745964387,0.1934970756576059,92.68340799672679,0.11288489844097231,15.246916206447386,6.227420892220431,3.480316856562753,1.953278954891118,1.016721778321703,0.7899146123884001,4.896997418328057,0.04955410457544292,0.07031012942417203,3.7326015676033264,0.035077520078326783
1610612740,New Orleans Hornets,82,37,45,0.451,3966.0,105.1,106.5,107.3,108.9,-2.3,-2.4,0.575,1.66,17.3,0.282,0.696,0.486,0.143,0.506,0.543,94.8,93.53,77.94,7721,0.484,2009-10,2009,2010,2010-11,1610612740,0.561,0.11000000000000004,0,NOH,10,17943.176666666666,9,6,1,0.167,0.248,0.16433275564546074,0.41396506712951053,0.62677660384551,27.832588636757556,106.02087451813159,108.26623227994003,-2.226728851245775,0.14887693864315737,1.704248950343798,16.063633687680348,0.04339441288081096,0.13417470559375122,0.08804508436168772,9.791294982512385,0.5085109222577272,0.5434645116723108,0.19720767968808198,94.22314704865525,0.10050360694213752,15.141800420698454,6.016994761054017,3.37264694675952,1.871909340467955,1.1395975406064291,0.5437164322259548,4.053275829947551,0.030407694365047554,0.04108779482059557,1.460506124024925,0.02024344967512122
1610612741,Chicago Bulls,82,41,41,0.5,3981.0,100.8,102.6,102.6,104.2,-1.8,-1.6,0.553,1.45,16.0,0.303,0.709,0.509,0.151,0.477,0.52,95.5,94.02,78.35,7794,0.5,2009-10,2009,2010,2010-11,1610612741,0.756,0.256,0,CHI,8,15666.783333333333,6,5,1,0.137,0.268,0.18325076302623278,0.5108335363460059,0.7759342217664336,26.188350512283417,101.83732288163812,103.15600691271449,-1.2905597405125706,0.15133871726487141,1.5745321268884167,16.34821932177101,0.05072816276900066,0.13617067532475818,0.09401144044672008,11.052800106807714,0.48139226644056904,0.5227488312321078,0.1979077039851831,94.87803932311142,0.1043424035140164,14.694784187777325,6.859097857781911,3.29742225323854,2.10023967906622,0.8823764078352608,0.8961635392076868,3.9559792669244698,0.025417816005609124,0.0396435877901245,1.9138312998796865,0.026872761475030864
1610612742,Dallas Mavericks,82,55,27,0.671,3976.0,107.1,107.8,103.2,105.0,4.0,2.8,0.611,1.81,18.0,0.279,0.697,0.493,0.137,0.506,0.552,94.8,93.6,78.0,7757,0.534,2009-10,2009,2010,2010-11,1610612742,0.695,0.02399999999999991,0,DAL,7,14369.706666666669,6,4,6,0.161,0.284,0.21146441866593424,0.5886740439146054,0.8622060714762908,32.048172637251696,107.69953386893539,103.67991589714657,4.019617971788799,0.185120636422177,2.0896936413918907,20.648199070173547,0.03442740167277828,0.12854305492666052,0.08283078070255204,9.998082215549747,0.5277326915975088,0.5676304387563466,0.20039241000512187,94.34323475287825,0.11887275511539087,15.908466700317703,5.777153419044508,4.268980670447459,1.9265528964636713,1.1449085483535733,0.7190125894474301,3.7561847450613444,0.025937181840565246,0.05509915055460776,2.2383928953391696,0.03152864335579026
1610612743,Denver Nuggets,82,53,29,0.646,3956.0,108.7,110.8,104.7,106.5,4.0,4.4,0.55,1.51,16.1,0.304,0.687,0.498,0.144,0.509,0.561,97.3,95.61,79.68,7876,0.524,2009-10,2009,2010,2010-11,1610612743,0.61,-0.03600000000000003,0,DEN,12,19689.403333333332,9,6,9,0.14,0.327,0.1399019878882397,0.4001344377965745,0.618669331608322,27.920473635480068,109.93334361241013,105.41999789734615,4.518346213640129,0.13994089282543015,1.5155744579021444,15.949208762208977,0.04640270028497562,0.1272001177960192,0.08726356927017087,10.735187336809426,0.5184799371777138,0.5651386472520498,0.19646590348683327,96.4778602068693,0.10520775498360285,15.934459500296354,6.163518413711877,3.1302116654626917,2.014890920175167,1.2341663984739,0.7587837857283978,3.87117789674022,0.028973872044958392,0.06831059250954831,3.8733707914469724,0.05457945795808428
1610612744,Golden State Warriors,82,26,56,0.317,3946.0,105.4,107.0,109.4,110.3,-3.9,-3.3,0.552,1.53,16.5,0.254,0.659,0.453,0.144,0.514,0.557,102.7,101.52,84.6,8338,0.47,2009-10,2009,2010,2010-11,1610612744,0.439,0.122,0,GSW,12,16544.704999999998,11,6,3,0.127,0.291,0.1750537911273325,0.4608096668994702,0.6908571856272646,25.210886403434415,106.32021737468273,109.78708666408176,-3.466882929211088,0.1490826312708507,1.6473229138869505,17.38038825714934,0.035258483101794004,0.1194244316635846,0.07678089424985214,10.719792042227407,0.5278866849947863,0.5662193692785699,0.20124461109057754,102.2020329485073,0.09748197887682694,16.824234702280883,5.524667862013859,3.5424022368485875,2.2477282006539254,1.4513404741879654,0.6201379837234935,3.298904518011085,0.01799665927333774,0.06020466933348918,3.3684286838352784,0.03155855325768251
1610612745,Houston Rockets,82,42,40,0.512,3981.0,104.5,106.8,105.5,106.8,-1.0,0.0,0.579,1.51,16.5,0.309,0.699,0.498,0.151,0.494,0.537,96.5,94.91,79.1,7857,0.489,2009-10,2009,2010,2010-11,1610612745,0.524,0.01200000000000001,0,HOU,9,16493.886666666665,7,4,6,0.128,0.254,0.17700032698983825,0.4983422140647666,0.7372954949369119,26.51671104000957,106.01004796524612,105.80401923662221,0.20602872862389823,0.15824399797824085,1.8187108516569575,18.705077921799713,0.04391547939175849,0.13316315115539779,0.08699465226105996,10.295365555642235,0.49063379785560957,0.5270168734234059,0.19145551371962863,95.44259069218778,0.09787553681505431,14.55593850327576,6.157190361034775,3.5685949097099816,1.994920946467843,1.097861308614141,0.5107346843254653,3.067011782760927,0.017279430379013534,0.04987916493343765,2.847497981374789,0.026195913132294295
1610612746,Los Angeles Clippers,82,29,53,0.354,3941.0,100.9,102.3,107.1,109.1,-6.3,-6.8,0.603,1.41,17.1,0.305,0.697,0.5,0.168,0.491,0.529,95.0,93.44,77.86,7670,0.465,2009-10,2009,2010,2010-11,1610612746,0.39,0.03600000000000003,0,LAC,9,13762.795000000002,6,4,0,0.118,0.267,0.19634601837780769,0.5691695134115804,0.820644232027966,27.19138941859799,101.65014528904436,107.63977714313602,-5.986007396511149,0.14584217316807138,1.401433768843223,14.478712960073395,0.04082811800461558,0.11952090509231593,0.0802034017557238,11.554352307555744,0.5013162947642539,0.5332369555021346,0.2066341903419085,94.67000518911068,0.09184245133346823,15.380596746518423,5.621241906168043,3.175517763651933,2.30970525972377,0.9364376930703394,0.8161132967540388,3.9477956917466743,0.024527770600416478,0.04228220553885536,2.470087673348283,0.03966490378360381
1610612747,Los Angeles Lakers,82,57,25,0.695,3966.0,105.9,107.6,101.1,102.7,4.9,4.9,0.55,1.58,16.2,0.314,0.708,0.512,0.141,0.496,0.538,95.2,93.73,78.11,7749,0.529,2009-10,2009,2010,2010-11,1610612747,0.695,0.0,0,LAL,11,19317.303333333333,8,6,8,0.16,0.319,0.1467794590376745,0.41541702421887383,0.6551388038806658,28.490390912051044,106.79664609846337,101.5889127122816,5.219066498412218,0.1379695871111064,1.665151657641655,16.54523211573182,0.04951077591748054,0.13308367342853755,0.0916343507056109,10.17658897696383,0.4971016211545055,0.536789041551866,0.19688984245730642,94.65852605634568,0.10701082742570521,15.27418164474648,6.643784475783455,3.1159628733548215,1.9456131816880582,1.116304881064317,0.7398548210058995,3.8855047120967443,0.0383375302218839,0.05548407632641816,3.299112800826293,0.042306708803310174
1610612748,Miami Heat,82,47,35,0.573,3976.0,104.5,105.7,100.9,103.4,3.6,2.4,0.519,1.43,15.4,0.294,0.701,0.5,0.144,0.496,0.537,91.9,90.3,75.25,7485,0.522,2009-10,2009,2010,2010-11,1610612748,0.707,0.134,0,MIA,12,19134.101666666666,10,5,8,0.178,0.337,0.14594021964797407,0.38137188044974857,0.5942412939689443,27.23248787657569,104.56413151876045,102.3118552817696,2.2605574723872146,0.13216181214325803,1.4954949370064496,14.367254642474723,0.04779073261953505,0.13497164068585746,0.09173067475252084,10.397429937700236,0.49930648255327015,0.5390749347086323,0.19568442922283347,91.17827392384329,0.10658248044220524,14.551192674231462,6.316052987767652,2.7713869678229823,1.8287767364045748,1.0912453776899727,0.8485373540313408,3.4046994851464496,0.03744810400156068,0.07320509839047226,2.7126639430570463,0.03314600452142928
1610612749,Milwaukee Bucks,82,46,36,0.561,3996.0,102.0,104.0,100.9,101.9,1.0,2.1,0.57,1.6,16.4,0.298,0.726,0.501,0.141,0.482,0.518,94.0,92.6,77.17,7698,0.495,2009-10,2009,2010,2010-11,1610612749,0.427,-0.13400000000000006,1,MIL,11,17023.023333333334,9,5,9,0.149,0.256,0.15688879785748985,0.42175185488985795,0.642865045319995,26.537536125094896,103.078280904665,100.73512506689468,2.361904250459231,0.15190507972829737,1.684369226813803,16.60192022294512,0.047480309706051035,0.14199612798901567,0.09234008990177421,10.27716827426072,0.4831114251737892,0.5143420450969638,0.19337252705013033,93.46433992727887,0.09971521294591813,14.095028556423681,6.568515933421149,3.2990614475650326,1.8927307663914772,1.067965404500219,0.7718957874110494,4.8539843822996716,0.028849815044511264,0.04674676218325839,3.0704510751948866,0.03271394473678434
1610612750,Minnesota Timberwolves,82,15,67,0.183,3956.0,98.9,100.6,109.3,110.4,-10.4,-9.8,0.524,1.22,15.0,0.308,0.705,0.501,0.167,0.478,0.518,98.5,97.12,80.94,8002,0.432,2009-10,2009,2010,2010-11,1610612750,0.207,0.023999999999999994,0,MIN,12,18869.16833333333,9,5,0,0.146,0.242,0.1315361805824157,0.38605596554732446,0.5949704902203339,24.330737770548268,99.27414878998817,108.99970211547038,-9.710157036597884,0.1316250766572383,1.244151224294376,14.844547538352028,0.047131546779883696,0.1331790619459381,0.0888695949415188,12.044657779918055,0.47837669422102247,0.5191469248644681,0.19788718518860707,98.38325602585734,0.08804399964280354,14.873787495138677,6.397102292355052,2.9705601757222833,2.36385617066147,1.0855804367283102,0.5151260420327659,2.5688295427976007,0.029347630058784397,0.03388082333737021,3.082360415327722,0.03258563211577937
1610612751,New Jersey Nets,82,12,70,0.146,3956.0,98.1,99.3,108.0,108.9,-10.0,-9.6,0.547,1.3,15.1,0.285,0.686,0.478,0.155,0.458,0.509,93.6,92.65,77.2,7628,0.429,2009-10,2009,2010,2010-11,1610612751,0.293,0.147,0,NJN,11,17319.735,11,5,0,0.126,0.247,0.1747547908017453,0.44009728401348713,0.6417977334333734,24.8612380616678,98.73697898187625,108.15344142582627,-9.418546983157269,0.1388617806989156,1.3626242626306542,14.270960852845999,0.04431455302289556,0.12480895002146396,0.08292909292973208,10.633934795576645,0.4644775910254977,0.5126908335106359,0.195510530905929,93.46980046076533,0.08856772414050601,14.059337512958484,5.76590808115713,2.833068750763219,1.9725475014484921,1.0122556725030722,0.6796870737340958,2.945611550027347,0.023610061943653504,0.038329188875780316,2.5747802066174783,0.03397380140018381
1610612752,New York Knicks,82,29,53,0.354,3976.0,105.2,106.4,109.1,110.3,-4.0,-4.0,0.567,1.54,16.6,0.268,0.691,0.476,0.146,0.509,0.547,96.1,95.03,79.2,7872,0.474,2009-10,2009,2010,2010-11,1610612752,0.512,0.15800000000000003,0,NYK,6,13439.638333333334,6,5,0,0.159,0.262,0.22463253289430035,0.6016187439567755,0.9191215835049132,25.330718596966214,105.98881157888303,109.49044706436173,-3.501635485478714,0.1385982461333595,1.653621859616014,16.46574044713257,0.04088251382756704,0.14392079102327035,0.09158935142475932,9.58774714051705,0.5149673147206466,0.5534761585226191,0.20463126611914037,95.67296389052136,0.10568851207925613,16.353118629308355,6.391243415156385,3.1286556198250874,1.8857650311274499,0.9884194552358366,0.4794771883122351,3.0871758267729414,0.029821766880626776,0.04074435851229262,0.9186925407215184,0.028773697023162393
1610612753,Orlando Magic,82,59,23,0.72,3946.0,109.5,110.7,100.2,102.8,9.3,7.9,0.537,1.4,15.8,0.28,0.726,0.512,0.152,0.536,0.573,94.2,92.54,77.12,7614,0.551,2009-10,2009,2010,2010-11,1610612753,0.634,-0.08599999999999997,1,ORL,12,19730.000000000004,8,5,12,0.167,0.247,0.1440852339922284,0.38123956749450916,0.5818135664808243,28.454764402770742,109.70717477614461,101.69541409866531,8.007825029565806,0.13431929413752322,1.530862837472546,15.459590809258321,0.04383121709748268,0.13692214951849974,0.09254442042574759,11.165714901165737,0.539565998732894,0.5729237310356479,0.19557344838655177,93.43480009376584,0.11074486104071633,15.374353775975672,6.4701469842878865,2.9467815509376583,2.038114546376077,0.9342118601115054,0.8320324379118095,3.548421244036926,0.02604836196377931,0.03880275566807362,3.059715823480697,0.029676774137427513
1610612754,Indiana Pacers,82,32,50,0.39,3941.0,101.3,103.0,104.2,106.0,-2.9,-3.0,0.573,1.4,16.1,0.255,0.69,0.473,0.154,0.491,0.536,99.4,97.77,81.48,8024,0.476,2009-10,2009,2010,2010-11,1610612754,0.451,0.061,0,IND,13,19425.066666666666,11,6,3,0.147,0.282,0.12823216393937728,0.3684537333205206,0.5904841167426281,26.94980669307012,101.84831315036244,104.51972531196805,-2.699961364353962,0.14246647493273298,1.4554493592471582,16.340045139270224,0.03775699594338587,0.1289859196536434,0.0833921547244797,11.028629794492343,0.49144456132282693,0.5344612877347482,0.19627634568392732,98.94424964993685,0.09632526349115919,15.217245071659987,6.152874636208885,3.159834715281973,2.1386799187304377,1.0730465103508868,0.8061748393827907,2.8358166721807083,0.02703824861529219,0.042157259056990026,3.050739308702099,0.027723862376486504
1610612755,Philadelphia 76ers,82,27,55,0.329,3961.0,103.4,104.8,107.6,108.9,-4.2,-4.1,0.558,1.45,16.4,0.31,0.693,0.498,0.156,0.496,0.534,93.9,92.72,77.26,7648,0.478,2009-10,2009,2010,2010-11,1610612755,0.5,0.17099999999999999,0,PHI,11,18498.280000000002,9,5,0,0.128,0.249,0.17259325371512016,0.4127527892683355,0.6309182078910399,25.76846658175787,103.90540770997809,107.90568166337627,-4.010609923373057,0.13676888166539447,1.4643485844810076,15.643709883657651,0.05135281766737232,0.1338829424501449,0.09213250060726366,11.224413152646264,0.4996153257672245,0.5359712113774903,0.19554673281335705,93.53496707892123,0.09697786136512873,14.551190705298007,6.268474690619885,3.0885033635559633,2.0784635112021226,1.231898317032719,0.8426729404031078,3.5977493413999615,0.02343771849057842,0.02702171496641782,1.5319375206345724,0.022296175255966562
1610612756,Phoenix Suns,82,54,28,0.659,3946.0,112.7,113.9,106.9,109.1,5.8,4.8,0.573,1.58,17.5,0.311,0.673,0.503,0.152,0.546,0.585,97.9,96.43,80.36,7937,0.536,2009-10,2009,2010,2010-11,1610612756,0.488,-0.17100000000000004,1,PHX,11,19359.268333333333,9,5,10,0.155,0.27,0.14657380732622383,0.4123404801541656,0.6510086770669105,28.863045530043703,113.17262238991296,107.99020394279707,5.174115077179655,0.14418236398569123,1.5014377910804306,15.82006227680264,0.04884045178704669,0.12601235222302218,0.08987615948984295,10.395719268316007,0.5483700920687342,0.5867100698795348,0.19620736501663583,97.32282011777131,0.10836260891746854,16.646910123411168,6.421110439693785,3.5369105289017027,2.1236339768694767,0.8870169938412787,0.7680042315648807,4.90820603646341,0.025311923114791725,0.0426464683376482,1.962840084717786,0.035211202218850414
1610612757,Portland Trail Blazers,82,50,32,0.61,3971.0,108.0,109.6,104.0,106.1,4.1,3.5,0.563,1.65,16.6,0.32,0.702,0.51,0.138,0.499,0.547,90.2,88.64,73.87,7339,0.525,2009-10,2009,2010,2010-11,1610612757,0.585,-0.025000000000000022,0,POR,12,17434.72333333333,10,3,9,0.148,0.263,0.16757583573164436,0.44966978732288454,0.6582584141952735,26.487402725251158,108.38094679640265,104.87866433976488,3.497025839431158,0.1390566741619263,1.5819555706552653,14.3547056095145,0.04990545495703306,0.13065092926625163,0.09007601688354869,9.837342366774964,0.5041433500426448,0.5539349358760497,0.20073008519206026,89.59879924296668,0.10742138466206423,15.18280473621893,5.94675338505515,2.927950104169515,1.7262103576062866,0.9333099062656,0.6049995631323468,5.199433121153869,0.02542917422878736,0.047228352019855466,3.3921225858838673,0.03924897090268191
1610612758,Sacramento Kings,82,25,57,0.305,3976.0,102.4,104.4,107.2,109.1,-4.8,-4.7,0.534,1.37,15.7,0.315,0.7,0.504,0.156,0.491,0.528,96.5,94.78,78.98,7855,0.467,2009-10,2009,2010,2010-11,1610612758,0.293,-0.01200000000000001,0,SAC,12,17270.77666666667,8,5,2,0.131,0.261,0.154977396307018,0.4348669515538096,0.656928476291261,24.270326966573403,103.40349338661281,107.61666584961536,-4.2101732830776,0.13677857297674123,1.4374403544484489,15.541003174340936,0.048858513697415264,0.13320724593933528,0.09004036433026656,11.218716384690673,0.4927085931090149,0.5256836088050856,0.19247542438257462,95.87646455679567,0.0937346411558793,14.532756971168833,6.4680356972944475,3.0557977222796198,2.0886148142729737,0.9984495968430681,0.6982893840134192,3.6723235089353268,0.021751912587060246,0.03895871316395212,1.833632498194236,0.024379779898779555
1610612759,San Antonio Spurs,82,50,32,0.61,3956.0,107.2,109.3,102.0,103.9,5.2,5.4,0.581,1.64,17.4,0.303,0.72,0.515,0.147,0.515,0.552,94.0,92.26,76.88,7605,0.532,2009-10,2009,2010,2010-11,1610612759,0.744,0.134,0,SAS,11,18775.828333333335,10,5,10,0.18,0.263,0.13423136147477557,0.3853265417406795,0.5918587524367545,29.352395637760154,108.05046967745854,102.36713453476575,5.680414650148148,0.15103539160322887,1.7767540792918417,17.29528106926841,0.04747828746481403,0.13551110554643087,0.09227987216187623,10.156638522028814,0.5150405466354481,0.5498722343097691,0.19613593239605853,93.47400423523257,0.10899209107241342,15.285184488531666,6.423152036701089,3.4148160529446687,1.9211935345595497,0.9452578967443692,0.6614887918393659,4.044386978699547,0.037193229324789016,0.047724106394155565,2.3639074635273833,0.029511323328593114
1610612760,Oklahoma City Thunder,82,50,32,0.61,3961.0,105.8,107.0,101.6,103.5,4.1,3.5,0.535,1.34,15.5,0.32,0.694,0.511,0.158,0.494,0.547,95.6,94.13,78.44,7774,0.532,2009-10,2009,2010,2010-11,1610612760,0.671,0.061000000000000054,0,OKC,9,18123.596666666668,8,4,8,0.183,0.311,0.17873521793595418,0.5018305785146766,0.7274467595560041,23.176974989695758,106.7718221401602,102.88107705442575,3.904389893911786,0.12470384557590575,1.177616466488716,13.28403566510621,0.05342916196362055,0.13487957513584042,0.09515214143476673,11.35084723801144,0.4989296370348858,0.5456090808134294,0.19970537792443335,94.9800770937851,0.10859214120302464,15.670399492080216,6.699994611077015,2.7809049675386364,2.139310464313651,1.1898300539683166,0.91769863928775,3.062990520392886,0.03811945855568488,0.06762729992101058,2.597982932069687,0.0436090351723964
1610612761,Toronto Raptors,82,40,42,0.488,3956.0,108.6,110.2,110.2,112.2,-1.6,-2.0,0.564,1.64,17.1,0.288,0.692,0.495,0.142,0.521,0.564,95.4,93.94,78.29,7746,0.489,2009-10,2009,2010,2010-11,1610612761,0.268,-0.21999999999999997,1,TOR,12,19378.396666666667,10,5,4,0.167,0.285,0.1444539013289541,0.39200164306678964,0.6015497670171887,25.652076478979428,109.19698775388882,110.99166159085404,-1.7946738369651845,0.13994689877163904,1.6524159781708812,16.70155748179373,0.043604020903690185,0.12993163297479549,0.08784621268116612,10.080606969720062,0.5228607395107853,0.5629385847023123,0.195454483420455,95.04467023759622,0.0983798350878358,15.552989506011766,6.033935728084832,3.2974864277557194,1.898609086854279,0.839697952307372,0.6873633680392204,3.1648263015495117,0.030883895952660327,0.04016115394136672,2.9427939058886925,0.03487744817207042
1610612762,Utah Jazz,82,53,29,0.646,3951.0,107.8,109.7,102.9,104.0,4.8,5.7,0.678,1.76,19.8,0.313,0.718,0.52,0.16,0.524,0.565,96.0,94.68,78.9,7791,0.55,2009-10,2009,2010,2010-11,1610612762,0.476,-0.17000000000000004,1,UTA,10,17267.649999999998,8,5,10,0.163,0.245,0.16223979522401719,0.4488843782062605,0.6905789149073557,26.62128855596061,109.43959198269596,102.910032556061,6.524892192433056,0.16938809257001772,1.659076009184805,18.151687307383067,0.04946105955355825,0.14118505162350795,0.09625229953120429,11.07306493163034,0.5295650502529297,0.5714714229595032,0.2003860696157265,95.49610868782568,0.11269762291529728,16.08649700451422,6.565108743807061,3.979927784035465,2.255778869736183,1.1654162552518725,0.7901480514140603,2.634923154090775,0.034682609449117593,0.03140014632101991,2.179650520171391,0.03278588931717518
1610612763,Memphis Grizzlies,82,40,42,0.488,3981.0,104.8,107.5,107.6,109.0,-2.9,-1.5,0.479,1.24,14.4,0.355,0.698,0.523,0.16,0.494,0.536,96.1,94.29,78.58,7816,0.486,2009-10,2009,2010,2010-11,1610612763,0.561,0.07300000000000006,0,MEM,11,19294.486666666668,7,5,3,0.141,0.243,0.16454208162400796,0.4840253156946734,0.7451060285615269,24.185133024183425,106.65595090549184,108.0218181843311,-1.330867453327773,0.11912063178324173,1.270611352534904,14.344702554062941,0.05360906854911577,0.13177704762293063,0.09174198147450069,11.345718586967678,0.4988178399321672,0.5375935877019101,0.19616165559211562,95.18837022182157,0.09864656198851969,15.30717064943941,6.394158193031309,2.8248484109277507,2.1344957609652226,1.1754653229091698,0.6978159218540151,2.483816738093375,0.025719517332385453,0.034757921939681635,3.342214407476362,0.04902341945071532
1610612764,Washington Wizards,82,26,56,0.317,3966.0,101.4,103.1,106.7,108.3,-5.4,-5.3,0.518,1.28,15.0,0.317,0.691,0.501,0.159,0.481,0.524,94.1,92.6,77.17,7656,0.462,2009-10,2009,2010,2010-11,1610612764,0.28,-0.03699999999999998,0,WAS,8,11052.75,7,3,0,0.126,0.305,0.20410772582992168,0.5182452330867884,0.752563087617712,27.11115800743405,101.63559592258338,107.50806788657424,-5.853388779564664,0.17258490752678443,1.5334724721600204,18.148938318518013,0.037738706958298465,0.11647625960356774,0.07669435856838042,12.023989127894266,0.5034646302202317,0.5422521993772289,0.2074644880233426,93.53533928207912,0.09682933447935278,15.31817873379928,5.318857297957522,3.6609893465427157,2.345117730881455,0.9022189047974486,0.7263350749813395,4.04953483621133,0.026692903843584772,0.05651302262456969,2.76869656661814,0.048836141348010974
1610612765,Detroit Pistons,82,27,55,0.329,3956.0,102.4,104.5,108.9,110.3,-6.5,-5.9,0.541,1.45,15.5,0.346,0.697,0.51,0.149,0.474,0.515,91.0,89.46,74.55,7379,0.448,2009-10,2009,2010,2010-11,1610612765,0.366,0.03699999999999998,0,DET,14,19780.0,10,7,0,0.11,0.271,0.12632018874283785,0.33903909673070437,0.5198848163127738,27.386571031344797,103.4765533535558,109.13858704078194,-5.676645896528481,0.13676896806538594,1.489323062858106,15.010224747219414,0.05356938026626223,0.12975697084597237,0.08916604499494442,10.527724368048535,0.48173422210987543,0.5170746691944726,0.19510922691270643,90.38554631108865,0.09024005856083589,14.030535894843279,5.9969666329625895,2.895652173913044,1.8855409504550054,1.0847320525783621,0.5696663296258848,4.007758913630452,0.017372082410193095,0.05212147908688731,3.0960757742839347,0.0244420412236665
1610612766,Charlotte Bobcats,82,44,38,0.537,3976.0,101.5,103.9,100.2,102.0,1.3,1.9,0.58,1.29,16.1,0.315,0.698,0.51,0.172,0.49,0.538,92.8,90.91,75.75,7519,0.518,2009-10,2009,2010,2010-11,1610612766,0.415,-0.12200000000000005,1,CHA,9,13982.896666666664,6,3,7,0.144,0.208,0.2230881345758354,0.6199306819831562,0.8084154713770563,26.58334944428539,102.51633723246186,100.66527910645124,1.8497951425896735,0.1490538624686492,1.5078271741024571,17.331096048529766,0.049399856348315056,0.13692982414945498,0.0935426938242887,12.503992639579451,0.5102336988354107,0.5562936639976124,0.17888480498437495,91.99679940064878,0.10778800160386416,13.32084506095423,6.341175374010489,3.1512783831866984,2.087979386245435,1.1019176045783554,0.7569247096870011,2.5030182342353453,0.02321079720415225,0.020564981482506864,1.3450555184181114,0.039220006521612824
1610612737,Atlanta Hawks,82,44,38,0.537,3946.0,103.2,105.1,104.6,105.8,-1.4,-0.7,0.607,1.61,17.7,0.274,0.71,0.494,0.151,0.501,0.542,91.6,90.22,75.18,7410,0.493,2010-11,2010,2011,2011-12,1610612737,0.606,0.06899999999999995,0,ATL,10,16193.745000000003,6,5,4,0.15,0.261,0.16695993833833161,0.4880243369687905,0.7450088496103484,27.302618696292917,104.36619057749355,104.7534837370849,-0.36785510907658064,0.15402892711558278,1.672042293696321,16.844099362644858,0.04674081422590431,0.14243897072604267,0.0953764106655584,10.880776641433673,0.4977006037413416,0.5454927552788644,0.20421303266580193,91.2024339727057,0.10641048462436165,14.954663050455592,6.382464340398098,3.2657053695732516,2.00521868165764,0.9248015205871155,0.6980473015970055,2.8204633620665907,0.03152259696445741,0.04484435369126628,3.444541626706551,0.024560842598868926
1610612738,Boston Celtics,82,56,26,0.683,3956.0,104.0,105.5,97.8,99.8,6.2,5.7,0.635,1.61,18.8,0.257,0.709,0.497,0.159,0.519,0.561,92.5,90.92,75.77,7500,0.558,2010-11,2010,2011,2011-12,1610612738,0.591,-0.09200000000000008,1,BOS,10,15835.176666666664,9,5,9,0.168,0.236,0.18250548936092284,0.5172566225447859,0.8025413041386971,30.836913934019893,106.11811972206185,98.40333472755701,7.709756885145794,0.1701062239490855,1.7471183544315791,18.907689462679404,0.03496330564041702,0.1331514298440624,0.087276461393021,10.543203012365089,0.5230508245040104,0.562617716400596,0.1991730556421537,91.85258873124877,0.12070347010127033,14.96819422917711,5.733564071382848,3.8716334708822324,2.030163646211294,1.3140364921725958,0.622916953036836,4.652250647483756,0.027815258081547913,0.025570888118037014,5.114662011801689,0.05570214969813132
1610612739,Cleveland Cavaliers,82,19,63,0.232,3951.0,99.5,101.5,109.1,110.9,-9.6,-9.5,0.596,1.48,16.4,0.283,0.699,0.485,0.151,0.472,0.518,95.5,93.76,78.14,7715,0.441,2010-11,2010,2011,2011-12,1610612739,0.318,0.086,0,CLE,12,15921.916666666668,12,6,0,0.135,0.252,0.1417115820436191,0.4069988433134621,0.639836912432025,27.114022913907984,100.620138488352,109.95034142664987,-9.341773132422292,0.13747881096811,1.4766391755598938,14.741557015225345,0.04476566221612767,0.1326693344080225,0.08757055798349236,11.046885917210554,0.48037665503001625,0.5247568000083743,0.19693726540460477,94.82139932797037,0.0889560830720757,14.567844114245041,6.240454719124059,2.871513584524476,2.0394529553079352,0.9428513108241785,0.6014351287271738,5.252092400321356,0.027859433259298072,0.04399718833081135,2.588970431238378,0.04538463242668499
1610612740,New Orleans Hornets,82,46,36,0.561,3966.0,103.8,105.4,102.5,104.4,1.4,1.0,0.574,1.58,16.8,0.289,0.721,0.503,0.145,0.493,0.537,90.9,89.4,74.5,7387,0.507,2010-11,2010,2011,2011-12,1610612740,0.318,-0.24300000000000005,1,NOH,10,16543.898333333334,6,4,6,0.169,0.257,0.1740607488823422,0.47933190675837284,0.7358563917673978,26.777152180678087,104.72354317135452,103.08409871957828,1.6071319949882827,0.14074458337560303,1.60014668348522,14.966637155954473,0.04743165219322048,0.14071448194545846,0.09342690855107809,10.737349167704224,0.5026317537613817,0.5413638445150825,0.1896865247096638,90.50438992764603,0.1024703941704993,13.874359922626056,6.192978095952596,3.0507924422085524,1.7886957114803352,1.19463983649964,0.7072093749770182,2.071139230338954,0.03889010437784815,0.03667534284729815,2.6572990926890294,0.038263119485747496
1610612741,Chicago Bulls,82,62,20,0.756,3966.0,105.5,107.2,97.4,99.5,8.1,7.8,0.601,1.57,17.3,0.332,0.717,0.528,0.154,0.501,0.541,92.9,91.2,76.0,7542,0.555,2010-11,2010,2011,2011-12,1610612741,0.758,0.0020000000000000018,0,CHI,11,19583.52333333333,9,4,11,0.165,0.314,0.16380700646819257,0.41440534108860566,0.5943365315434388,27.05674421541783,106.25455324093028,98.4597886369443,7.80722281502971,0.15615378080587133,1.6919547138010749,16.926013109319623,0.051246014464200094,0.1354502761420017,0.09431636790928158,10.728978135871705,0.5047803927689554,0.5411360695734527,0.1951613865193138,92.01988547430264,0.11218047739792142,14.719108257162443,6.59574877316084,3.319933747025774,1.9835041600447454,1.0680407015625553,0.8364174168863384,3.7886685067009442,0.03150513217881396,0.06756703392862473,1.5263822754097294,0.027735217570621612
1610612742,Dallas Mavericks,82,57,25,0.695,3941.0,107.6,108.4,102.3,104.1,5.3,4.4,0.637,1.71,18.7,0.278,0.713,0.504,0.151,0.525,0.565,93.4,92.24,76.86,7581,0.538,2010-11,2010,2011,2011-12,1610612742,0.545,-0.1499999999999999,1,DAL,12,18659.986666666664,10,6,8,0.169,0.274,0.14216766142741083,0.4137810209224873,0.6448329009166853,31.732903524761365,107.1464265515731,102.6611671212341,4.470589850367882,0.16211575052929658,1.6334819969503374,17.937836441826683,0.04360296372130313,0.13570971611984003,0.0916912322731206,11.15227512667033,0.5343508626122634,0.5681147422220382,0.19513273133814318,93.36773125507773,0.1092988996419433,15.07332266761177,6.270100943266127,3.6501633798952344,2.0643101567060786,1.0070746745799748,0.6501612362709799,3.7099459581056524,0.03174088811981885,0.056061775912393495,3.8720382000101035,0.06166817511463692
1610612743,Denver Nuggets,82,50,32,0.61,3941.0,109.5,111.7,104.8,106.8,4.7,4.9,0.576,1.57,17.0,0.283,0.716,0.506,0.147,0.526,0.574,97.9,96.06,80.05,7888,0.524,2010-11,2010,2011,2011-12,1610612743,0.576,-0.03400000000000003,0,DEN,9,13472.571666666665,7,4,8,0.132,0.219,0.1725203911205767,0.4986197265233822,0.7682147543471968,27.328340060787696,111.37849773298663,106.06401889616964,5.286709008661176,0.13255946853997064,1.7025664884815972,16.864424918627883,0.04510822989374832,0.1344841578748328,0.09122199807683337,10.306715310353393,0.5515647733920632,0.5857166489990836,0.18128578174199106,97.1879375516404,0.10116579388518127,15.188191613504125,6.388980673449748,3.104975132809957,1.8490901823618675,1.127624359764029,0.6519913359773059,3.3915155855608026,0.02195248234775292,0.031254250222158074,2.3874866253619635,0.04877626574664347
1610612744,Golden State Warriors,82,36,46,0.439,3966.0,105.5,107.1,107.6,109.4,-2.1,-2.3,0.568,1.54,17.0,0.3,0.659,0.476,0.151,0.51,0.544,97.4,95.85,79.88,7916,0.472,2010-11,2010,2011,2011-12,1610612744,0.348,-0.09100000000000003,1,GSW,9,17409.89,9,4,2,0.121,0.278,0.18533565308760327,0.5173919345077233,0.7537668723543534,25.470325487409742,106.78292245576124,108.58682320795823,-1.8090046806728817,0.1497144500434332,1.593967982183307,16.539978033558317,0.04685545830559527,0.12519607227079935,0.08528509398968058,10.71736150161393,0.5139984387226648,0.5453458261367533,0.2003795781210182,96.83052766463966,0.09765695618984381,15.903374461297574,6.062760879017616,3.4614808020039187,2.117417169206698,1.3130467797326693,0.7340655225277127,1.9751337219081648,0.024178341835279397,0.05199622255440803,3.264597948525794,0.03517843321904312
1610612745,Houston Rockets,82,43,39,0.524,3976.0,108.0,110.2,106.2,107.9,1.8,2.3,0.617,1.76,17.8,0.315,0.69,0.501,0.141,0.503,0.55,96.9,95.14,79.28,7880,0.515,2010-11,2010,2011,2011-12,1610612745,0.515,-0.009000000000000008,0,HOU,9,16124.320000000002,9,4,8,0.13,0.289,0.16140422252431935,0.46994570933844027,0.7066492313060849,26.88186085780155,109.64617314094485,106.55320540649156,3.0730992583459846,0.14730257679083522,1.8031176126083661,17.22936279896868,0.05228055756769898,0.13497973330554922,0.09324052910965133,9.598293375059122,0.5087291471309591,0.5537954322001382,0.2016992547075887,95.97053287001664,0.10846461855962505,16.463577998948175,6.675630352163688,3.4092600494160377,1.9133830139813648,1.0426486202208838,0.618444684799111,3.4566233465570755,0.016742447239113303,0.05172586678491513,3.3439914772198875,0.024283895690855935
1610612746,Los Angeles Clippers,82,32,50,0.39,3971.0,101.8,104.8,106.3,108.0,-4.5,-3.2,0.601,1.35,16.9,0.33,0.692,0.511,0.174,0.496,0.535,95.5,93.35,77.79,7718,0.483,2010-11,2010,2011,2011-12,1610612746,0.606,0.21599999999999997,0,LAC,11,16549.876666666667,8,5,0,0.16,0.27,0.18800583206763072,0.4422224294521429,0.6771062543668502,23.831056847754958,103.70422895397206,107.13146915697057,-3.458802613433373,0.13539318379613302,1.2704989020059163,14.63791562998556,0.055622096982394426,0.13836208557848267,0.09691828700435431,12.533014485707143,0.5122706601237512,0.5442248128535901,0.19619063314268403,94.27292593419125,0.0998206954412349,14.956969467849005,6.804159467049402,2.890897676377447,2.30575736415357,1.048467027850963,0.7787369211009226,3.132821754889485,0.034361738280573866,0.05593488810193747,2.182701880226721,0.04846472574845604
1610612747,Los Angeles Lakers,82,57,25,0.695,3966.0,107.9,109.6,101.3,103.3,6.6,6.3,0.576,1.68,17.0,0.325,0.692,0.513,0.141,0.502,0.545,93.4,91.78,76.48,7594,0.541,2010-11,2010,2011,2011-12,1610612747,0.621,-0.07399999999999995,1,LAL,10,19315.045,9,6,10,0.159,0.343,0.15723925744585804,0.4377137959899481,0.681397497822725,30.472774288989058,108.82962345328902,101.94011396297547,6.859385408283196,0.14839121317087275,1.8853423044057107,18.270903812718704,0.05056150900330114,0.12945788460066576,0.09102881277263396,9.880169077179643,0.5017706137020821,0.5397991701978087,0.19569080096197894,92.59624857030705,0.11020484368532403,15.179048249693437,6.523412189824046,3.3194848885933217,1.8545128939642646,1.101524744053146,0.7418051575857058,3.299931837604328,0.04437704394828126,0.06917024308123494,2.587704635053321,0.051478364797806236
1610612748,Miami Heat,82,58,24,0.707,3956.0,109.3,110.6,100.7,102.9,8.5,7.8,0.541,1.44,16.1,0.287,0.715,0.514,0.151,0.524,0.573,93.2,91.63,76.36,7564,0.556,2010-11,2010,2011,2011-12,1610612748,0.697,-0.010000000000000009,0,MIA,12,17985.015,11,4,11,0.201,0.308,0.17030742908285962,0.4826771991386532,0.6566220081921903,29.194541122150852,109.59260806843919,101.52676498555417,8.079281798393456,0.1441371410217524,1.4009761450481597,14.7377423556963,0.046934917763482534,0.13723073264047875,0.09509171783658042,11.375133372606768,0.5255948061020056,0.5705865212418966,0.2000883694008595,92.69741593673027,0.11576701743090011,15.785141129990715,6.517425756942654,2.958462920381217,2.0016663872673996,1.030858189442711,0.8447032154268427,3.4982662432632083,0.0557364983765447,0.08822179839809849,3.393897859785771,0.03149049172240455
1610612749,Milwaukee Bucks,82,35,47,0.427,3966.0,99.0,100.8,99.9,101.5,-1.0,-0.8,0.549,1.4,15.3,0.287,0.71,0.492,0.148,0.467,0.511,92.1,90.57,75.47,7477,0.488,2010-11,2010,2011,2011-12,1610612749,0.47,0.04299999999999998,0,MIL,13,19521.375,11,6,5,0.136,0.272,0.13083624147035405,0.3596117930559023,0.5568139197845096,26.892406486052682,99.86461523159443,100.33160088193924,-0.48230174189403485,0.13896177864861806,1.480875822869376,14.83138378657583,0.04370204523673835,0.1343330148789895,0.08763165384951965,10.464357889749056,0.4691626803952078,0.5120027133505367,0.19556780699788476,91.43484280521567,0.09942378256313057,13.71481260925524,6.096701692375665,2.808613635053883,1.877326776418157,1.1286090247229,0.7284322953685384,3.9198348408164096,0.020260423549684395,0.042664392749563185,2.5406267062116434,0.025902497568280638
1610612750,Minnesota Timberwolves,82,17,65,0.207,3956.0,101.1,103.2,108.3,109.9,-7.2,-6.7,0.534,1.18,15.0,0.336,0.698,0.512,0.174,0.483,0.526,99.2,97.49,81.24,8034,0.443,2010-11,2010,2011,2011-12,1610612750,0.394,0.18700000000000003,0,MIN,12,17525.198333333337,10,4,0,0.184,0.279,0.14895941738747792,0.40690904211355083,0.6212086615472443,24.353808644486094,102.2076171748508,108.70215778822856,-6.466324984053912,0.13884682303642973,1.3255198795182441,15.754918627169124,0.05268023195933398,0.13207309950557855,0.09140282853670033,12.345750799396564,0.48950637173007744,0.5307161583240284,0.1956756626339654,98.4587692464536,0.09151465608710657,15.186589899743407,6.704859925978964,3.1490656453816643,2.4670762166362548,0.9716295174595742,0.7641568297990731,2.6006599385432856,0.042414624596389845,0.040497345291160794,2.314506941070487,0.04849643754364214
1610612751,New Jersey Nets,82,24,58,0.293,4001.0,100.2,102.1,107.0,108.9,-6.9,-6.8,0.59,1.5,16.6,0.304,0.7,0.497,0.152,0.474,0.517,92.4,90.7,75.59,7563,0.452,2010-11,2010,2011,2011-12,1610612751,0.333,0.040000000000000036,0,NJN,10,14005.225,7,4,1,0.138,0.27,0.2062626626848194,0.5217490853116129,0.7825359226050754,25.054552973384332,100.52003554625745,107.0888360951002,-6.55849938148084,0.11241911655590445,1.255126844921568,12.591934652959875,0.04885260869901532,0.1330926422103179,0.09033964609636762,9.985792397718232,0.4778020078220807,0.5139150363525041,0.19170852771019387,92.05924194601182,0.08963240576284923,13.960218418483102,6.27194493483682,2.3545498197993964,1.7582009571427806,0.7068790397869367,0.7968454630325468,1.797606266872093,0.033540782898936986,0.045931740838416946,3.0864344273902033,0.04514146159461582
1610612752,New York Knicks,82,42,40,0.512,3956.0,108.3,109.9,106.9,109.0,1.4,1.0,0.56,1.56,16.4,0.273,0.676,0.473,0.141,0.513,0.561,98.1,96.47,80.39,7945,0.504,2010-11,2010,2011,2011-12,1610612752,0.545,0.03300000000000003,0,NYK,7,10949.136666666665,5,2,5,0.137,0.307,0.26212218862917963,0.6742463104396968,0.8992684659155776,25.637192247425293,108.46249523173974,107.0046489053475,1.4317224249948475,0.11716892519075325,1.56164027544333,15.451068851394979,0.047425640408178295,0.1388916969404894,0.09282101830859724,10.434138338456517,0.5402114623344733,0.5731384786502193,0.1892606780869481,97.26908159882318,0.10066831661917941,15.512455928793168,6.615316093414975,2.6106167883556113,1.8938479472201917,1.121184288198065,0.996242930568955,2.1986152263405905,0.024305642046171107,0.07545143611911923,2.2813807534202266,0.03770254422172078
1610612753,Orlando Magic,82,52,30,0.634,3966.0,105.7,107.4,99.1,101.8,6.6,5.6,0.553,1.34,15.9,0.304,0.723,0.518,0.162,0.521,0.554,93.5,91.55,76.29,7575,0.534,2010-11,2010,2011,2011-12,1610612753,0.561,-0.07299999999999995,1,ORL,7,11900.631666666666,7,4,7,0.184,0.272,0.2466185618438461,0.6078614314450255,0.8546805428675425,26.637468683385013,106.61361277881748,100.54580310092784,6.059781784692381,0.1308889326462923,1.2385917652270275,14.41378132729369,0.058879470683558956,0.15094279085185813,0.1058708676388186,11.86575830218536,0.5298627267544201,0.5647757340331654,0.20517671400915832,92.51437256341715,0.12177851637847234,15.98133656490783,7.399271103116516,2.813296044929828,2.3171879251787617,0.9347402987992655,0.8742393085857207,2.250633980929535,0.040498865208421705,0.04696300899755036,2.7086231431087326,0.052611769749756246
1610612754,Indiana Pacers,82,37,45,0.451,3956.0,101.9,104.1,103.4,105.0,-1.5,-0.9,0.536,1.28,15.2,0.297,0.703,0.501,0.16,0.486,0.533,97.2,95.5,79.59,7864,0.492,2010-11,2010,2011,2011-12,1610612754,0.636,0.185,0,IND,14,19665.303333333337,12,5,4,0.118,0.263,0.14050118050556382,0.3746270716054722,0.5493813045684013,26.224990173047594,102.84719696670498,103.57953069119537,-0.7517435191693796,0.133182943105717,1.3070772829845323,15.018896835390796,0.04575966605142627,0.13162396783099034,0.08894334785241893,11.364709943452011,0.4895412332821038,0.5333939597677195,0.19532857226882339,96.72257213084772,0.09868882656441776,14.912355788731794,6.50424749783502,2.9107102509309546,2.1857786412651317,1.061768519207518,0.8347697323424624,3.4791901488591357,0.018525832397393485,0.044801951080349754,2.6118989341199486,0.04291129829263507
1610612755,Philadelphia 76ers,82,41,41,0.5,3986.0,104.0,105.3,102.5,103.8,1.5,1.5,0.596,1.75,17.6,0.278,0.714,0.497,0.138,0.494,0.535,93.9,92.78,77.32,7709,0.51,2010-11,2010,2011,2011-12,1610612755,0.53,0.030000000000000027,0,PHI,11,19679.786666666663,9,5,7,0.126,0.27,0.14739480577025227,0.4155797081811186,0.6288382868648984,25.0973772412167,104.18395167224034,102.6021823153232,1.5817693569171478,0.1489648038190116,1.74232984741027,16.86541249769645,0.044488871830588944,0.13339640097724637,0.08895645506658607,9.56333057302789,0.49591133753821187,0.5358617348663671,0.19555410145028673,93.8151473440769,0.104181709117443,14.767843011848367,6.215921039794469,3.3878416026189986,1.8183123936302832,1.1305000596212424,0.6475679953170224,3.9655379102790644,0.018476278461033085,0.031137386711830122,2.8391871647229334,0.03385259889027014
1610612756,Phoenix Suns,82,40,42,0.488,4001.0,107.0,108.6,107.4,109.4,-0.4,-0.8,0.604,1.66,17.9,0.275,0.681,0.48,0.147,0.522,0.559,96.8,95.18,79.32,7930,0.494,2010-11,2010,2011,2011-12,1610612756,0.5,0.01200000000000001,0,PHX,7,12886.831666666667,6,4,3,0.152,0.206,0.1971878528715165,0.5778627511106622,0.8537348008606718,30.730364290472743,108.50235700551686,108.32649937617198,0.22281948278210084,0.1588452966005738,1.5715790110809498,17.018903521540526,0.04290061353327214,0.12259717432485022,0.08359744540260025,10.225314574994448,0.5331680931659049,0.5753990221801351,0.18507019154824583,96.18446888483967,0.10255288324683892,15.023708309994479,5.855279400845747,3.849510980136183,2.011355519374493,0.9162841810483803,0.6006131064798834,5.508941017100301,0.0263112557298682,0.02097637223078896,3.523228926288905,0.020433254850200207
1610612757,Portland Trail Blazers,82,48,34,0.585,3961.0,105.6,107.3,104.2,105.7,1.4,1.6,0.588,1.62,16.9,0.331,0.682,0.499,0.145,0.486,0.533,90.5,89.13,74.27,7359,0.516,2010-11,2010,2011,2011-12,1610612757,0.424,-0.16099999999999998,1,POR,8,16594.903333333332,7,6,7,0.141,0.257,0.19351855218198522,0.5194085694182009,0.7810900173969076,27.13560107109191,107.13102256696885,104.76443511471696,2.3713039907232565,0.15858145492863168,1.785530646859247,17.469589508505724,0.05047035867036285,0.12148095650250851,0.08472186390158747,9.465764599211285,0.4845327142610653,0.5324342547139473,0.20238853224212816,89.75779443829241,0.10988511201531556,15.096442261087793,5.59689912826649,3.4167116771394275,1.8179075463129144,1.2083227962962926,0.6139234315114018,5.188420259379543,0.020010103514784734,0.03922571251158338,2.724209290280431,0.04286299161870529
1610612758,Sacramento Kings,82,24,58,0.293,3971.0,100.6,102.9,106.3,108.4,-5.7,-5.5,0.534,1.27,15.4,0.334,0.702,0.512,0.167,0.48,0.519,97.8,95.76,79.8,7923,0.462,2010-11,2010,2011,2011-12,1610612758,0.333,0.040000000000000036,0,SAC,11,16979.908333333333,9,3,0,0.114,0.27,0.16098516432901827,0.4210857047225913,0.6381380150756606,25.08591202641946,101.68034528062331,106.80282739060723,-5.116512338847531,0.14076340694811368,1.4539483458145877,15.847831157313866,0.05043106259407565,0.13932676707618663,0.09347346054577249,11.810881939390132,0.4806332766814112,0.518581289062711,0.19261794473762864,96.74488147904214,0.09350284527448866,14.332232849706198,6.70180296418954,3.186589640992369,2.3385285256251382,1.1024794499773998,0.7696154621957618,3.677298495137485,0.016105357451932516,0.04171832734885624,1.1841344524250732,0.038413707348311996
1610612759,San Antonio Spurs,82,61,21,0.744,3956.0,109.4,110.5,102.8,104.4,6.6,6.1,0.583,1.67,17.5,0.276,0.711,0.5,0.143,0.527,0.567,94.6,93.34,77.78,7691,0.538,2010-11,2010,2011,2011-12,1610612759,0.758,0.014000000000000012,0,SAS,10,18690.174999999996,9,5,9,0.154,0.251,0.1352399500450549,0.39655469607249094,0.6268465472723861,29.649035745607875,109.43233913896827,102.70363395027955,6.685510658229076,0.14979510437970747,1.6705064051032155,16.364133472978892,0.04626493304637328,0.1351270375121331,0.09227041007730885,10.13393519143971,0.5307515791942379,0.5703378424760601,0.19661979685405112,94.65286530133254,0.11040867273848423,15.725053403726822,6.3870991042084935,3.3746072468556334,1.9454071457329851,1.117164499529833,0.6837817195398116,4.222076964749117,0.026891752177476396,0.040478176617794015,3.031628828774635,0.03184310625743951
1610612760,Oklahoma City Thunder,82,55,27,0.671,4001.0,108.6,109.9,104.0,105.9,4.5,3.9,0.545,1.45,15.8,0.306,0.697,0.507,0.148,0.501,0.561,95.3,93.84,78.2,7824,0.529,2010-11,2010,2011,2011-12,1610612760,0.712,0.040999999999999925,0,OKC,8,15660.076666666666,6,5,8,0.159,0.311,0.19397233687446824,0.517284185283895,0.7878924815821463,23.381054222169624,109.29934974775563,104.67039383374667,4.65601361466302,0.16527429378272523,1.5191518496184462,16.456664792828818,0.04420739074712917,0.12734188317085718,0.08689355160670775,10.496049529770291,0.5114492587626753,0.5684819433621334,0.2028380251650535,94.67462252526224,0.11520097453758742,16.26888586965198,6.078131162831686,3.494235766832134,2.1034379780601333,1.2735569834375016,0.9287310853948567,2.8864799501485967,0.03521310056330994,0.08404886493773579,2.642126233282123,0.03514665022457011
1610612761,Toronto Raptors,82,22,60,0.268,3956.0,103.3,105.2,110.0,111.7,-6.7,-6.5,0.571,1.49,16.8,0.314,0.685,0.495,0.156,0.491,0.533,95.4,93.78,78.15,7723,0.459,2010-11,2010,2011,2011-12,1610612761,0.348,0.07999999999999996,0,TOR,11,16686.516666666666,9,6,0,0.118,0.279,0.1708580081123382,0.43785511455856074,0.6448728564279943,24.953027544194864,104.30136730154386,110.44681104804178,-6.1495490370968175,0.12640103187104157,1.4002639895884,15.054254582791893,0.053124902441192536,0.12765259386071187,0.08954317727586443,10.849020686362541,0.49859337039585844,0.5356431552021542,0.19451222464045323,94.96529157972856,0.0926609209431567,14.858223855388232,6.181038383285507,2.9750966598780852,1.978363768751417,1.0506686536335226,0.6407568585814295,2.9178502300924904,0.014612609591814391,0.0539897783529046,3.2091733537930214,0.036017426948257554
1610612762,Utah Jazz,82,39,43,0.476,3976.0,104.9,107.0,107.3,108.8,-2.4,-1.8,0.627,1.63,18.0,0.314,0.679,0.496,0.154,0.498,0.544,93.6,92.03,76.7,7619,0.5,2010-11,2010,2011,2011-12,1610612762,0.545,0.06900000000000006,0,UTA,11,16640.699999999997,7,5,5,0.134,0.244,0.17670009875385856,0.45926503492441234,0.6976926050787128,27.729127680926883,105.95088980631823,107.31964825197657,-1.3475095298475022,0.12175438413047528,1.5044609892212066,16.172231386500172,0.05111761153877742,0.12965245582617718,0.09043849797985261,10.718626329821864,0.49689528465349014,0.5368256371426683,0.1866874914116193,92.75211606583055,0.09332280422898878,14.018641042744596,6.128828715138185,2.7496439452667256,1.8172312462817068,1.1574032342389442,0.9432295516414574,4.023949452920358,0.03555972484113597,0.046854024993657886,3.1449363327817723,0.04493393139512633
1610612763,Memphis Grizzlies,82,46,36,0.561,3976.0,104.4,107.0,102.5,104.5,1.9,2.5,0.528,1.48,16.0,0.333,0.682,0.505,0.15,0.493,0.534,94.5,92.42,77.02,7656,0.518,2010-11,2010,2011,2011-12,1610612763,0.621,0.05999999999999994,0,MEM,10,18270.071666666667,8,5,8,0.162,0.247,0.15718228800963469,0.44782236303944434,0.6679158255445631,25.147083805454876,105.92611899989811,103.14141602984043,2.815670901856524,0.13411961246639884,1.5023879070717017,15.77583927558029,0.04971504946660034,0.1275704131976129,0.08809920732841497,10.452041375863969,0.4959188113018713,0.5364072434308094,0.20114998855596533,93.36153365754905,0.108003804674001,15.353634354472064,6.045296483511331,3.1251108940185692,2.0196965109514715,1.4325066960602144,0.788174248176184,2.485315171512066,0.029378374159002383,0.027890777781128456,2.319636939498997,0.029430634506733857
1610612764,Washington Wizards,82,23,59,0.28,3986.0,99.6,101.3,107.2,109.1,-7.6,-7.8,0.522,1.27,14.9,0.317,0.671,0.488,0.16,0.471,0.513,96.5,94.76,78.97,7871,0.445,2010-11,2010,2011,2011-12,1610612764,0.303,0.022999999999999965,0,WAS,9,12764.676666666666,7,4,1,0.117,0.254,0.20416145806539557,0.5460809426430178,0.7925113914623247,23.31973534778136,100.91348763762916,108.0035780250864,-7.072913610816096,0.12139744706942569,1.0055238636414081,11.611573553371112,0.058164012379997604,0.13727834704260689,0.09633625371892171,11.413387791778508,0.4749710893577928,0.5162001676240396,0.20374578517852518,95.87961772239692,0.09451536166342378,15.049029835721127,6.909693234167309,2.6595268244162336,2.23366409855531,1.1534957276630324,1.1534957276630324,2.4431975474462964,0.02398399737197696,0.043500369454925254,2.999251266913745,0.041272393018413935
1610612765,Detroit Pistons,82,30,52,0.366,3976.0,104.6,107.0,109.0,110.7,-4.4,-3.7,0.566,1.62,16.8,0.317,0.681,0.491,0.144,0.495,0.533,91.5,89.79,74.83,7428,0.464,2010-11,2010,2011,2011-12,1610612765,0.379,0.013000000000000012,0,DET,12,19681.23833333333,12,5,0,0.112,0.255,0.13015271820209823,0.35398543265781973,0.5478941323390645,27.95717300308763,106.21081103213102,109.91375870403819,-3.699278255103019,0.14408217386050318,1.7017195979284163,16.557358941590987,0.04909257733867185,0.1282289886400271,0.08684853536062222,10.048185153999878,0.4959985465006732,0.530156970559864,0.19485865913078132,90.47436621747124,0.09439143522727186,14.408239725430555,5.770978333595709,3.1607767228061445,1.8072033577155502,1.0828586920724754,0.5981330951143572,4.144231869916962,0.016060387138597917,0.042758086286143776,1.909655366668392,0.033617575161016815
1610612766,Charlotte Bobcats,82,34,48,0.415,3961.0,100.8,102.8,104.8,107.0,-4.0,-4.2,0.601,1.45,16.9,0.298,0.705,0.502,0.16,0.482,0.528,92.1,90.3,75.25,7444,0.48,2010-11,2010,2011,2011-12,1610612766,0.106,-0.309,1,CHA,10,15151.758333333333,7,4,1,0.124,0.27,0.18336320702052733,0.5240231194289331,0.7467963839180382,27.228690949510263,101.61738552896226,105.99586271340345,-4.40169220184016,0.1714701114447113,1.7251159364892192,18.304445347652166,0.040304966915281,0.11956671299425645,0.07990818799358271,11.0464269658472,0.4842019518086735,0.5291926114185868,0.19596440402131549,91.21558527475634,0.0978179781114513,14.006295198962057,5.426696901514731,3.5615668368522684,2.083718556317171,0.9480087844590095,0.6842770173538715,3.755939702860169,0.017276177836138266,0.04213268400005909,1.828823873403061,0.029527961321990502
1610612737,Atlanta Hawks,66,40,26,0.606,3233.0,102.4,104.2,98.6,100.4,3.8,3.8,0.61,1.61,17.6,0.279,0.703,0.493,0.151,0.5,0.535,92.5,90.88,75.73,6117,0.526,2011-12,2011,2012,2012-13,1610612737,0.537,-0.06899999999999995,1,ATL,13,15789.196666666669,11,7,12,0.147,0.278,0.14748470420386595,0.4204195315826707,0.6192779704435035,28.349598216839823,103.3338931746369,99.46078778759905,3.850135387930861,0.15416368892738683,1.7035157034588415,17.68955182224808,0.04184505914275984,0.13186918734940914,0.0873425752714039,10.779997589068813,0.5014906543693695,0.5369500262732387,0.19549280932384358,91.73961826535822,0.1065873994222632,14.270770372737982,6.076306605423666,3.324298322967244,1.9539942817441205,1.1947409610664168,0.6748918406024034,2.867126839676578,0.025761529657066427,0.048781568371625124,2.6096223229212603,0.02981113577976574
1610612738,Boston Celtics,66,39,27,0.591,3188.0,98.9,100.1,95.5,97.5,3.4,2.6,0.665,1.59,18.8,0.245,0.686,0.478,0.162,0.496,0.535,92.6,91.11,75.92,6055,0.535,2011-12,2011,2012,2012-13,1610612738,0.506,-0.08499999999999996,1,BOS,14,15439.418333333331,9,5,9,0.168,0.272,0.13436851193983887,0.3821470605919848,0.6042477204721983,29.9818615791981,99.26134208855666,96.47961073878969,2.7809351841946546,0.16774097448187544,1.4851759592411242,17.20149540391796,0.0340831199275534,0.1280073657783524,0.08357575074881382,11.447916561191693,0.49676783419409914,0.5335719318441509,0.1943039302754389,92.22401037020934,0.10701296875281681,13.745336476946292,5.7452941610170765,3.6024673209299443,2.100856347027754,1.140198394779769,0.7927759800104732,4.794672865191932,0.0368611757120081,0.0451550419858937,3.8062746728368797,0.04991831153879949
1610612739,Cleveland Cavaliers,66,21,45,0.318,3193.0,98.1,100.0,106.0,107.6,-7.9,-7.6,0.579,1.29,15.4,0.323,0.683,0.496,0.166,0.463,0.505,94.0,92.34,76.95,6140,0.439,2011-12,2011,2012,2012-13,1610612739,0.293,-0.025000000000000022,0,CLE,11,12894.866666666663,10,6,0,0.138,0.275,0.16680978994225096,0.4293094668162525,0.6437453146730224,26.957030833975278,99.7648300615749,107.13793265278692,-7.3442196119386,0.12352570376842467,1.2299998423145126,13.153588133262332,0.054908004735734636,0.13230878036738136,0.09195063513646257,11.34274782471578,0.4709879875971316,0.5096718780858532,0.19757820489290315,93.51925536259907,0.08947605688051577,14.363855384313139,6.661255383279135,2.5433376589133663,2.088272852763115,1.0999725989153308,0.6532832186451457,6.0959730372491014,0.023725117368491373,0.04527413594874062,3.039126880751278,0.02927022160740564
1610612740,New Orleans Hornets,66,21,45,0.318,3188.0,98.3,99.9,102.3,103.9,-4.0,-4.0,0.595,1.34,16.8,0.31,0.696,0.506,0.173,0.476,0.517,90.7,89.27,74.39,5924,0.482,2011-12,2011,2012,2012-13,1610612740,0.329,0.01100000000000001,0,NOH,12,14604.414999999999,11,6,0,0.135,0.262,0.1345965129951,0.35615862280915284,0.5512376451458914,26.081023900420977,98.89537272347667,102.93350273416179,-4.015370934063433,0.14950105076672593,1.3975400030287646,15.978047939612782,0.04924680150945221,0.13288321556643432,0.09161876003477944,11.713557772312916,0.47762792883750105,0.5175105260977588,0.19408779799350628,90.14058211620711,0.09930648266294816,13.372668470459105,6.231540256833294,3.115770128416647,2.132231931234493,1.0624184535977648,0.7345723878703804,2.637156426745306,0.02208775621405548,0.03476779937590709,3.2766961946274136,0.032058992132958916
1610612741,Chicago Bulls,66,50,16,0.758,3188.0,104.5,106.3,95.3,97.5,9.3,8.8,0.619,1.65,17.7,0.361,0.703,0.536,0.154,0.49,0.523,91.8,89.98,74.98,5982,0.561,2011-12,2011,2012,2012-13,1610612741,0.549,-0.20899999999999996,1,CHI,12,15697.62833333333,9,4,12,0.152,0.296,0.1356248401430492,0.38363980036474726,0.5814044945430716,27.635362433199834,105.02416242920772,96.47496153612167,8.541433095466546,0.15471724274272006,1.7009483789324014,16.93301620828709,0.057971707297185135,0.13219019338059243,0.09573093185945182,10.655138637184791,0.4913784084368584,0.5242593237810766,0.19500342281004868,90.97379608193468,0.11242615790049815,14.388415574879307,6.992393861620498,3.4010233180659886,1.9814458171335227,1.0251230095586628,0.8714692251281697,2.620044612906038,0.023707452928947926,0.04872438566151731,3.1682150791674304,0.03729171748987911
1610612742,Dallas Mavericks,66,36,30,0.545,3213.0,101.0,102.1,99.7,100.9,1.3,1.1,0.575,1.49,16.5,0.268,0.714,0.493,0.149,0.489,0.527,93.6,92.61,77.17,6195,0.51,2011-12,2011,2012,2012-13,1610612742,0.5,-0.04500000000000004,0,DAL,11,15233.903333333334,11,5,7,0.152,0.284,0.13648209224556368,0.3937509121649934,0.5854971291008586,31.90310537614457,101.24204208113876,99.57944851516494,1.6266701836758408,0.1436551839088734,1.4717654437875516,16.18313489801585,0.04190648599363131,0.1346280542894347,0.088728498342841,10.846452386573718,0.4957169030436716,0.5285093270033004,0.19549690110063714,93.6505289298803,0.10446521979155703,14.358499933591107,6.337968535531822,3.107542365482604,1.9661408730657999,1.2713747472468755,0.7491185778387723,4.455217320296677,0.02500409383276936,0.048582523235463776,3.2820245578093985,0.04522693060137128
1610612743,Denver Nuggets,66,38,28,0.576,3208.0,106.5,108.3,103.4,105.1,3.1,3.2,0.615,1.56,17.9,0.316,0.705,0.515,0.16,0.516,0.556,96.7,95.03,79.19,6346,0.527,2011-12,2011,2012,2012-13,1610612743,0.695,0.119,0,DEN,11,14130.68,11,5,10,0.134,0.241,0.15030958642235664,0.42597289491140317,0.6462122370143074,27.22121782768652,107.24018320420532,103.83704745041756,3.3959358054012023,0.15833027945812467,1.587742010056605,17.10033084041249,0.04691573760073826,0.12435672628634999,0.08655753603742589,10.904377991717313,0.5174363384022095,0.5591497993491231,0.19452006036982417,95.92750860774805,0.10559626429867493,15.420913926293709,6.08633130181987,3.660970314238239,2.150214993192118,1.2126804937908153,0.6598408569155907,4.552128229099666,0.01832758260460988,0.025297285750950242,2.7676403788464627,0.03484290831723679
1610612744,Golden State Warriors,66,23,43,0.348,3183.0,103.1,103.9,106.0,107.3,-3.0,-3.4,0.591,1.61,17.4,0.256,0.658,0.46,0.147,0.505,0.539,94.7,93.78,78.15,6212,0.472,2011-12,2011,2012,2012-13,1610612744,0.573,0.22499999999999998,0,GSW,10,12347.351666666666,9,4,2,0.134,0.256,0.17177759171298676,0.4445131351378858,0.6712814664305207,25.6220680791063,103.0643554468023,107.00341289110446,-3.940437578314702,0.15110268990205863,1.67563332811854,17.700380189490026,0.041666475712538086,0.1269996884622087,0.08496398917392678,10.777322667438405,0.5197567122018473,0.548267086423796,0.19209346147237238,94.80846196168113,0.09650478111973,14.569278081359148,5.985737022419518,3.376270565982368,1.9738645709586038,1.1953980414963479,0.7084920099600306,2.4312686288378607,0.02402791860192967,0.05733396861857921,3.957633456218434,0.048523156528088175
1610612745,Houston Rockets,66,34,32,0.515,3213.0,102.7,104.2,102.1,104.0,0.6,0.2,0.564,1.47,16.4,0.309,0.692,0.499,0.154,0.492,0.529,94.3,92.82,77.35,6215,0.497,2011-12,2011,2012,2012-13,1610612745,0.549,0.03400000000000003,0,HOU,9,14381.548333333334,9,6,7,0.132,0.246,0.14374217240633225,0.3913749898741779,0.6181863357549935,26.863202142467507,103.86513916153443,102.82325161094732,1.0318303812674783,0.14435511035031115,1.442002914846095,15.543197168501447,0.04588933447012949,0.12088808900849689,0.08288922368001869,10.749494763486872,0.4975054854432108,0.5342685538379097,0.19867952384357318,93.76496540416547,0.10102194212051112,14.891581562439558,5.839983154340476,3.2366473290022437,2.1051975279898585,1.1389594235854763,0.6408211262371032,3.355470184828086,0.01766017431634531,0.031205747555176497,1.1681864008295195,0.03125434083709148
1610612746,Los Angeles Clippers,66,40,26,0.606,3193.0,105.2,107.5,102.9,104.8,2.2,2.7,0.568,1.58,16.6,0.331,0.692,0.507,0.147,0.502,0.533,91.8,89.98,74.98,5989,0.517,2011-12,2011,2012,2012-13,1610612746,0.683,0.07700000000000007,0,LAC,12,15019.108333333332,8,7,8,0.186,0.262,0.15925601442162846,0.4289921782973135,0.6606962352958149,27.87432265452954,107.06093581898173,103.38835865200609,3.659885867614201,0.15141241884643622,1.6552091119479464,14.956589477959469,0.05158325932575891,0.1314790198929919,0.0905829144317822,10.931277034311293,0.5080894729103427,0.5333750130528166,0.19441708556821785,90.77557603120027,0.10738193667733273,14.618977047572178,6.294381657144538,3.2550534236109225,1.8456488484391829,1.2727786214561119,0.7070992341422844,3.979044912236841,0.04565452086653062,0.05451639904065057,4.730681555125833,0.0581317170940951
1610612747,Los Angeles Lakers,66,41,25,0.621,3213.0,103.3,104.5,101.7,103.2,1.7,1.3,0.611,1.49,17.3,0.327,0.719,0.532,0.162,0.491,0.534,92.9,91.72,76.43,6145,0.524,2011-12,2011,2012,2012-13,1610612747,0.549,-0.07199999999999995,1,LAL,10,13658.963333333335,8,4,6,0.165,0.346,0.1779032034886005,0.4959152585762365,0.72728311006521,29.81521596685351,103.2411793574378,102.0223981615003,1.213524659875359,0.1453983693003544,1.52498472065596,16.93839379952944,0.0574871644724624,0.14334289107836146,0.10216290816604187,11.236214912844774,0.4949991124265409,0.531642146219491,0.20211197945964174,92.72588617877051,0.11052364466898291,15.091628476441231,7.363955634505205,3.0599686799071377,2.129590605826845,0.846037852067348,0.8934792269496293,3.663050447971339,0.043011177052858895,0.07726979889381201,2.296101341055161,0.0374011952077498
1610612748,Miami Heat,66,46,20,0.697,3208.0,104.3,105.6,97.1,99.2,7.2,6.4,0.538,1.31,15.9,0.299,0.693,0.504,0.163,0.505,0.549,93.7,92.07,76.73,6154,0.553,2011-12,2011,2012,2012-13,1610612748,0.805,0.1080000000000001,0,MIA,12,15518.045,9,4,10,0.22,0.311,0.14990386997846702,0.3968395073821047,0.6039460297135797,28.56068177402501,104.98315535236559,97.9410889387162,7.038747202584689,0.1445463061444488,1.3399554529366724,14.918779169669888,0.04560177146455412,0.12724871915244476,0.0883405122874692,12.019431625139205,0.5051195538269586,0.5449867134251339,0.19621295208255934,93.10504593415816,0.11120441793194097,14.803153361135374,6.073445463007743,3.0135239329438726,2.1574882660799086,1.3269712776319438,0.7817995114719669,2.94882165255662,0.05875023964014124,0.07992765062668417,4.646326965431437,0.05076115386234987
1610612749,Milwaukee Bucks,66,31,35,0.47,3173.0,102.4,104.5,102.4,104.1,0.0,0.4,0.62,1.67,17.6,0.314,0.675,0.49,0.148,0.481,0.521,96.4,94.68,78.9,6256,0.503,2011-12,2011,2012,2012-13,1610612749,0.463,-0.006999999999999951,0,MIL,12,13657.443333333333,9,6,8,0.136,0.255,0.17069812724831615,0.40443880052708747,0.6177676495332338,26.174357792197807,103.78417971347983,103.06901921369861,0.7077743687019997,0.15353223956265122,1.6921919244036159,16.94432597560354,0.050812841129611125,0.12745422508312318,0.08801011499712125,10.2323534199788,0.49290004315107294,0.5290512609363441,0.1959917178251762,95.50132659773074,0.10465048460753883,15.077492541917927,6.492283938941233,3.450426177861987,1.9848517279832516,1.2494285777743177,0.7512387018263302,3.3941216402648573,0.021005120932396617,0.03966590836484261,5.009239474001836,0.036553484755544395
1610612750,Minnesota Timberwolves,66,26,40,0.394,3188.0,101.5,103.1,103.6,105.3,-2.2,-2.2,0.548,1.29,15.1,0.311,0.693,0.502,0.16,0.477,0.524,96.0,94.44,78.7,6268,0.483,2011-12,2011,2012,2012-13,1610612750,0.378,-0.016000000000000014,0,MIN,13,15551.166666666668,13,5,2,0.176,0.282,0.13796210359351388,0.3449062771281897,0.5263309290835628,24.731438477284662,102.42395003590299,104.55605597650764,-2.1426150663937324,0.133477772514388,1.2129307393871842,13.879735057391192,0.04929995262949189,0.12968291317907552,0.08944096273591477,11.438549830130643,0.474540411759032,0.518915891519393,0.19702689573129556,95.22057946670668,0.09770932459515363,14.73921570728884,6.576741294865337,2.8589494893202008,2.1783574651419504,0.9815340756856398,0.6643874521740062,3.0323921268303735,0.03947925670691365,0.050152267175393304,2.1427060353700824,0.039916688695846816
1610612751,New Jersey Nets,66,22,44,0.333,3178.0,99.7,101.8,106.9,108.1,-7.2,-6.3,0.58,1.32,15.8,0.314,0.677,0.489,0.165,0.473,0.516,92.7,91.26,76.05,6036,0.448,2011-12,2011,2012,2012-13,1610612751,0.598,0.26499999999999996,0,NJN,13,14609.631666666668,11,6,2,0.137,0.294,0.14796973549070766,0.3976042517156775,0.5969663392152597,26.52978759788491,100.48769133924094,106.78085511852399,-6.2873095020990135,0.153935245686664,1.2726748198876565,14.359811375577687,0.049828698738583296,0.12481435956804296,0.08605855714591937,11.681528578349967,0.4705106081273553,0.5116305293574022,0.1947419746721883,92.5953409605695,0.09031883099037746,13.964212421965007,6.032184931881125,3.030877232930467,2.180753131010946,1.1063933964112032,0.5815341682695856,2.46730928946611,0.03172090698252301,0.05647107275585408,3.6901907669660496,0.051505657214495196
1610612752,New York Knicks,66,36,30,0.545,3188.0,101.4,103.5,98.4,100.2,3.0,3.2,0.562,1.26,15.6,0.309,0.702,0.503,0.169,0.492,0.533,95.7,93.91,78.26,6242,0.52,2011-12,2011,2012,2012-13,1610612752,0.659,0.11399999999999999,0,NYK,14,15703.87,12,7,10,0.146,0.311,0.13121298550399785,0.37127536078686335,0.5781470851877063,26.81949131010381,102.49444356709525,99.17028768492521,3.3152697604688095,0.14173954700338193,1.2659624442892101,15.010373005719819,0.046242401183062935,0.12893466472489476,0.08712064711861894,12.100378781366205,0.504691640553146,0.5398106805307651,0.19591361057285026,94.80394788036322,0.10461158629475832,14.611939604696165,6.182679810772758,3.0237132630364356,2.292428554235357,1.4121359894089798,0.6097859954266049,3.248222811910673,0.031926830448775395,0.06166498860187219,3.1998102378500453,0.08743136196405923
1610612753,Orlando Magic,66,37,29,0.561,3193.0,102.4,104.0,101.7,103.4,0.7,0.6,0.581,1.34,16.1,0.306,0.72,0.51,0.165,0.506,0.533,91.2,89.75,74.79,5978,0.493,2011-12,2011,2012,2012-13,1610612753,0.244,-0.31700000000000006,1,ORL,11,15295.249999999998,9,6,6,0.172,0.259,0.1353133598121421,0.37905678778269936,0.5986832513361992,28.203890205564903,103.57747594841534,102.18361817121873,1.3938577771966238,0.1418164483527021,1.4448677672262085,16.22141381583607,0.04680654102853282,0.13547616765553572,0.0909247322970639,11.291966318519364,0.5083722504263306,0.5350868241229575,0.19567408051519264,90.68762148815264,0.1016262027971647,14.263251663098021,6.366682466778902,2.9891633023324236,2.075938608391494,0.9932495382553407,0.614308363707687,2.950458210900233,0.03301321003340736,0.0394585159373208,4.678729569142867,0.04454986053862866
1610612754,Indiana Pacers,66,42,24,0.636,3198.0,103.5,105.5,100.4,102.1,3.1,3.3,0.522,1.33,14.7,0.333,0.689,0.511,0.151,0.474,0.526,93.4,91.68,76.4,6115,0.521,2011-12,2011,2012,2012-13,1610612754,0.605,-0.031000000000000028,0,IND,11,15289.585000000001,8,6,7,0.125,0.252,0.13486871400804315,0.3895920000444747,0.6382967010986018,26.45948750952582,104.33446151961178,100.92490518872813,3.3797602638222903,0.12942726503041121,1.434718502823981,15.025946954522746,0.051007934922149084,0.1288843347721123,0.09026709074619534,10.719455782045971,0.47367603306433764,0.5251497420193768,0.19523869549108103,92.69841261551574,0.10494947922610934,14.565208931439278,6.5056049591928105,2.7924891355782386,1.9731078377863103,1.153726539994382,0.8335085615469616,3.120729307139925,0.0210005112230692,0.029042290420261036,3.5926157224282034,0.03610182524672022
1610612755,Philadelphia 76ers,66,35,31,0.53,3183.0,101.7,102.7,96.6,98.2,5.1,4.6,0.588,1.97,17.5,0.277,0.712,0.495,0.123,0.48,0.511,91.9,90.68,75.56,6016,0.532,2011-12,2011,2012,2012-13,1610612755,0.415,-0.11500000000000005,1,PHI,10,15286.44,10,6,10,0.134,0.265,0.14451402681068973,0.40300226867733757,0.6283514452460263,25.108494303884136,102.04223248404031,96.8926846494889,5.153630668749558,0.14928363176776277,2.0192155520404578,17.151285714659526,0.04470469121652916,0.13266445893659126,0.08883785978509928,8.500844964556821,0.48608420055072765,0.515800824783272,0.19672882829488095,91.77831874415058,0.10932854401242756,14.238501573943966,6.419807358678672,3.3394302401343934,1.608484382236806,1.2104845863392653,0.7700942796360696,3.4026080501761045,0.018468885708104617,0.03231457049177207,1.817812990124504,0.025862125146238472
1610612756,Phoenix Suns,66,33,33,0.5,3168.0,103.5,105.2,103.8,105.2,-0.2,-0.1,0.596,1.6,17.4,0.294,0.687,0.493,0.15,0.499,0.536,95.0,93.61,78.01,6173,0.502,2011-12,2011,2012,2012-13,1610612756,0.305,-0.195,1,PHX,13,15840.0,8,5,5,0.148,0.255,0.1334605429292929,0.3847841961279461,0.5785549242424242,29.411132049663294,104.11410628156564,104.18247552609428,-0.07052482112794606,0.14554776683501683,1.4803684385521885,15.884392171717172,0.045925738005050495,0.12734946769781144,0.0875878651094276,10.181059522306395,0.5014488842592592,0.5375359826388888,0.19499160511363633,94.5625170675505,0.09969198400673399,14.754545454545454,6.254545454545455,3.3772727272727274,2.0272727272727273,0.9795454545454545,0.8318181818181818,5.148257179119207,0.026311121779666827,0.027174275970824124,4.659420042358108,0.04693374957521604
1610612757,Portland Trail Blazers,66,28,38,0.424,3193.0,102.8,104.4,103.7,105.3,-0.9,-0.9,0.562,1.44,16.1,0.303,0.691,0.493,0.152,0.488,0.531,93.7,92.24,76.87,6143,0.494,2011-12,2011,2012,2012-13,1610612757,0.402,-0.021999999999999964,0,POR,10,12324.328333333335,7,5,3,0.148,0.269,0.18075697701984295,0.4971977512770472,0.7733687177272811,27.355669551701062,103.44838012132374,104.24631059677762,-0.8097140790769263,0.14409681068488248,1.4168842237109067,15.187511286957223,0.03798964838787023,0.11359275508861401,0.07487624896934883,10.936218674256352,0.48507740773432284,0.5273017883192282,0.20318258033534486,93.28916911631559,0.09691085274829718,15.11352139947586,5.231603561357029,3.0992358339474078,2.0476572286495127,1.1947101376856644,0.5929734913207576,4.270123810052474,0.027748364764988296,0.04870560843659041,5.113708604065134,0.037599781878208616
1610612758,Sacramento Kings,66,22,44,0.333,3183.0,101.0,102.9,106.8,108.7,-5.8,-5.8,0.51,1.34,14.7,0.321,0.67,0.487,0.15,0.472,0.51,97.3,95.56,79.64,6333,0.451,2011-12,2011,2012,2012-13,1610612758,0.341,0.008000000000000007,0,SAC,11,14704.846666666666,9,6,0,0.127,0.286,0.14705196971338702,0.40070088002731075,0.6259812524396718,24.813198437521958,102.26069221168348,107.6766320016031,-5.401299401512517,0.1291701509298295,1.4481970740259331,15.077458565815263,0.04953864338152455,0.12163711216301927,0.08369638683753701,10.425603021135435,0.47561257784848265,0.5122277492862898,0.19685698853484587,96.53337516043464,0.09072929605522352,15.044019500146664,6.181635351972388,2.905980658531178,2.041775795463355,1.2730496566438185,0.6903846214876093,3.3183218178416762,0.023856920177420443,0.05158535735883523,2.231629089910354,0.038604261039167184
1610612759,San Antonio Spurs,66,50,16,0.758,3188.0,108.5,110.0,100.6,102.3,7.9,7.7,0.585,1.71,17.8,0.282,0.72,0.507,0.144,0.528,0.562,95.1,93.67,78.06,6220,0.546,2011-12,2011,2012,2012-13,1610612759,0.707,-0.051000000000000045,1,SAS,10,13024.705,9,2,10,0.163,0.275,0.14765376004037456,0.39091800287735246,0.6124639035330679,27.96230739966855,109.10960300700347,100.59685484879184,8.523214703647156,0.15345695315172203,1.9396963168583599,16.240197634674512,0.049174853864252584,0.1386578786237385,0.09530621064610165,9.6398788046767,0.5370489079535135,0.5686244376872004,0.20313837958965925,94.83767271120536,0.11737691589432032,16.241135595777408,6.716466898866423,3.4936683786696126,1.956896528558612,1.0834794338912088,0.7158703402495488,4.8180820257928945,0.030875612645053296,0.049077369548103204,3.771758768903191,0.044788128901307366
1610612760,Oklahoma City Thunder,66,47,19,0.712,3198.0,107.1,108.4,100.0,102.1,7.2,6.3,0.497,1.13,14.6,0.304,0.687,0.509,0.172,0.516,0.567,95.7,94.11,78.42,6273,0.542,2011-12,2011,2012,2012-13,1610612760,0.732,0.020000000000000018,0,OKC,11,15116.028333333334,8,5,11,0.186,0.318,0.16845088386863524,0.451416636446721,0.6853095340189117,24.973472088181897,107.74225546679648,100.9748218144162,6.740157186350869,0.13167061200048472,1.0868407464174068,14.18683009436893,0.05092613381579399,0.12848353894106004,0.09245249926209675,13.384603760004422,0.5224191734888034,0.5661271935738853,0.19775683835381358,95.08563251237624,0.11110669888265406,15.632677763570392,6.608878853428982,2.779301485387972,2.40301216688643,1.1217232216090272,1.240802119869009,3.496601659065098,0.04836394625369353,0.08466871308231057,2.610827540305886,0.06082489519231959
1610612761,Toronto Raptors,66,23,43,0.348,3193.0,98.5,99.6,101.5,103.6,-3.0,-3.9,0.609,1.38,16.8,0.294,0.708,0.503,0.167,0.475,0.518,91.6,90.19,75.16,6008,0.478,2011-12,2011,2012,2012-13,1610612761,0.415,0.067,0,TOR,13,14258.888333333334,10,5,2,0.13,0.288,0.15468328351450492,0.3903056724969092,0.6067872518813704,25.90683401803296,98.92141810260337,102.80407081758243,-3.8916021971324786,0.14759996308735146,1.4378832629892957,16.176609946100285,0.04688368249371473,0.13753505526903512,0.09280667473726621,12.582477455874596,0.4865893297198367,0.5249546268976322,0.1916600375461715,91.0878075534874,0.09677973680276382,13.368503598866344,6.417891623856137,3.0650355748864477,2.125831922614818,0.9240552062672487,0.7523728182175959,3.1341553397195616,0.025668995597317446,0.052120221427580334,3.488173221880506,0.04668186795831723
1610612762,Utah Jazz,66,36,30,0.545,3233.0,103.7,105.5,103.6,104.9,0.2,0.5,0.57,1.54,16.6,0.34,0.703,0.519,0.15,0.481,0.525,93.9,92.53,77.1,6236,0.509,2011-12,2011,2012,2012-13,1610612762,0.524,-0.02100000000000002,0,UTA,12,15590.53,10,4,4,0.154,0.258,0.1346637991139493,0.3969787001040589,0.5968951451083874,26.349971104253676,104.3854083215901,103.65699826540002,0.7477414280763174,0.1408223534842412,1.606827546380185,16.690267574824805,0.05252779197799349,0.13233331515990798,0.0920963111367392,10.747627470009041,0.47957990342000345,0.5241786031862505,0.19739955654704067,93.57489656434602,0.10296543692442357,14.801292836099865,6.497790645988302,3.2558226051327313,2.025075478511635,1.2168925623439357,0.8312738566296336,4.733606314181375,0.031968036877657084,0.04066154931470285,3.272668309557793,0.04526020493252463
1610612763,Memphis Grizzlies,66,41,25,0.621,3188.0,101.0,102.8,98.9,100.6,2.1,2.2,0.532,1.35,15.4,0.335,0.688,0.508,0.157,0.473,0.515,93.4,91.82,76.52,6099,0.514,2011-12,2011,2012,2012-13,1610612763,0.683,0.062000000000000055,0,MEM,10,14892.640000000001,9,6,7,0.135,0.248,0.162638166682782,0.4677820722182232,0.6891085126612877,25.6831425903444,102.22472171936383,99.4581447614392,2.7561812300124977,0.13376097958454644,1.4455177356063127,15.030925578003632,0.05230013919627413,0.13011306401461842,0.09042878741893084,10.692288662945812,0.4769910155844318,0.5190830034164526,0.19725047663364811,92.73352985658236,0.10602291086961971,14.390195425391333,6.29223562780004,2.944273144318267,2.040202408706582,1.4358770506773815,0.7614499511167931,2.1012054343316025,0.025380368578185455,0.03602064712122754,4.247162260286483,0.027039192419027313
1610612764,Washington Wizards,66,20,46,0.303,3173.0,97.8,100.0,103.8,104.9,-6.0,-5.0,0.523,1.25,15.1,0.308,0.678,0.489,0.163,0.472,0.508,95.1,93.59,77.99,6182,0.46,2011-12,2011,2012,2012-13,1610612764,0.354,0.05099999999999999,0,WAS,12,12649.501666666667,9,4,2,0.128,0.275,0.18863417676137703,0.44030430184272074,0.6329822479172762,23.82241434807511,99.09320145813388,103.69785550181756,-4.629719378932056,0.14784891815896306,1.2904533749089724,15.291362215718383,0.04426951997186714,0.11945052301796871,0.08097735352156825,11.837877486873333,0.46774548865627263,0.5022219986004719,0.1907313380329476,94.513710360922,0.08826409288060229,13.341869462314788,5.854143661258856,3.247242546181991,2.2483099136579954,1.249377281134,0.7940233745703553,3.48212528777909,0.025584492424130453,0.052762192731207226,3.8571028810003103,0.03843450590134641
1610612765,Detroit Pistons,66,25,41,0.379,3193.0,97.8,100.0,104.0,105.0,-6.2,-5.0,0.538,1.19,15.1,0.322,0.689,0.5,0.172,0.468,0.51,91.7,90.31,75.26,6000,0.448,2011-12,2011,2012,2012-13,1610612765,0.354,-0.025000000000000022,0,DET,12,15649.93,9,5,0,0.145,0.24,0.13600667862412164,0.40241234305840345,0.6012395369606551,27.03977461880021,99.04092058771721,103.9307284761018,-4.895189893288127,0.13643716159326805,1.3003348172590334,15.17582221347529,0.04918818465428706,0.12719077721114408,0.08687962672463496,12.236728257996466,0.46320583712940994,0.5020306778794964,0.19466805240236434,91.08854570702019,0.08972717417905383,13.47993249810063,5.923349177919645,2.808702658733937,2.1968149378303927,1.0328480702469596,0.6187887102370426,4.779280987357583,0.027924382397115356,0.04535594468055888,2.572013534224664,0.05385172596164293
1610612766,Charlotte Bobcats,66,7,59,0.106,3178.0,92.3,94.4,107.8,109.4,-15.5,-15.0,0.605,1.39,16.0,0.285,0.678,0.474,0.157,0.439,0.483,93.6,91.86,76.55,6080,0.411,2011-12,2011,2012,2012-13,1610612766,0.256,0.15000000000000002,0,CHA,13,14477.786666666665,10,4,0,0.114,0.264,0.12647490316199345,0.35146129610971844,0.5516645500140905,24.226568471792188,93.69696049304036,108.45800564358824,-14.738143721784361,0.14461291666129444,1.351254080964494,14.227906176266353,0.04135297418850395,0.12169587881296771,0.08005716067096813,10.998586662418013,0.44090884253486257,0.48371097619433534,0.19878551175870343,92.74890834372474,0.08313202812308329,13.405087702171787,5.729052507105138,2.8620396856241377,1.9867677748164083,0.8877047504498846,0.8280271201675394,3.162948123203552,0.02298639061787303,0.0424744696417446,1.5910910374079716,0.044689108333072707
1610612737,Atlanta Hawks,82,44,38,0.537,3971.0,102.7,103.7,101.8,103.4,0.9,0.3,0.651,1.65,18.8,0.254,0.701,0.482,0.157,0.517,0.546,94.7,93.56,77.97,7744,0.509,2012-13,2012,2013,2013-14,1610612737,0.463,-0.07400000000000001,1,ATL,13,18786.251666666667,9,5,5,0.143,0.263,0.14672671530802978,0.42944907139982064,0.6253404639616329,27.779083036876877,102.89075479932086,102.16808305116037,0.733408261058996,0.16522350742134032,1.7073822274817818,18.16975984476591,0.04100311433423254,0.135236802959895,0.08903939964607097,10.966495844345747,0.5210362818518613,0.5508699457608671,0.1965202391358716,94.5476378612338,0.10484375852518386,14.717145543758019,6.247121676126451,3.6697049109761206,2.1462503917980444,1.2034332554010463,0.7032802623123949,2.6707745750668352,0.02463583755816879,0.04625922108560202,3.67169166848221,0.03923643034169667
1610612738,Boston Celtics,81,41,40,0.506,3968.0,101.1,102.2,100.4,102.6,0.7,-0.5,0.614,1.56,17.9,0.246,0.69,0.477,0.154,0.503,0.542,94.0,92.46,77.05,7652,0.507,2012-13,2012,2013,2013-14,1610612738,0.305,-0.201,1,BOS,12,18561.869999999995,9,7,3,0.16,0.271,0.138732609735262,0.38066513054270223,0.6040180757649958,29.639094103485625,100.88385279428563,101.28007854273305,-0.374623551757806,0.1589568414532947,1.564050978340724,16.990383458132182,0.03448376672177965,0.12869530799788315,0.0836597768256467,10.793863414623635,0.5096487579107063,0.5463327897458607,0.19704890249024837,93.58960270795274,0.10586193829967921,14.388851985279501,5.752437658490228,3.411509723966389,2.0325538321300605,1.2276780302846644,0.6632952391111456,4.970099959271102,0.032571306435364294,0.044480486407462556,2.317827573609091,0.04734613436124811
1610612739,Cleveland Cavaliers,82,24,58,0.293,3946.0,100.8,103.2,106.9,108.2,-6.1,-5.0,0.566,1.47,15.9,0.326,0.695,0.5,0.15,0.473,0.514,94.9,93.25,77.71,7666,0.45,2012-13,2012,2013,2013-14,1610612739,0.402,0.10900000000000004,0,CLE,11,15820.096666666666,9,6,1,0.164,0.292,0.16208255364642737,0.452118918784525,0.6916549603889905,24.333856683134467,102.49246443711152,107.45112790081981,-4.93713426529842,0.13836563482861144,1.3972116152261185,14.939980413099034,0.05151461189975872,0.13389523072867865,0.09031958749093189,10.67907929976829,0.46976084206396546,0.507442418704142,0.19705442434085424,94.15008743098703,0.0913121822475168,14.563754245918007,6.4353589074150195,2.965089341004869,2.038925594428521,1.2333679377011812,0.6189595554515153,3.29113965351986,0.03153043131287474,0.050952673488845926,2.8858719610651247,0.03102213548262229
1610612740,New Orleans Hornets,82,27,55,0.329,3956.0,102.7,104.5,107.6,108.9,-5.0,-4.4,0.582,1.44,16.7,0.332,0.705,0.514,0.162,0.489,0.528,90.9,89.5,74.59,7379,0.464,2012-13,2012,2013,2013-14,1610612740,0.415,0.08599999999999997,0,NOH,13,19300.393333333333,10,6,0,0.135,0.281,0.13912730275963286,0.37946083309528406,0.5821538524776179,24.40781560928465,103.64790192531483,107.42188580612694,-3.798017233845667,0.14709875023272412,1.410211813472541,15.573646858319643,0.05144967926387683,0.13254711121604087,0.0909403725450846,11.065020704241261,0.49007732027222933,0.5283322999634896,0.1964304153214149,90.66157966987893,0.09395678386865348,14.246756283723409,6.172102192045138,3.1634588448801915,2.042445421664982,0.9326234802123206,0.7983256990617463,3.0048880395586663,0.03014505020488479,0.04703873964339106,2.401276411757925,0.03779334353375817
1610612741,Chicago Bulls,82,45,37,0.549,3966.0,100.4,102.4,100.3,101.9,0.1,0.5,0.645,1.61,17.8,0.332,0.699,0.514,0.157,0.47,0.512,92.0,90.35,75.3,7460,0.514,2012-13,2012,2013,2013-14,1610612741,0.585,0.03599999999999992,0,CHI,11,19373.266666666666,9,7,7,0.139,0.255,0.1498391253927233,0.4065073348497414,0.6243245847370431,28.70011863426922,101.72240782831324,100.95034102835866,0.7697891768381859,0.16322918901992092,1.7018618345211098,17.970489299687884,0.05234372227708973,0.12908082865047713,0.09036545549021159,10.693855080368479,0.4720720097970055,0.5152860119959118,0.19577913370314415,91.13143664293409,0.10498228306016194,13.962745914473208,6.423903729882071,3.469316824903045,2.0477702951489856,1.0703409165207038,0.7562999184443168,3.302552769104762,0.026680836933073316,0.04031860238359701,2.0712868320897106,0.03458274824796464
1610612742,Dallas Mavericks,82,41,41,0.5,3996.0,103.6,104.7,104.0,105.4,-0.4,-0.6,0.599,1.67,17.7,0.259,0.698,0.484,0.144,0.506,0.544,96.2,95.09,79.24,7917,0.502,2012-13,2012,2013,2013-14,1610612742,0.598,0.09799999999999998,0,DAL,13,18647.018333333337,10,5,5,0.144,0.251,0.1562306073777121,0.3956499390295731,0.5925541625913202,29.81767719611294,103.31004297291138,103.70435288537189,-0.379678520542739,0.15289305162371353,1.7032839941971056,17.587773711096432,0.041081596065715945,0.1339200503994785,0.08876760869096942,10.292585624278981,0.5078670345062315,0.5437077746388586,0.19755257931764064,96.61424155211229,0.10439284019580966,15.230531494266597,6.343963302086454,3.533004516986674,2.025203135693454,1.1950436043796455,0.8513961704869526,5.294062707011192,0.023950217469743625,0.03021244613701894,3.1426644729126614,0.03797580154599163
1610612743,Denver Nuggets,82,57,25,0.695,3981.0,107.6,109.3,102.0,104.2,5.6,5.1,0.6,1.6,17.8,0.345,0.675,0.513,0.157,0.515,0.549,97.8,95.92,79.93,7960,0.538,2012-13,2012,2013,2013-14,1610612743,0.439,-0.25599999999999995,1,DEN,13,19851.516666666666,9,6,11,0.121,0.236,0.1399836788289056,0.38284916937496805,0.6044376122395351,26.49974174937096,108.26363224136526,102.91284963953218,5.3626236030664325,0.1482053545027206,1.5245735195715524,16.552075458550185,0.05484791120073948,0.12655730158317038,0.09149884408496076,10.841076089064565,0.5180599605739612,0.5507794595039339,0.1955514930429329,97.01886481553467,0.10825993211265973,15.755370496460808,6.688053221794137,3.6214865195018686,2.179783072829868,1.378232225749334,0.9665760214794672,4.185463802252883,0.011730626961000573,0.026280860634734733,3.078688824962118,0.02725727142031776
1610612744,Golden State Warriors,82,47,35,0.573,3961.0,104.2,105.1,102.6,104.2,1.7,0.9,0.589,1.49,17.1,0.285,0.712,0.506,0.157,0.506,0.545,96.8,95.64,79.7,7893,0.502,2012-13,2012,2013,2013-14,1610612744,0.622,0.049000000000000044,0,GSW,11,19137.928333333333,7,5,7,0.141,0.257,0.15584523821239096,0.4611705185435867,0.6913996351224709,26.090206820539702,104.44368796622622,103.19200253911148,1.2614863399094831,0.150119054509296,1.4615108497027325,16.33290096620524,0.04626245743944594,0.13725924157412717,0.09339375865917916,12.032028797613672,0.49973253836164955,0.5378923961379658,0.19562510144558487,96.66977166459239,0.10130779507046955,15.14834808400108,6.809514474616157,3.3671356103764976,2.187697606071434,1.0157839271526865,0.6358054951437185,3.3621907351302043,0.033244823916495324,0.049724612793956305,1.7213436451820934,0.05176007253560228
1610612745,Houston Rockets,82,45,37,0.549,3956.0,106.7,108.8,103.5,105.3,3.3,3.5,0.609,1.41,17.3,0.305,0.71,0.509,0.169,0.525,0.564,98.6,96.89,80.74,7988,0.51,2012-13,2012,2013,2013-14,1610612745,0.659,0.10999999999999999,0,HOU,8,14896.608333333332,7,5,8,0.149,0.285,0.200348848982962,0.5627354772590852,0.8415450273076701,24.58962873540006,108.20222240744957,103.86874635333658,4.333476054112989,0.17223801458161894,1.5086628667711275,17.681633794717253,0.044893766198457925,0.13634729236464901,0.09124775438256917,12.364326700764657,0.5318453136703937,0.5711688282511735,0.2004755732429026,97.57865116276469,0.11036799931528037,16.273771490490283,6.595058271094147,3.8763186027244454,2.5254070697300786,1.273578493538518,0.6428308904767472,2.2448108326008915,0.021371980093987962,0.04648900383825057,1.855037576670132,0.02945118338117045
1610612746,Los Angeles Clippers,82,56,26,0.683,3946.0,107.7,109.8,101.0,102.8,6.7,6.9,0.62,1.64,18.4,0.323,0.697,0.512,0.159,0.526,0.557,93.6,91.83,76.53,7552,0.548,2012-13,2012,2013,2013-14,1610612746,0.695,0.0119999999999999,0,LAC,13,19686.27333333333,11,4,12,0.178,0.252,0.13199086944168545,0.3638888315073007,0.5705102133771044,29.33451777397516,108.78552927403555,101.78205572004315,7.004723705959582,0.15612176013675852,1.6343817570347663,16.859129127537592,0.05060330421434088,0.13064622032746334,0.0909104276042088,11.230620244359775,0.5273684312520974,0.5531004584073977,0.19460203497123707,92.7551513685847,0.10990377965560433,15.117741939307283,6.233988420357872,3.565936468083852,2.066414466120386,1.4282032726017888,0.8430239547623876,4.3658274129507975,0.037174704094477075,0.045007133020703236,2.3696582438499396,0.05506238475799467
1610612747,Los Angeles Lakers,82,45,37,0.549,3951.0,105.6,107.0,103.6,105.9,2.0,1.1,0.598,1.48,16.8,0.309,0.702,0.51,0.157,0.512,0.548,96.8,95.08,79.24,7830,0.513,2012-13,2012,2013,2013-14,1610612747,0.329,-0.22000000000000003,1,LAL,12,19343.153333333335,11,6,8,0.156,0.313,0.15574571950178404,0.4272328227765689,0.5987760354826668,31.11230873077227,106.25096972296485,104.84706672266122,1.3968561744327794,0.15199777414782079,1.506729802414153,16.90731934262356,0.04752770265310069,0.13194428442036166,0.09102689651084123,11.100392946961769,0.5172817499077192,0.5476098711757788,0.19642657608738734,95.9318522729662,0.10441482171297131,15.397075899034732,6.688878373157359,3.351883681150919,2.1961258988107075,1.0664238474733352,0.7779496827990473,4.722762678951953,0.03135004558827623,0.05836343207166721,2.109456107586606,0.03265937903625346
1610612748,Miami Heat,82,66,16,0.805,3976.0,110.3,111.4,100.5,103.2,9.9,8.2,0.6,1.65,18.4,0.264,0.678,0.485,0.151,0.552,0.588,93.0,91.26,76.05,7572,0.564,2012-13,2012,2013,2013-14,1610612748,0.659,-0.14600000000000002,1,MIA,12,19497.271666666667,9,5,11,0.221,0.294,0.1475619281090867,0.39605319137387,0.6064805819412511,30.597241255037133,110.44072593746664,102.09142246654511,8.361564425723497,0.15608714621011502,1.67382190995441,17.664436878903484,0.03960950442382408,0.12774828016535303,0.08674138296101772,10.894853408122145,0.5507529462882969,0.5828223265084183,0.19476415922467102,92.30461624160577,0.11382504141818817,15.375074273212414,5.736802662047673,3.447251551349535,1.9701218025120266,1.305413415535148,0.7976500643722545,3.5915569650839334,0.054412585335850264,0.06873825435211314,4.836642317484363,0.043737021449958516
1610612749,Milwaukee Bucks,82,38,44,0.463,3966.0,100.9,102.5,102.3,104.2,-1.4,-1.7,0.6,1.62,17.0,0.315,0.678,0.491,0.146,0.476,0.51,97.3,95.65,79.71,7909,0.488,2012-13,2012,2013,2013-14,1610612749,0.183,-0.28,1,MIL,10,17180.913333333338,9,5,3,0.122,0.258,0.17905935928124886,0.4647930047956316,0.6906248096240128,26.62399874356699,101.77827704735913,103.3603762139925,-1.623611055601623,0.14781508307474533,1.5326960159665552,15.190228817870375,0.05273134160116439,0.1316066227755839,0.0907902384506528,10.176414360198935,0.47727073648005514,0.5124147314442343,0.19838487263191676,96.57614482563402,0.10075069000988307,14.969169275828177,6.8622661503831575,3.304364494398241,2.022011247364808,1.3033067314620836,1.093771887175575,3.3246639890785348,0.02231559969217988,0.04105006005220818,2.561552734705407,0.04020259400368087
1610612750,Minnesota Timberwolves,82,31,51,0.378,3946.0,100.1,101.8,102.9,104.0,-2.8,-2.2,0.624,1.51,17.1,0.312,0.702,0.5,0.157,0.473,0.516,95.2,93.94,78.29,7712,0.494,2012-13,2012,2013,2013-14,1610612750,0.488,0.10999999999999999,0,MIN,12,18615.38666666667,12,6,1,0.144,0.273,0.13290743714518596,0.35014368042493876,0.5583157373756763,26.971325244206586,101.00771859694562,103.0852243466695,-2.063520902780066,0.15800025373275442,1.4673876440206453,16.276262799447625,0.04739888302078424,0.13265394755879367,0.0881996699504496,10.778594060898728,0.4763159239596779,0.5208489652645768,0.19682762279447683,94.78600243329176,0.10178407808164427,14.523469473997855,6.275453853944479,3.432644249846364,2.1427435655378995,1.2744296116331006,0.6652561250406475,3.603002740099215,0.021036723669729047,0.03583468101669476,1.5195288497966202,0.04161877415903743
1610612751,Brooklyn Nets,82,49,33,0.598,3971.0,105.0,106.9,103.6,104.8,1.4,2.0,0.567,1.38,16.1,0.343,0.701,0.52,0.162,0.498,0.536,91.2,89.88,74.9,7433,0.509,2012-13,2012,2013,2013-14,1610612751,0.537,-0.06099999999999994,1,BKN,12,19411.07333333333,9,4,8,0.148,0.282,0.14641951793151745,0.3986174901542453,0.6068979184046495,29.41048597347013,105.87811335179474,103.52429905988369,2.341646640869249,0.14339237861138368,1.470298783924365,15.747861272311582,0.05441338663738671,0.1320754203528502,0.09256021416985014,11.740799838992245,0.49526920888111636,0.5324897332656516,0.19482510721543478,90.82350968399136,0.10391330627088803,14.490079717384685,6.394700481958581,3.0397082627407523,2.0474911055923064,1.0719654520220592,0.7195892653712092,3.1829694593940165,0.03136100827763692,0.056992177403015445,3.0457439701791755,0.02808364442781696
1610612752,New York Knicks,82,54,28,0.659,3946.0,108.6,109.8,103.5,105.4,5.1,4.5,0.527,1.6,15.6,0.291,0.708,0.494,0.132,0.515,0.55,92.0,90.68,75.57,7462,0.512,2012-13,2012,2013,2013-14,1610612752,0.451,-0.20800000000000002,1,NYK,13,18381.42166666666,11,5,11,0.151,0.349,0.14568749805623488,0.40653030736741175,0.6353551906077632,30.730126242502283,109.2654866739089,104.31562646632429,4.95547328448389,0.13498460810022583,1.8220940110453916,16.76933652121395,0.0451583241702469,0.12968734935536813,0.08643249592682031,9.657506605627985,0.5339439114838144,0.5641128892551202,0.19776826919354168,91.59323234066134,0.10517782882771218,15.327214897142976,5.938169635591299,2.9690848177956495,1.7685247958241896,1.210352518072369,0.5033342995867295,4.477603705392935,0.025988126184592952,0.08148584075065488,2.884873612997045,0.05287434742260658
1610612753,Orlando Magic,82,20,62,0.244,3956.0,98.9,100.9,106.7,108.4,-7.8,-7.4,0.605,1.57,17.6,0.293,0.707,0.498,0.156,0.485,0.514,94.5,92.81,77.34,7646,0.459,2012-13,2012,2013,2013-14,1610612753,0.28,0.03600000000000003,0,ORL,9,14253.358333333332,7,5,0,0.132,0.255,0.17954599003860494,0.48008603820269263,0.7365799755963945,24.578750271134933,99.47446498866056,106.94890572572662,-7.4537819800362834,0.1352701185627013,1.348680526168394,14.728480363984396,0.04906103415393916,0.14151831340333243,0.09492532917680804,10.807755984993012,0.4850882523007736,0.5117761172074651,0.199680194316778,93.74027820577957,0.0938181601645928,14.305681175722913,6.781559667516953,3.030864655873499,2.0635136865405403,1.0027110569848159,0.7122531941302722,3.422372908324744,0.023296503904873533,0.030031317021883656,2.8269360300052826,0.025744213860724254
1610612754,Indiana Pacers,81,49,32,0.605,3918.0,101.6,103.4,96.6,99.0,5.0,4.4,0.578,1.34,16.0,0.336,0.701,0.522,0.165,0.479,0.521,92.8,90.9,75.75,7420,0.537,2012-13,2012,2013,2013-14,1610612754,0.683,0.07800000000000007,0,IND,12,19248.983333333334,9,5,6,0.151,0.243,0.15439222331222685,0.4170044478539559,0.6532180487454315,26.029718539247526,102.4848065568831,98.1178057542433,4.375394432086889,0.14278115493545543,1.5046188119026198,16.160310509905717,0.05325900337593587,0.13218287398728415,0.09377698822188878,11.653230430351732,0.4803776775223627,0.5221680099122118,0.19534887764635187,91.79565046985167,0.10821579018458982,14.170722436423048,6.850647523375693,3.026029946170317,2.1563736266590703,1.067900555786929,0.9482059225638757,2.9045506151698333,0.027095278694511782,0.03547202932534786,5.09070089502947,0.0272730482554883
1610612755,Philadelphia 76ers,82,34,48,0.415,3951.0,99.5,101.0,103.0,104.7,-3.4,-3.7,0.61,1.74,17.7,0.291,0.695,0.489,0.141,0.481,0.509,93.3,91.88,76.56,7566,0.474,2012-13,2012,2013,2013-14,1610612755,0.232,-0.18299999999999997,1,PHI,11,18813.711666666666,9,5,0,0.115,0.261,0.15550227684117265,0.44892080926437783,0.6623873704878543,25.811627370711093,100.04780398197167,103.28186802940799,-3.2459347513121415,0.15395457089939812,1.729884483187661,16.573401952317223,0.045140278185405024,0.13048739700220416,0.08682087195801433,9.515038074624119,0.48728287639856993,0.5145348405024102,0.1969255889343827,92.9771600579967,0.09753672246314679,14.159885338946497,6.253311525361777,3.4021994773847126,1.8809685524573523,1.1289638310781667,0.7022537728909952,3.003308700616816,0.019555716222610178,0.03703939196499014,1.8488736331480866,0.03080415736844456
1610612756,Phoenix Suns,82,25,57,0.305,3961.0,98.2,100.2,105.7,106.9,-7.5,-6.7,0.606,1.45,17.1,0.308,0.687,0.491,0.164,0.477,0.512,95.9,94.48,78.73,7793,0.458,2012-13,2012,2013,2013-14,1610612756,0.585,0.27999999999999997,0,PHX,11,18198.245,10,4,0,0.125,0.27,0.1418373951261051,0.38110158424617324,0.5891537892802301,27.430755731298998,99.63613646993616,106.21103258400282,-6.59600934961952,0.14777458320843578,1.4921191668024398,16.54203008769985,0.04807878616866626,0.1306468062350701,0.08833380031975611,11.181271124404212,0.48349376052470994,0.5175446568245089,0.19615953754514973,95.26156709983117,0.09492761692130201,14.383584790731195,6.280825431243508,3.3313102444768714,2.1859250713461655,1.1829712150814544,0.7893068809657195,3.3771112005236357,0.019058859085036822,0.039153832932029904,3.0434864024297683,0.037149050365912276
1610612757,Portland Trail Blazers,82,33,49,0.402,3971.0,102.7,104.5,106.9,107.9,-4.2,-3.4,0.593,1.48,17.0,0.294,0.702,0.495,0.157,0.498,0.536,93.7,92.46,77.05,7649,0.468,2012-13,2012,2013,2013-14,1610612757,0.659,0.257,0,POR,13,18995.57333333333,7,5,0,0.137,0.262,0.16671621037322382,0.4613366061426241,0.7100894734773295,24.554600352503176,103.43055827743724,106.8953302541364,-3.452545101735984,0.14208132227999784,1.453300524227399,16.039833096202063,0.046410590397201315,0.13370929156828115,0.08919149452714598,11.252786851041787,0.4987937117630213,0.5348729026692534,0.1949776877841013,93.40750257603875,0.09446066601130929,14.589083210965642,6.240822423189122,3.108092552089329,2.061954083337311,0.9835975820331474,0.6652076132825332,2.3685768699051413,0.03433500086526494,0.04296888377338648,2.9214851293173307,0.05862512853230398
1610612758,Sacramento Kings,82,28,54,0.341,3966.0,103.0,105.3,108.6,110.0,-5.6,-4.7,0.553,1.42,16.0,0.306,0.673,0.485,0.154,0.491,0.532,96.3,94.65,78.88,7804,0.454,2012-13,2012,2013,2013-14,1610612758,0.341,0.0,0,SAC,10,16213.916666666664,8,5,0,0.132,0.278,0.14119454994937478,0.4226236720512729,0.6778066167438467,26.017904886234565,104.48535806174736,109.1387358185098,-4.640293616080835,0.14259375793428483,1.622968945401841,16.459671280330166,0.04658155956559951,0.12613449341357985,0.08527289314220807,10.492423905389915,0.4871431752558244,0.5290227089897054,0.20335482440496075,95.49839566833019,0.0948826564628123,15.573288378810384,6.010392307020203,3.1706096100572037,2.1004178509202482,1.1967497057568857,0.5639599726572337,3.511061286325537,0.02358759344852252,0.04947428695954756,3.415038933105647,0.034735680019779024
1610612759,San Antonio Spurs,82,58,24,0.707,3976.0,105.9,107.0,99.2,100.3,6.8,6.7,0.641,1.71,19.1,0.243,0.715,0.493,0.153,0.531,0.568,96.4,95.31,79.43,7892,0.551,2012-13,2012,2013,2013-14,1610612759,0.756,0.049000000000000044,0,SAS,14,19644.605000000007,9,4,11,0.178,0.276,0.11201879600022496,0.32846100324575955,0.5222621342263349,29.34001693255392,105.74690903685769,99.11561801149305,6.607465366021187,0.16506004057263216,1.7542292799134078,18.664634429317022,0.03654643051701302,0.13322627315065214,0.08780436282633322,10.820479380131763,0.5358574193779919,0.5707227966660566,0.19563457261336292,96.44207258515335,0.11129434544497074,15.340394983762716,6.122597018367128,3.7457612408088625,2.090955761136454,1.2663018676119981,0.8026631230304706,4.691719168769753,0.03658794019396158,0.05106291212947425,3.7865130616503566,0.0381884505400067
1610612760,Oklahoma City Thunder,82,60,22,0.732,3966.0,110.2,111.0,99.2,101.2,11.0,9.9,0.561,1.4,16.6,0.291,0.702,0.513,0.16,0.527,0.58,95.9,94.58,78.82,7808,0.57,2012-13,2012,2013,2013-14,1610612760,0.72,-0.01200000000000001,0,OKC,9,18130.83666666667,7,6,9,0.202,0.322,0.17201725016918687,0.4669461843183923,0.7076957838496511,26.34420888096541,111.08392462491618,99.92455591771734,11.133344811629396,0.14880310524371831,1.390966053046642,15.866133397778482,0.048902936084398385,0.13220246151538143,0.09427240956521404,12.230260921954143,0.5429430481329139,0.5881148903589851,0.19936790598558515,95.42781261243506,0.11928353490214001,16.28959575500377,6.631795443894757,3.2166193470387743,2.2139077604618724,1.225095146372175,1.2092106063867984,3.0811225476209767,0.04762725467141973,0.08375241788690416,1.3065073619950167,0.05418098402236576
1610612761,Toronto Raptors,82,34,48,0.415,3996.0,102.9,105.0,104.7,106.4,-1.7,-1.4,0.592,1.57,16.9,0.296,0.688,0.49,0.148,0.488,0.532,92.9,91.26,76.05,7591,0.484,2012-13,2012,2013,2013-14,1610612761,0.585,0.16999999999999998,0,TOR,13,16058.23,10,4,3,0.123,0.238,0.18763255144973429,0.45821052507032217,0.6435740427182821,25.51497051667587,104.11642131999187,105.23054197131313,-1.0780784059015225,0.12748901425208964,1.429166509426423,14.57504991729059,0.04547372333895661,0.12472806041927825,0.08466075298045508,10.970283628187332,0.49001530544358457,0.5337941605851536,0.19306769592082476,92.45307823257397,0.09075713574908317,14.128082609353582,5.862414475318886,2.766431916842641,1.910048616815178,1.0559071578872639,0.710663628556821,2.9538776662125623,0.022535897350876185,0.03684637462651424,4.231450225999104,0.04737854487399552
1610612762,Utah Jazz,82,43,39,0.524,3976.0,103.6,105.4,104.3,105.6,-0.7,-0.2,0.61,1.54,17.4,0.329,0.697,0.51,0.159,0.492,0.533,93.4,92.05,76.71,7629,0.504,2012-13,2012,2013,2013-14,1610612762,0.305,-0.21900000000000003,1,UTA,12,19612.543333333335,12,5,7,0.148,0.257,0.1314530343931256,0.36720394754173474,0.5656006198754098,26.78263001076012,104.36876997764865,104.49883967964038,-0.11560891388725208,0.15071090567380094,1.5889422814957024,17.513706993296637,0.05024292939739416,0.1305226686560964,0.08961859298207626,11.06462177351467,0.48641534609738696,0.5267526677230201,0.19636215233346418,92.89451460655367,0.10140218317767047,14.58903086341173,6.211535032937254,3.388443756147214,2.1164006775935738,1.250016358578685,0.9214511189522758,4.060353060455535,0.02831651763408543,0.03966328289378012,2.935581168582817,0.0429703158171535
1610612763,Memphis Grizzlies,82,56,26,0.683,3961.0,101.7,103.6,97.4,99.1,4.2,4.5,0.579,1.5,16.5,0.344,0.702,0.52,0.155,0.472,0.514,91.1,89.56,74.63,7394,0.531,2012-13,2012,2013,2013-14,1610612763,0.61,-0.07300000000000006,1,MEM,7,14246.583333333332,7,4,6,0.146,0.227,0.19626109184073376,0.5727420024684282,0.8446535134154973,27.45111085113975,103.17399245433117,97.7765415333501,5.400764522487848,0.15961062757737235,1.634799494615668,17.446610918407337,0.056761612433390465,0.13088335402055465,0.09286142502003407,10.539675056592516,0.479870013862973,0.5263701624366077,0.19514925087301635,90.22782016623869,0.11486950461806633,14.148234371983927,6.420907936990741,3.4593557519639213,2.0089027193654623,1.394860756087717,0.7429149679162841,2.7927506722289905,0.029747480131827927,0.024233874763575323,4.0611316654336616,0.030097295525925424
1610612764,Washington Wizards,82,29,53,0.354,3971.0,97.8,99.3,100.6,101.6,-2.7,-2.3,0.61,1.43,16.9,0.279,0.706,0.491,0.161,0.475,0.512,94.4,93.23,77.69,7699,0.481,2012-13,2012,2013,2013-14,1610612764,0.537,0.18300000000000005,0,WAS,13,17989.230000000003,12,6,2,0.146,0.286,0.12230021333134693,0.33334445109657274,0.521240671965022,25.6013425810888,98.98827455835149,100.46966175502416,-1.480682701075403,0.14537552635660336,1.4361933269702671,15.757999934775789,0.04574935132483899,0.13626045778501913,0.09097122046543035,11.369533113238681,0.48086958734012897,0.5147332998688661,0.19423157392877108,94.26011284807632,0.09659338216996133,13.854289483207452,6.591944179934328,3.077841575209167,2.1152656339376392,1.0946549685561862,0.7184298605332191,3.2057783982269186,0.029524369229425633,0.04355059894873629,2.8621046869708775,0.04163034624419506
1610612765,Detroit Pistons,82,29,53,0.354,3961.0,100.9,102.7,105.6,107.2,-4.8,-4.5,0.585,1.4,16.6,0.324,0.695,0.506,0.164,0.487,0.521,93.2,91.68,76.4,7571,0.467,2012-13,2012,2013,2013-14,1610612765,0.354,0.0,0,DET,11,16632.836666666666,10,4,1,0.142,0.258,0.1615635416768958,0.44163242549727433,0.6797099753078799,24.936795006504198,101.6044119954684,106.37664502406986,-4.803957112146234,0.14338192162451346,1.274524981808074,14.558958323605257,0.054400064150212105,0.1346572044936813,0.09351147659519293,11.594794042948378,0.48202383708451413,0.5154969019115,0.1999943437188806,92.68017444609066,0.09348868322921867,14.352091876090087,6.584084374463286,3.0236574198307724,2.2617909833379795,1.097347395743881,0.7921679424896656,3.431733888446761,0.029884212149278194,0.036606610597810604,2.0845244189904544,0.025239164833934506
1610612766,Charlotte Bobcats,82,21,61,0.256,3961.0,98.3,100.4,108.9,110.3,-10.6,-9.9,0.562,1.38,15.3,0.305,0.679,0.486,0.151,0.46,0.507,94.0,92.49,77.07,7632,0.438,2012-13,2012,2013,2013-14,1610612766,0.524,0.268,0,CHA,12,17964.593333333334,9,6,0,0.125,0.265,0.1591296806421817,0.39957338305088264,0.6042161080555121,24.489751414727266,99.21260549918748,109.07379286626399,-9.869378729790341,0.14668953680740157,1.3915647019006647,13.950494917966417,0.04419339847752376,0.12358332946770481,0.08247241629739091,10.904517432252849,0.4579668598120229,0.5020658065735973,0.1955095113016753,93.54745574071814,0.08885034850032786,14.123782002301567,5.917640217479644,2.881668348369701,1.9458275147892765,1.0701049360427124,0.8817344042299502,3.8102549269080894,0.025720976138932407,0.056265879045247776,2.8264423081160155,0.02996849440467484
1610612737,Atlanta Hawks,82,38,44,0.463,3966.0,103.4,104.9,104.1,105.7,-0.7,-0.7,0.667,1.63,18.8,0.256,0.711,0.485,0.159,0.515,0.554,96.9,95.41,79.51,7892,0.502,2013-14,2013,2014,2014-15,1610612737,0.732,0.26899999999999996,0,ATL,12,18556.271666666667,11,5,6,0.153,0.251,0.1369845038016347,0.4005138244814444,0.6069619049731882,28.17330528770911,103.99390751356928,104.36586639216229,-0.36414091084927896,0.17433323324737557,1.7386564596354348,19.02844485732272,0.037965621596220425,0.13229916534059508,0.0854538231144313,11.054371320819387,0.5218524925490151,0.5596687302397222,0.19561828125854666,96.56545549065486,0.1035079013268021,15.194431568194867,5.988918571376092,3.8548691938206336,2.186430589550002,1.2590891327577207,0.5955937808268417,3.5385033710375353,0.02228924418006624,0.04601538207427531,4.546069657604438,0.04524857804525043
1610612738,Boston Celtics,82,25,57,0.305,3946.0,99.7,101.9,105.2,106.5,-5.5,-4.6,0.576,1.37,16.2,0.314,0.708,0.505,0.163,0.477,0.517,95.9,94.28,78.57,7745,0.461,2013-14,2013,2014,2014-15,1610612738,0.488,0.183,0,BOS,11,16566.68,10,5,1,0.132,0.234,0.16933386773934186,0.4293515659142327,0.6268150890824232,25.994341654453397,100.78701624787425,105.03861219226383,-4.254539292121294,0.12900042001978265,1.2268873485816107,14.861508672830041,0.0539039353891868,0.14068070719862602,0.09557996019721512,11.544397157426838,0.4769330458285345,0.5146793024713865,0.19586184075505775,95.36537369487024,0.09331654320600143,14.40071275596559,6.860276168791816,2.8879654825227505,2.1686904074926296,1.040884474137244,0.6910256007842247,3.011845580543014,0.018222331620614204,0.0387616878143117,3.177765413308429,0.04168904127088891
1610612739,Cleveland Cavaliers,82,33,49,0.402,3986.0,101.3,103.5,104.8,107.0,-3.5,-3.6,0.572,1.49,16.2,0.314,0.711,0.508,0.149,0.479,0.518,95.7,93.69,78.08,7784,0.469,2013-14,2013,2014,2014-15,1610612739,0.646,0.244,0,CLE,10,16200.634999999998,8,5,3,0.131,0.274,0.16009321033815446,0.45315456256292835,0.6921741030521336,25.057854007985902,102.68237495011769,105.5437703522115,-2.8712065710181527,0.15632779239826092,1.6246112678093583,16.82142317261021,0.047177196655151674,0.12992303398395597,0.08738674574587148,10.596733615688521,0.4815623901984911,0.5217833539652406,0.1943567596784529,94.72098056958878,0.09644442393770365,14.608316278960668,6.381972064675242,3.370978977058615,2.026587229451191,1.099956884406074,0.4822033210426628,3.489706677693772,0.025170764029053126,0.05142334778319658,3.6298695900127327,0.030799034877164344
1610612740,New Orleans Pelicans,82,34,48,0.415,3971.0,104.7,106.2,107.3,109.1,-2.6,-3.0,0.563,1.55,16.5,0.305,0.694,0.497,0.147,0.495,0.537,94.5,93.07,77.56,7703,0.483,2013-14,2013,2014,2014-15,1610612740,0.549,0.13400000000000006,0,NOP,15,19525.479999999996,14,7,6,0.164,0.266,0.12075358283979021,0.3308740681407064,0.520096048855137,24.645475552969764,105.19211229805022,107.74860022220538,-2.542678916642937,0.1436104383434705,1.5333359854234911,15.872745663614932,0.047348145517207944,0.13082352964775598,0.08876428227799436,10.45155745210873,0.49909162950155384,0.5398462570446413,0.19590236586586685,94.14104578735068,0.09804108076557742,14.95276940694928,6.154419763304155,3.1915220522107526,1.9285569420060353,1.1726216205696351,0.9384660453929942,2.4327509864536765,0.03147077334452061,0.05030676750454369,3.6696940742729782,0.03503700252614094
1610612741,Chicago Bulls,82,48,34,0.585,3986.0,99.7,101.7,97.8,99.9,1.9,1.9,0.654,1.52,17.6,0.321,0.713,0.518,0.162,0.471,0.518,92.7,90.84,75.7,7549,0.528,2013-14,2013,2014,2014-15,1610612741,0.61,0.025000000000000022,0,CHI,9,16706.576666666664,8,7,5,0.156,0.289,0.1687775452900485,0.47848841164946426,0.74737852737834,29.380087342848817,101.07884127667887,98.86187737842963,2.2141667463092882,0.14539545524287548,1.5492271706172402,16.766179346935832,0.05331054496901721,0.1448982810761351,0.099126052654314,11.09448620333749,0.4689214279486343,0.5137622105107111,0.19031725909137984,91.63451707640884,0.10573685313149134,13.403104924946724,7.085113986049008,3.055563148484639,2.0320141389428876,1.1032780902850037,0.8813295682159502,3.8657167292669294,0.0286931184605115,0.03721781739308324,2.874559946964097,0.02617841430698245
1610612742,Dallas Mavericks,82,49,33,0.598,3966.0,109.0,109.5,105.9,107.2,3.0,2.3,0.596,1.74,18.0,0.276,0.694,0.487,0.141,0.526,0.564,95.7,94.94,79.12,7852,0.521,2013-14,2013,2014,2014-15,1610612742,0.61,0.01200000000000001,0,DAL,12,19359.123333333333,10,4,9,0.161,0.26,0.1561307786492398,0.4193838322913038,0.6457189779771364,31.294755341021812,107.87963031039457,105.48540597654474,2.380467107928613,0.14762342363299166,1.8032834682424494,17.15214184113365,0.04444215492196013,0.13167567419116946,0.08842124763914068,10.152055576896819,0.5318945831224796,0.5667266611762894,0.195234191475957,96.43419575903663,0.10604834714450741,15.763730347982355,6.1050285162706235,3.4718514285340403,1.932112284010106,1.2942734838027272,0.6452771535625667,4.816370408895167,0.025918323388174885,0.04668451391764666,3.772742481821418,0.04690889337360246
1610612743,Denver Nuggets,82,36,46,0.439,3951.0,103.3,105.1,105.4,107.3,-2.1,-2.2,0.584,1.41,16.4,0.31,0.703,0.505,0.16,0.497,0.536,100.7,98.95,82.46,8146,0.481,2013-14,2013,2014,2014-15,1610612743,0.366,-0.07300000000000001,1,DEN,11,17287.521666666667,10,5,4,0.13,0.236,0.14374366173366088,0.3982380161875912,0.6172494553634206,25.90562287075466,104.52872354076585,106.29421602074636,-1.778342808536369,0.13886447257284712,1.331237241158435,14.65003715107419,0.05001029104518837,0.13560952307314533,0.09224741641683167,11.454518302363178,0.49890418792437274,0.5386493875688562,0.19803656886233836,100.08420003040727,0.09671289763628159,15.915988729057268,6.969882804678095,3.20901983926171,2.3156587029584825,1.0703674220509534,0.8517125984802333,2.71205459069622,0.025467843162129793,0.01713444419470768,2.931837527078863,0.03553155932261949
1610612744,Golden State Warriors,82,51,31,0.622,3966.0,105.3,106.3,99.9,101.4,5.4,4.9,0.591,1.53,17.4,0.284,0.724,0.508,0.155,0.517,0.55,98.5,97.37,81.14,8045,0.528,2013-14,2013,2014,2014-15,1610612744,0.817,0.19499999999999995,0,GSW,9,17677.118333333332,8,6,7,0.164,0.275,0.16223166464443536,0.4526727631228733,0.6927268782779548,26.83239802188724,106.8685518878407,99.84560203110028,7.012396364377264,0.1455437816929249,1.5194246818698107,16.880796954933547,0.04778598642256077,0.1408276324449941,0.09584631035733483,11.107589444018545,0.5247919068822587,0.5562013243862994,0.1974200827981861,98.21949486487759,0.10933209909495996,15.893088155111256,7.009739803932976,3.4498835641668975,2.181124732717088,1.187297590265231,0.7779548533127242,3.519680212737481,0.031032240411800954,0.05359298595756093,4.999742948253095,0.04350875590644778
1610612745,Houston Rockets,82,54,28,0.659,3966.0,108.6,109.8,103.1,105.2,5.5,4.6,0.563,1.33,16.1,0.306,0.7,0.513,0.165,0.531,0.571,98.8,97.27,81.06,8040,0.534,2013-14,2013,2014,2014-15,1610612745,0.683,0.02400000000000002,0,HOU,10,18125.605,10,6,10,0.156,0.27,0.1535164389455322,0.4389618994786657,0.6669313934624527,25.390329499806125,109.38856920913814,104.18893836463205,5.197894378330176,0.14203452933019342,1.472549951665981,15.743730071354864,0.0497825946591392,0.13666590310594692,0.0952531430904881,11.517099751061185,0.5330921821184268,0.569800346986119,0.19649384301011377,98.05025311798788,0.11110616914580232,16.254574674886715,6.981284210927028,3.211589351086488,2.305909237236495,1.1241555799102982,0.8739018642412212,2.3760408040477445,0.03141862683464677,0.04338437792711939,2.0510275315573687,0.0322405246381287
1610612746,Los Angeles Clippers,82,57,25,0.695,3951.0,109.4,111.3,102.1,104.0,7.3,7.3,0.628,1.77,18.3,0.288,0.69,0.496,0.143,0.526,0.567,98.4,96.66,80.55,7954,0.548,2013-14,2013,2014,2014-15,1610612746,0.683,-0.0119999999999999,0,LAC,12,18658.32166666667,9,7,11,0.179,0.286,0.1538420792223809,0.4236565400264206,0.6468067465517842,28.563131035454873,110.78604268890568,102.94115013738731,7.844892551518346,0.1647686509495808,1.8165349768418795,17.200540563089234,0.04480815512792193,0.1279651109205696,0.08833411534960318,10.456815783627558,0.545297778212099,0.574320915252024,0.19603865719255031,97.67454705956496,0.11241491182709985,16.353882490145374,6.409579711215542,3.8125615621197806,1.995034744550533,1.2772853006696836,0.7312554818033384,3.5971489240273256,0.04188645088818763,0.05926626273676006,2.7473020659637544,0.046854484368276675
1610612747,Los Angeles Lakers,82,27,55,0.329,3941.0,101.9,103.2,107.9,109.3,-6.0,-6.0,0.639,1.62,18.1,0.235,0.676,0.459,0.152,0.505,0.542,101.0,99.72,83.1,8177,0.46,2013-14,2013,2014,2014-15,1610612747,0.256,-0.07300000000000001,1,LAL,13,17573.848333333328,13,5,1,0.136,0.263,0.14544404948678957,0.3801236287745362,0.5720755148582995,26.900204366165678,102.45024099730009,108.1732717430796,-5.717385055767998,0.1458334320437688,1.4771408093218816,16.092847781680142,0.03935974363042661,0.12759096447192508,0.0839745574603324,10.39094907973581,0.5053165524644622,0.5407848870893294,0.1957733629581607,100.68190478105302,0.09285054383364526,15.595218235732661,6.338054015678031,3.398458827411071,2.1120018390963318,1.0693161590769011,0.8849513040636424,3.6345159966366665,0.0237750094813753,0.044655862298093436,3.1045820649698763,0.034596751638600265
1610612748,Miami Heat,82,54,28,0.659,3976.0,109.0,110.0,102.9,105.0,6.1,5.1,0.588,1.52,18.1,0.244,0.686,0.476,0.159,0.554,0.59,93.3,91.9,76.58,7615,0.539,2013-14,2013,2014,2014-15,1610612748,0.451,-0.20800000000000002,1,MIA,11,18655.018333333333,10,5,9,0.2,0.303,0.15555439014577935,0.4080059422795171,0.6197508427357036,30.98429278770476,108.82342065955264,103.76414423250365,5.061786109206897,0.15476231516255992,1.569393180262219,17.592224085190303,0.03678474800033699,0.12958831622697412,0.08553016663702019,11.384055237683587,0.5498221533062014,0.5823093089071386,0.19745632797108836,93.0321686916952,0.11088135507058823,15.426626490405486,5.4979308070009045,3.4137731125253072,2.1594189445538827,1.3489131744800393,0.6599832699172725,3.964762265045587,0.047742049975118994,0.06535288625725479,3.2879998607086636,0.0533179790767024
1610612749,Milwaukee Bucks,82,15,67,0.183,3976.0,100.2,101.9,108.9,110.2,-8.7,-8.3,0.596,1.42,16.5,0.31,0.678,0.49,0.161,0.479,0.519,94.3,92.96,77.47,7685,0.449,2013-14,2013,2014,2014-15,1610612749,0.5,0.317,0,MIL,11,15924.961666666664,10,6,0,0.118,0.263,0.154498749709183,0.4243199120207197,0.6337319283971066,23.788341510398194,100.84190672567814,108.60187022951494,-7.763633413246311,0.14458343897635756,1.4504278723015243,16.245158905144407,0.051819017774715724,0.12626907265187554,0.08804513082553732,11.708949754667122,0.47639346196228416,0.5151940715294239,0.19194917570183584,93.957653821668,0.08896074590237107,13.87783560337194,6.261867506326808,3.0857217134065316,2.1340082765243706,1.0104890885660949,0.8160773176115442,3.0212964235293938,0.019842879075781316,0.03986514263427076,3.1008456322010174,0.03046200031557129
1610612750,Minnesota Timberwolves,82,40,42,0.488,3971.0,105.6,107.7,104.1,105.2,1.4,2.6,0.616,1.72,17.3,0.317,0.715,0.508,0.14,0.486,0.535,99.8,98.33,81.94,8139,0.519,2013-14,2013,2014,2014-15,1610612750,0.195,-0.293,1,MIN,12,18483.725,9,5,7,0.191,0.281,0.15129526110132022,0.43517995786383246,0.6429494956599207,26.882585806342245,107.3880375212969,104.19051933525304,3.1934563063812447,0.15900112080582604,1.7062028207698032,16.854015897769525,0.04847117414554336,0.13710829418853612,0.09114570069975976,9.596488559530075,0.4849043930088046,0.5308107171759662,0.19858482827460378,99.39918793515197,0.10612874190673147,16.24542671999286,6.733058406787594,3.7434012895128013,2.0236180748198755,1.3321990020950865,0.5511875988200431,2.637303892135168,0.03982907175283894,0.050983276507217366,3.918795446703037,0.04546765132234184
1610612751,Brooklyn Nets,82,44,38,0.537,3976.0,104.4,105.4,104.9,106.7,-0.6,-1.3,0.585,1.44,16.7,0.26,0.686,0.475,0.155,0.514,0.555,93.7,92.42,77.02,7663,0.492,2013-14,2013,2014,2014-15,1610612751,0.463,-0.07400000000000001,1,BKN,12,17836.708333333332,12,5,5,0.153,0.265,0.14434315001132964,0.3774233381065733,0.5874762953740064,30.872960584562268,104.91013959507663,105.04480715565514,-0.13435802102873046,0.14797626337071723,1.5530044136506873,16.82143212149102,0.03823073717357229,0.12896440841803306,0.08414930604254801,11.01927964100252,0.5196396598774532,0.5589762248733301,0.19700561118106152,93.22034142230092,0.1036399547749141,14.965765824692056,5.679523267792778,3.1626911729322256,2.0223462382119273,1.261443511858737,0.6075111953111678,3.880161490772613,0.02321001738820657,0.03416650169667425,2.556885260820183,0.04519697989398749
1610612752,New York Knicks,82,37,45,0.451,3971.0,105.4,107.0,106.5,108.1,-1.0,-1.1,0.542,1.54,16.0,0.291,0.705,0.492,0.141,0.505,0.541,92.6,91.24,76.04,7556,0.49,2013-14,2013,2014,2014-15,1610612752,0.207,-0.24400000000000002,1,NYK,14,19046.87,10,6,7,0.162,0.318,0.15654706871347715,0.3895787076826796,0.5910677187380393,28.774333350659017,105.93744030734008,106.69436826103187,-0.7557177723513975,0.12961298103047902,1.5928950583481694,16.32998767426529,0.045635089649900484,0.13345026741926627,0.08829206469794425,10.248350253873735,0.5135084976341695,0.5437445168156237,0.1966003666219174,92.2006146189199,0.09929825600391734,14.833303319653046,6.084149259169617,2.8823633489386973,1.8220316513946913,1.126484298995058,0.676646609127904,4.0529923418186655,0.032154096966707055,0.06574903841875847,3.491736983348773,0.051888202134805314
1610612753,Orlando Magic,82,23,59,0.28,3991.0,99.3,101.0,104.8,106.6,-5.5,-5.7,0.571,1.41,16.4,0.267,0.714,0.49,0.156,0.487,0.525,95.9,94.27,78.56,7837,0.466,2013-14,2013,2014,2014-15,1610612753,0.305,0.024999999999999967,0,ORL,12,18256.76166666667,9,5,1,0.134,0.24,0.13980254073901568,0.39535041674513827,0.6034460109163207,24.856246868169485,99.98551262787844,105.70025637076746,-5.748851160807362,0.14812564294671832,1.4474333902041956,16.173495080407193,0.03699419256262771,0.1323143667227585,0.08453828951227843,11.24267261892101,0.4901113772732788,0.5264545264827452,0.19534903150494837,95.39343114245251,0.09401008731285587,14.372976149384654,6.05167564857477,3.2535890583735325,2.1592000114660714,1.1338264900392614,0.6171959850126761,3.7704718725036956,0.023760785225163478,0.03540699966673971,2.140558384257898,0.03314072544452589
1610612754,Indiana Pacers,82,56,26,0.683,3956.0,101.5,103.6,96.7,98.9,4.8,4.7,0.56,1.33,15.9,0.296,0.721,0.517,0.162,0.49,0.535,94.9,92.89,77.41,7656,0.545,2013-14,2013,2014,2014-15,1610612754,0.463,-0.22000000000000003,1,IND,10,17575.75833333333,8,5,8,0.157,0.278,0.16490374289208007,0.4621418421490586,0.7376719164796589,27.772134156373532,103.00082774996433,97.90718450744895,5.113756001993276,0.14415885042418752,1.4879033071593404,16.26476798772552,0.044983631336912445,0.1376162137148184,0.0933829517076314,11.766617523852695,0.4950009256120292,0.5395724961132544,0.19735913376900285,93.64726252304902,0.11251804412422226,14.634930403666795,6.753165226156672,3.0724136606718253,2.1834619748507773,1.0528137477235455,0.8479861703454238,3.808758796890062,0.03192673176765217,0.04783114279563592,3.826100468124636,0.02882763335407281
1610612755,Philadelphia 76ers,82,19,63,0.232,3971.0,96.8,99.0,107.5,109.0,-10.7,-10.0,0.576,1.29,16.0,0.29,0.684,0.479,0.168,0.475,0.51,101.6,99.74,83.11,8236,0.426,2013-14,2013,2014,2014-15,1610612755,0.22,-0.01200000000000001,0,PHI,7,12679.363333333333,6,3,0,0.104,0.271,0.21433344839343932,0.5868409796601248,0.8633819416274582,23.675700330905155,98.19119796761613,108.29299684868509,-10.09267222670749,0.1485098615624496,1.2814827913283762,15.23724094716638,0.03870455811529968,0.11075421754877808,0.07288174117049515,11.947753462384677,0.4807845701506042,0.513515075020854,0.20200275960228287,100.85586679036723,0.08105029248313993,15.167323070112088,5.471252631244102,3.2992192825665008,2.512744462195657,1.5928244556969078,0.41453185478030047,1.8326046364163047,0.020153610013554778,0.05770697483245022,2.3881446109001594,0.02876192838669272
1610612756,Phoenix Suns,82,48,34,0.585,3951.0,107.1,108.2,103.8,105.6,3.3,2.6,0.493,1.24,14.7,0.298,0.699,0.5,0.158,0.519,0.558,98.2,96.83,80.69,7973,0.509,2013-14,2013,2014,2014-15,1610612756,0.476,-0.10899999999999999,1,PHX,12,19402.711666666666,9,6,10,0.141,0.244,0.13750620939839422,0.3859253521865973,0.6160686989885521,26.598627751945664,107.47605778814248,104.57419592639413,2.909982779898376,0.1272123872376258,1.2416865804066728,13.99431825122038,0.04666497706892687,0.13069813652335704,0.08895392156096393,11.600460219177267,0.5157972536828399,0.5532617242418091,0.1963731550581375,97.71218007242457,0.10294309128784146,15.804388853894732,6.399311711326947,2.8814529103191497,2.2246375012702257,1.2672455490972179,0.6846465704493022,2.8900903665097686,0.022800270687875754,0.038777646450474025,3.1150280714432044,0.039215868579198024
1610612757,Portland Trail Blazers,82,54,28,0.659,3971.0,108.3,110.4,104.7,106.2,3.5,4.2,0.594,1.69,17.2,0.32,0.713,0.517,0.142,0.504,0.548,97.5,95.9,79.91,7930,0.524,2013-14,2013,2014,2014-15,1610612757,0.622,-0.03700000000000003,0,POR,12,19410.89,6,5,8,0.155,0.296,0.15228453375055617,0.4468034867712574,0.7096718216767323,26.039770458747643,109.45291149280979,105.21471752883735,4.236418603165543,0.14898063252122906,1.6587474479531852,16.681770542205946,0.05015299238382853,0.13518207992180337,0.0928390197461322,10.040033738793019,0.5105800851995969,0.5533979753117967,0.1975966307229258,96.86452249141249,0.10582275396268111,16.062941987719267,6.945585699573797,3.4459007289207246,1.9714706538443112,0.8234552872124874,0.7084682876467797,2.4578162683476337,0.025112819417335452,0.05106451878882361,3.6683698474745126,0.041216675406541795
1610612758,Sacramento Kings,82,28,54,0.341,3966.0,102.9,105.1,106.3,107.8,-3.4,-2.7,0.511,1.24,14.6,0.316,0.725,0.518,0.159,0.484,0.532,96.7,95.04,79.2,7840,0.473,2013-14,2013,2014,2014-15,1610612758,0.354,0.012999999999999956,0,SAC,6,10950.545,6,3,2,0.182,0.323,0.2280512065837819,0.6376060126078961,0.9181132080640735,24.37323423933086,104.87188445871872,106.46508651700287,-1.623912691103502,0.15300770052997362,1.3623348076891757,13.96087126257186,0.048341267946024606,0.14164186759654426,0.09463269362392465,11.095753072868368,0.480936407122507,0.5238633136524254,0.21435431645943953,95.91735668863969,0.10303625481654108,16.463838101208662,6.739390596541085,3.1691573341783443,2.3670054778095517,1.0552899421900919,0.6607890292218332,2.5017113457560622,0.05192928270556119,0.06871664286174517,2.309949754929841,0.04203494215352317
1610612759,San Antonio Spurs,82,62,20,0.756,3951.0,108.2,109.5,100.1,101.4,8.1,8.1,0.621,1.75,19.0,0.261,0.725,0.503,0.15,0.537,0.571,97.1,95.87,79.89,7887,0.555,2013-14,2013,2014,2014-15,1610612759,0.671,-0.08499999999999996,1,SAS,13,19136.825000000004,9,4,13,0.154,0.263,0.11277515122458051,0.3224626690512489,0.5260830014034894,29.691780811776944,108.141993556054,100.0315489899709,8.115434300099414,0.15848960324749095,1.8063665332850842,18.71790710667348,0.0415631344279942,0.1364975414329876,0.0912999357695612,10.830510277087935,0.542216805208457,0.5752130126949829,0.19590184596103757,97.11935483724876,0.11251128256646543,15.860311206273767,6.476936482410222,3.7943598271918146,2.101289006927743,1.0986148433713534,0.7712878181202995,4.841246363889492,0.02448513992451003,0.042485257549722356,2.8087243278970813,0.028025268039557454
1610612760,Oklahoma City Thunder,82,59,23,0.72,3961.0,108.1,109.4,101.0,103.0,7.1,6.4,0.562,1.43,16.6,0.294,0.722,0.518,0.158,0.52,0.566,97.9,96.33,80.27,7954,0.543,2013-14,2013,2014,2014-15,1610612760,0.549,-0.17099999999999993,1,OKC,12,18947.40166666667,9,5,12,0.206,0.33,0.16475645165418898,0.4256578364614813,0.5904271306857288,26.294655793173394,108.59689528229949,101.81900378424798,6.786251984770822,0.1506131260214131,1.458112619839431,16.417532140070918,0.04864437287399389,0.13506350879597295,0.0939445304769581,12.056031209556348,0.5157274923624092,0.5559448336847593,0.19781024715702,97.29997523407123,0.11011537606607626,16.049271839472095,6.748788158376333,3.345894129195023,2.260996032789368,1.23309783637,0.9233983797778428,4.888713988807081,0.053340630872182486,0.0808599379765916,2.7803340376848356,0.04521433363973866
1610612761,Toronto Raptors,82,48,34,0.585,3991.0,105.8,107.9,102.4,104.6,3.5,3.3,0.581,1.5,16.4,0.312,0.701,0.505,0.151,0.498,0.545,94.4,92.48,77.07,7696,0.512,2013-14,2013,2014,2014-15,1610612761,0.598,0.013000000000000012,0,TOR,8,14374.358333333334,6,5,7,0.138,0.278,0.20986165759283168,0.5677323567486781,0.8719525451281014,25.370848321925095,107.43398806787317,104.30655180550087,3.092124564400846,0.14072849454729286,1.4829717790301367,13.942009921602299,0.05123049133207685,0.13293879436937184,0.09216395328950916,10.52870160581081,0.5131107021009054,0.5613909796553237,0.20103343963759543,93.45882041691137,0.10921817449242661,15.928363179110024,6.479037035276357,3.0053515432283064,1.9534785030983992,1.0042883073621258,0.6386372029360151,2.5491510976362353,0.023496800119453248,0.04776200405009563,1.4238363793924285,0.02755040368671422
1610612762,Utah Jazz,82,25,57,0.305,3956.0,100.6,102.4,109.1,110.1,-8.4,-7.6,0.564,1.39,16.1,0.297,0.708,0.497,0.158,0.484,0.523,93.6,92.32,76.94,7605,0.451,2013-14,2013,2014,2014-15,1610612762,0.463,0.15800000000000003,0,UTA,12,19180.775,8,7,0,0.118,0.232,0.14596047344280927,0.3792676955614845,0.6083669716161104,24.906060191346103,101.40159709396517,109.34912212879821,-7.9389799334663635,0.1400554544850247,1.4681043501457403,15.466171691880714,0.046092433873674725,0.13380176609130753,0.08882410347513763,11.111686649783442,0.48678356453271565,0.5224585285700569,0.19625248953704943,93.24456812789542,0.09168024554099959,14.29055916666558,6.173056093927382,3.0386676242226915,2.066444134817284,1.0210223518079953,0.6681690390508204,4.097713216239976,0.022076940310025783,0.03392566779140875,2.4896642396252386,0.04139019513081055
1610612763,Memphis Grizzlies,82,50,32,0.61,3961.0,103.3,105.5,102.1,103.8,1.2,1.7,0.574,1.59,17.1,0.326,0.718,0.521,0.15,0.494,0.529,92.2,90.58,75.48,7476,0.518,2013-14,2013,2014,2014-15,1610612763,0.671,0.061000000000000054,0,MEM,11,17130.171666666665,10,4,8,0.131,0.258,0.1579088086585628,0.41570599166013417,0.6290637484368468,29.26239764283351,104.42052911904076,102.54204778839053,1.8783537390119562,0.1491101297583805,1.7363015801651336,17.091050751291363,0.05456695520564447,0.1429551950393959,0.09853118294300028,10.408502940669113,0.4964117102153968,0.5273433739669665,0.1985325152900297,91.62693817137269,0.1085038880229163,14.540659886362299,6.767007491557538,3.3687928599275567,2.002782030886439,1.1621599822457511,0.7292396271957968,3.5656766706577425,0.02173914017092985,0.04219190164504333,2.153054683957474,0.04455456510666095
1610612764,Washington Wizards,82,44,38,0.537,4011.0,103.3,104.9,102.4,103.6,0.9,1.3,0.601,1.59,17.6,0.286,0.719,0.498,0.153,0.506,0.538,95.5,94.18,78.48,7872,0.504,2013-14,2013,2014,2014-15,1610612764,0.561,0.02400000000000002,0,WAS,12,18600.24,9,6,6,0.135,0.267,0.16020572852823403,0.44931570775430846,0.7013088720002179,26.50646640401773,104.49543670762672,102.42517185262128,2.0599084026155934,0.15015582263096247,1.538853224474523,15.866611407523056,0.04328861957336752,0.1350720498767758,0.08851212977180223,10.404015378296195,0.5138479218547719,0.5451365731481602,0.19893604742017668,95.25419231328917,0.10229270518373239,15.259157946349081,6.174113882401518,3.38511761138566,2.0554573489374333,1.1670817150746444,0.6793460729538975,3.589279065754557,0.024609594500401323,0.04546387644268066,2.7510405791522876,0.042467055896543475
1610612765,Detroit Pistons,82,29,53,0.354,3956.0,102.9,105.2,107.3,109.0,-4.4,-3.7,0.539,1.44,15.6,0.347,0.693,0.511,0.152,0.482,0.514,97.4,95.57,79.64,7874,0.464,2013-14,2013,2014,2014-15,1610612765,0.39,0.03600000000000003,0,DET,11,19059.30833333333,9,6,0,0.135,0.241,0.14325161327557795,0.42749916160826057,0.6875554683035455,25.160398702821062,104.37771376803198,108.05271163652758,-3.669466983980269,0.1350428360245672,1.3842087020471625,14.008352235587424,0.05626482624194565,0.13181507671011147,0.09182526184712021,10.260792290031514,0.4931538811525603,0.522677485148333,0.195978061550852,96.56989869604398,0.09441454547362466,15.176836165355775,6.801715871990808,3.1373646385383873,2.08339144871032,1.2504126373945892,0.7272037241645268,3.4409520996311045,0.025256863304289542,0.04199118127210849,1.2693152037689603,0.047625277955512746
1610612766,Charlotte Bobcats,82,43,39,0.524,3981.0,101.2,103.0,101.2,103.3,0.1,-0.4,0.597,1.76,16.9,0.269,0.73,0.5,0.131,0.481,0.522,94.7,92.93,77.44,7712,0.508,2013-14,2013,2014,2014-15,1610612766,0.402,-0.122,1,CHA,10,16921.90666666667,9,4,5,0.17,0.293,0.15447225017196642,0.45076638329959656,0.6789981507206042,25.268070264737702,102.29954085158253,102.07023770174047,0.2078538234068187,0.13863346033504498,1.8485590158083052,15.70982406040927,0.04188164582320511,0.14362946314954267,0.09311705960242463,9.233384397975641,0.4945480756502617,0.5313128959857163,0.193757703426643,93.64106774512408,0.10321035897846027,14.306898434612965,6.746048317644269,2.9805151980509685,1.6168390795993832,0.8786243945717701,0.8318211580570511,3.0397540291305982,0.03406280558159594,0.06340334084409278,2.042480297520547,0.041237805018432654
1610612737,Atlanta Hawks,82,60,22,0.732,3946.0,106.2,108.2,100.7,102.3,5.6,5.9,0.676,1.81,19.5,0.264,0.697,0.487,0.15,0.527,0.563,96.2,94.66,78.88,7775,0.54,2014-15,2014,2015,2015-16,1610612737,0.585,-0.14700000000000002,1,ATL,13,19337.946666666667,11,5,12,0.145,0.267,0.12502783818481936,0.36847147163504435,0.5968519753217508,28.439513398871718,106.85110013403697,100.74340612515908,6.108733338458547,0.17397072982929587,1.8533856300496574,18.792362615541393,0.038439865297660004,0.13034665969361792,0.08595530402745276,10.321328626065783,0.5311284404721356,0.5668281174802425,0.1946812564898307,96.0034526088947,0.10853124702657159,15.345372759327773,6.0856512859690035,3.890795713574554,2.029170970237447,1.3571244378927512,0.7036941529814265,3.6990949777704616,0.025637756770771646,0.04463840756919565,4.239372151306107,0.060829192852347835
1610612738,Boston Celtics,82,40,42,0.488,3976.0,101.7,103.8,102.1,103.5,-0.4,0.3,0.629,1.77,18.0,0.289,0.71,0.495,0.142,0.489,0.523,98.4,96.71,80.59,8007,0.498,2014-15,2014,2015,2015-16,1610612738,0.585,0.09699999999999998,0,BOS,9,14076.953333333335,7,4,3,0.127,0.231,0.17244829965574934,0.46998332499030326,0.7213872746138723,24.651477971322393,102.09011064420662,102.22698029355782,-0.12402435091305282,0.15105176629128556,1.7158807492909214,17.536450015462623,0.04695972743628711,0.13344231564311027,0.08965041607014397,9.96906979872065,0.4884134233828058,0.5197090716362395,0.19384919298351963,97.89785464941987,0.09706738603002636,14.781607573229623,6.672182380373025,3.5342874855023076,1.9896350678153367,1.1994072581046182,0.5754085993039213,2.670216057701417,0.022660927263254416,0.022953689998291338,2.910270143284644,0.041145052010202306
1610612739,Cleveland Cavaliers,82,53,29,0.646,3956.0,107.7,110.1,104.1,105.3,3.7,4.8,0.587,1.55,17.1,0.311,0.711,0.513,0.152,0.52,0.557,94.8,93.23,77.69,7682,0.514,2014-15,2014,2015,2015-16,1610612739,0.695,0.04899999999999993,0,CLE,10,14929.203333333331,7,4,7,0.171,0.318,0.18285391875119034,0.519455045714652,0.7588631096859154,27.38957236164198,109.2194188973245,104.44680393751754,4.770179007095935,0.16616153775564269,1.6734906517673076,17.020687373137346,0.04766740299381905,0.13770362729781738,0.09307143314858729,10.32872216222299,0.5179581454558526,0.5550296924752179,0.20061694696368035,94.16318086073358,0.1091212758394565,16.004336913713413,6.590304774021209,3.600192106700938,2.0617309117409928,0.993489047528993,0.549794909797598,4.55747810316965,0.04306111824620679,0.07214402441133831,5.662796901144054,0.03706919563114108
1610612740,New Orleans Pelicans,82,45,37,0.549,3956.0,105.4,107.1,104.7,106.3,0.7,0.8,0.581,1.66,17.1,0.309,0.712,0.511,0.143,0.501,0.537,93.7,92.29,76.91,7608,0.508,2014-15,2014,2015,2015-16,1610612740,0.366,-0.18300000000000005,1,NOP,10,16069.353333333334,7,7,6,0.192,0.272,0.16738798449885764,0.4457318962845632,0.6732748631660349,25.756529302361475,107.04810617768067,105.24274022850122,1.792807188258561,0.14748554359997065,1.5520877587689692,15.441632000955856,0.05426200203866324,0.1454638430793523,0.1000483577849845,10.060072454689113,0.505594997185118,0.5399901861846339,0.2032496917527899,93.23198440053386,0.11017157753288558,15.650660906080851,7.103957305064755,3.3133878442733438,1.958012830219677,1.0618971184486579,1.005889886462969,1.9239580277539212,0.04091597974666198,0.05529301389368231,2.9587389934516737,0.04349942940131024
1610612741,Chicago Bulls,82,50,32,0.61,3976.0,104.7,106.3,101.5,103.3,3.3,3.0,0.593,1.56,16.6,0.312,0.709,0.516,0.147,0.489,0.536,95.4,93.8,78.17,7775,0.529,2014-15,2014,2015,2015-16,1610612741,0.512,-0.09799999999999998,1,CHI,12,19688.425,10,6,10,0.169,0.305,0.13615834345984168,0.36787410199986376,0.5569400125539076,29.073278250207082,105.36944736988019,102.27475996683327,3.0603140847139034,0.15025984793941957,1.6892374952965172,16.978879730941742,0.047152146756279385,0.13122869266248233,0.09051560608157669,10.078898472918308,0.49035799325407364,0.5343736289215618,0.1954845873484886,94.68784145591466,0.10700865643984558,15.04477884848585,6.774538847063694,3.249218766864287,1.9564795050899197,0.928870643538018,0.8593881938245441,4.037795226476046,0.03688778982828389,0.05440884334805979,2.817801035693398,0.037301273427887735
1610612742,Dallas Mavericks,82,50,32,0.61,3976.0,107.2,108.2,103.7,104.9,3.5,3.2,0.567,1.74,17.0,0.269,0.681,0.477,0.133,0.515,0.55,97.4,96.4,80.34,7976,0.521,2014-15,2014,2015,2015-16,1610612742,0.512,-0.09799999999999998,1,DAL,10,16150.561666666666,8,4,8,0.141,0.273,0.16713010084169416,0.4499354356819582,0.6896376256057968,30.599377090807064,106.87256702217891,103.24163920202156,3.618486405581148,0.13040741482984544,1.69959287071234,15.083574668249414,0.040962146414515836,0.13300280413364365,0.08743482161662695,9.448539251008507,0.5283512757089873,0.5633126358763374,0.19765743802305327,97.87518225320751,0.10645710164672294,16.10693209121623,6.366094388667805,3.042618641642701,1.743097273087613,1.188070136260483,0.6441881226628136,3.9677133894870193,0.021431995407540046,0.052929624077951286,2.0553506396102317,0.06108898494239692
1610612743,Denver Nuggets,82,30,52,0.366,3976.0,101.6,103.9,105.5,107.1,-3.9,-3.3,0.577,1.53,16.2,0.303,0.7,0.494,0.146,0.479,0.518,98.7,96.87,80.72,8011,0.465,2014-15,2014,2015,2015-16,1610612743,0.402,0.03600000000000003,0,DEN,10,14366.009999999998,8,3,3,0.125,0.214,0.18553597461415294,0.502746993308047,0.7002343262557478,26.013156633841504,103.47496800897862,105.97357678529622,-2.5163915496833615,0.14952973476977952,1.638483455044233,15.430118708442127,0.049904135409437514,0.13852308075334302,0.09253435887904855,10.186346962958634,0.4741555143007697,0.5124274123434412,0.19802359121751043,98.13283370144762,0.0950440549138789,15.128208876368596,6.966443709840102,3.4506449598740363,2.03229706787062,1.2028392016990106,0.6565497309273766,2.767405001920746,0.027048200949737936,0.010845724958456886,3.453877792814449,0.03962163546787769
1610612744,Golden State Warriors,82,67,15,0.817,3946.0,109.7,110.4,98.2,100.4,11.4,9.9,0.659,1.9,19.7,0.273,0.703,0.498,0.145,0.54,0.571,100.7,99.28,82.74,8170,0.569,2014-15,2014,2015,2015-16,1610612744,0.89,0.07300000000000006,0,GSW,12,19250.030000000002,9,5,11,0.178,0.281,0.13575043779152549,0.39261142277007705,0.6205032754061507,27.237084652162444,109.64195770950313,98.88164389873677,10.764203640202119,0.16885348836685796,1.9346649156737241,20.058055312121585,0.043098002617831414,0.1314786736263095,0.08944413731649593,10.321895524318663,0.5388299920398392,0.5673476998910304,0.19640814360635625,100.30694167316447,0.1150210917420215,16.65161041307468,6.680093485568593,4.166642857179962,2.120723967702907,1.402595216734727,0.8864401769763475,2.872509815394293,0.02830447570998905,0.058235010851430825,6.094859225287227,0.034905145444202056
1610612745,Houston Rockets,82,56,26,0.683,3961.0,104.2,106.0,100.5,102.6,3.7,3.4,0.6,1.33,16.5,0.305,0.686,0.496,0.17,0.512,0.548,99.3,97.36,81.14,8037,0.509,2014-15,2014,2015,2015-16,1610612745,0.5,-0.18300000000000005,1,HOU,9,15077.896666666667,8,6,8,0.184,0.308,0.19769766738022035,0.527126130987766,0.7504953719230069,27.556590673898146,105.65361090373123,101.7000490674097,3.9563373339650156,0.15940592564966508,1.468338663062863,16.83677646020035,0.0454938304834295,0.13259734613735913,0.0887537477044212,11.96283431663435,0.524988564496949,0.5543074117985952,0.1948160429759323,97.80114564056127,0.10879595905175987,15.822631317498086,6.55396453395688,3.4357577283657377,2.363724913886088,1.437335755716591,0.7234430797045299,4.015413002084181,0.04273088772013683,0.06262674868071812,2.490295696607582,0.042123959047661134
1610612746,Los Angeles Clippers,82,56,26,0.683,3946.0,109.8,111.6,103.0,104.7,6.9,6.9,0.629,2.01,18.7,0.272,0.716,0.497,0.129,0.533,0.565,97.0,95.4,79.5,7844,0.54,2014-15,2014,2015,2015-16,1610612746,0.646,-0.03700000000000003,0,LAC,10,17828.518333333333,7,6,7,0.173,0.278,0.1602625232177174,0.45356339669654727,0.7130920675685238,30.001106653936745,112.03687592846329,103.69467771251507,8.358015804454118,0.16428035737873525,1.8952392145879386,16.662530481360807,0.04313780113153916,0.13885204949261531,0.09200165128696898,9.369662584598776,0.5550883876964537,0.5755130451577066,0.19852825898506615,96.31903583780705,0.11189159484275707,16.452741305573067,6.60492351626528,3.8224152296821075,1.7890437894867128,1.1489457293656202,0.7895215820421047,3.5480150672768462,0.03897843907094022,0.05247317423967521,6.171478927232885,0.04888168195627791
1610612747,Los Angeles Lakers,82,21,61,0.256,3986.0,100.8,102.3,108.0,109.4,-7.2,-7.1,0.562,1.58,15.9,0.29,0.72,0.497,0.138,0.473,0.513,96.3,95.03,79.19,7892,0.45,2014-15,2014,2015,2015-16,1610612747,0.207,-0.049000000000000016,0,LAL,13,18831.82,13,7,0,0.121,0.337,0.11918993136793646,0.31996783458352224,0.5075090989612263,27.6158775413104,101.39250900868849,108.40488256932504,-7.023906540454755,0.14403132216287823,1.6858531977613778,15.975416068831015,0.04309378612015903,0.13380973718950157,0.08675954731583742,9.406849975201547,0.4733566584819381,0.5115087151250738,0.19739497536616216,96.00692973736297,0.09082525135648067,14.725501836784762,6.371556227703961,3.165705704493777,1.8810715055687661,1.0628818669677174,0.6576103637354223,3.5615122405577275,0.023503004976161777,0.05200863736958588,2.7056371464562514,0.03766507486771877
1610612748,Miami Heat,82,37,45,0.451,3946.0,101.5,103.2,103.8,106.1,-2.4,-3.0,0.564,1.34,16.1,0.284,0.687,0.489,0.161,0.5,0.54,93.3,91.49,76.24,7526,0.492,2014-15,2014,2015,2015-16,1610612748,0.585,0.13399999999999995,0,MIA,12,15382.825,12,5,2,0.173,0.338,0.15735449546274283,0.43943759788378706,0.6148391685749095,29.400849107148183,101.88261992406032,104.25001117588393,-2.361355841119343,0.1394447720103427,1.2409236231533107,14.870633536644492,0.04327338075635218,0.13714144389386648,0.0912385539283801,11.638738105647043,0.5004897010139555,0.5422584380090567,0.20306421393122956,92.89724265969785,0.10569559080771357,14.91689595376662,6.297672891682769,2.845771176620679,2.188154646496986,1.1982194427876545,0.7652690581866465,3.872770795460506,0.03324487380928467,0.06659829054004299,2.16167717779209,0.03952802735182106
1610612749,Milwaukee Bucks,82,41,41,0.5,3986.0,100.5,102.0,99.3,101.4,1.2,0.6,0.627,1.41,17.8,0.29,0.686,0.491,0.175,0.499,0.536,96.5,94.82,79.02,7867,0.511,2014-15,2014,2015,2015-16,1610612749,0.402,-0.09799999999999998,1,MIL,12,16436.416666666668,10,3,6,0.116,0.232,0.1545707955403905,0.40449053676541424,0.6134248645031105,25.157096082378054,101.24735881198761,99.82258388639046,1.4506768202720586,0.13762658223355656,1.4178865030394903,16.65046732611021,0.049451343916202324,0.1342826544715241,0.09249592753895058,11.982671456166944,0.5061781569380998,0.5407785067710419,0.18893622271683302,95.57703881624641,0.10133587308669265,14.179733011554626,6.553253192859351,3.088264372303371,2.2099707458539726,1.3360576362447207,0.7884930312263926,3.557267187582843,0.016998869908086422,0.025054722407640364,4.572848768967971,0.033874331513519707
1610612750,Minnesota Timberwolves,82,16,66,0.195,3961.0,99.8,101.8,109.6,110.9,-9.8,-9.1,0.593,1.44,16.3,0.311,0.682,0.489,0.156,0.468,0.517,97.0,95.45,79.54,7873,0.453,2014-15,2014,2015,2015-16,1610612750,0.354,0.15899999999999997,0,MIN,11,14208.933333333332,11,5,0,0.124,0.262,0.20893874276276897,0.4971201216136327,0.6792834554787129,23.931614852627927,100.70523902802931,110.36966851839688,-9.63866454906303,0.13642158043765892,1.335192984225886,15.067946561787421,0.048293806126662106,0.13021549799656554,0.08796473204650596,11.055498430564809,0.47074011455234743,0.5238565393132959,0.19638403480908725,96.30890075375116,0.09309859595371926,14.829262342000808,6.258034851314197,2.9744667673857763,2.14344027700883,1.0995899293402274,0.6283371024801299,3.80176050736024,0.017573739941856997,0.04143809390532513,3.3296268572250503,0.034777839468054655
1610612751,Brooklyn Nets,82,38,44,0.463,3986.0,101.9,103.4,105.0,106.3,-3.1,-3.0,0.559,1.51,16.3,0.278,0.701,0.491,0.146,0.491,0.529,95.0,93.69,78.07,7777,0.48,2014-15,2014,2015,2015-16,1610612751,0.256,-0.20700000000000002,1,BKN,12,17730.013333333336,10,4,3,0.13,0.257,0.1574095450952847,0.4030334438552781,0.6260526406823532,28.943339110104073,102.40210491475472,105.1930284974405,-2.7945017149827303,0.14087401447714648,1.4851993314913843,15.55600893513147,0.04174917860561864,0.1240839069682971,0.08306181251226734,10.481238602189434,0.4950601760216763,0.5335083324810435,0.19593032868559604,94.73287941595834,0.09608951328105787,14.663948363265003,5.98375184527028,3.143144844410721,1.9817243980263974,0.9786794670581185,0.6335020616641762,3.6261263292008135,0.020415239844127867,0.035528194764829976,3.2338428820181235,0.032261041119757694
1610612752,New York Knicks,82,17,65,0.207,3971.0,97.1,98.9,107.2,109.0,-10.1,-10.1,0.606,1.45,16.7,0.289,0.691,0.484,0.158,0.47,0.508,93.7,92.06,76.72,7618,0.441,2014-15,2014,2015,2015-16,1610612752,0.39,0.18300000000000002,0,NYK,12,14397.305000000002,11,4,0,0.14,0.319,0.12950861289664975,0.3702571418748161,0.570643834615807,26.454672477476397,96.84214718194366,107.70178145608966,-10.865981434256852,0.15120006811459968,1.6871542961223183,17.48231014994357,0.039924040992394064,0.1290394554165982,0.08325761939474088,10.647200546676384,0.4669861799366849,0.5043471418204079,0.19435918041605701,93.48932770866955,0.08991932483197376,13.787580383967693,5.928609555746718,3.143088237694485,1.9228598685656795,0.9676811042066553,0.6851282236501901,4.002312488189283,0.02329473845511111,0.05276163395462321,3.455174718579286,0.02418287072246414
1610612753,Orlando Magic,82,25,57,0.305,3951.0,99.6,101.0,105.2,106.8,-5.6,-5.9,0.55,1.39,16.2,0.269,0.716,0.491,0.157,0.494,0.524,95.9,94.51,78.76,7773,0.455,2014-15,2014,2015,2015-16,1610612753,0.427,0.122,0,ORL,14,19546.838333333337,9,5,0,0.146,0.254,0.13162171239457907,0.38830414432751825,0.6051603571353354,24.78781734778421,99.79821283970648,105.66869869747904,-5.870117392386476,0.13617725552035143,1.3623656869316374,15.696189324053513,0.04183439171705774,0.13530807966130584,0.08806033797622685,11.575475266545663,0.49325912127477056,0.5228670935956139,0.1961728184003841,95.5010598414765,0.09150039959574026,14.383911873898107,6.25819878969344,3.0848978730831407,2.147457265680562,1.1750237868818172,0.5746197829265313,4.34677181952732,0.027601980592910993,0.04286270199112372,2.0817199984613697,0.03626248180909756
1610612754,Indiana Pacers,82,38,44,0.463,3971.0,100.8,102.9,100.9,102.7,-0.1,0.2,0.586,1.53,16.6,0.286,0.735,0.511,0.148,0.484,0.523,95.5,93.67,78.06,7753,0.505,2014-15,2014,2015,2015-16,1610612754,0.549,0.08600000000000002,0,IND,13,19462.926666666666,13,6,6,0.151,0.24,0.12233326334271755,0.31869299204401946,0.5095463546249811,29.086730190286552,101.51816426888863,101.57457509816098,-0.020125433345242028,0.14704899973933347,1.5836463520902473,16.360595708627578,0.042210584550661956,0.1389496895636456,0.09098529220853731,10.72921515058201,0.48622429814426654,0.5233985565377457,0.19412261833523492,94.87138172607817,0.10139889127671445,14.364540584680821,6.682859275360779,3.1777338043370658,1.9717486818529173,0.908188182729627,0.6880774011719374,3.160863177295117,0.027279779012278984,0.03625629686420103,2.8883214054276456,0.03180751545591875
1610612755,Philadelphia 76ers,82,18,64,0.22,3961.0,93.0,94.9,102.1,103.9,-9.1,-9.0,0.609,1.16,15.5,0.293,0.686,0.48,0.183,0.459,0.494,98.3,96.45,80.37,7950,0.426,2014-15,2014,2015,2015-16,1610612755,0.122,-0.098,1,PHI,10,13717.373333333333,9,5,0,0.111,0.3,0.16848974001825423,0.45078127202195173,0.682209081816441,23.823098785676173,93.53628217695712,102.35533999220453,-8.818153621247216,0.11605407449239555,1.067791006878868,12.769888404291203,0.04675158460852078,0.13075997360524805,0.08702568470348553,12.333956415854155,0.4710456867106725,0.5046592572873524,0.1850140483649445,97.60672642502986,0.08537077263577186,13.457970087567785,6.563647267747081,2.314728864515364,2.21762572620803,1.4775423477575396,0.9736557922167801,2.896830813981687,0.021248314510137173,0.04072125774787059,2.8833510285638835,0.030881746490019086
1610612756,Phoenix Suns,82,39,43,0.476,3976.0,102.9,104.2,103.4,105.3,-0.5,-1.1,0.522,1.34,15.4,0.281,0.698,0.489,0.154,0.501,0.537,98.7,97.2,81.0,8058,0.491,2014-15,2014,2015,2015-16,1610612756,0.28,-0.19599999999999995,1,PHX,9,14534.601666666667,8,4,3,0.13,0.277,0.19261438307964177,0.5341537280978116,0.7792931144426501,25.846703401228403,103.14626313001814,104.38300948736011,-1.211696387505632,0.1249651068295531,1.2472245025405466,13.814570758217087,0.042543305911032316,0.13814634204514953,0.090447919625363,11.363331812441599,0.4989092867010116,0.5345633662016424,0.1987707108359007,97.75499259296294,0.09816777113832155,15.289583099456575,6.675105532647898,2.845898425607582,2.204394777015447,1.2953915375045828,0.6538878889124471,3.0945679480513157,0.019774402674383126,0.047274320496115387,3.824877015208748,0.01574361874284434
1610612757,Portland Trail Blazers,82,51,31,0.622,3971.0,105.5,107.1,101.4,102.8,4.2,4.3,0.567,1.61,16.8,0.282,0.728,0.51,0.142,0.508,0.544,96.5,95.06,79.22,7868,0.522,2014-15,2014,2015,2015-16,1610612757,0.537,-0.08499999999999996,1,POR,12,18117.45333333333,9,5,10,0.156,0.297,0.16142252148756744,0.43142082514908275,0.6335480188900722,27.458505113669396,106.0667386291966,101.75377530064934,4.328958411373489,0.14609053801895633,1.694604535111263,17.45620038393917,0.04489739415179028,0.13838485348198315,0.09276963879765296,10.237482521458132,0.5115801840067293,0.5458694866239479,0.19764349855277674,96.15521082709196,0.10863148978259639,15.622063145004192,6.9009698934876065,3.399815573785573,1.9572287201512504,0.9458282952202997,0.7014230844806004,3.5489817394355043,0.02921578411562762,0.060031542356046096,2.443489741170281,0.03122543678615098
1610612758,Sacramento Kings,82,29,53,0.354,3971.0,102.5,104.5,106.5,108.2,-4.0,-3.7,0.554,1.25,15.5,0.313,0.715,0.519,0.168,0.49,0.542,97.9,96.16,80.13,7952,0.485,2014-15,2014,2015,2015-16,1610612758,0.402,0.04800000000000004,0,SAC,12,18484.25,11,4,2,0.18,0.334,0.144452980239934,0.3836528395796421,0.5760176005698544,26.013132261249442,103.534220241557,107.12242213415927,-3.581629026513563,0.1291064356591873,1.2210111617548272,14.007786466856919,0.047642522507900874,0.1368076683302451,0.0933215444680381,11.776253801659973,0.49552898341380724,0.5426996829733421,0.19702424036679878,97.1994120508,0.09902013588144862,15.411390778635866,6.738709982823214,2.757807322450194,2.267011104048041,0.995225665093255,0.6154428770439698,3.369194235674976,0.03731023482511718,0.06192252870976035,3.328622310796053,0.034839162435495376
1610612759,San Antonio Spurs,82,55,27,0.671,3991.0,106.2,107.6,99.6,101.4,6.6,6.3,0.623,1.75,18.4,0.272,0.73,0.507,0.146,0.517,0.555,95.9,94.45,78.71,7860,0.545,2014-15,2014,2015,2015-16,1610612759,0.817,0.1459999999999999,0,SAS,14,19556.805,11,4,12,0.156,0.242,0.11819355632647217,0.3360052932981639,0.5373119484496571,30.50542841737186,106.53471794941284,99.67343095323257,6.8608147649884526,0.1584774186444735,1.9287154207107617,18.242855901053364,0.042177415056634596,0.13657578295636735,0.09066375404026032,10.149605341976871,0.5206858709794365,0.5576575957405449,0.19466339534158741,95.76929089132912,0.11010475986917767,15.302499564729514,6.431725427542996,3.646607919851939,1.9917363802522958,1.192832878376606,0.808107459270571,5.128412668746126,0.025501765980806754,0.0328786188736794,4.190620121720115,0.037652788421492195
1610612760,Oklahoma City Thunder,82,45,37,0.549,3966.0,104.5,106.7,103.1,104.6,1.3,2.1,0.528,1.4,15.3,0.318,0.73,0.524,0.151,0.492,0.532,98.3,96.61,80.51,7988,0.505,2014-15,2014,2015,2015-16,1610612760,0.671,0.122,0,OKC,11,13369.076666666666,9,4,8,0.194,0.368,0.17217519135577303,0.4654937526226568,0.6941305844357738,25.66025215403807,105.85227756940583,102.93037175591535,2.917184756962772,0.14307038194859134,1.3324334988978297,13.618068712299504,0.05254952785320752,0.144081073163118,0.09851621677687539,10.628073442120037,0.5111043439050766,0.5447456247913407,0.2008941799271603,97.63672597434429,0.11115642503857784,16.509442312520715,7.4482331489858575,3.0859274001221233,2.1326828105556035,1.1794382209890837,1.0097929974221607,3.503309047029603,0.047230321964091215,0.0881449072002848,4.672919500631321,0.043257169519661895
1610612761,Toronto Raptors,82,49,33,0.598,3971.0,108.1,110.2,104.8,107.1,3.2,3.1,0.547,1.61,16.1,0.301,0.689,0.494,0.137,0.508,0.553,95.4,93.46,77.88,7736,0.506,2014-15,2014,2015,2015-16,1610612761,0.683,0.08500000000000008,0,TOR,10,19271.106666666667,9,7,9,0.134,0.282,0.12528600675415286,0.34616391170754424,0.563467553843993,26.65145082482722,109.23307979026286,105.72776356728865,3.4841321083099883,0.1392272685602557,1.6883197903182172,15.361260709469718,0.04447747154116041,0.12889695566696396,0.08664251810828369,9.567695316581021,0.5193991686517917,0.5598774722676365,0.19712597858071462,94.50319036426207,0.10404015666285901,15.693753619408122,6.1684054816433305,3.104751638549732,1.8139072449048075,1.1021681508690384,0.6575647272981382,2.0605128053385475,0.021279196657561773,0.05245208662677012,2.872222101820503,0.04178967187177391
1610612762,Utah Jazz,82,38,44,0.463,3941.0,102.5,104.2,102.1,104.1,0.5,0.1,0.563,1.3,15.8,0.332,0.715,0.524,0.168,0.494,0.531,92.8,91.1,75.91,7486,0.507,2014-15,2014,2015,2015-16,1610612762,0.488,0.024999999999999967,0,UTA,10,17283.923333333336,10,5,7,0.16,0.257,0.15144188906183914,0.41570200978674404,0.6457119978739395,23.65116803148668,102.83657716988255,102.28075609569355,0.5523091015022246,0.15116367194408217,1.509663137825382,17.545814241249627,0.04658739007366577,0.13137324511776555,0.08917120813812143,12.050956997224976,0.4966191952560154,0.5299922201305761,0.19203578450648842,92.1455311110884,0.10279430586458284,13.99682209498345,6.338144290927774,3.2242679468801163,2.145346243725142,1.1580703995254165,0.9477014960145045,2.4307981674404577,0.03959015484003224,0.04790476682980319,2.583806078683172,0.056023139241247105
1610612763,Memphis Grizzlies,82,55,27,0.671,3981.0,103.1,104.8,99.9,101.2,3.1,3.5,0.574,1.62,16.9,0.288,0.716,0.503,0.142,0.489,0.531,94.2,92.82,77.35,7696,0.53,2014-15,2014,2015,2015-16,1610612763,0.512,-0.15900000000000003,1,MEM,10,16813.63666666667,8,5,8,0.151,0.245,0.1598125410505084,0.4368505643534186,0.6671804691866186,30.148842080763416,103.75271427498036,99.81045833629885,3.942255938681519,0.15397996873965994,1.6651721886064312,17.057627816389513,0.0447611915605805,0.13971862303832344,0.09245683979531694,10.580531487239229,0.4933452539813418,0.5325556705856418,0.19871396441896078,93.96924361891965,0.11060358913033094,14.807980268397221,6.5496835802526165,3.425790692515262,2.031922104498115,1.3489050851778845,0.6423357548466117,3.285988831306815,0.030005282657535867,0.03801449167807359,2.789568505316997,0.035164090814014066
1610612764,Washington Wizards,82,46,36,0.561,3991.0,101.8,103.0,100.0,102.4,1.9,0.6,0.627,1.6,18.1,0.288,0.726,0.514,0.157,0.499,0.534,96.0,94.29,78.58,7844,0.525,2014-15,2014,2015,2015-16,1610612764,0.5,-0.061000000000000054,1,WAS,12,18471.443333333333,10,5,6,0.151,0.253,0.1535631667837543,0.4004390200152199,0.5957209082921331,28.803815457120926,102.42941447636379,100.8459427101257,1.5887112142292434,0.14759814392775295,1.459497077741443,15.380985703517482,0.04541237032009591,0.1377124212275056,0.09312221793532469,10.533950911253463,0.5012555814533894,0.5352649930983556,0.19671266574909416,95.50621978917727,0.10563458802082422,14.804257310338318,6.712198812112319,3.3444056799026534,2.0873301184007818,1.095312349711708,0.7289089302351937,5.203651713276375,0.027106124002875844,0.03381174532622333,4.614857993734902,0.031972563516807925
1610612765,Detroit Pistons,82,32,50,0.39,3966.0,102.3,104.3,104.2,105.4,-1.8,-1.1,0.582,1.61,16.4,0.316,0.712,0.505,0.142,0.482,0.515,95.2,93.68,78.07,7741,0.478,2014-15,2014,2015,2015-16,1610612765,0.537,0.14700000000000002,0,DET,8,12346.198333333334,6,4,3,0.15,0.25,0.20952239144060403,0.5852700406157415,0.8352117568174493,25.232522858925936,103.55376954768398,104.28363164153498,-0.7298620938510222,0.11385710837573616,1.2939209910635108,11.821158159482021,0.06009432323229323,0.1492784961200607,0.10259480644446692,9.24069866851051,0.4915250180251167,0.5226770997927972,0.19888173403985762,94.70158747112302,0.10119359981122394,15.331683072751543,7.604608112159762,2.4639163553585117,1.7611899155462025,1.2275843616638267,0.7989503921517541,4.543359859732184,0.03321294281568599,0.03967497546814722,2.19392807557972,0.03563014992367836
1610612766,Charlotte Hornets,82,33,49,0.402,3981.0,97.6,99.6,101.0,103.0,-3.4,-3.4,0.568,1.69,15.8,0.27,0.746,0.502,0.126,0.456,0.498,95.3,93.45,77.87,7753,0.482,2014-15,2014,2015,2015-16,1610612766,0.585,0.18299999999999994,0,CHA,12,17676.04,10,6,2,0.142,0.265,0.1309713601010181,0.365938864134727,0.5684244510271154,25.930600028814894,98.51780159281527,101.77048899715848,-3.2419024755167634,0.1360919648858002,1.751094349563967,14.854037084475177,0.04077371430478772,0.14478138070895216,0.0915417056082697,9.115184104207351,0.46231375070434316,0.5022073402753104,0.18900007920326042,94.39747115586975,0.0972565509582463,13.527464296301659,6.814648529874338,2.8390974449028175,1.5682245570840527,0.936861423712551,0.8777984209132814,3.3532398310025346,0.024209719501278083,0.04850214463644626,3.7891164307586784,0.039778821053891134
1610612737,Atlanta Hawks,82,48,34,0.585,3966.0,103.0,104.6,98.8,100.8,4.1,3.9,0.663,1.71,19.0,0.234,0.698,0.474,0.152,0.516,0.552,99.4,97.63,81.36,8059,0.528,2015-16,2015,2016,2016-17,1610612737,0.524,-0.06099999999999994,1,ATL,12,18944.483333333334,10,5,11,0.141,0.286,0.1397196545344335,0.4053297837805025,0.6342881700829354,28.86799279297667,103.22376047908406,99.14177686732023,4.086927390471633,0.17082642660264333,1.775036760041842,18.52521925028306,0.03412679522358752,0.13142872023429863,0.08453935112156662,10.741890224858775,0.5240674471635981,0.5576540470444782,0.19528071162317262,99.09013846247235,0.10752093327081147,15.417047530987473,6.267154290299111,3.840484784928594,2.1701304425474786,1.3549063095764906,0.8893354177865324,3.7616090571052414,0.02626670237796604,0.05283208837267265,2.581720187601804,0.022462557162181346
1610612738,Boston Celtics,82,48,34,0.585,3956.0,103.9,105.8,100.9,102.5,3.0,3.3,0.616,1.76,17.4,0.29,0.707,0.495,0.138,0.488,0.531,101.1,99.43,82.86,8191,0.52,2015-16,2015,2016,2016-17,1610612738,0.646,0.061000000000000054,0,BOS,12,19048.143333333333,9,5,9,0.142,0.289,0.13882735377708727,0.39314680363423,0.6128699682541238,25.716811419765673,105.09724750076253,101.46722813579555,3.643902100344687,0.15602487460282655,1.741308417985795,17.13178614258642,0.04336702308518958,0.13055925231907992,0.08612939966327428,9.831277011600255,0.49232161699749216,0.5317432653541211,0.19624406656956767,100.50894411843815,0.10432851644508485,15.87367307714855,6.63938725086592,3.6230302760916504,2.0014549099536034,1.3872218167194947,0.610453197275745,2.059047394682688,0.023344985901311493,0.0449797619533599,2.736878062839877,0.047971539778037704
1610612739,Cleveland Cavaliers,82,57,25,0.695,3971.0,108.1,110.2,102.3,103.9,5.8,6.3,0.587,1.67,17.4,0.294,0.742,0.519,0.143,0.524,0.558,95.5,93.82,78.19,7764,0.528,2015-16,2015,2016,2016-17,1610612739,0.622,-0.07299999999999995,1,CLE,11,18477.676666666663,10,5,8,0.189,0.305,0.1465865207079606,0.40562251423023427,0.6294926508617698,28.412756618211212,109.45778888507449,102.87705065914675,6.555674171157523,0.1559579041593072,1.6980644491199566,16.524701888025966,0.04480267035736637,0.13989321754556808,0.0927135005068278,9.922630677053014,0.5289827488232197,0.5592805089312275,0.19646584157495994,94.81601879781783,0.10746018014891123,15.730549096811057,6.606674756909375,3.4562786843872697,1.9327105157340312,1.003372898793373,0.57279928591311,3.5268816762034803,0.04293241506578308,0.06658151588025024,4.473126087277469,0.03632629877229563
1610612740,New Orleans Pelicans,82,30,52,0.366,3956.0,103.2,104.8,107.3,108.4,-4.1,-3.7,0.577,1.65,16.8,0.252,0.748,0.493,0.137,0.498,0.537,98.9,97.64,81.37,8041,0.472,2015-16,2015,2016,2016-17,1610612740,0.415,0.04899999999999999,0,NOP,14,18043.198333333334,12,7,2,0.165,0.29,0.11994880065147356,0.3404794549081699,0.5324012677353304,27.36166075138748,103.59562500883297,107.11192927824419,-3.5163042694112154,0.1349069856332751,1.5283877544252824,14.909616661643229,0.03882811676311267,0.14261707675810248,0.08921047746616244,10.405557098662939,0.5045504031574594,0.5395536400189214,0.1963907089088696,98.66611484253669,0.09409859809592148,15.442938377794993,6.468476255918781,3.0007983617834197,1.9034319395886852,1.1193137506386293,0.6584198533168408,2.0805802588923665,0.03675598667620974,0.06880377791469126,2.7961709291198997,0.025696466617468456
1610612741,Chicago Bulls,82,42,40,0.512,3981.0,102.1,104.1,103.9,105.5,-1.8,-1.4,0.591,1.64,17.0,0.29,0.714,0.506,0.142,0.487,0.526,98.2,96.6,80.5,8008,0.494,2015-16,2015,2016,2016-17,1610612741,0.5,-0.01200000000000001,0,CHI,13,18737.301666666663,12,4,3,0.165,0.266,0.13201607381923813,0.3662430582987715,0.5688399103357199,27.82834063353661,103.1315522930596,104.50081298614586,-1.3678189878104998,0.15129259344617477,1.6347211591565878,16.277726986836683,0.04527710882596844,0.13472032161158737,0.09096157646676445,9.970074568723476,0.48991533821883454,0.526528638639804,0.19865468889552843,97.60705182825592,0.1015423264876008,15.356960416125371,7.006985441962871,3.3814900953810403,1.9904680334174758,0.8857198488469656,0.8665068369413915,4.1321720595151445,0.03439818529165348,0.04693928459594437,2.910151540410842,0.04243042119771722
1610612742,Dallas Mavericks,82,42,40,0.512,4001.0,104.8,105.5,104.3,105.9,0.6,-0.4,0.592,1.73,17.0,0.241,0.723,0.484,0.132,0.502,0.544,96.4,95.34,79.45,7950,0.503,2015-16,2015,2016,2016-17,1610612742,0.402,-0.10999999999999999,1,DAL,13,19127.235,8,6,7,0.134,0.249,0.13824798339470742,0.37641631596690966,0.5912998751082771,31.016648860468674,104.18489246703284,104.23945712313706,-0.04220789535619395,0.15131815079388106,1.7784683689688203,16.808760030744985,0.03492926334273267,0.1342560097334159,0.08475924878844222,9.645940112793788,0.49884256210232863,0.542466504524395,0.19566618489290272,96.627164141428,0.10079662943093098,15.122938574237207,6.175278340021441,3.3351396581889645,1.8162583353004236,1.0182339475622064,0.5307615031655124,3.7777815149013563,0.02111025429609732,0.03167148005592437,2.788047902499757,0.02940640608325582
1610612743,Denver Nuggets,82,33,49,0.402,3966.0,102.7,104.9,106.4,108.2,-3.7,-3.3,0.601,1.55,16.9,0.304,0.732,0.513,0.151,0.489,0.531,98.2,96.34,80.28,7963,0.479,2015-16,2015,2016,2016-17,1610612743,0.488,0.08599999999999997,0,DEN,12,16943.954999999998,10,6,1,0.145,0.266,0.14392369825502174,0.40485795671671704,0.6156268317127457,24.55610806331816,104.1837033227091,107.55946854399303,-3.3696731862976104,0.1481117373914965,1.5804024571988458,16.291284935148457,0.04934710697709007,0.14483534894893194,0.09579023158013189,10.319449197860436,0.4930357236548374,0.5335286045475609,0.19910719024375753,97.27195152096034,0.10009159599003499,15.599191570090928,7.026222626299469,3.3187056976957274,2.103405019666306,1.1069434497435813,0.7287554765106494,4.049270456129331,0.030051062883031932,0.0377119646597495,3.1403257330444467,0.05094020494452558
1610612744,Golden State Warriors,82,73,9,0.89,3976.0,112.5,113.5,100.9,102.8,11.6,10.6,0.68,1.91,20.4,0.267,0.72,0.507,0.15,0.563,0.593,101.6,100.24,83.54,8303,0.567,2015-16,2015,2016,2016-17,1610612744,0.817,-0.07300000000000006,1,GSW,12,19233.131666666664,9,5,10,0.197,0.314,0.14599797796839983,0.42501598153672154,0.6211992344113834,27.9706169362781,112.69069102890941,101.19505865702753,11.49747134263713,0.17243260479594286,1.940197937084089,21.115553906587753,0.040489929053848836,0.13379799909513787,0.09052539961640846,10.616828893959807,0.5602185463989702,0.5874301222742458,0.196009882685945,101.32984222104929,0.11429870174548626,17.17723383408093,6.76832053438342,4.346250077665459,2.2255346004927783,1.2540859397225916,0.8928343182801138,2.7064044678727135,0.038860265428885564,0.0688743879441162,6.665629997997672,0.04116961765400079
1610612745,Houston Rockets,82,41,41,0.5,3966.0,105.5,107.3,105.6,107.3,-0.2,0.0,0.589,1.39,16.4,0.297,0.692,0.492,0.161,0.516,0.553,100.1,98.42,82.02,8139,0.49,2015-16,2015,2016,2016-17,1610612745,0.671,0.17100000000000004,0,HOU,11,17033.489999999998,9,4,7,0.174,0.319,0.18344068068258476,0.4851278275914097,0.7029065486090441,28.204656826052677,106.52374417495572,106.14375451928326,0.3674414344916986,0.147004219139276,1.4509264249428624,15.264798777780321,0.04767833485680269,0.13783998043462223,0.09226152861216344,11.062445511753609,0.5319974198867445,0.5581089647512049,0.19645520745699602,99.37539311282262,0.10380594405491768,16.2526880868219,6.777941572748743,3.193473562963315,2.2508599235975715,1.509027216383724,0.8453933985342991,3.979048985108775,0.03986536752036874,0.06251624235275048,3.550283792587331,0.03891072285342461
1610612746,LA Clippers,82,53,29,0.646,3966.0,106.5,107.2,100.9,102.7,5.5,4.5,0.596,1.76,17.4,0.234,0.697,0.472,0.133,0.524,0.556,98.0,96.81,80.68,7995,0.533,2015-16,2015,2016,2016-17,1610612746,0.622,-0.02400000000000002,0,LAC,11,17667.491666666665,9,5,8,0.184,0.289,0.1470317188018107,0.40436243779182013,0.6173323038216612,30.456474249551558,106.60798792886558,101.30941227744555,5.287140506174476,0.15714325085762507,1.6633555716030242,15.791290038814225,0.036978635903323384,0.1313035968603353,0.08545606615540124,9.710378430441219,0.5384955505379703,0.5582503951938094,0.19568920215518237,97.98477223752288,0.1105704041179209,15.860995170508549,6.284083903629029,3.496591432758565,1.8236884220972702,1.3020524041565984,0.8028304338618151,4.449811675051305,0.04616286122433749,0.055401966085411106,5.278291471480281,0.05372073302088219
1610612747,Los Angeles Lakers,82,17,65,0.207,3946.0,98.6,100.7,109.3,110.3,-10.7,-9.7,0.513,1.31,14.1,0.271,0.712,0.484,0.142,0.46,0.509,98.0,96.55,80.46,7930,0.424,2015-16,2015,2016,2016-17,1610612747,0.317,0.11000000000000001,0,LAL,15,19730.0,12,5,3,0.11,0.314,0.1293682209832742,0.3597421017063693,0.5515607366109139,26.957198090893737,99.78073039364759,109.2687846342288,-9.502121794221999,0.12962731179253256,1.3606816159824298,13.976789128231124,0.04114157306977531,0.13384998792025685,0.08563444399391791,10.275256918398378,0.46376873931407336,0.5110629977192095,0.19558292566311877,97.442894086839,0.08511986433519178,14.564216928535227,6.428180435884441,2.69680689305626,1.9468829194120632,1.0820070957932084,0.6149011657374558,5.377981755587254,0.019269172871394104,0.056576002679927025,5.985403343842212,0.047533844669178774
1610612748,Miami Heat,82,48,34,0.585,3966.0,104.2,105.5,101.5,103.7,2.6,1.7,0.543,1.48,16.3,0.28,0.729,0.512,0.148,0.508,0.545,95.7,94.14,78.45,7779,0.525,2015-16,2015,2016,2016-17,1610612748,0.5,-0.08499999999999996,1,MIA,11,18033.66333333333,9,6,9,0.172,0.31,0.13274720111406466,0.3889688525108321,0.6305998282101678,28.555234571493056,103.97454228656444,102.6849824374748,1.2996841370185646,0.13315057922230258,1.5043854567171504,15.098117308019688,0.04477340433141797,0.14108019261754728,0.09448642815963257,10.487621982518249,0.5092931551714673,0.5441939280593571,0.19701357193278715,95.25453365825653,0.1078093901793664,15.19358518208262,6.759358747409244,2.9824223179649763,1.9643263459689,1.0101109055490483,1.0440474379489173,4.466004506678346,0.03650046900562743,0.05538388567442103,1.2365830448176907,0.04625192804424867
1610612749,Milwaukee Bucks,82,33,49,0.402,3966.0,102.2,103.4,105.7,107.8,-3.5,-4.5,0.603,1.52,17.6,0.286,0.689,0.49,0.159,0.499,0.537,96.6,95.05,79.21,7858,0.483,2015-16,2015,2016,2016-17,1610612749,0.512,0.10999999999999999,0,MIL,13,19442.906666666666,9,7,0,0.146,0.231,0.14668588647239303,0.41574982272883754,0.6196024874195765,23.786663156674795,102.80675965459213,106.75548345652022,-3.9487238019281072,0.15175332014829063,1.5344222580231488,17.284324446001907,0.04557064967309414,0.13046704582236676,0.0884817083248184,11.20291133595937,0.4985964188824992,0.5332898067195715,0.1960557005194011,95.92028310238938,0.09769511605946438,14.83667051154217,6.232401465350174,3.4679999835415556,2.1848585053812255,1.2257426530189588,0.8739434021524902,2.6688152479053566,0.03249672904911927,0.03189555045553939,2.2464190655480993,0.05166204177625504
1610612750,Minnesota Timberwolves,82,29,53,0.354,3976.0,104.3,105.4,107.1,109.0,-2.8,-3.5,0.619,1.56,17.6,0.279,0.702,0.494,0.155,0.498,0.549,97.6,96.2,80.17,7965,0.497,2015-16,2015,2016,2016-17,1610612750,0.378,0.02400000000000002,0,MIN,11,18139.581666666665,9,5,2,0.154,0.267,0.1568167365858952,0.4296513085702363,0.678474668976655,24.445659395489553,104.58404491871322,107.79223441297664,-3.223871167922009,0.15232456454113377,1.6711042307204993,18.063945566918164,0.04540350213883103,0.1362976969608542,0.091704239504237,10.929416123065684,0.4959263709591245,0.5452563746187091,0.19557088361740058,97.23208739837716,0.10292700603440967,15.327145085760431,6.390445057121402,3.5405447148771994,2.1473483080140863,1.2344275855681714,0.7382750190214787,5.128573999489606,0.03025819538609802,0.056131344880106,3.5571431952818062,0.046224646122048574
1610612751,Brooklyn Nets,82,21,61,0.256,3951.0,100.9,102.4,108.5,109.7,-7.6,-7.4,0.583,1.51,17.0,0.279,0.716,0.494,0.153,0.492,0.527,97.4,96.12,80.1,7903,0.46,2015-16,2015,2016,2016-17,1610612751,0.244,-0.01200000000000001,0,BKN,14,17024.03833333333,10,4,1,0.127,0.272,0.14429880180211846,0.40992594491142575,0.607624532487053,26.69211976046029,100.98549157402236,108.2707088594236,-7.311494658092779,0.14194270973504822,1.4786235218572799,16.45218054901388,0.04659329136848946,0.14062777261133597,0.09292340840006334,10.96891361362262,0.490225134498542,0.525212852160127,0.1970038710948235,97.2136363806355,0.09451031497324913,14.821630159628207,6.620990730460253,3.303094066106329,2.154835373471414,1.201125114947756,0.6640022642492877,2.6954052998925317,0.02237475444427104,0.0387233908980645,3.876869934390539,0.030103624167469985
1610612752,New York Knicks,82,32,50,0.39,3961.0,102.0,103.9,104.8,106.7,-2.8,-2.8,0.557,1.53,16.0,0.28,0.718,0.502,0.142,0.483,0.527,95.8,94.12,78.43,7763,0.487,2015-16,2015,2016,2016-17,1610612752,0.378,-0.01200000000000001,0,NYK,12,19435.458333333336,9,5,1,0.143,0.291,0.13016415443422782,0.36632340803214053,0.5762366465073501,27.635858428859624,102.81995333271875,105.43470081101768,-2.6055310161195924,0.1398526847192953,1.7790806331211637,16.75137261577315,0.04170806511294863,0.13470805207835337,0.088860686245715,9.950781882770109,0.4885497789049654,0.5297201878010767,0.19545560532617573,95.3166008768338,0.09936453346653774,14.760855909838334,6.597837715001147,3.0822015602925066,1.8763642912117244,0.8501986275085701,0.8446417737340043,4.231347816269747,0.024427235585279684,0.0498975810871372,2.2232305257081815,0.03330483434966054
1610612753,Orlando Magic,82,35,47,0.427,3981.0,102.6,104.4,104.6,106.0,-2.0,-1.6,0.596,1.67,17.6,0.271,0.726,0.495,0.144,0.5,0.533,98.2,96.68,80.57,8018,0.488,2015-16,2015,2016,2016-17,1610612753,0.354,-0.07300000000000001,1,ORL,11,16367.21,8,4,1,0.14,0.265,0.1567822697535703,0.43320384679693935,0.6714815781064701,23.931322646519067,103.48996690130248,104.86539549705377,-1.3711219668267631,0.15523529656754775,1.710394499123553,17.62627441288609,0.04115111402615352,0.13294493614570435,0.0865024158057482,10.369890429299394,0.49990088139640176,0.5336063181609245,0.20082001829674492,97.78301368712201,0.09958936414127188,15.51101256719991,6.288426677485045,3.660000696514556,2.089543666880305,1.2295314839853586,0.7852285148171253,2.9889077917492872,0.022557029728929756,0.03497366172789262,1.5200267383816588,0.039826508427200896
1610612754,Indiana Pacers,82,45,37,0.549,3976.0,102.4,103.8,100.2,102.2,2.2,1.6,0.554,1.43,16.1,0.271,0.714,0.494,0.151,0.497,0.536,99.0,97.35,81.13,8068,0.518,2015-16,2015,2016,2016-17,1610612754,0.512,-0.03700000000000003,0,IND,12,18868.685,9,4,8,0.151,0.296,0.14939744520263776,0.4280804412178167,0.6090453574268688,27.522550900252632,102.84729235238173,101.15923648097362,1.6899195766247967,0.13851025097933425,1.4697065870426758,15.79814821930269,0.041927137123404914,0.1351883130700417,0.08906952268622144,10.939902471564215,0.5031780269796224,0.5386908682295558,0.198068583475743,98.35235380472987,0.10520823161055827,15.419834503570332,6.60332185311271,3.1137305010921534,2.1502293350066526,1.3393620170139042,0.7250107784405749,2.8911145592820717,0.021590826840426548,0.05094083513126905,2.3524396075967315,0.03209096240595924
1610612755,Philadelphia 76ers,82,10,72,0.122,3961.0,96.6,98.4,106.7,108.6,-10.0,-10.2,0.594,1.31,16.3,0.25,0.693,0.466,0.165,0.487,0.519,100.2,98.44,82.03,8119,0.428,2015-16,2015,2016,2016-17,1610612755,0.341,0.21900000000000003,0,PHI,11,16730.925,9,6,0,0.133,0.272,0.12873466350485702,0.36973638138158327,0.6009428647848221,23.469865035356182,97.07128907497145,107.25902342518421,-10.20428056627672,0.12714542441616347,1.2575145675846773,14.698217582112166,0.03952972235545853,0.13098782862672964,0.08381645316482302,11.791099256815347,0.4967411012839996,0.5286655819487964,0.18949342470106506,99.67595324725522,0.08643338498419344,14.51324418703688,6.203362934207164,2.7929119280613595,2.222710340283039,1.2415332684833624,0.957508326646614,2.3113356584322733,0.024167672953427474,0.03249613776813352,2.726320162657945,0.023838910603970042
1610612756,Phoenix Suns,82,23,59,0.28,3941.0,99.4,101.5,107.0,107.9,-7.6,-6.5,0.558,1.21,15.4,0.297,0.733,0.508,0.173,0.487,0.526,100.9,99.39,82.82,8152,0.45,2015-16,2015,2016,2016-17,1610612756,0.293,0.012999999999999956,0,PHX,11,17351.076666666668,11,4,0,0.139,0.27,0.14636546089454966,0.37563375029753193,0.5777117961748003,26.38570680436161,100.66241302412934,106.81305834431407,-6.168233441037184,0.13688270113113057,1.2652645993341813,15.160344113131885,0.04559967460232535,0.13903277971415032,0.09101079395073083,12.24909513780413,0.49536550402347757,0.5339311555690205,0.19559990254207085,100.21188937650939,0.09382440993575229,15.370112479091114,6.761770595215705,3.0312816322829534,2.4005426752576158,1.15358835561213,0.576794177806065,4.800602131001851,0.021860082572013908,0.0499860408040495,2.8011862125791347,0.034812944652662575
1610612757,Portland Trail Blazers,82,44,38,0.537,3961.0,106.1,107.6,105.6,106.8,0.6,0.8,0.552,1.46,16.0,0.294,0.728,0.51,0.15,0.511,0.548,98.3,97.06,80.88,8012,0.493,2015-16,2015,2016,2016-17,1610612757,0.5,-0.03700000000000003,0,POR,10,19063.26833333333,10,5,9,0.143,0.304,0.1458176855123042,0.4089756032565595,0.6286898512768141,24.72440280221274,107.29869187349041,105.82731492090244,1.4836565275926368,0.14118893638472804,1.431481357560146,15.093322900821223,0.04631471089995849,0.13771794999126158,0.09172990797922814,10.749735490442747,0.5186426194319076,0.5516477805790736,0.19608000551846613,98.06404430912119,0.10021816266028534,15.876186323768724,6.82296433778713,3.149932055197601,2.0716279763499807,1.0292044185148037,0.7081681778771585,1.7981013600574987,0.024370492302513473,0.0597679810585754,1.052632429423851,0.030884225930943563
1610612758,Sacramento Kings,82,33,49,0.402,3961.0,103.3,105.3,106.3,107.6,-3.0,-2.3,0.612,1.52,17.6,0.281,0.717,0.5,0.16,0.51,0.546,102.2,100.66,83.88,8302,0.494,2015-16,2015,2016,2016-17,1610612758,0.39,-0.01200000000000001,0,SAC,12,19557.515,10,5,3,0.156,0.351,0.1297040208499563,0.3661627427274545,0.5757625649270882,27.05245962996833,104.40411393437935,106.39058821293673,-1.9942710342631291,0.1530272791984735,1.421790189943184,16.2627851152528,0.042775673869268845,0.1347045672724781,0.08902894011159734,11.08750384869107,0.516289978046802,0.5484003558223016,0.19663508008728783,101.71489718572802,0.09955603672893344,15.946197663660236,6.610042226734839,3.675927130824136,2.3340388592313492,1.3308439236784428,0.6681830488178074,2.528756238820205,0.03091362770830649,0.06138698558568255,2.6137687226559465,0.03972134760226327
1610612759,San Antonio Spurs,82,67,15,0.817,3941.0,108.4,109.3,96.6,98.2,11.8,11.1,0.611,1.88,18.8,0.266,0.746,0.516,0.138,0.526,0.564,95.7,94.54,78.78,7767,0.578,2015-16,2015,2016,2016-17,1610612759,0.744,-0.07299999999999995,1,SAS,13,18801.945,10,5,13,0.181,0.258,0.12655942421559754,0.3564497360955653,0.5501797819321351,30.758535353656228,108.08501975017298,96.54767396848214,11.544306453401493,0.15333781540509062,1.9498181668616374,19.087011902226074,0.042636484239618105,0.14385945079972667,0.09530107266384762,9.844978564717637,0.5248334041150174,0.5591451777994244,0.19649425134828688,95.81091676685575,0.11801663170131245,15.683271065839197,6.676543304429408,3.689618281512896,1.893633876707968,1.2445520928818798,0.9152244621500593,5.153130040923927,0.03207202917468526,0.04175529650530671,2.3711919681214324,0.038822503465219524
1610612760,Oklahoma City Thunder,82,55,27,0.671,3966.0,109.9,112.1,103.0,104.8,6.9,7.4,0.558,1.44,16.7,0.347,0.72,0.541,0.162,0.524,0.565,99.4,97.54,81.28,8061,0.546,2015-16,2015,2016,2016-17,1610612760,0.573,-0.09800000000000009,1,OKC,11,18567.805,7,5,9,0.194,0.311,0.1480771870090909,0.4215566496237259,0.6459241322996084,25.724455852482293,111.42747927573203,103.59879749742453,7.8316232855741434,0.14555322092909387,1.2519679511570343,13.975490964063871,0.05682403053744552,0.13939881118599284,0.1001736613455387,11.254319281860905,0.5267732796095177,0.561134280277071,0.19908716943117405,98.58144151215866,0.11186676211862417,16.82912977597514,7.478105247227663,3.422052310437341,2.320791283622378,1.1148329056665558,0.9073770432207794,2.848546297552824,0.05863902935988228,0.07608473314686577,4.2461635713658525,0.05366848066765516
1610612761,Toronto Raptors,82,56,26,0.683,3956.0,107.0,109.3,102.7,104.8,4.3,4.4,0.511,1.43,14.9,0.3,0.736,0.52,0.139,0.504,0.552,95.3,93.35,77.8,7707,0.525,2015-16,2015,2016,2016-17,1610612761,0.622,-0.061000000000000054,1,TOR,11,18906.646666666664,10,6,9,0.145,0.291,0.1508017286337045,0.40733567419147493,0.6097725068115376,26.971585036937633,108.10174334634347,103.79774233717457,4.30783683833234,0.13252798116500128,1.452050524030879,13.99896687126256,0.04215981831080922,0.13756568959699184,0.09010254973824021,9.95868113576989,0.5082502630468227,0.5508170251061622,0.1955685731508179,94.34203951996425,0.10676988348365674,15.491694807857698,6.420599175528043,2.8313852236091934,1.810791760357998,1.1443594615932247,0.8016228507999128,3.620129223809231,0.028969679295340466,0.05725383866606867,2.972613744937098,0.030878362827572045
1610612762,Utah Jazz,82,40,42,0.488,3991.0,103.1,105.0,101.6,103.2,1.6,1.8,0.526,1.27,15.1,0.303,0.731,0.517,0.161,0.501,0.54,93.3,91.66,76.39,7625,0.508,2015-16,2015,2016,2016-17,1610612762,0.622,0.134,0,UTA,12,18781.178333333333,10,5,9,0.14,0.25,0.15403488616750793,0.39492596621777454,0.5846960968991385,24.57885248059072,103.5606244354388,101.56289520172989,1.984142652746229,0.12570379245817645,1.2784517593722153,14.647670730989812,0.04708859437023253,0.13899941013640696,0.0930399680282751,11.728972818265664,0.5074129197786401,0.543096071359385,0.1937918712413057,93.0293610455929,0.10349940530000469,14.533273427022284,6.484577156900078,2.649035066756106,2.0394886476327763,1.1405035200578026,0.799310870359838,2.1064297194507784,0.023540763537971236,0.04585802199754174,1.8724202532352945,0.025636956936390745
1610612763,Memphis Grizzlies,82,42,40,0.512,3966.0,102.6,104.7,105.4,107.1,-2.9,-2.4,0.562,1.56,16.0,0.298,0.709,0.495,0.14,0.477,0.524,95.7,93.95,78.29,7763,0.483,2015-16,2015,2016,2016-17,1610612763,0.524,0.01200000000000001,0,MEM,8,12208.95,7,5,2,0.13,0.247,0.1793891639603187,0.49124644898482944,0.7681198355850967,32.14459296936537,104.25989646939335,105.61559663197899,-1.4001533847437055,0.14409637356201802,1.6672088563444578,15.016760109045688,0.05246859981134058,0.14896935554108529,0.09893588965472051,9.880488302979918,0.4732885541617692,0.5189994875344179,0.2039641113008626,94.8166230347409,0.10254112734237314,15.265194795621245,7.006007887656186,3.0990380008108804,1.8959861413143635,1.2974088680844789,0.6781909992259776,4.231107919667383,0.025222182737027164,0.031160921443861435,1.809627547879233,0.011960835082727102
1610612764,Washington Wizards,82,41,41,0.5,3951.0,102.9,104.5,103.6,105.1,-0.7,-0.5,0.619,1.69,18.1,0.25,0.737,0.49,0.145,0.511,0.544,100.6,99.16,82.63,8163,0.497,2015-16,2015,2016,2016-17,1610612764,0.598,0.09799999999999998,0,WAS,11,17617.850000000002,9,5,5,0.144,0.28,0.15802240341471857,0.4152495906140646,0.6450657524423618,27.803306589623595,103.83818244942866,103.82406735214572,-0.003993364684112996,0.16681864605121133,1.7457505768297497,17.586368077451752,0.03537963088572102,0.13350843907362892,0.08381370816151423,10.130302458396836,0.5194455530423218,0.5514461309599828,0.19537218966370284,100.06728113343381,0.10138717834469017,15.601222623645906,6.048411128486166,3.876295915789952,2.10877036641815,1.3179814790113438,0.5803205271925916,3.9256595484965366,0.029514004782314137,0.050614420268055044,2.988266565076252,0.03944285321143756
1610612765,Detroit Pistons,82,44,38,0.537,3976.0,103.3,105.3,103.4,104.9,-0.2,0.3,0.512,1.44,14.8,0.313,0.753,0.521,0.14,0.491,0.522,97.4,95.75,79.79,7942,0.486,2015-16,2015,2016,2016-17,1610612765,0.451,-0.08600000000000002,1,DET,10,16793.751666666667,8,4,4,0.14,0.283,0.17009014563055247,0.494865600311068,0.7396758973153804,25.377000632477298,104.47978516017514,103.96916136765549,0.551487373627354,0.131587167389935,1.4222613370786417,14.25135973687039,0.048029067358484806,0.14491183824221926,0.09376310643710642,10.107754213347802,0.4920042111892607,0.520650872829587,0.1971872250899665,96.67193267317379,0.0975362908288013,15.12776924671686,6.984026102565329,2.943237519589379,2.0150351554362826,1.0718272103384483,0.538057259589901,4.002903606760413,0.027138988012533925,0.04764340239976744,2.798490087232324,0.027775838660533833
1610612766,Charlotte Hornets,82,48,34,0.585,3971.0,105.1,106.4,101.8,103.7,3.3,2.7,0.586,1.73,16.7,0.244,0.754,0.499,0.129,0.502,0.545,97.8,96.24,80.2,7966,0.511,2015-16,2015,2016,2016-17,1610612766,0.439,-0.14599999999999996,1,CHA,11,17377.346666666668,9,4,8,0.135,0.261,0.166029374641775,0.4414295891739513,0.6613300572929814,26.51329288092313,105.24568063133536,102.21694943263299,3.030403548374474,0.1552901461366177,1.7693140926386153,16.19587360287455,0.038273900177318985,0.14520039758658979,0.09197428769332641,9.261285545319154,0.5040403625102721,0.5486283035346402,0.20094866314458443,97.24778266877722,0.10851140162556465,15.887580842798403,6.819913435192639,3.3623084767064557,1.84792308146775,1.0751929139930072,0.8597399986649287,2.544470165144571,0.01749830031171477,0.03748298330589438,2.525785825204757,0.031213987226085423
1610612737,Atlanta Hawks,82,43,39,0.524,3976.0,102.3,104.5,103.1,105.2,-0.8,-0.7,0.621,1.5,17.4,0.282,0.717,0.502,0.16,0.504,0.541,99.8,97.76,81.46,8091,0.506,2016-17,2016,2017,2017-18,1610612737,0.293,-0.23100000000000004,1,ATL,11,17263.43666666667,9,6,3,0.151,0.272,0.143935612665767,0.4070089559224495,0.6454468026933996,27.71096958098919,103.67231531342448,104.11483772736638,-0.44252241394191316,0.16080942149216718,1.5182132593915736,16.870351751128734,0.043586931899036715,0.1366023147959532,0.09044289424025459,11.499815293633114,0.5080044612592588,0.5419059613661321,0.20145650392901684,99.02400136048618,0.10402333660485912,15.783879262356223,6.737708270137793,3.5888566799465003,2.3564253621961333,1.2616259682554518,0.7569755809532711,3.7224892798017413,0.026380991502559948,0.04309487272610096,2.244470564562251,0.04616961318719794
1610612738,Boston Celtics,82,53,29,0.646,3951.0,108.6,110.6,105.5,108.0,3.1,2.6,0.653,1.9,18.8,0.259,0.705,0.485,0.136,0.525,0.567,99.3,97.21,81.01,8005,0.514,2016-17,2016,2017,2017-18,1610612738,0.671,0.025000000000000022,0,BOS,12,19376.851666666666,10,5,7,0.161,0.332,0.13260418724713707,0.37695072754767267,0.5848148189880521,26.600888981706774,109.65912548056697,106.64387534232212,3.0011552530334513,0.16762731725165878,1.9924810506281934,18.932752955825038,0.03701473226945795,0.13173186777590545,0.08532119510986949,9.626613112501676,0.5243883002665294,0.5615914854933004,0.1963134490974669,98.32032320352006,0.10350541432126355,16.23978990050929,6.274084257409893,3.817957698838416,1.9024762450659551,1.122163722675622,0.6168184700799777,3.202824662447287,0.027359345892123937,0.059005113384611445,3.407508066735821,0.053576863504617836
1610612739,Cleveland Cavaliers,82,51,31,0.622,3976.0,110.9,112.8,108.0,109.7,2.9,3.1,0.567,1.66,17.1,0.264,0.722,0.499,0.14,0.547,0.58,98.4,96.74,80.61,8019,0.51,2016-17,2016,2017,2017-18,1610612739,0.61,-0.01200000000000001,0,CLE,11,16825.998333333333,8,6,8,0.183,0.295,0.16608672749383172,0.454985583322,0.6821273309290514,29.39242119264048,112.73955319540721,108.78373767618939,3.979480068493212,0.1571310169906709,1.6253935095876928,15.547890868090144,0.04234838279531507,0.14200703593714448,0.09318332849789299,9.58214262472192,0.5462080791838108,0.5747751424160171,0.2038163542351474,97.56349931688057,0.10730787930463562,17.20836970644337,6.831570865681175,3.5131347827900057,1.9940570143485294,0.9841912302578579,0.6012124689183871,4.061689207043617,0.04767930506694623,0.07434353173290582,4.448110278371173,0.04311712281200189
1610612740,New Orleans Pelicans,82,34,48,0.415,3981.0,103.3,104.7,104.9,106.8,-1.6,-2.1,0.582,1.77,17.1,0.228,0.728,0.48,0.129,0.504,0.539,100.1,98.56,82.13,8173,0.493,2016-17,2016,2017,2017-18,1610612740,0.585,0.16999999999999998,0,NOP,10,14252.226666666666,8,3,4,0.192,0.321,0.18998165900626524,0.5102267060959832,0.7535754646993171,26.812109242345286,104.64268631240779,105.65398423123591,-0.9874688118909136,0.15529643274454422,1.8427582625685621,18.137151656770357,0.035061131851210146,0.13231991024560372,0.08475591989368679,9.75700049676448,0.5086280159030121,0.5430143837173512,0.19029632457431211,99.58514971578708,0.10109297611507721,15.153000653932905,6.39563221466213,3.632274535815222,1.8919149007827547,1.1745533095647276,0.8941760679266959,1.9104690789744783,0.04885042657423022,0.0771962147192507,2.8013622893897576,0.030977382342502427
1610612741,Chicago Bulls,82,41,41,0.5,3956.0,104.6,106.5,104.5,106.2,0.1,0.3,0.584,1.66,16.8,0.311,0.733,0.519,0.14,0.487,0.53,97.7,96.02,80.02,7919,0.504,2016-17,2016,2017,2017-18,1610612741,0.329,-0.17099999999999999,1,CHI,12,16720.945,12,4,5,0.164,0.289,0.1679903059705457,0.41399663715178775,0.6215870773651448,27.227174361257692,105.66054270058702,105.09587246215251,0.557748799484718,0.1589145877620354,1.7025959537573983,16.995703801429883,0.04798102489622048,0.13816473909419194,0.09239843132869183,9.951564509860736,0.48646725110333183,0.5254942477832443,0.1974659253210071,96.89891881011108,0.1033191038744122,15.426161619453925,6.880950807505198,3.6729981469348774,1.9958202123145552,1.2745691107769328,0.729863054988818,3.7153022989557054,0.033676719829026,0.04999259541554541,2.854769098335574,0.04667260423631605
1610612742,Dallas Mavericks,82,33,49,0.402,3956.0,103.7,104.7,106.3,107.7,-2.6,-3.0,0.574,1.75,16.8,0.216,0.733,0.465,0.127,0.505,0.541,94.2,93.11,77.59,7668,0.479,2016-17,2016,2017,2017-18,1610612742,0.293,-0.10900000000000004,1,DAL,10,15011.27166666667,8,4,1,0.134,0.254,0.1867603266567578,0.4881228694482135,0.6923744968086758,28.574664837966758,103.766389323223,105.89306064787094,-2.132081092841013,0.12258546327909371,1.6901768781969724,14.33478940214148,0.03021597204234196,0.13479001301577492,0.08104371037630277,8.681831552578878,0.5141582255467363,0.5494323402314462,0.19388096722429576,94.35052347330556,0.09716057877841351,14.911994464603985,5.580606484260771,2.6452122699353806,1.4676971071626954,1.1271530071347498,0.5180107437044807,4.64488497734184,0.022627099033461606,0.04894120145272741,2.4406445405356583,0.042102493516022195
1610612743,Denver Nuggets,82,40,42,0.488,3951.0,110.0,112.2,110.5,111.7,-0.5,0.4,0.615,1.69,18.2,0.314,0.753,0.532,0.15,0.53,0.568,100.7,99.18,82.65,8167,0.503,2016-17,2016,2017,2017-18,1610612743,0.561,0.07300000000000006,0,DEN,11,17847.098333333335,10,7,5,0.167,0.231,0.1230835003150372,0.35722903228246533,0.5712703624370684,25.863524313336097,111.89887879999915,110.94631560555273,0.9434381910261977,0.15516604137049733,1.7934552432846467,18.001745419119956,0.04438817841443694,0.13825762834089095,0.09104544072010212,9.905605878602678,0.5320683083963511,0.5708678150201636,0.1969806670720236,99.966046855049,0.10154204292219682,16.962085059765556,6.626287242398603,3.8386071909541983,2.0776486635222406,1.0267215240124472,0.5123521946938341,4.715559568197709,0.028022519780828287,0.02593319023638287,3.1692895755783006,0.046590685495609255
1610612744,Golden State Warriors,82,67,15,0.817,3956.0,113.2,114.8,101.1,103.4,12.1,11.4,0.705,2.06,21.2,0.272,0.709,0.504,0.146,0.563,0.597,102.2,100.37,83.65,8279,0.579,2016-17,2016,2017,2017-18,1610612744,0.707,-0.10999999999999999,1,GSW,13,19147.603333333333,8,5,10,0.186,0.286,0.13834838511556102,0.40519335666204354,0.6176430087594948,28.559036544347325,113.84786088981373,102.16965866572338,11.680591269821239,0.17648817919945073,2.1941617854349396,21.986849833773803,0.03978784133297101,0.13135440553830846,0.08892023823347082,10.1450017939582,0.5581350702550938,0.5901303096070684,0.1970700220793516,101.5765487386498,0.11622645662703479,17.560422270428624,6.576697762522412,4.570598130558028,2.145229315905681,1.4401802418788356,1.011510404870514,3.5205311040013263,0.034248226074861644,0.06461412287305542,6.631240418319115,0.04089642543948263
1610612745,Houston Rockets,82,55,27,0.671,3956.0,111.8,114.1,106.4,108.4,5.4,5.7,0.626,1.67,18.1,0.281,0.717,0.499,0.15,0.545,0.583,102.5,100.55,83.79,8289,0.516,2016-17,2016,2017,2017-18,1610612745,0.793,0.122,0,HOU,9,17448.805,9,5,9,0.19,0.333,0.1688780406451903,0.46093672317387924,0.7001711578529303,27.843935826359836,114.03386974064986,107.14705475054978,6.870925019411549,0.1674380061175154,1.762830641792757,16.620967290692207,0.046251212427823374,0.14006874721029128,0.09314013748601503,9.447998396833862,0.5547109498329542,0.5848450155564617,0.1986812074905225,101.2991933430398,0.10888637225682025,17.712387753774543,6.915774461345634,3.8932179023148,2.18284289382568,1.225528051921034,0.6581539538094442,3.32550712349151,0.03940040670793781,0.06602864424097102,1.4370317204189345,0.03859678582677885
1610612746,LA Clippers,82,51,31,0.622,3951.0,110.3,111.8,105.8,107.5,4.5,4.4,0.57,1.74,17.2,0.256,0.733,0.501,0.133,0.537,0.574,98.2,96.77,80.64,7968,0.527,2016-17,2016,2017,2017-18,1610612746,0.512,-0.10999999999999999,1,LAC,12,19444.43,9,6,5,0.182,0.276,0.13218721248192927,0.35616909315418344,0.5685628223609537,30.47885564143562,110.75152965827917,106.32607329365445,4.422190845056056,0.14623221637250355,1.6453532999767373,15.686257315505436,0.03921373250162986,0.13653906800045051,0.08942417845796113,9.652405007500862,0.5464738484662873,0.5750538545828634,0.19549674114043625,97.84833201504665,0.10632418555510928,16.322206410781906,6.426313345261342,3.401076812228489,1.8569842366168614,1.1219665477465783,0.6294861819040208,3.5558666467203324,0.042439982090709705,0.047999686665350046,6.969944790476244,0.05795082007992351
1610612747,Los Angeles Lakers,82,26,56,0.317,3941.0,103.4,105.3,110.6,112.0,-7.2,-6.7,0.532,1.38,15.6,0.284,0.717,0.494,0.153,0.501,0.537,100.8,99.26,82.72,8143,0.446,2016-17,2016,2017,2017-18,1610612747,0.427,0.10999999999999999,0,LAL,12,16863.405,11,6,1,0.114,0.264,0.1421157233666629,0.40370988737644226,0.603363812547545,24.714104496294393,104.34922695031045,111.41229463049326,-7.044280035180715,0.12217809402470418,1.3733717992698786,14.372252262616398,0.04973740682857348,0.14309925081362077,0.09455355536638854,10.853981041590751,0.5008923087201745,0.5315811647568607,0.18901165304397305,100.05137577988154,0.08602865801222628,14.939331647434194,6.987200983431283,2.8414190372584898,2.0942389748689547,1.1506572960798842,0.6276312524072096,4.377241953197606,0.018074582951691162,0.04093713192162201,2.6870664022511597,0.038260084698674306
1610612748,Miami Heat,82,41,41,0.5,3956.0,105.2,107.4,104.1,106.4,1.0,1.0,0.544,1.58,16.3,0.284,0.718,0.499,0.14,0.512,0.541,97.6,95.51,79.6,7875,0.5,2016-17,2016,2017,2017-18,1610612748,0.537,0.03700000000000003,0,MIA,13,19272.736666666664,11,8,9,0.163,0.262,0.13041098989401437,0.3710058647612923,0.5811889541374595,27.058942675672597,106.54047600228371,105.25105486662422,1.2798967487924655,0.14007403843875485,1.757344807111808,15.888893646136745,0.042997970189668624,0.13415056476151715,0.08829934660723672,9.509463653406081,0.5129965464167777,0.5396779997166984,0.19489467755919807,96.55613268726239,0.10138603564517132,15.46827547929969,6.477959106655153,3.216564469913545,1.8884707776321683,1.0703202330200123,0.8648486350580553,2.749977272225382,0.0351690236982951,0.04705973866686509,2.0968324920443533,0.042771453843366905
1610612749,Milwaukee Bucks,82,42,40,0.512,3956.0,106.9,108.5,106.4,108.7,0.5,-0.2,0.624,1.73,18.5,0.26,0.706,0.487,0.146,0.527,0.565,96.7,94.99,79.16,7828,0.504,2016-17,2016,2017,2017-18,1610612749,0.537,0.025000000000000022,0,MIL,13,19164.89833333333,11,6,6,0.176,0.28,0.14845039181441003,0.3739489356365836,0.5724933404725429,25.765146853983662,108.11433394854951,107.5600859696708,0.5493718768314189,0.15876402492438652,1.8450846438962762,18.56667077719084,0.03813597680620796,0.13261984831817963,0.08637902688239325,9.974748435486093,0.5305870497269358,0.5643325548557132,0.19655264498750716,95.83990417811594,0.1021184064895031,15.60415269617484,6.003475625012013,3.6328916954859927,1.9817480551901356,1.219103779922652,0.7851854853739115,4.479746992152293,0.040219003784921145,0.057983053000920784,2.923400428078949,0.03711319484905517
1610612750,Minnesota Timberwolves,82,31,51,0.378,3961.0,108.1,110.0,109.1,110.9,-1.0,-0.9,0.6,1.69,17.7,0.309,0.71,0.507,0.146,0.511,0.555,97.1,95.48,79.57,7870,0.501,2016-17,2016,2017,2017-18,1610612750,0.573,0.19499999999999995,0,MIN,11,19323.33166666666,9,5,3,0.17,0.286,0.15775583558356357,0.45188446195311915,0.6701653156947833,24.30212733328682,109.26433391101726,109.99987013971625,-0.7166018385890839,0.14785069422552133,1.6896738433391276,18.116603710247002,0.04836864217428345,0.13441988980678712,0.09092452793897947,10.254072938940224,0.5041479448980459,0.5479031002158962,0.19687821898207858,96.2089252448616,0.10136361181331828,15.861860950652146,6.336174429547562,3.5695707753640487,1.9990341555144175,1.1737106411687634,0.672554827717339,3.0133297119901776,0.0345615100089768,0.06335207476298978,1.3587708116242192,0.044659293059776284
1610612751,Brooklyn Nets,82,20,62,0.244,3951.0,101.9,103.6,108.0,110.1,-6.1,-6.5,0.566,1.29,15.9,0.241,0.716,0.483,0.162,0.507,0.551,103.6,101.75,84.79,8371,0.46,2016-17,2016,2017,2017-18,1610612751,0.341,0.09700000000000003,0,BKN,12,16648.055,11,2,0,0.131,0.286,0.13347094700652218,0.3446501708457835,0.548699732991832,26.49924040175664,102.27487831661614,108.4652032624832,-6.192774120860765,0.14994797039854404,1.4331399103378744,17.257895361750464,0.036085704806557484,0.13639655182942792,0.08699935237679916,12.170360922041642,0.5019947259104243,0.5449568936631536,0.19419597935014027,103.11311277703811,0.0937010673819454,15.610472214321733,6.660237487201958,3.4101280900381457,2.4370414441807164,1.1352677535003337,0.7503579246945064,3.7773368170701516,0.025991545980325662,0.04702579575618971,2.6975588503423045,0.028923575761825915
1610612752,New York Knicks,82,31,51,0.378,3971.0,104.7,107.1,108.7,110.7,-4.1,-3.6,0.551,1.57,16.3,0.305,0.698,0.5,0.143,0.496,0.534,98.6,96.63,80.53,7990,0.482,2016-17,2016,2017,2017-18,1610612752,0.354,-0.02400000000000002,0,NYK,13,18031.688333333335,10,4,3,0.133,0.286,0.14075664757958972,0.39718447514574573,0.6035405447798241,27.927618443567816,106.10701982703965,109.69212251616665,-3.571583378261954,0.12529727083237627,1.6146007108042109,15.287084653655558,0.049047258562310625,0.1351542115717949,0.0917834441089959,9.721236539784172,0.4987756406245192,0.5330913337473575,0.19812898986256877,97.46561021046928,0.09774472893229721,15.82214569850318,6.93978276946335,2.916864967257179,1.8906715427738185,1.0301863950066423,0.8904324266917878,3.876784632230269,0.023945436728656424,0.054050030735589887,2.46783088237086,0.030324766208107385
1610612753,Orlando Magic,82,29,53,0.354,3961.0,101.2,103.7,108.0,110.3,-6.8,-6.5,0.58,1.67,16.8,0.267,0.726,0.491,0.137,0.489,0.524,99.1,96.9,80.75,7989,0.46,2016-17,2016,2017,2017-18,1610612753,0.305,-0.04899999999999999,0,ORL,11,16995.913333333334,9,4,0,0.142,0.241,0.14192656901443365,0.40855693937405346,0.6413276014979287,25.47024225823698,102.32225483027881,108.9955308766382,-6.656381239882372,0.15735956496600945,1.7546325959926838,17.343546831061744,0.037930203123339064,0.13535738738371228,0.0855245831645019,10.191330925826481,0.48480644670660045,0.5212183469006472,0.19674341008250223,97.84631994965848,0.09237986729751112,14.979600978588186,6.386241084621519,3.5881566823710953,1.980476090919111,1.073905217214962,0.6036745303871087,3.5011437272565114,0.02502004087579106,0.03330896004048367,4.085629899822878,0.027645861604281938
1610612754,Indiana Pacers,82,42,40,0.512,3971.0,106.2,107.9,106.3,108.1,-0.1,-0.2,0.572,1.63,17.2,0.255,0.713,0.488,0.141,0.516,0.558,98.1,96.59,80.49,7989,0.505,2016-17,2016,2017,2017-18,1610612754,0.585,0.07299999999999995,0,IND,12,19275.918333333335,8,5,5,0.136,0.287,0.13951847170964876,0.40918292608800044,0.6288508001045519,27.77465258680715,106.76481439578623,106.87426120035265,-0.08231268013084721,0.14289575516116787,1.5748618790406093,16.320873428339038,0.037808060765976474,0.13459388255691407,0.0871804227053255,10.035659684523461,0.5177363935362872,0.5574030210925531,0.19655400568464051,97.70695985863534,0.10200241233642912,15.738394132713607,6.219158948847314,3.352369463417696,1.9759369873514887,1.2251556367699212,0.7489137352816134,3.438318765051439,0.02568933605436414,0.049265949964655636,3.278249614737867,0.03426604369633193
1610612755,Philadelphia 76ers,82,28,54,0.341,3966.0,100.7,102.7,106.4,108.2,-5.7,-5.5,0.631,1.43,17.4,0.273,0.709,0.49,0.167,0.501,0.539,101.0,99.07,82.56,8179,0.47,2016-17,2016,2017,2017-18,1610612755,0.634,0.293,0,PHI,10,16055.890000000001,10,5,1,0.174,0.356,0.13625601985730262,0.4017299362829881,0.6375121528610371,24.825290282880612,101.16915706115742,106.58445050383379,-5.3983473147029954,0.16887095244590408,1.5500593551649893,18.690804786696138,0.03516927536665153,0.12981867744485046,0.08238480260722597,12.233172021814633,0.49260834331409425,0.5313026772937117,0.1947682997745168,100.43016234644523,0.09338973745252778,14.863330528547468,6.078516980372935,3.8542864954854577,2.526923141600995,1.284762165161819,0.7847587396276382,2.92069573619991,0.025566200412642504,0.04824788482037118,3.5207722619736166,0.031921970455913974
1610612756,Phoenix Suns,82,24,58,0.293,3966.0,103.9,106.1,109.3,111.3,-5.4,-5.2,0.491,1.27,14.4,0.299,0.718,0.503,0.152,0.493,0.538,102.9,100.85,84.04,8320,0.462,2016-17,2016,2017,2017-18,1610612756,0.256,-0.03699999999999998,0,PHX,13,17970.51166666667,11,4,2,0.141,0.28,0.15194633207902536,0.38701355841565255,0.5708122575252216,24.54036561934287,105.26461905601462,110.48279005596852,-5.2335636891066075,0.13111056242416394,1.2397413800219188,13.314111618227898,0.04562474969410534,0.13426452789741558,0.0888128627760274,11.354274442380463,0.5064383908749769,0.5469219989748019,0.20470471208063354,101.89562735692832,0.09454449905757642,16.791508533377872,6.652899050268184,3.0269588873698363,2.333823364517445,1.1538903501820157,0.7692602334546771,4.896364969911991,0.026107060447484315,0.05506403015881845,4.035918123126318,0.05430916882577907
1610612757,Portland Trail Blazers,82,41,41,0.5,3986.0,107.8,109.4,107.8,110.0,0.0,-0.6,0.534,1.54,16.0,0.269,0.72,0.496,0.139,0.52,0.559,99.1,97.38,81.15,8088,0.493,2016-17,2016,2017,2017-18,1610612757,0.598,0.09799999999999998,0,POR,11,17501.806666666664,9,6,5,0.159,0.304,0.1597309382536127,0.4423979467262618,0.6707161851100325,25.240440796397785,108.05715723252953,108.8868185703495,-0.8422647604761566,0.1318019227348339,1.519732988518138,14.497728872562112,0.03552366022403022,0.12719835342713193,0.0815767490289574,10.203999825160908,0.520389718432878,0.5573132058557002,0.1942473998874783,98.37545731945391,0.09701275801622004,16.128392078379722,5.971269251822004,2.949638342098778,1.8615221057178482,1.003782085735149,0.6191360815702456,1.6606746528970804,0.0329684716955223,0.06503598636187773,2.7735396173569917,0.0402484807988284
1610612758,Sacramento Kings,82,32,50,0.39,3976.0,104.6,106.6,109.1,110.8,-4.5,-4.2,0.594,1.54,17.3,0.258,0.723,0.492,0.152,0.516,0.556,97.1,95.42,79.52,7911,0.478,2016-17,2016,2017,2017-18,1610612758,0.329,-0.061,1,SAC,11,14576.311666666665,11,5,1,0.125,0.246,0.14155295572599702,0.3789590347901225,0.5886513129121487,28.162400136202724,105.0814060186922,109.84188529860148,-4.783200654212137,0.13799602094128294,1.6748543990380742,17.39724210068231,0.03480428142144326,0.1181437556162756,0.07676595816934485,10.573473890914565,0.5247729649715915,0.5609951267964793,0.17512616005855164,96.51422237930105,0.08821288192817871,13.86523591301732,5.3988966344595415,3.1538842645035836,1.842441394925351,1.1385596287675428,0.5507566100111975,3.454328207698229,0.02050194195923836,0.03258955484040191,2.4517505875326595,0.015147324459958868
1610612759,San Antonio Spurs,82,61,21,0.744,3961.0,108.8,110.3,100.9,102.9,7.9,7.4,0.606,1.77,18.1,0.282,0.73,0.511,0.141,0.524,0.564,96.4,94.86,79.05,7832,0.551,2016-17,2016,2017,2017-18,1610612759,0.573,-0.17100000000000004,1,SAS,13,19224.18666666667,10,5,12,0.174,0.306,0.12871701897748253,0.3441662724872972,0.5200461883432953,30.04095977359077,109.37561853505377,101.32443596226697,8.063328791022974,0.15163484931135363,1.836275025766153,18.275959295026958,0.04380871215011091,0.14001363499383415,0.09297208672547223,10.221263127560146,0.5279287227756146,0.5635034201707017,0.19608869512641713,96.19434339658238,0.1112479525791815,15.84067015578986,6.617913267592075,3.558017885802191,1.9157117353556008,1.2134713631578,0.8932497534356028,4.624301434945789,0.033209157855289724,0.057145962818551645,1.9292660511095867,0.043608370739974006
1610612760,Oklahoma City Thunder,82,47,35,0.573,3961.0,105.0,107.9,105.1,107.1,-0.2,0.8,0.532,1.4,15.5,0.323,0.742,0.528,0.152,0.5,0.54,100.5,98.18,81.82,8099,0.499,2016-17,2016,2017,2017-18,1610612760,0.585,0.01200000000000001,0,OKC,9,15366.996666666666,8,4,7,0.23,0.402,0.18232244036407894,0.4924156726352297,0.7432211325613615,24.710972367404693,107.67442102653327,105.1463572691172,2.5125150783095975,0.16437586730783874,1.3492620961068298,14.261603785515236,0.05219129621728297,0.14768489418556954,0.09922144177381007,10.972297948482234,0.5027353304126441,0.5333481122639666,0.20838892082360924,99.3580020353142,0.10782442426941374,16.963366730302322,7.4075632649103635,3.5351084651327445,2.4527889748137732,1.2556780234003653,0.7004621809640097,2.148739437554938,0.0655452462821695,0.10320638443719567,2.730060793988643,0.054532622621918145
1610612761,Toronto Raptors,82,51,31,0.622,3956.0,109.8,111.4,104.9,107.1,4.9,4.3,0.472,1.46,14.5,0.291,0.717,0.505,0.132,0.517,0.561,97.1,95.41,79.51,7867,0.516,2016-17,2016,2017,2017-18,1610612761,0.72,0.09799999999999998,0,TOR,11,16800.245,10,5,9,0.155,0.337,0.15596449139084978,0.41247860770284406,0.6436720615284678,26.56112901924942,110.53480906578048,106.50910798225459,4.016911896225324,0.13168904540777032,1.5318345784044616,14.628422720422625,0.04742272716856212,0.13561916428401288,0.09160201909753894,10.04939815857844,0.5273095808027402,0.5679053043571684,0.19728046763603743,96.26499170795822,0.10679842803879742,16.240477445418204,6.524904845137674,2.9763851658115694,1.8471159200356897,1.2085538038284558,0.7221323260464355,2.756553063427395,0.03503991460148488,0.07296863874448616,3.5310177270985426,0.0459728355070172
1610612762,Utah Jazz,82,51,31,0.622,3951.0,107.4,109.0,102.7,104.7,4.7,4.3,0.544,1.48,16.2,0.27,0.743,0.514,0.148,0.526,0.563,93.6,92.09,76.75,7579,0.534,2016-17,2016,2017,2017-18,1610612762,0.585,-0.03700000000000003,0,UTA,14,19702.46666666666,12,4,11,0.161,0.269,0.1392590437068794,0.3670322159323537,0.5414368590058098,27.40680667733651,107.33436525714211,103.19418179449615,4.119840248429131,0.13660707178796566,1.552137764476191,16.49821282952727,0.041622909737190274,0.14012684181676072,0.09236800688238699,10.866979202265709,0.5338976888680607,0.5642738562345833,0.19398213176353557,93.45404802190589,0.10733907116537018,15.048674108487264,6.446299448123248,3.013023749987312,1.9331589614836724,1.003123128406934,0.7454904123679946,4.395466618537156,0.03558179705958033,0.04059715468703814,3.3777109933783827,0.06289301029531569
1610612763,Memphis Grizzlies,82,43,39,0.524,3981.0,104.7,107.0,104.5,106.5,0.1,0.5,0.584,1.65,16.5,0.295,0.731,0.507,0.137,0.491,0.535,94.7,92.84,77.37,7702,0.501,2016-17,2016,2017,2017-18,1610612763,0.268,-0.256,1,MEM,14,19059.996666666662,12,4,9,0.16,0.28,0.13279295781618713,0.36327393551485404,0.5580954980929517,30.015564710661895,105.70130301701695,105.08217581884851,0.6115033073632927,0.15238526773089675,1.7096631032988987,16.11978208635573,0.04414866179584851,0.13762023366915596,0.0895426150826539,9.886686496447444,0.4913587156101286,0.536668294625445,0.19653734724332758,94.14888460018969,0.10214476943770015,15.108292253986054,6.404827982656171,3.2316899670671506,1.8434420852469544,1.174816574819268,0.5987409231795948,5.200086245101182,0.04006035392850236,0.053031910949673244,3.298007902605611,0.05527862590874389
1610612764,Washington Wizards,82,49,33,0.598,3971.0,108.5,110.4,106.9,108.8,1.6,1.7,0.577,1.68,17.6,0.286,0.716,0.501,0.143,0.528,0.564,99.7,97.94,81.62,8109,0.511,2016-17,2016,2017,2017-18,1610612764,0.524,-0.07399999999999995,1,WAS,11,18278.849999999995,8,5,8,0.153,0.299,0.15512372678441663,0.44447918404786596,0.7141795025398207,26.513711657644397,109.92597408115573,107.66736123990295,2.267394876227626,0.14846669894440842,1.676819095110834,15.511977476701217,0.04402929542431097,0.13705056399427024,0.0907770192508464,9.917337916043222,0.5363936172133367,0.568403184463647,0.19668336985094795,98.85609887839408,0.1038840918146747,16.459022312672843,6.493406313854537,3.5490197687491283,2.014787582369788,1.2722901057779894,0.6381145422168244,3.5653238740818263,0.02841715252045586,0.059418020505035384,4.079718508092518,0.043317617399091804
1610612765,Detroit Pistons,82,37,45,0.451,3961.0,103.3,105.3,105.3,106.7,-2.0,-1.4,0.53,1.78,16.1,0.286,0.775,0.519,0.123,0.492,0.521,97.1,95.52,79.6,7890,0.482,2016-17,2016,2017,2017-18,1610612765,0.476,0.024999999999999967,0,DET,12,19333.93666666667,10,6,5,0.136,0.261,0.13274292647074287,0.3961959118172346,0.6219459358251062,25.787200864938526,104.22846093940862,105.73798894379331,-1.4941596046744057,0.13490100136530225,1.8699047400417337,15.570055658607899,0.04113823137588293,0.1448901804098872,0.09049259643793876,8.799556272468049,0.49158207399044973,0.519149551884674,0.19481276601540537,96.4824614180144,0.09541999585874991,14.996635449824756,6.651102784551035,3.191486610504052,1.690705859006814,1.05576015645029,0.5530172248072949,2.7948055692956255,0.024542698264444204,0.03203213245608601,3.5790194710889556,0.036797103071081444
1610612766,Charlotte Hornets,82,36,46,0.439,3966.0,106.4,108.4,106.1,108.4,0.3,0.0,0.611,2.01,17.6,0.247,0.749,0.496,0.119,0.501,0.547,97.8,95.92,79.93,7934,0.505,2016-17,2016,2017,2017-18,1610612766,0.439,0.0,0,CHA,10,17827.051666666666,9,6,5,0.137,0.286,0.15366020049492202,0.43226244833343636,0.670583311074714,27.06127120852195,107.91474381022623,107.20013011125135,0.7389739806479497,0.16142669319688405,2.1226257136742843,17.170473328408857,0.032021302082948656,0.14231136537720623,0.08681396905134155,8.014942655969191,0.49856836637129476,0.5451914585614316,0.19978381590674318,96.93468506242993,0.10370900347982387,16.02598148824572,6.359099761401937,3.5824207611073473,1.61754173035343,1.060186527385207,0.6239954989752933,3.020199240661308,0.019041553343595974,0.045923758198655094,2.848563054434577,0.029937177430901313
1610612737,Atlanta Hawks,82,24,58,0.293,3941.0,102.4,104.4,108.2,110.1,-5.8,-5.7,0.622,1.53,17.6,0.263,0.719,0.489,0.157,0.512,0.547,100.6,98.76,82.3,8114,0.468,2017-18,2017,2018,2018-19,1610612737,0.354,0.061,0,ATL,13,16169.491666666667,12,4,0,0.119,0.299,0.1523869798009523,0.39156353606251276,0.597314799115,24.915384888929204,102.9351120293928,108.44796041310312,-5.51168276265127,0.16788255742939767,1.5559400352206496,17.598182874229707,0.038240134842416715,0.13965243939332253,0.088546272481252,12.057188274832388,0.5154346114776852,0.5493206373731602,0.1979730630575379,100.1972991327804,0.09521729955435625,15.582679109165976,6.516716924207575,3.7759999670160735,2.420113186407118,1.1733207444678482,0.7102264088904053,2.8000269062362553,0.018667741069550225,0.04709710931336713,1.9032939575154708,0.043009465438732825
1610612738,Boston Celtics,82,55,27,0.671,3961.0,105.3,106.8,101.5,103.2,3.7,3.6,0.586,1.6,17.0,0.263,0.739,0.504,0.144,0.518,0.552,98.2,96.75,80.63,7987,0.519,2017-18,2017,2018,2018-19,1610612738,0.598,-0.07300000000000006,1,BOS,12,18793.46166666667,9,7,10,0.165,0.298,0.12998731739770844,0.36564214664373074,0.5784589800158334,25.25083945418252,105.74796550254135,101.71512373496562,4.020806269769175,0.14752225432657123,1.6991770896917433,16.599678647103953,0.035974953257236535,0.13807281202496222,0.08768642472022849,10.23274772777802,0.5113415699449374,0.5444300681877217,0.19332821467962663,97.84385239121725,0.10341621461080835,15.4987944832232,6.495663341071545,3.3388207618660286,1.9366309754713453,1.0803757370581986,0.6666148164827183,3.8872585664588963,0.033310218906608575,0.04647100506024353,4.418238350589194,0.04883476367789691
1610612739,Cleveland Cavaliers,82,50,32,0.61,3946.0,110.6,112.0,109.5,111.1,1.0,1.0,0.579,1.7,17.5,0.243,0.73,0.492,0.139,0.547,0.584,100.1,98.72,82.27,8114,0.502,2017-18,2017,2018,2018-19,1610612739,0.232,-0.378,1,CLE,8,12981.47666666667,7,3,6,0.191,0.31,0.23306965848517996,0.5467431414453876,0.7951648027715387,31.719427656278445,111.59276730972825,109.99964385150842,1.593123458219828,0.16952887319187876,1.669760001622825,17.245170862688195,0.0357015851817577,0.15287910812919844,0.09573021353759703,10.065687390982482,0.5675544456550012,0.5990160488932563,0.19885433385467446,99.38125734411827,0.11052865557410904,17.387852383511582,6.813708661289946,3.796486429509945,2.099298924133695,1.009438320191103,0.524131435483842,3.4436596320958315,0.05230936940627194,0.07213900496393798,3.5403313560944127,0.03831992860818511
1610612740,New Orleans Pelicans,82,48,34,0.585,3991.0,107.7,108.5,105.6,107.4,2.1,1.1,0.627,1.79,19.0,0.24,0.726,0.494,0.145,0.541,0.573,102.7,101.48,84.57,8443,0.525,2017-18,2017,2018,2018-19,1610612740,0.402,-0.18299999999999994,1,NOP,9,16014.828333333335,7,5,7,0.188,0.318,0.18275146460618735,0.5145124357145258,0.7443937634048944,27.777618180317678,108.20209969989271,106.00290418348743,2.2141623435031095,0.1687714905259157,1.8306686979785503,18.858808976722298,0.035862510650285874,0.13758617373045,0.08924461496465202,10.180847468757339,0.5510328631891881,0.5803753023890255,0.20747824906438272,102.37079137803225,0.11455163251307615,17.92039190346197,6.59988342054244,4.237322972657528,2.306362530475662,1.2273625162180424,0.9621083460463775,2.530932715466791,0.04661639764151609,0.06581819061329237,2.7233965904506605,0.03261182496477876
1610612741,Chicago Bulls,82,27,55,0.329,3971.0,101.3,103.4,109.1,110.5,-7.8,-7.0,0.607,1.68,17.3,0.256,0.767,0.5,0.141,0.497,0.529,100.3,98.65,82.21,8160,0.453,2017-18,2017,2018,2018-19,1610612741,0.268,-0.061,1,CHI,14,18226.78166666667,13,6,0,0.133,0.29,0.12426357222142617,0.3500391228328936,0.5352669226940686,24.871844992931187,102.40255207789929,109.46828344810189,-7.047592814200424,0.15554926747444628,1.7978450373712895,17.832501751772053,0.036676392129566845,0.14210152249405159,0.08697262965330595,10.081905436039223,0.49811880256059105,0.5288699056306247,0.19266508651326175,99.54021761018517,0.08969924778272707,15.074081921026652,6.484304369330515,3.594710311355936,1.977090671245765,1.1455670223002434,0.5174802755907996,2.689032941582233,0.02117825037747098,0.04105900192995611,3.4425227816644286,0.03410638502878908
1610612742,Dallas Mavericks,82,24,58,0.293,3961.0,104.1,105.4,107.4,108.4,-3.3,-2.9,0.594,1.85,17.3,0.224,0.749,0.478,0.127,0.513,0.544,97.5,96.53,80.44,7959,0.475,2017-18,2017,2018,2018-19,1610612742,0.402,0.10900000000000004,0,DAL,12,17606.239999999998,10,4,4,0.133,0.28,0.14963274384536393,0.40027787496554257,0.6245985324899961,28.186315855439123,103.78123062240054,107.12447829103013,-3.328964427763489,0.15643659795239262,1.9384326626998907,17.083485542625795,0.03321554857823135,0.14484253660444632,0.08754983611870942,9.06309178829021,0.5227214459191741,0.5502827933921912,0.19496384047171153,97.73914057459173,0.09858051766494907,15.323203591453938,6.314124992048273,3.508755986513872,1.7707358300239004,1.0448568234898534,0.5847926644189787,5.5831949656843145,0.02212732769406133,0.050649495322792636,3.6680301174249412,0.05264811795888423
1610612743,Denver Nuggets,82,46,36,0.561,3976.0,109.6,111.4,108.8,110.0,0.8,1.4,0.617,1.68,18.2,0.3,0.736,0.517,0.151,0.536,0.57,99.1,97.69,81.41,8095,0.511,2017-18,2017,2018,2018-19,1610612743,0.659,0.09799999999999998,0,DEN,11,17986.903333333332,9,6,6,0.169,0.238,0.14915861929911595,0.42754024177962074,0.6861063355170828,25.516684546960178,110.833120829952,108.5958409183274,2.228361033425987,0.152345117957121,1.711846117295343,17.73496697875176,0.0478783129428801,0.14369385790142492,0.09567575204255095,10.406392864363717,0.5408541752879085,0.5718584062366858,0.19466588727242465,98.54663805943247,0.10592650263497275,16.53803295027067,6.856989094472626,3.6586620153811906,2.0915217757512825,1.1468344282349137,0.778566479203109,3.8387737019701094,0.030203012948701324,0.03419442263190967,2.5817439131233906,0.024679423160715093
1610612744,Golden State Warriors,82,58,24,0.707,3946.0,112.3,112.8,104.2,106.8,8.1,5.9,0.685,1.9,20.9,0.243,0.712,0.497,0.153,0.569,0.603,101.8,100.35,83.63,8251,0.554,2017-18,2017,2018,2018-19,1610612744,0.695,-0.01200000000000001,0,GSW,15,19639.971666666668,9,5,13,0.168,0.293,0.1275061242026571,0.36233071619332774,0.5279763217581015,29.36680933772562,111.44525659957247,105.67223937780628,5.795464479200284,0.17119701106154003,1.9173193325211004,21.29214764651306,0.0379611994518322,0.1335181263414925,0.0899489998415646,10.833799980872339,0.560922722817913,0.5918130694859285,0.19368311597190863,101.53347061006451,0.1102495869181074,17.008374842360176,6.512636686593997,4.3991916824727255,2.245420754595454,1.2006127300081813,1.116294889427454,3.9019385406490508,0.036120130496325786,0.06013918765137862,3.994857468899511,0.04930046545100335
1610612745,Houston Rockets,82,65,17,0.793,3951.0,112.2,114.1,103.8,105.7,8.5,8.4,0.557,1.56,16.4,0.254,0.75,0.503,0.141,0.551,0.59,99.7,98.02,81.69,8078,0.531,2017-18,2017,2018,2018-19,1610612745,0.646,-0.14700000000000002,1,HOU,11,18649.59666666666,9,8,10,0.194,0.353,0.1367742716151681,0.38076819891904734,0.6053356113688966,30.25734184778616,113.95252497864566,104.19273440944836,9.76143900520458,0.1489771264937097,1.5075203333262437,14.13401863561303,0.03844105851082749,0.14434727087037988,0.0917585920982384,9.951825714193284,0.5591470794095815,0.5905706879451728,0.1964732827108504,99.08837714095336,0.1098261040140457,17.216672603643442,6.590169331633446,3.2603386060717314,1.9612220389395376,1.2913952205221955,0.7180852347298307,3.061053233144514,0.04822645930648245,0.0773001481673002,3.9560687451264904,0.03138480125732146
1610612746,LA Clippers,82,42,40,0.512,3941.0,107.7,109.4,107.7,109.2,0.0,0.2,0.555,1.52,16.5,0.284,0.718,0.504,0.147,0.527,0.564,101.1,99.54,82.95,8167,0.497,2017-18,2017,2018,2018-19,1610612746,0.585,0.07299999999999995,0,LAC,13,16361.54,12,7,7,0.152,0.285,0.15824243928138793,0.43205702723174794,0.6019424210679435,27.270708523362305,107.98534765064902,107.92258688159347,0.050819655932958306,0.13761166899122373,1.5468759236599976,16.591303141391336,0.04133043517501002,0.12805572988035763,0.08545241391295276,11.00055019270802,0.5264608146095456,0.5573248247618093,0.18599003160256716,100.76779259063225,0.09472487970773737,15.55159233177317,6.308208151555416,3.329026485281948,2.0836669408869826,1.1683496785754885,0.6710859735697251,3.2056565653541456,0.03860543527554449,0.05325581081616221,2.2427506955578957,0.05849689616400859
1610612747,Los Angeles Lakers,82,35,47,0.427,3981.0,104.2,106.0,105.6,107.3,-1.4,-1.3,0.584,1.51,17.0,0.279,0.729,0.505,0.155,0.517,0.548,102.6,100.9,84.08,8361,0.491,2017-18,2017,2018,2018-19,1610612747,0.451,0.02400000000000002,0,LAL,10,15654.388333333334,8,5,1,0.135,0.251,0.15701060607818915,0.45030142240200377,0.6901458834812347,23.200451353736486,105.28948288515049,106.78458266175203,-1.4696560272289994,0.14469725304927808,1.5751628920239933,17.1849506309892,0.03982059066930433,0.14301835779168628,0.09201349025347842,10.949730187477778,0.5180321900153023,0.5463668850896228,0.19570322837057508,101.66590668346136,0.09953249147496766,16.120719291385065,6.986411584483284,3.518502213383616,2.2674792041805527,1.0785474105077881,0.7588926342592113,2.910502022679138,0.016611897723087254,0.03886430618234281,1.2850143353940247,0.04737680728268673
1610612748,Miami Heat,82,44,38,0.537,3986.0,104.5,106.2,104.0,105.8,0.5,0.4,0.585,1.58,17.1,0.261,0.741,0.501,0.148,0.52,0.551,97.8,96.1,80.08,7985,0.505,2017-18,2017,2018,2018-19,1610612748,0.476,-0.061000000000000054,1,MIA,10,18212.675,10,7,7,0.176,0.25,0.14767050968624873,0.39089599230572486,0.6096716526631408,26.972263638738777,105.23171278610455,104.64392668841892,0.602248717811451,0.14964105876813816,1.6932844342378774,17.3329172128751,0.03761321057999443,0.14188076051431214,0.08978099711693459,10.36053234903714,0.5262503382031104,0.5571713153065104,0.19473480328031623,97.20584849013119,0.10474497851999592,15.609568610871277,6.507116609723723,3.433433034960543,2.0398980380421876,1.1365710967773817,0.7748449911943194,3.709191545328324,0.024885959508443287,0.033327000500025954,2.29307262427673,0.033133718812440115
1610612749,Milwaukee Bucks,82,44,38,0.537,3966.0,107.8,109.0,107.1,109.1,0.7,-0.2,0.585,1.68,17.7,0.244,0.709,0.48,0.142,0.531,0.571,98.5,97.03,80.86,8013,0.502,2017-18,2017,2018,2018-19,1610612749,0.732,0.19499999999999995,0,MIL,10,15480.199999999999,9,5,4,0.186,0.307,0.19263090916138037,0.5033175712630759,0.7233096686950642,25.587952136707965,108.42164222684463,108.16971551831801,0.22932395360955712,0.14150464970306154,1.824185486406291,17.174953596637426,0.03735914178542052,0.1368448275862069,0.08811453814119541,9.575247412824123,0.5302999594105158,0.5640789182310305,0.191847443831475,97.76769265685628,0.10066421170269119,15.734680430485394,6.099921189648712,3.225539721709022,1.832534463379026,1.188356739577008,0.8511517939044715,3.8578355374038558,0.046573986044090236,0.07096804291393556,3.1560510199429355,0.033557927320864184
1610612750,Minnesota Timberwolves,82,47,35,0.573,3961.0,110.8,112.5,108.4,110.2,2.4,2.3,0.553,1.82,17.0,0.289,0.72,0.503,0.128,0.523,0.566,98.3,96.75,80.62,7985,0.518,2017-18,2017,2018,2018-19,1610612750,0.439,-0.13399999999999995,1,MIN,9,18922.161666666667,9,5,6,0.165,0.245,0.15741876566780558,0.45572286182595234,0.6922316926968438,27.805802666837664,111.87250837355879,108.82400154774423,3.0096194523934323,0.14000549531999382,1.8593074848654092,17.05561121143928,0.04388730639214318,0.1373244852134142,0.09042702873006846,9.081600375644186,0.5302863074048005,0.5720572313047038,0.19497312023106594,97.49948664163371,0.10741792626406232,16.470211252290856,6.358258750739983,3.447386252645377,1.7807690576578767,1.2651831445966752,0.6506656172211472,5.035671208723124,0.03265175423970586,0.042400218272282755,4.206524252723685,0.04637769227703252
1610612751,Brooklyn Nets,82,28,54,0.341,3971.0,104.3,106.1,108.5,109.7,-4.2,-3.6,0.619,1.56,17.3,0.251,0.731,0.489,0.151,0.514,0.551,101.1,99.66,83.05,8238,0.474,2017-18,2017,2018,2018-19,1610612751,0.512,0.17099999999999999,0,BKN,10,16835.321666666667,9,7,0,0.119,0.295,0.13697540478634554,0.39695954725347793,0.6283279608656127,25.216819637046832,105.19115650002925,108.60844812092986,-3.4043443383370655,0.1659282223396781,1.73876796928838,16.97737014825872,0.03491719156341236,0.13306124821097862,0.0837224429827249,10.52624335561156,0.5190152957180404,0.5585196169402961,0.19455190510665424,100.84981211328207,0.09753684243039411,16.041986327753563,6.357348087498179,3.737855518650124,2.129807835569521,0.979369466557069,0.6949674162249944,3.106787989808769,0.01582284636253239,0.036500692283791596,2.3875964155897678,0.04252136515712322
1610612752,New York Knicks,82,29,53,0.354,3966.0,104.1,106.3,108.4,109.7,-4.3,-3.4,0.573,1.58,17.2,0.289,0.727,0.509,0.15,0.51,0.544,99.2,97.64,81.37,8059,0.481,2017-18,2017,2018,2018-19,1610612752,0.207,-0.147,1,NYK,13,17193.991666666665,11,4,2,0.161,0.305,0.13434799656275279,0.3503917792988733,0.5457559544782843,27.035858844102023,105.7629741203201,108.80532026933824,-3.025281098678365,0.14411847995351082,1.7048503086591775,17.800830416051337,0.04343257213396733,0.14016756793434135,0.09204621313937666,10.633092286598174,0.5090226810819088,0.5429725815073965,0.1974940820897222,98.51148374310985,0.09958140319365434,15.908347828868509,6.741889972223822,3.546820376691663,2.1167859509062996,1.0133772504833323,0.8040017855074372,4.33120256864563,0.03639871518808116,0.054607927254279605,2.3810251468401176,0.05434125585113702
1610612753,Orlando Magic,82,25,57,0.305,3946.0,102.8,104.7,107.7,109.4,-4.9,-4.7,0.604,1.61,17.5,0.248,0.714,0.48,0.147,0.512,0.545,100.3,98.58,82.15,8096,0.472,2017-18,2017,2018,2018-19,1610612753,0.512,0.20700000000000002,0,ORL,14,17826.5,11,5,2,0.139,0.265,0.1138331510204845,0.3239862003197487,0.5171355379163979,26.006165633560524,103.47190892771997,108.00589528697914,-4.5552507222393634,0.14069435138698005,1.5767322104731718,16.419075010050584,0.03596390252339682,0.13683609635467797,0.0862281971596593,10.585590132667658,0.5097961841453267,0.5447649003823896,0.1947003830439701,99.53501261604914,0.0947136043717686,15.56401985807646,6.385549603118952,3.2533587636384036,2.033601660449331,1.1107059714470031,0.7633579221944857,2.969411719317808,0.023387692154199734,0.04313840607191509,3.5996450939651443,0.035640643513310095
1610612754,Indiana Pacers,82,48,34,0.585,3951.0,107.2,108.5,105.6,107.3,1.6,1.3,0.544,1.67,16.8,0.271,0.721,0.496,0.136,0.525,0.557,98.2,96.84,80.7,7977,0.509,2017-18,2017,2018,2018-19,1610612754,0.585,0.0,0,IND,12,19186.809999999998,8,6,6,0.148,0.295,0.13587624345405344,0.3973318997095748,0.6177061220703182,26.707414624942867,107.28141926667332,106.09774929582701,1.2038316774214513,0.1384365429514686,1.8555526001108749,16.976499385081038,0.03904771689509617,0.13684623976923035,0.0879840903725007,9.68635622596982,0.5249894305862552,0.5554869806393038,0.19563832575607934,97.9447428815247,0.10306584193342545,15.93156965644628,6.287444343275407,3.3585572588668993,1.9307013516056084,1.3340414586895895,0.6191753605732272,3.090878137620141,0.023412585887487795,0.04547391200276815,3.594944312024573,0.03921715618732939
1610612755,Philadelphia 76ers,82,52,30,0.634,3956.0,107.4,108.5,102.0,103.9,5.4,4.6,0.663,1.64,19.1,0.286,0.736,0.52,0.163,0.535,0.568,102.2,100.75,83.96,8299,0.542,2017-18,2017,2018,2018-19,1610612755,0.622,-0.01200000000000001,0,PHI,11,17474.22,10,5,6,0.177,0.33,0.1563190421851924,0.43338062204397865,0.6638909586045423,26.05904469555723,107.21521499481332,102.33627066997364,4.870681628898649,0.17468605675484608,1.7581068234614576,19.73205644276731,0.04438781330439929,0.14137631293413958,0.09522018875043732,11.233848520849573,0.5373323578963753,0.5678451460685131,0.1959050338155294,102.16143007718419,0.11219488766880584,16.57413034744899,7.194140854355732,4.208943231800905,2.433069973938751,1.2567084539395752,0.7890480948505857,3.9523197895965123,0.03662738020867313,0.05588859107685433,5.040014187663378,0.023948396833397226
1610612756,Phoenix Suns,82,21,61,0.256,3941.0,100.8,102.8,110.6,111.7,-9.7,-9.0,0.553,1.35,15.6,0.271,0.724,0.493,0.155,0.495,0.532,102.6,101.14,84.28,8293,0.442,2017-18,2017,2018,2018-19,1610612756,0.232,-0.023999999999999994,0,PHX,12,16862.98,11,5,3,0.129,0.301,0.12700997490755886,0.36591189694822623,0.5748760499824666,23.645172442830386,101.78597401922238,110.53018134991564,-8.763366913795782,0.12234197257345185,1.2758296941979808,14.64066767360613,0.040732819960252194,0.13427096772535657,0.0868077922763355,11.557224879588306,0.5089656005838431,0.5418409667211845,0.19174052915518688,102.22545301304989,0.08727261215593764,15.618591731710529,6.6308564678366455,2.8222769640953143,2.1882253314657314,0.9841676856640997,0.7194457919062942,4.132138393749464,0.025357638709636632,0.060468045901434106,3.7784746744546585,0.051966003011065805
1610612757,Portland Trail Blazers,82,49,33,0.598,3951.0,106.1,108.4,104.2,105.7,1.9,2.7,0.496,1.44,15.0,0.279,0.746,0.513,0.139,0.511,0.549,98.8,97.11,80.93,7992,0.51,2017-18,2017,2018,2018-19,1610612757,0.646,0.04800000000000004,0,POR,10,18591.093333333334,10,5,8,0.165,0.295,0.1572618644626961,0.4131908684588749,0.6340493153710881,25.998254450876832,107.53196503773849,104.62375217129062,2.9174897011615593,0.13119838944383402,1.5117621708818272,14.684159798383742,0.03989130628501677,0.13633968129541602,0.08826498423617904,10.383003375451471,0.5133706319585293,0.5472866384225564,0.1974220223375781,98.15291121841857,0.10263582785520234,16.062530301248195,6.607034766468818,2.980136724969376,1.9654572942455597,1.0553440643978622,0.7823100954435529,2.266053531181382,0.03375636751370273,0.06507224411418094,2.284673216330231,0.03565898612535555
1610612758,Sacramento Kings,82,27,55,0.329,3951.0,101.1,103.1,109.0,110.4,-7.9,-7.3,0.556,1.57,16.6,0.264,0.731,0.489,0.143,0.502,0.529,97.1,95.5,79.58,7860,0.451,2017-18,2017,2018,2018-19,1610612758,0.476,0.14699999999999996,0,SAC,12,17883.203333333335,12,5,0,0.124,0.27,0.12163117308774472,0.3491828738363615,0.552687149077132,26.676468477590046,102.04459556183164,109.14368631011483,-7.0990907482831656,0.14109153365700142,1.6350404411141104,16.489309801133686,0.03881743632432742,0.13898659785224907,0.08701498948454613,10.12723345053207,0.5048318192806993,0.5294412526018363,0.19816819330093918,96.60857559076385,0.09233124863349425,15.013417618506452,6.230427397328703,3.249082332564952,2.007022977427049,1.1816674902203388,0.632101519470505,5.631092090809208,0.02111594698489193,0.040672735210703935,2.939658800811614,0.028291608336250516
1610612759,San Antonio Spurs,82,47,35,0.573,3946.0,105.5,107.1,102.4,104.1,3.1,3.0,0.583,1.73,17.3,0.277,0.741,0.508,0.137,0.507,0.543,97.2,95.7,79.75,7867,0.525,2017-18,2017,2018,2018-19,1610612759,0.585,0.01200000000000001,0,SAS,13,19254.015,10,4,11,0.159,0.288,0.130290660588627,0.34248752792599363,0.5296177619750132,29.58854867413368,105.4070440719334,102.83360940562268,2.589940955172207,0.14584926295459244,1.8205045103579691,17.843867716248617,0.04299021727849144,0.13885168582587407,0.09080721778461964,9.85602616735609,0.5078963813521492,0.5414370495365946,0.193697505256263,97.07391043634274,0.10513164829950186,15.339346105214938,6.622618710954573,3.4122753098509584,1.894046514454258,1.1255834172768642,0.8339039935307,5.474374103410021,0.03375494310008465,0.04546968341379238,2.1500998543154393,0.03151590070025784
1610612760,Oklahoma City Thunder,82,48,34,0.585,3966.0,107.6,110.1,104.7,106.4,2.9,3.7,0.535,1.53,15.8,0.32,0.725,0.515,0.143,0.514,0.546,99.2,97.34,81.11,8036,0.508,2017-18,2017,2018,2018-19,1610612760,0.598,0.013000000000000012,0,OKC,11,18989.645,9,5,8,0.186,0.326,0.1534339723921467,0.4373717886774608,0.6550674503569357,27.798042477009616,108.9635796860166,105.27259137809052,3.6597845299372365,0.1434921476064104,1.405241752369076,13.802329866268343,0.04805201949097345,0.13760589591502806,0.09118181663392515,9.748539576876416,0.5224656441269263,0.5481530981753476,0.19589869487642694,98.31468899848663,0.10256977965271774,16.187980344024336,6.756524411067189,3.2303921426651208,2.0379527895334535,1.321351715632388,0.7545164746365717,3.8657482827196215,0.0441200115685402,0.07546704338736447,3.591394682584189,0.05229147552025707
1610612761,Toronto Raptors,82,59,23,0.72,3966.0,111.0,113.0,103.4,105.3,7.6,7.7,0.59,1.82,17.9,0.274,0.725,0.502,0.135,0.539,0.575,99.8,98.02,81.68,8104,0.538,2017-18,2017,2018,2018-19,1610612761,0.707,-0.013000000000000012,0,TOR,12,19494.69,11,3,11,0.151,0.286,0.1391005277163508,0.37520618862538124,0.5499443694667626,26.435453278131977,111.79894031827813,104.31133052983489,7.49730219699142,0.14963919431393885,1.8372267961173019,17.214973137129476,0.04047733442628053,0.13826446543477566,0.0903483686241399,9.791248933256526,0.547066738173318,0.5789508397756861,0.1948121298671587,99.09669642947216,0.10859038615130583,16.725169777000815,6.588871123367441,3.6508403057447953,1.9075963762439927,1.1412338436774323,0.9177883823748929,3.4442849125466446,0.028516642128862252,0.04743254952279918,2.6428419476939427,0.040514072672497715
1610612762,Utah Jazz,82,48,34,0.585,3951.0,106.2,107.4,101.6,103.0,4.6,4.4,0.586,1.53,17.1,0.256,0.756,0.509,0.152,0.527,0.564,97.8,96.58,80.48,7951,0.532,2017-18,2017,2018,2018-19,1610612762,0.61,0.025000000000000022,0,UTA,11,16895.611666666664,9,5,10,0.147,0.283,0.15614172792599895,0.4421887853127938,0.6771279958592799,26.851628632957652,106.50642860221991,101.27672425196799,5.229704350251895,0.15104699336622618,1.6137169000589606,18.038053707634344,0.04193032697740942,0.148222088635047,0.09584122021033668,11.095830958867326,0.541961394512007,0.5777100902038963,0.1888006468543558,97.81630270069142,0.10983494727970293,15.313562190261043,6.771462451739195,3.4943984961775585,2.1392537135135785,1.3466218595025712,0.841638662189107,3.4275786824470744,0.017259256547737304,0.05116519696812641,2.744375098876603,0.04193723698368393
1610612763,Memphis Grizzlies,82,22,60,0.268,3941.0,101.8,103.6,108.4,110.4,-6.6,-6.8,0.586,1.44,16.6,0.276,0.721,0.493,0.156,0.5,0.539,97.3,95.65,79.71,7865,0.46,2017-18,2017,2018,2018-19,1610612763,0.402,0.134,0,MEM,15,17641.416666666668,14,5,1,0.16,0.277,0.13651596385399886,0.3638479524981459,0.5423469392575236,26.218772112972786,102.27081067752496,108.8796042173484,-6.614188807588205,0.15454729986726312,1.449202536644355,16.218003949040373,0.037571665257419805,0.1370537535250854,0.08630462443964723,11.441022168476646,0.4975808453591691,0.5364612714398409,0.19937615525964,96.86172668672681,0.09318395905468668,15.182454167985377,6.105632106265087,3.330344785235502,2.2304331190333357,1.089708403992499,0.7060657449089974,4.236308094979342,0.03451534492169384,0.039597297268535905,3.7212991426179087,0.030783413395814176
1610612764,Washington Wizards,82,43,39,0.524,3971.0,106.9,108.1,106.2,107.7,0.7,0.4,0.631,1.73,18.4,0.274,0.732,0.504,0.148,0.525,0.56,98.9,97.67,81.39,8087,0.509,2017-18,2017,2018,2018-19,1610612764,0.39,-0.134,1,WAS,11,19241.905,8,6,7,0.13,0.281,0.1546989067177427,0.3969926574317876,0.6070679245809255,27.1884910390456,107.3527618670466,106.6017396926136,0.7442882950865138,0.1568510752097224,1.7793958680286592,18.071219291090635,0.04184760916343782,0.13808033213620652,0.09026532100988269,10.597561814522349,0.5297058980560051,0.5643061836479635,0.19357199066308664,98.42785679830904,0.10305717928309767,15.889694913263527,6.422856780552654,3.7362205041548644,2.0935557056330962,1.186161141529386,0.6248861534239983,3.3504122534123377,0.019843348563259016,0.04741399091336989,3.2375846673859083,0.03536728007360803
1610612765,Detroit Pistons,82,39,43,0.476,3961.0,104.9,106.6,104.8,106.7,0.0,-0.1,0.582,1.7,17.1,0.269,0.74,0.499,0.138,0.512,0.543,98.4,96.75,80.62,7981,0.489,2017-18,2017,2018,2018-19,1610612765,0.5,0.02400000000000002,0,DET,11,15138.106666666668,7,4,9,0.156,0.266,0.1733934362553485,0.43341010060262924,0.6638626318747037,26.23272615333666,105.59123945927189,104.81091276936439,0.7670405281858235,0.15087804518486683,1.9637827958229914,18.059820977171963,0.0443743301672248,0.146260969887912,0.09424685132354729,9.780354874850048,0.5238078957254012,0.5507906254018557,0.18344299221038654,97.83885354883658,0.1000405460216073,14.620586634347934,6.922662279210611,3.498191759779735,1.8406529041940958,1.2199676225472496,0.6420882223932892,3.5096275315436984,0.029226050129361705,0.04110468026233248,1.5556768456253232,0.05575096153224994
1610612766,Charlotte Hornets,82,36,46,0.439,3956.0,107.0,109.0,107.0,109.0,0.0,-0.1,0.554,1.7,16.1,0.271,0.763,0.512,0.128,0.508,0.549,100.5,98.66,82.21,8143,0.5,2017-18,2017,2018,2018-19,1610612766,0.476,0.03699999999999998,0,CHA,13,19295.763333333336,10,5,6,0.136,0.267,0.14178647851713216,0.37340182965898033,0.5780158304180416,27.120208943966794,107.8669605884124,108.06335266342575,-0.21460903593863176,0.13969544791265923,1.7647843602628484,15.730859399360376,0.03854154461195194,0.14261601467265092,0.08961033933355661,9.297467121020865,0.5075054718401913,0.5465601259792952,0.1964555557014329,99.60877107738158,0.09973006475169247,16.231542364481044,6.658663758486534,3.225785833125026,1.8563660520297285,1.0149378214112286,0.6753814179243837,3.392096480233777,0.02693530794721899,0.04672662991677279,3.6401487023198187,0.044577123685553666
1610612737,Atlanta Hawks,82,29,53,0.354,3971.0,105.5,107.5,111.2,113.1,-5.7,-5.5,0.624,1.52,17.7,0.284,0.718,0.496,0.162,0.522,0.555,106.4,104.56,87.13,8642,0.464,2018-19,2018,2019,2019-20,1610612737,0.299,-0.05499999999999999,1,ATL,13,17991.37166666667,10,5,0,0.136,0.277,0.13913789971359417,0.3603444910583526,0.5533156032294367,25.060769685616894,106.47147318673035,111.70743234048396,-5.2463317369817,0.15246237497363319,1.467116592833435,16.67978962693506,0.04517296828303715,0.13658625657873225,0.0899908394051482,11.293400225274652,0.5226136282178966,0.5521388669364935,0.1950343041289329,106.02126798280993,0.09225679744818419,16.900101094756256,6.945329256440796,3.751798431525927,2.449174016100125,1.2245870080500625,0.8023846245556783,5.763116565892175,0.02301556886716488,0.04281082182753981,2.3099373679260986,0.03997803308280194
1610612738,Boston Celtics,82,49,33,0.598,3956.0,110.1,111.3,104.9,107.0,5.1,4.3,0.624,2.05,18.8,0.257,0.728,0.495,0.127,0.534,0.567,102.0,100.43,83.69,8282,0.53,2018-19,2018,2019,2019-20,1610612738,0.667,0.06900000000000006,0,BOS,12,19165.013333333332,9,7,11,0.157,0.286,0.12808217891491164,0.3583783922926221,0.5703892022685783,26.502864507964507,110.18140169134587,105.70228704945677,4.460178678021617,0.16000396973373704,2.095322744361948,18.925366275073465,0.03735474025237655,0.136174618541008,0.08700090929582796,9.061604461880536,0.5333081077950376,0.5661924494704238,0.19570175870822942,101.6757252373422,0.10615017321494165,16.903927712720957,6.5669664722383,3.98977024800748,1.867152366534574,1.2885981121154102,0.7288280867358297,3.693890317726734,0.025069179663472517,0.04153370229709428,2.649812119868468,0.030579413397955797
1610612739,Cleveland Cavaliers,82,19,63,0.232,3951.0,105.0,106.8,115.1,116.8,-10.1,-10.0,0.532,1.54,15.6,0.282,0.732,0.496,0.138,0.503,0.54,98.9,97.37,81.14,8021,0.436,2018-19,2018,2019,2019-20,1610612739,0.292,0.05999999999999997,0,CLE,10,13700.811666666666,9,6,0,0.148,0.266,0.19013642379095058,0.5301448685461092,0.7486086894851849,24.91440421960402,106.23353124942597,115.93081653191595,-9.700490640031425,0.12926563937148738,1.5339354639208118,15.062848052676197,0.05133046582276695,0.15030066588512334,0.09852301877005584,9.846678353727706,0.5129967722106975,0.5467169760137082,0.20130526013848085,98.45663529301852,0.09443831052831785,16.37771582145924,7.160159732628979,2.9481465027558587,1.9601758387307224,0.9380466145132278,0.37574416211594275,3.3725228518741863,0.023732785364656447,0.04689246354575953,3.9277205543096922,0.023706607452133828
1610612740,New Orleans Pelicans,82,33,49,0.402,3951.0,108.6,110.7,110.4,112.0,-1.8,-1.3,0.619,1.82,18.6,0.285,0.729,0.509,0.142,0.529,0.563,105.6,103.89,86.58,8553,0.498,2018-19,2018,2019,2019-20,1610612740,0.417,0.014999999999999958,0,NOP,12,16883.418333333335,11,6,2,0.197,0.288,0.1422655226513667,0.38401267673775774,0.5747630490705328,26.11429172469122,109.89424068052567,110.80885843516482,-0.9146177546391424,0.15738151920459234,1.8401415185372705,18.073931424432118,0.044262796801319164,0.137451121322094,0.0911595694829177,9.99122653972818,0.5273067479127203,0.5563487280567492,0.19986139437994935,104.96762127949798,0.10183323657501822,17.740483241397303,7.036489747188834,4.066238166027002,2.204766787452501,1.1343674380316544,0.8401142304219396,2.82233064040944,0.047335729865288466,0.05978571053315281,3.4532431621627744,0.04449668606076121
1610612741,Chicago Bulls,82,22,60,0.268,3981.0,102.5,104.5,110.9,112.8,-8.4,-8.3,0.55,1.55,16.3,0.242,0.727,0.483,0.141,0.505,0.541,101.1,99.3,82.75,8232,0.453,2018-19,2018,2019,2019-20,1610612741,0.338,0.07,0,CHI,10,13819.136666666665,8,4,0,0.125,0.298,0.15709049359330457,0.4207414307840263,0.6404115693672132,24.517908137531993,103.96685632315187,111.04176978253105,-7.046731476954301,0.14598423960879373,1.8529588377566277,17.785108283416644,0.037461336947966606,0.1390107776872699,0.08798513329703908,10.050373154039292,0.5090289767257531,0.5463617531823624,0.1960713506946044,100.09067949613834,0.09485861815776721,15.758147940259656,6.497077362044567,3.44652499999397,2.034569935748519,1.047243424034449,0.7085826152670899,2.8396734156152825,0.01985014457341514,0.06024787228778575,2.095214750040827,0.041173476395717515
1610612742,Dallas Mavericks,82,33,49,0.402,3956.0,106.6,108.7,108.3,110.1,-1.7,-1.5,0.603,1.64,17.0,0.273,0.734,0.503,0.142,0.519,0.555,101.4,99.6,83.0,8216,0.492,2018-19,2018,2019,2019-20,1610612742,0.573,0.17099999999999993,0,DAL,10,12529.23,8,1,4,0.149,0.296,0.18498662727078996,0.4761312812785249,0.723027539069307,27.276499699768724,107.75767869746717,108.82737288458004,-1.098167165899261,0.17272544814539018,1.8219958834927072,17.62717182141281,0.041678547285028684,0.1420729794781217,0.09156865279563602,9.723076078897106,0.524974053074291,0.5592223630928105,0.19263056947633653,100.87908786892729,0.10086716249389095,16.193812389109308,6.953340309021384,3.9105356035446714,2.0486494381538214,0.9912819862034619,0.7413065288130236,6.058437742392096,0.030527530211046323,0.05945705160756419,3.132984015055028,0.05678128895426775
1610612743,Denver Nuggets,82,54,28,0.659,3946.0,109.8,112.1,106.8,108.1,3.0,4.0,0.653,2.04,19.3,0.308,0.744,0.524,0.136,0.527,0.558,100.1,98.49,82.08,8096,0.524,2018-19,2018,2019,2019-20,1610612743,0.63,-0.029000000000000026,0,DEN,11,19234.356666666667,11,5,10,0.188,0.271,0.13016222533740404,0.35983042150097033,0.5560023929402715,25.416103250658935,111.0974684189247,106.85169135714963,4.237254586281112,0.16680815362163576,2.2587891580118704,18.75400933607172,0.04757326118003774,0.14066499234789417,0.09371165641620109,8.958494764663303,0.5326641758402111,0.5616495989728102,0.19380872499504795,99.51374468377507,0.10651762887139282,16.60902964088393,6.9962308764507695,4.091428757603365,1.9015972633691764,1.1585518760093703,0.6737943059182121,3.65539029816234,0.03625582255916214,0.04620283484031619,2.2826243771402424,0.03286039980233228
1610612744,Golden State Warriors,82,57,25,0.695,3961.0,113.9,115.0,106.5,108.6,7.5,6.5,0.668,2.06,20.4,0.257,0.727,0.505,0.139,0.565,0.596,103.2,101.74,84.78,8390,0.546,2018-19,2018,2019,2019-20,1610612744,0.231,-0.46399999999999997,1,GSW,14,19399.71833333333,10,5,11,0.162,0.292,0.13925623146934007,0.3961414044585355,0.5839056426162889,29.071763756707462,113.93256858282562,107.27912425876286,6.652389162694887,0.16796934577486566,2.199880601359247,21.768344506032776,0.03963700220389798,0.13577969886332542,0.09054559597987288,9.712242978441868,0.5634597341662434,0.5903797706341267,0.19511561224557292,102.93478137612136,0.10959234073072023,17.67551436099029,6.854944887086419,4.41284757484881,2.0524009326252246,1.1449650772421007,0.9519725844816819,3.220006626173604,0.03134228450190529,0.07463805585749274,5.8882867576905324,0.04294798743762618
1610612745,Houston Rockets,82,53,29,0.646,3966.0,112.5,114.9,107.9,110.1,4.6,4.8,0.541,1.59,15.9,0.269,0.7,0.481,0.135,0.542,0.581,100.4,98.39,81.99,8130,0.498,2018-19,2018,2019,2019-20,1610612745,0.611,-0.03500000000000003,0,HOU,9,15570.401666666667,7,6,9,0.201,0.396,0.1841137474402555,0.508501975061444,0.7663492089317756,30.28647847984225,114.60177565532722,108.35728767862014,6.261395194150953,0.16075972274746497,1.5971056997994373,14.72437016985539,0.04046596250300115,0.1375246912384298,0.08832105615772487,9.163090247832397,0.5494184766802739,0.5819603648632057,0.20679774702879103,99.23588165088013,0.11159648814454688,18.223807328455774,6.51775093363573,3.477366940116402,2.066998699776638,1.3433179469465621,0.7468015436553177,3.619416626630276,0.05558809308736487,0.10033522744846332,1.8380548451204335,0.04756194977167101
1610612746,LA Clippers,82,48,34,0.585,3966.0,109.7,111.4,109.0,110.4,0.7,1.0,0.582,1.65,17.1,0.263,0.722,0.5,0.141,0.529,0.575,104.1,102.66,85.55,8475,0.505,2018-19,2018,2019,2019-20,1610612746,0.681,0.09600000000000009,0,LAC,10,14082.963333333335,7,5,5,0.147,0.308,0.15436429217430325,0.4593689917060542,0.747078325608081,27.370948917237826,110.23165891458923,109.16499989703873,1.0468771960636125,0.16431906577900626,1.9636014579317942,19.353891522357152,0.03945730160011305,0.1263449997147854,0.0841668646205853,10.13851514205462,0.5216003459499173,0.5671591053634782,0.1970995079397352,103.36947138374524,0.10422347155156028,17.428718245615446,6.337018558357391,4.008247317266797,2.098706025176046,1.0940879156825185,0.7285398503960696,4.314676387895561,0.03683268221132453,0.060807489824034854,2.96363957045188,0.05169242782578622
1610612747,Los Angeles Lakers,82,37,45,0.451,3956.0,105.2,107.4,107.3,108.9,-2.1,-1.6,0.6,1.63,17.8,0.27,0.725,0.502,0.15,0.527,0.554,105.5,103.6,86.33,8534,0.495,2018-19,2018,2019,2019-20,1610612747,0.732,0.28099999999999997,0,LAL,12,16695.001666666667,11,6,4,0.188,0.311,0.13857930132980917,0.3765269665042461,0.5846915658688663,26.37935815320374,106.3952416197223,108.43060475884947,-2.0146523096084348,0.16526129197750902,1.6471432128238783,17.60163370254231,0.0363240948064196,0.13564663725200787,0.08705445362339485,10.61155964744338,0.5263577315206417,0.550666473029203,0.2032779834004209,104.6601946141365,0.10220113784554877,17.457680197895556,6.7407001356992975,4.133692309704272,2.378436420241947,1.1536386988480885,0.7611859078380845,4.587332641754666,0.03482411782235996,0.04934569523847973,3.484876729884939,0.043626630575713345
1610612748,Miami Heat,82,39,43,0.476,3946.0,104.6,106.7,105.1,107.1,-0.6,-0.4,0.612,1.65,17.6,0.291,0.731,0.509,0.149,0.515,0.542,100.7,98.73,82.28,8122,0.501,2018-19,2018,2019,2019-20,1610612748,0.603,0.127,0,MIA,10,16229.036666666665,10,5,6,0.162,0.269,0.15647447548231966,0.3950656549546687,0.6228967995841199,27.44915348230774,106.12134866908303,105.88604987028393,0.2094949155947025,0.16224193076976637,1.7136368897229677,17.7613645582989,0.047343523675979125,0.14609892926485057,0.09641446257541267,10.69801073631193,0.5228430194357397,0.5506581192640105,0.20014140036243674,99.69264804380462,0.10665729224840005,16.406149389437985,7.397851299861503,3.8331295490736665,2.229337498159164,1.15348805874902,0.9139174619319158,5.002214004345254,0.02433935191508266,0.03354550415282168,2.083635221152277,0.03985137173655419
1610612749,Milwaukee Bucks,82,60,22,0.732,3956.0,111.5,113.5,103.0,104.9,8.5,8.6,0.601,1.88,18.3,0.25,0.757,0.516,0.133,0.55,0.583,105.4,103.57,86.31,8533,0.553,2018-19,2018,2019,2019-20,1610612749,0.767,0.03500000000000003,0,MIL,11,17300.541666666664,11,5,11,0.218,0.314,0.13833892484098523,0.40884008930356225,0.6460174416504301,27.065388126094312,112.76364294952228,103.36649470031043,9.4035575764728,0.15695090558339933,2.0211061493739355,17.60654025765089,0.03687719517452488,0.14751702205855788,0.09530562848465726,9.046064000886291,0.5531926283618286,0.5826905284757461,0.19924366395079152,104.92292672628265,0.11403327323566456,18.213764983273645,7.476528914075426,3.947390857222678,2.0413233689696613,1.1070173621731496,0.9051739709498497,2.7930320758643172,0.04603949886787625,0.06037482620614785,3.312459665898076,0.03490119029469654
1610612750,Minnesota Timberwolves,82,36,46,0.439,3966.0,108.4,110.6,110.2,112.2,-1.9,-1.6,0.591,1.88,17.4,0.292,0.709,0.497,0.129,0.511,0.552,102.8,100.88,84.07,8341,0.498,2018-19,2018,2019,2019-20,1610612750,0.297,-0.14200000000000002,1,MIN,12,16410.675,11,4,3,0.177,0.28,0.15506126347636523,0.417078720609197,0.6149239240108446,26.81775917200237,109.73097433022507,110.99937170977628,-1.268397379551217,0.15746763971215888,2.1879583045791837,17.784149514467465,0.04395150199489052,0.13357867993445321,0.08794854172665047,9.04441435224328,0.5035574100395016,0.5428192537276294,0.19833002227716615,102.1144473754634,0.10211838818330139,16.994547756262307,6.730253325960082,3.9047753977213,1.9589687809916407,1.2043380299713446,0.8028920199808964,4.81017009653497,0.03917586800514321,0.0540968494491648,3.2722528985424115,0.05619893478049198
1610612751,Brooklyn Nets,82,42,40,0.512,3996.0,106.9,108.9,107.0,109.0,-0.1,-0.1,0.592,1.58,16.9,0.282,0.72,0.501,0.146,0.52,0.556,103.4,101.52,84.6,8452,0.492,2018-19,2018,2019,2019-20,1610612751,0.486,-0.026000000000000023,0,BKN,13,19542.454999999998,13,7,8,0.141,0.311,0.12526343286961644,0.3498765465580792,0.5349843882630578,25.96675213016993,107.93556237773946,107.89443178113153,0.031671958990481724,0.15571110854120765,1.5600696185134704,15.963680765799381,0.04139996314007972,0.13360105797011343,0.0877253245135612,10.406018699629431,0.5282192462513026,0.5627601333438744,0.19383727684162505,102.68056384335199,0.09885828136741263,16.59034138750735,6.823298301057876,3.5387570292473485,2.12214893164651,0.970809450501485,0.6171179618937334,3.684425498427233,0.029902245657831217,0.05920274237505968,1.9288657976964405,0.05639420851114458
1610612752,New York Knicks,82,17,65,0.207,3956.0,102.1,104.0,110.9,112.9,-8.8,-8.9,0.525,1.43,14.9,0.264,0.717,0.486,0.14,0.49,0.529,102.0,100.16,83.46,8244,0.442,2018-19,2018,2019,2019-20,1610612752,0.318,0.11100000000000002,0,NYK,11,14401.311666666668,11,4,0,0.115,0.248,0.14984005507831633,0.4085317691548234,0.6214030041476544,22.907369895820825,102.60807372059973,111.50297883746002,-8.884629999559067,0.11920810187775718,1.4168717918865492,14.34923794557139,0.034915922820456045,0.13335498791950318,0.08314051127518823,10.325941340759817,0.49953863704775964,0.5326153534394493,0.18329329735821512,101.40684258158427,0.08178821929067341,14.59617046456532,6.424414813141441,2.739750441713237,1.9573217115524313,1.0424050494474635,0.8849193944949689,2.7771330313609375,0.022927417291374902,0.0396641293456035,2.765442142430892,0.06505270794523316
1610612753,Orlando Magic,82,42,40,0.512,3956.0,106.5,108.2,105.8,107.6,0.8,0.6,0.632,1.94,18.6,0.259,0.754,0.504,0.133,0.518,0.55,100.3,98.65,82.21,8133,0.508,2018-19,2018,2019,2019-20,1610612753,0.452,-0.06,1,ORL,13,19006.178333333333,10,6,9,0.185,0.276,0.13850934612753554,0.4049205227738664,0.6374246549828051,25.597476417098402,107.02111446742713,106.25645608923485,0.777988219094019,0.15783953805547618,1.9627536879016623,18.655577471431,0.04005028891043937,0.14314535027951875,0.09131940903076516,9.378631273146532,0.5197567498007446,0.5520596432370632,0.19522426646002042,99.76350110100161,0.10303829745888769,16.20420447491329,6.833988281179094,3.7920300828493754,1.880862074060654,0.9963076041852005,0.8031072702937738,3.1283275671371107,0.03652251939606491,0.04593424738000593,4.016800502330771,0.03851844822933957
1610612754,Indiana Pacers,82,48,34,0.585,3941.0,107.3,109.4,104.2,106.0,3.1,3.4,0.628,1.9,18.9,0.269,0.722,0.499,0.139,0.53,0.561,100.4,98.64,82.2,8097,0.527,2018-19,2018,2019,2019-20,1610612754,0.616,0.031000000000000028,0,IND,12,18652.255,9,6,11,0.162,0.278,0.1379489146665287,0.38628439295945716,0.6105092029533873,27.435690215472604,108.11936194846146,104.64297958432728,3.4750135752129343,0.1596726839909348,2.041908053476644,19.164366694536398,0.03914452390162297,0.1385435531342814,0.08959109591128078,9.660600617280144,0.5335991115640799,0.5625113173536748,0.19664433210175747,99.64489356112708,0.10895115210823926,16.434474008638635,6.5834399111528334,3.9720666482417273,2.0207744318314327,1.3105117853042434,0.7546540619351386,3.219392208359994,0.023386496864378097,0.03911490373217427,1.4874696409321686,0.050786098070776366
1610612755,Philadelphia 76ers,82,51,31,0.622,3961.0,110.4,111.6,107.1,109.0,3.3,2.6,0.648,1.8,18.7,0.278,0.741,0.517,0.144,0.532,0.574,104.0,102.59,85.49,8467,0.529,2018-19,2018,2019,2019-20,1610612755,0.589,-0.03300000000000003,0,PHI,7,10551.045,4,3,4,0.196,0.327,0.2559237813252937,0.6855894368756839,0.8893149130409989,26.73829969764448,110.19526012194369,106.9591644239978,3.209624607483587,0.2086863335969723,1.9065976466470071,20.980160180026406,0.04524206038359233,0.1606289512871316,0.10511199838499408,11.190314355908189,0.5460910745491718,0.5819026486633946,0.21714761191900894,104.36349611341814,0.12642440187994017,19.2435915115517,8.007927176881532,4.981497093415865,2.722763479825932,1.1293668067949667,0.924647748161438,5.110510921341473,0.042415806088143174,0.06190091024716698,3.526559874486905,0.020436147117485922
1610612756,Phoenix Suns,82,19,63,0.232,3976.0,103.6,105.3,112.2,114.2,-8.6,-8.9,0.595,1.53,17.3,0.247,0.683,0.464,0.153,0.514,0.552,102.9,101.15,84.3,8371,0.45,2018-19,2018,2019,2019-20,1610612756,0.466,0.234,0,PHX,11,16112.664999999999,10,5,0,0.139,0.32,0.15001335905636962,0.4246300451642647,0.6324246589044499,23.544222717553755,104.751475314605,112.9741336602811,-8.231712868934675,0.15587697545171245,1.587118027961234,17.344843802478774,0.03777876595833153,0.12700053281068027,0.08201626256943424,10.908481671612568,0.5192343305716342,0.5534018144525853,0.1997131645613352,102.20759447511217,0.09288447669374784,16.54921764959428,5.994539078420608,3.6530269821907173,2.332575027160311,1.3182176877630112,0.7842278108556219,4.758969723656929,0.032153971501274456,0.06127522879178545,2.2971947307798457,0.05122992631372181
1610612757,Portland Trail Blazers,82,53,29,0.646,3971.0,111.4,113.7,108.1,109.5,3.3,4.2,0.544,1.66,16.6,0.308,0.739,0.526,0.137,0.528,0.568,101.6,99.96,83.3,8269,0.521,2018-19,2018,2019,2019-20,1610612757,0.473,-0.17300000000000004,1,POR,10,17458.85166666667,9,4,9,0.155,0.281,0.16253970884492114,0.4298513905696928,0.6348629649277238,26.61176732604885,113.51201402994147,107.99835055016506,5.558749616121183,0.14272709153933474,1.72794543474652,16.336943504589033,0.04659122311499869,0.14309270970570706,0.09547409446841244,9.580768685531151,0.5316182706174547,0.570901169998676,0.19510224612901708,101.00290763873265,0.107030015433432,17.24855710727825,7.221093483525215,3.540439038039062,1.9465197739713886,1.004189756275494,0.7959286363908432,2.29105277317205,0.029484823554903727,0.05562313898324896,3.8412849481093447,0.03447149024303979
1610612758,Sacramento Kings,82,39,43,0.476,3946.0,108.3,109.6,108.7,110.8,-0.4,-1.2,0.588,1.9,17.7,0.268,0.713,0.487,0.128,0.524,0.554,105.5,103.88,86.56,8545,0.495,2018-19,2018,2019,2019-20,1610612758,0.431,-0.044999999999999984,0,SAC,11,15811.473333333332,7,5,3,0.124,0.243,0.16537727245321016,0.4663226618982587,0.7025485923512926,24.82614934471635,108.47037602652252,109.43802729115272,-0.9965261407222857,0.16245093805300032,1.9410300347300549,17.77746798632723,0.0460380232329182,0.13953639477409022,0.09198802167286962,9.293976768346699,0.5263807373422086,0.5548189469798513,0.20765449530109145,104.9190945087976,0.10657189821231079,18.22145184867866,7.199329094779698,4.139272705347721,2.13794118279511,1.2613625295724078,0.7172007162731199,3.3307161790251443,0.013231636926198786,0.03495055398879846,3.2809193077671606,0.02676466087424086
1610612759,San Antonio Spurs,82,48,34,0.585,3961.0,111.1,112.2,108.3,110.6,2.8,1.6,0.58,2.03,18.1,0.246,0.744,0.501,0.122,0.534,0.572,100.4,98.88,82.4,8162,0.516,2018-19,2018,2019,2019-20,1610612759,0.451,-0.13399999999999995,1,SAS,10,18793.561666666665,9,5,7,0.143,0.277,0.14303604150960567,0.4079804989953564,0.6075170069324274,28.887550497125034,111.39120177415369,109.30754436559256,2.0739979480561472,0.14665962678530775,2.0975669557757235,18.289669627107223,0.03793627241314999,0.13728038547243612,0.08917448865688667,8.698721033630576,0.5457444298521736,0.5785113070194161,0.1965950675306623,100.02491037400483,0.1038651640184932,16.858752248221176,6.520530922957037,3.6567842338205003,1.7469812578545292,0.9003083236750316,0.6895978649425774,3.566262757207334,0.02744413496313026,0.056028844931157916,3.35879776040731,0.028403112341373597
1610612760,Oklahoma City Thunder,82,49,33,0.598,3971.0,107.6,109.8,104.7,106.5,2.9,3.4,0.548,1.67,16.3,0.298,0.738,0.509,0.134,0.514,0.545,105.3,103.38,86.15,8549,0.506,2018-19,2018,2019,2019-20,1610612760,0.611,0.013000000000000012,0,OKC,12,19100.956666666665,7,6,8,0.164,0.301,0.1487520607606565,0.42615657819582164,0.6840500310019377,26.16505883562202,109.02235940363893,105.45057692572813,3.5812631810588202,0.14486539932467604,1.5162397747268153,14.303159004077802,0.046144445470183246,0.1399523327540139,0.09125880501273322,9.362798512535234,0.5260727736673572,0.552108791409575,0.19569128666679345,104.53416384292792,0.10262505028107666,17.177359528414545,7.169483832136156,3.55270163606116,2.069425143976209,1.4041181532443312,0.7802750542861115,3.143749850469195,0.04487233905399965,0.07084216295837123,4.537506025181051,0.04170277292494698
1610612761,Toronto Raptors,82,58,24,0.707,3976.0,110.9,112.6,104.3,106.8,6.5,5.8,0.603,1.81,18.2,0.265,0.726,0.502,0.138,0.543,0.579,102.5,100.51,83.76,8334,0.533,2018-19,2018,2019,2019-20,1610612761,0.736,0.029000000000000026,0,TOR,8,15265.915,8,6,7,0.172,0.3,0.16688245240022184,0.4569900766948241,0.7223235554501645,27.822893354247025,113.63584318398209,105.6974214341776,7.9295636717484665,0.15431094762416794,1.9055261378043828,18.271472907672642,0.03653239335255481,0.1320507323013393,0.08651074283242548,9.633053494227719,0.5577076848434349,0.5899494403054124,0.19901043970614712,101.0867638625002,0.11080765395763481,17.674669353261827,6.416647806567769,3.9641253079163614,1.999749114284994,1.2121120810642534,0.7499059178568727,3.6362347782674274,0.0317773651100769,0.048081246522714026,4.427117703144716,0.03381254039935078
1610612762,Utah Jazz,82,50,32,0.61,3951.0,108.8,110.3,103.2,105.3,5.5,5.0,0.644,1.72,18.5,0.275,0.759,0.522,0.149,0.538,0.572,102.5,100.84,84.03,8308,0.539,2018-19,2018,2019,2019-20,1610612762,0.611,0.0010000000000000009,0,UTA,13,18243.729999999996,8,5,10,0.17,0.309,0.1424199802708474,0.4243937506200761,0.6471925788567727,27.071481087840404,108.7144354800252,103.42798446370342,5.2908420865689205,0.16558608994249896,1.6986266715560177,18.865915148199775,0.04285316389064444,0.14556916759895044,0.09510052814492066,10.797556338533843,0.552352039577433,0.5815531599988965,0.19457527572486547,102.26703978481008,0.11100670339892116,16.74131331695876,7.127489828012145,4.009706348427652,2.2515132596239913,1.247113391833797,0.9195487984090973,3.109835910087104,0.031508840326696534,0.055434738946012516,4.700495590543858,0.05524229623307433
1610612763,Memphis Grizzlies,82,33,49,0.402,3976.0,103.8,105.6,106.2,108.0,-2.4,-2.4,0.631,1.71,17.9,0.247,0.724,0.484,0.143,0.508,0.548,98.8,97.15,80.96,8038,0.49,2018-19,2018,2019,2019-20,1610612763,0.466,0.064,0,MEM,11,9660.238333333335,7,3,4,0.151,0.262,0.2424163793060316,0.5318724883081731,0.6892581842787522,26.36187323190611,103.78964896138689,105.31456302924201,-1.5189462889373153,0.1722746136525617,1.9138938480296293,18.123277583041,0.03947907979496019,0.13504072018236957,0.08647824372173012,10.26406244635441,0.5194286498797562,0.5590496193761954,0.2007479872391002,98.23130667756126,0.10754717973659376,16.382204510827282,6.301707877117592,3.7750621404613374,2.0011928622188924,1.248416403805082,0.9391072649518826,4.891277604119177,0.03317392192863972,0.047241400695264946,2.667511112177187,0.04283878618147983
1610612764,Washington Wizards,82,32,50,0.39,3986.0,108.6,110.2,111.3,112.9,-2.7,-2.7,0.623,1.87,18.4,0.252,0.706,0.477,0.136,0.531,0.567,103.7,102.23,85.19,8486,0.487,2018-19,2018,2019,2019-20,1610612764,0.347,-0.04300000000000004,0,WAS,9,12191.286666666667,6,4,0,0.135,0.286,0.24834553968326006,0.5977963496333173,0.811073537220299,26.657327665168506,109.54322406768111,111.97156106847895,-2.431067174752678,0.19076482110447188,2.1192197979649943,21.06491309640273,0.03554316183744346,0.11854278643271449,0.07670923905762202,9.850055353741716,0.5427179582630873,0.583667570089676,0.20004101426537974,102.93581244364144,0.10400071690546199,17.69690155756051,5.722775774829345,4.686297809419077,2.1704025771411604,1.1929831852585426,0.6998440963026599,3.725515140941017,0.02498918963819406,0.05903050591521381,1.8094694081956986,0.04643937444564584
1610612765,Detroit Pistons,82,41,41,0.5,3971.0,106.1,108.4,106.9,108.7,-0.7,-0.3,0.579,1.63,16.5,0.291,0.745,0.509,0.14,0.509,0.544,99.7,97.88,81.57,8101,0.482,2018-19,2018,2019,2019-20,1610612765,0.303,-0.197,1,DET,11,15962.808333333332,7,3,7,0.159,0.296,0.16581606097924498,0.47348132664626164,0.673602023871113,27.70430328414435,107.63496956728063,107.7885001125011,-0.15903186417177018,0.15921194140337672,1.9861044229372757,17.172462698449575,0.05007414871130133,0.14806200047297444,0.09692238427135577,9.591965104302346,0.5022903759102539,0.5379217010164775,0.20004713435449176,98.89490061220432,0.10249337976765786,16.485820947337487,7.194222821067932,3.5903456837429926,2.0229523105009197,1.0080932918549734,0.6134258957148832,3.807093777205202,0.04148329546491162,0.05892426154478146,3.986136014197934,0.03909352487621339
1610612766,Charlotte Hornets,82,39,43,0.476,3966.0,108.3,110.7,110.2,112.0,-1.8,-1.3,0.578,1.9,17.0,0.268,0.731,0.495,0.122,0.514,0.554,101.1,99.18,82.65,8202,0.486,2018-19,2018,2019,2019-20,1610612766,0.354,-0.122,1,CHA,14,19763.081666666665,11,5,4,0.14,0.308,0.14484608464823595,0.37781118649765233,0.5715864656397632,27.306794512225608,109.45145719092898,110.76049599720825,-1.276965754918957,0.14828249238120672,1.9951593657500613,16.86159468719833,0.0383543271633835,0.13700625594068536,0.08638878560521389,8.736731948602145,0.5199501197055216,0.5573878628408913,0.1940640439088067,100.35181925912532,0.09789015225273992,16.510785387805157,6.534001234119273,3.4628202804741397,1.7341425076335513,1.0729095976850438,0.7377391970499877,4.167104714591559,0.023249901319860596,0.059787181170473803,2.49811682072126,0.03094550095769639
1610612737,Atlanta Hawks,67,20,47,0.299,3256.0,104.3,107.0,112.3,114.4,-8.0,-7.4,0.589,1.48,16.9,0.267,0.708,0.484,0.155,0.515,0.554,105.6,103.28,86.06,6999,0.454,2019-20,2019,2020,2020-21,1610612737,0.569,0.26999999999999996,0,ATL,12,14479.381666666668,9,6,2,0.16,0.339,0.14642948035649309,0.40737363439437846,0.608618876335534,23.60303323265762,106.52785102816894,112.32584486515255,-5.802187351692851,0.14612030221364203,1.3880717132372946,15.412547335987764,0.044668687854879624,0.14131532872778063,0.092431734366189,11.18429973241261,0.5333966697933349,0.5642076079676057,0.19363660787080111,104.60784395719479,0.09686714062030045,16.824751609443734,7.10831459308403,3.446003506825626,2.32468490539824,1.0616475450321374,0.8826343758463906,5.25856833684676,0.041001286975703224,0.06595150885277991,3.9506711641424346,0.0663295039420062
1610612738,Boston Celtics,72,48,24,0.667,3486.0,110.4,112.8,104.5,106.5,6.0,6.3,0.557,1.66,16.7,0.283,0.731,0.509,0.137,0.531,0.57,101.9,99.92,83.27,7255,0.531,2019-20,2019,2020,2020-21,1610612738,0.5,-0.16700000000000004,1,BOS,14,17148.829999999998,9,5,11,0.153,0.28,0.13208393808790456,0.35676019880073456,0.5598290573370507,25.897637525903118,111.76588818790165,105.11954213008505,6.626488813911307,0.1397582462865785,1.7997108170061742,17.105857989534368,0.04213364935100529,0.1366827998372678,0.08968054263760267,9.731676952110824,0.5312081172107174,0.5695618688466404,0.194576600075146,101.0763971672314,0.10652461538192401,16.959990856519074,6.816325078737149,3.421807785137528,1.9334263620316952,1.221774313466283,0.820814014717039,3.3591493676508812,0.034092260078978,0.05926068155620813,3.564590753473506,0.04827303617359545
1610612739,Cleveland Cavaliers,65,19,46,0.292,3145.0,104.4,106.9,113.6,114.8,-9.2,-7.9,0.573,1.4,16.8,0.296,0.738,0.512,0.165,0.522,0.553,100.9,99.17,82.65,6497,0.453,2019-20,2019,2020,2020-21,1610612739,0.306,0.014000000000000012,0,CLE,9,13426.411666666665,7,6,0,0.14,0.264,0.15958210229166467,0.4377157361603317,0.6984998597912796,25.110279279137256,105.73038578066341,113.93634732635812,-8.214839854828424,0.14396683564124294,1.49633686190912,17.451871466774378,0.04240276894533872,0.13964148574321233,0.08972135592942616,11.679317246218801,0.5183385944395419,0.5472532706989098,0.19376705453815105,100.20246992650183,0.08991874423632921,15.784708920117279,6.51283471495921,3.482985712116926,2.3622097092956214,0.9974370168648934,0.38074208708283563,4.064212940191695,0.030442575636460134,0.04080504445861395,2.3682641704457468,0.04125588124629815
1610612740,New Orleans Pelicans,72,30,42,0.417,3486.0,108.0,110.5,109.4,111.8,-1.4,-1.3,0.63,1.64,18.4,0.287,0.729,0.508,0.156,0.539,0.568,106.3,103.89,86.57,7548,0.495,2019-20,2019,2020,2020-21,1610612740,0.431,0.014000000000000012,0,NOP,14,17320.756666666668,12,6,3,0.141,0.291,0.12221271318593278,0.3605772996445305,0.5531890735335465,25.86456298002377,109.41892032430454,110.59956723407194,-1.186067891183353,0.1587013187645574,1.6842751933277742,18.216654478335915,0.04248072938306967,0.13690351104753506,0.08964255333725796,10.800803631173153,0.541463165966383,0.565382410160295,0.19497731912020008,105.00342295573306,0.09950445063312283,17.273841192850117,6.927410984931951,3.996823079515194,2.3527840488877794,1.1161175214246797,0.7399214853392663,4.812435635369844,0.024437634192998436,0.05217798374105052,2.755304548619588,0.06268001156217445
1610612741,Chicago Bulls,65,22,43,0.338,3135.0,104.1,105.8,107.7,108.9,-3.6,-3.1,0.587,1.5,16.9,0.267,0.719,0.481,0.153,0.515,0.547,101.9,100.46,83.71,6563,0.466,2019-20,2019,2020,2020-21,1610612741,0.431,0.09299999999999997,0,CHI,15,15557.100000000002,12,5,2,0.13,0.312,0.13404876230145718,0.3623649866191856,0.560489315703655,25.094775268741174,104.53846831993111,107.56470110110496,-3.032210587663082,0.14821319054750995,1.635872569437749,17.332106701548916,0.04063800001285587,0.1366194540327782,0.08619864949122909,10.977612012093084,0.5196848639313669,0.5496511533854853,0.1951259482808493,101.66861896176023,0.0944444232322648,15.985498582640725,6.2710916558998795,3.484968278149527,2.196039107545751,1.4995082631081629,0.6132248298204679,3.396594953153279,0.018268495726632455,0.05734744941005431,3.2187290631675345,0.04256687756141436
1610612742,Dallas Mavericks,75,43,32,0.573,3635.0,113.7,115.9,109.5,111.2,4.2,4.8,0.592,1.94,17.7,0.275,0.74,0.509,0.126,0.545,0.581,101.7,99.89,83.24,7569,0.521,2019-20,2019,2020,2020-21,1610612742,0.583,0.010000000000000009,0,DAL,13,17451.351666666666,11,6,13,0.194,0.355,0.12145410704099235,0.3586046964270485,0.570822069083283,26.656960764548227,114.6911329122453,109.6696840674519,5.0196967646536645,0.1559082735807188,2.0451330465233304,16.979531891082747,0.04159590484442895,0.13804880204599246,0.09023495410240906,8.466142078201965,0.5529313303429888,0.5848477223015486,0.19510524428337023,101.11657943400945,0.10549273719103516,17.55715006220626,6.931268265657741,3.6925506534307613,1.8112064098950884,0.9056032049475442,0.7034412138658601,3.225137848800862,0.03829961669287004,0.07376780949497067,2.225509628194098,0.042537476891926274
1610612743,Denver Nuggets,73,46,27,0.63,3549.0,110.1,112.6,108.6,110.4,1.5,2.2,0.636,1.94,19.1,0.294,0.725,0.509,0.139,0.535,0.567,99.5,97.64,81.37,7217,0.517,2019-20,2019,2020,2020-21,1610612743,0.653,0.02300000000000002,0,DEN,11,16147.45,10,5,7,0.179,0.266,0.1446299570520423,0.3811577060155009,0.6085710127605288,26.49801176037083,111.39645364025483,109.05264891154124,2.337774684754146,0.17090647924801333,2.1982659945275156,19.041373240563267,0.04497844953847202,0.13788449899726168,0.09144312301116687,9.05387162266075,0.5391416243225194,0.569595131945498,0.19687758098027863,98.58268257629945,0.10777625053284987,16.80116674769081,6.628167295764966,4.151243694824879,1.9396251420502928,1.1927579896516167,0.6978191603008524,3.3505841890795467,0.03609660612068085,0.04222693797879487,4.042454261097448,0.03296084438827287
1610612744,Golden State Warriors,65,15,50,0.231,3145.0,102.9,104.4,110.9,113.0,-8.0,-8.6,0.663,1.72,18.2,0.255,0.722,0.481,0.146,0.497,0.54,102.7,101.04,84.2,6623,0.462,2019-20,2019,2020,2020-21,1610612744,0.542,0.31100000000000005,0,GSW,6,7783.25,6,3,0,0.127,0.207,0.21248128994957122,0.5589282540498293,0.8695677683915246,24.348801807299864,103.12788687245045,111.15736977911968,-8.029482906669235,0.1764226469234146,1.8404600755896745,20.656645403055705,0.03434290345721046,0.1400535427574171,0.08588410132870801,11.006093448537992,0.4862263129155558,0.5298041291662651,0.1850240133192004,102.62621962976048,0.08896476257775779,14.75013651109755,6.40143898756946,4.1859120547329205,2.2247775672116403,1.1979571515754988,0.6197925031317252,3.0991195992914635,0.023468826103075786,0.017598317062085086,2.1654516772398025,0.05134358990323632
1610612745,Houston Rockets,72,44,28,0.611,3476.0,110.3,112.5,107.4,109.8,2.9,2.7,0.53,1.47,15.5,0.249,0.713,0.48,0.14,0.537,0.578,106.3,104.04,86.7,7539,0.494,2019-20,2019,2020,2020-21,1610612745,0.236,-0.375,1,HOU,8,13577.076666666666,7,5,8,0.19,0.356,0.18284863972926918,0.5154976905926976,0.7756521224622974,30.19432533709392,112.3123827343294,108.72569070465094,3.5952218236473583,0.16374899763645737,1.6040159405939864,15.549993002912018,0.02811966628555042,0.11717826628363542,0.0722901745171948,9.677434108913479,0.5334794112527415,0.5691509524755329,0.20571961600472172,105.03120804601285,0.09835972360765928,18.489105288497303,5.663663974792807,3.6140327704319266,2.2458442821392826,1.3337186232775196,0.5329571436953905,3.0470741741119567,0.0522677436787699,0.10344613631481271,1.4564711056019861,0.040925422630077056
1610612746,LA Clippers,72,49,23,0.681,3476.0,111.1,113.3,105.3,106.9,5.7,6.3,0.571,1.63,16.9,0.278,0.737,0.515,0.142,0.535,0.577,103.9,102.16,85.13,7396,0.532,2019-20,2019,2020,2020-21,1610612746,0.653,-0.028000000000000025,0,LAC,11,14315.814999999999,9,6,11,0.191,0.327,0.13018527644659653,0.381462273250481,0.581996321317834,28.263600197869746,112.39005944358271,105.76518727714769,6.611853638790385,0.1557568878660884,1.7495410413820889,16.892712861032823,0.04528209093695795,0.14479577038866917,0.09621235954781478,9.711202971445683,0.5398104783648946,0.5781110711009699,0.20619418931673344,103.32954944234753,0.11648685399096499,18.696804897241268,7.478721958896507,3.721758069659324,2.137496188655693,1.0461157817420803,0.6990869887603325,3.373369011149235,0.04484983009825448,0.07856840952829819,3.445055911578955,0.03790540305091924
1610612747,Los Angeles Lakers,71,52,19,0.732,3418.0,109.6,111.7,103.8,106.1,5.8,5.6,0.6,1.67,18.0,0.283,0.737,0.512,0.149,0.542,0.573,103.3,101.2,84.33,7211,0.539,2019-20,2019,2020,2020-21,1610612747,0.583,-0.14900000000000002,1,LAL,12,16075.63,10,4,12,0.198,0.308,0.1440855920835866,0.38626303707330084,0.5861248776356925,30.078862331782126,110.88659462594417,105.05816261425939,5.860030275640833,0.1625920010599896,1.6291678522085917,17.074198170356834,0.04392768349773333,0.14340134103609006,0.09395157442248507,10.787235108878054,0.552183550815738,0.5756758878708539,0.1954743303994929,102.17478862000019,0.1107993262679804,17.151676170700622,6.991452279008662,3.9234543218523945,2.2438933964018832,1.3122969364186663,1.0166942135393762,3.8193918678157197,0.05172262276993926,0.06853764843576184,2.136746132359151,0.05340332561090679
1610612748,Miami Heat,73,44,29,0.603,3549.0,110.0,111.9,107.2,109.3,2.8,2.7,0.657,1.74,18.8,0.257,0.753,0.512,0.149,0.547,0.587,100.5,98.7,82.25,7306,0.525,2019-20,2019,2020,2020-21,1610612748,0.556,-0.04699999999999993,0,MIA,11,16148.868333333334,10,6,7,0.159,0.248,0.14966755668431256,0.40529527301242263,0.6295815774913432,26.21577136313267,111.14647579536275,108.22714067373762,2.920891463911661,0.17204114024088996,1.8435563018296122,18.508061442076283,0.03632203288548289,0.14100243928341316,0.09038963401047402,10.250972704898516,0.5581446566792452,0.5974835833181705,0.19571998605475036,99.59312874658606,0.10850234954544286,16.926758851316826,6.567395176607319,3.9435580676912245,2.104419907236018,1.0923366043915772,0.659860479387565,4.38826565241557,0.028640532301264593,0.04451318360980963,3.1787498587043137,0.04692191298827566
1610612749,Milwaukee Bucks,73,56,17,0.767,3519.0,110.5,111.9,100.6,102.5,9.9,9.4,0.598,1.71,18.0,0.241,0.775,0.524,0.142,0.552,0.583,107.2,105.51,87.93,7739,0.562,2019-20,2019,2020,2020-21,1610612749,0.639,-0.128,1,MIL,13,16936.469999999998,10,4,12,0.239,0.363,0.11318060965478641,0.3298496282479958,0.5235823442940983,29.614171764639654,110.41783211023314,101.00063952720566,9.417402780311757,0.15614566396263999,1.788520498466721,17.686032055873113,0.03660900667809368,0.14768725537257765,0.095466401007215,10.102639383137886,0.5488425696145655,0.5784088046879506,0.19622852322040343,107.04235341248796,0.11440192761537676,17.96549103797899,7.730772705292188,3.8621979668726714,2.195735002630418,1.0712976198700201,0.8778688829490442,4.233340957913851,0.05253381221006847,0.0728078048266671,4.9830080672855255,0.04233971591907753
1610612750,Minnesota Timberwolves,64,19,45,0.297,3112.0,105.3,107.6,110.0,111.6,-4.7,-4.0,0.59,1.55,16.7,0.264,0.731,0.488,0.146,0.514,0.551,105.9,103.94,86.62,6736,0.472,2019-20,2019,2020,2020-21,1610612750,0.319,0.02200000000000002,0,MIN,8,7211.898333333333,8,1,2,0.168,0.278,0.2145473025017223,0.5879076221031957,0.792629263816115,22.349648116226454,106.60890731728287,109.9937843688405,-3.3917471336141505,0.12597836723063438,1.4263924523801987,14.70532756169839,0.049451202746202516,0.136589737237468,0.09111591099800585,10.760776808879955,0.5072647883509174,0.5450794418667856,0.19002471032245558,105.45582033995211,0.09045363969126022,16.54266248438056,7.003426513453809,3.0299927966261313,2.141461136330495,1.337789241343992,0.8735564075940246,1.7195852319952267,0.03826198718517183,0.04474142494292122,2.8322206388801643,0.056530794630697774
1610612751,Brooklyn Nets,72,35,37,0.486,3496.0,106.0,108.7,107.1,109.2,-1.1,-0.5,0.606,1.6,17.3,0.28,0.736,0.511,0.148,0.52,0.554,104.0,101.7,84.75,7404,0.5,2019-20,2019,2020,2020-21,1610612751,0.667,0.18100000000000005,0,BKN,12,15535.725,10,7,5,0.168,0.318,0.1366537448364978,0.3845716888011342,0.6151135527952509,27.15499952528769,108.02695006723751,108.30072227076624,-0.28556898159993616,0.15411120884284452,1.6117083099329665,16.38323720543028,0.04075478732620031,0.14147744226076778,0.09169342048729621,10.694008851641406,0.5391255844191372,0.5688820653686906,0.1967125621752445,102.68091568948347,0.10357797023741516,17.001588274766707,7.269181193668143,3.5963561404440414,2.1805226341223216,0.9245786727043638,0.6511443785211183,3.804378022425833,0.03332270441728955,0.05913490716967396,1.8108993667740922,0.06314444011876694
1610612752,New York Knicks,66,21,45,0.318,3193.0,103.8,105.9,110.6,112.4,-6.8,-6.5,0.552,1.54,16.0,0.3,0.742,0.513,0.143,0.501,0.531,100.9,99.11,82.59,6594,0.461,2019-20,2019,2020,2020-21,1610612752,0.569,0.25099999999999995,0,NYK,13,14196.093333333334,12,3,0,0.131,0.271,0.1465473599779094,0.3660969637656181,0.5520206498125775,24.55378932889518,103.87186025122405,110.46524872570576,-6.592216027508037,0.1454047060599771,1.6759466806360808,16.58151600628154,0.047825488256393545,0.14205630023095553,0.09322532137949688,10.074770523721549,0.5024637350933168,0.5259428888651995,0.19141947808176335,100.56541337781192,0.09118114220625957,15.108945465747853,7.11829639515848,3.4995543374843967,2.117483965072081,1.1918772018968598,0.7354135926597646,4.185944088388355,0.029041800157308704,0.04634537779627271,3.3969962583851614,0.08158565639695106
1610612753,Orlando Magic,73,33,40,0.452,3514.0,106.1,107.9,107.1,109.2,-1.0,-1.3,0.608,1.86,17.5,0.267,0.749,0.5,0.129,0.506,0.544,100.9,98.99,82.49,7255,0.496,2019-20,2019,2020,2020-21,1610612753,0.292,-0.16000000000000003,1,ORL,12,16343.201666666666,11,6,5,0.153,0.258,0.1270032666997827,0.3726908466833457,0.6104061005590398,26.34167366838872,106.85809738830243,107.8794080841565,-1.0479858648667473,0.15908037602995173,1.9824298533508475,17.81172486500758,0.03876335450795494,0.14181450574606913,0.08861612907140491,9.039519347545223,0.5023977312278979,0.5433560228559868,0.19855277887717024,100.03528295914275,0.10212557851526644,16.441331721925966,6.650104564374932,3.749081804758574,1.83489138858043,1.244554183130784,0.8084095313433588,3.1740634939711634,0.022685866889286643,0.04133083402838193,2.1307974740406523,0.03288019641370199
1610612754,Indiana Pacers,73,45,28,0.616,3524.0,107.9,109.5,105.1,107.5,2.9,1.9,0.614,1.95,18.9,0.243,0.718,0.487,0.132,0.534,0.565,101.3,99.41,82.84,7299,0.52,2019-20,2019,2020,2020-21,1610612754,0.472,-0.14400000000000002,1,IND,13,17202.556666666667,10,7,9,0.156,0.259,0.12802467152653857,0.3596444094453402,0.5626357477483482,26.218494460222676,108.16527294295595,106.63166060393735,1.5295709629983294,0.15543485057550555,1.9445262923127513,18.012023997595705,0.03460316363827315,0.13228720207674555,0.08499010573428328,9.14408347635148,0.5362454819215825,0.5667572727077196,0.19492576684822238,100.5274096214768,0.10492883412485005,16.42988338748872,6.261394866305725,3.90081551831346,1.8959972422703835,1.1070447474183585,0.7701180851605972,2.577401517499712,0.02753600987499308,0.037736669249426404,1.5164357600740972,0.03565826419514093
1610612755,Philadelphia 76ers,73,43,30,0.589,3519.0,109.1,110.7,106.3,108.4,2.8,2.3,0.628,1.82,18.5,0.281,0.753,0.516,0.142,0.534,0.566,101.3,99.59,82.99,7304,0.523,2019-20,2019,2020,2020-21,1610612755,0.681,0.09200000000000008,0,PHI,11,15549.539999999999,9,5,10,0.194,0.315,0.15879430088178387,0.41876383481440604,0.6279081782054861,26.561411034238525,109.21891835171114,106.27373998416243,2.944263538771351,0.16540286036328616,2.0270507241157403,19.0085989038904,0.04065543557344247,0.14350095951391487,0.09211220181861755,9.69573035601053,0.5358985379417439,0.5645156375472629,0.1963264957248467,100.98916516179901,0.10887134742678346,16.771171365841045,6.82978403219645,4.005263178203342,2.0767173819932934,1.2224155827117715,0.7871615494734892,3.8206336420174356,0.03948034787676495,0.05258711822836869,1.7334103014035351,0.026484904357446673
1610612756,Phoenix Suns,73,34,39,0.466,3519.0,109.7,111.3,108.4,110.8,1.4,0.5,0.661,1.84,19.2,0.261,0.734,0.498,0.145,0.532,0.576,103.7,101.74,84.79,7449,0.512,2019-20,2019,2020,2020-21,1610612756,0.708,0.24199999999999994,0,PHX,13,16808.888333333336,10,5,7,0.138,0.294,0.14942451577949878,0.39087355866187057,0.6029728517640418,24.788490275928414,110.52733159133166,109.61898724613253,0.9126200989099715,0.1651239379007118,1.8619748053931384,18.5109933206965,0.04077077445038254,0.1401645381466333,0.09030388733817712,9.94751569432561,0.5360445999155407,0.5783680084732946,0.19572080485592294,102.84775622976453,0.10402166294360332,17.14878427911106,6.598651725233068,4.092834614385067,2.141724026365812,1.1479640781320755,0.5953992793296958,2.9824630844358992,0.022637359684182613,0.05300419772886093,3.032016761495638,0.04209590528506492
1610612757,Portland Trail Blazers,74,35,39,0.473,3567.0,111.1,113.2,111.8,114.3,-0.7,-1.1,0.488,1.61,15.2,0.266,0.712,0.492,0.126,0.533,0.57,103.2,101.17,84.31,7519,0.486,2019-20,2019,2020,2020-21,1610612757,0.583,0.10999999999999999,0,POR,9,13783.741666666669,8,5,5,0.168,0.294,0.1854787856949824,0.5106255014210582,0.7537273684153251,27.741426402724464,112.50850381095115,113.29949371511968,-0.8205577948416276,0.1382482976018244,1.813545442728722,13.966434900054347,0.03628244592512071,0.12857968198040082,0.08326615922502897,8.561762039697735,0.5374225485460223,0.5708408837948572,0.21147135616901308,102.02304242861003,0.10526387767230595,18.927516657608084,6.451078535158269,3.303892448168101,1.825629107722927,0.8853909406553251,0.888002713341624,4.838674053728679,0.04343322420470728,0.05495220287016066,3.639246197995207,0.05261924495629414
1610612758,Sacramento Kings,72,31,41,0.431,3491.0,107.8,109.5,109.6,111.4,-1.8,-1.9,0.582,1.64,17.4,0.258,0.736,0.492,0.144,0.534,0.566,101.2,99.6,83.0,7239,0.479,2019-20,2019,2020,2020-21,1610612758,0.431,0.0,0,SAC,10,14640.789999999999,8,7,1,0.124,0.29,0.16950007479104612,0.4582310790606245,0.6990120296331915,26.968907301677937,108.77755517291075,111.11183048637858,-2.3422821673784906,0.16035940592458922,1.8808346475839073,18.32869368160233,0.03699877283489029,0.13030471522825382,0.08275646396130262,9.754840779311317,0.5414807963459167,0.573183021886114,0.2011579015431089,100.4088426785713,0.09965251533557956,17.153172745459774,5.960334107654027,3.8407763515493354,2.0580856634102394,1.1040387847923505,0.540954415711174,2.9255070510345638,0.014698694650636565,0.05202134181297202,2.496841355220796,0.04101601074185345
1610612759,San Antonio Spurs,71,32,39,0.451,3443.0,110.4,111.7,110.9,112.6,-0.5,-0.9,0.585,1.96,17.9,0.233,0.751,0.495,0.123,0.531,0.572,102.6,101.14,84.29,7249,0.502,2019-20,2019,2020,2020-21,1610612759,0.458,0.007000000000000006,0,SAS,12,16572.503333333334,12,4,6,0.14,0.262,0.13976665363973376,0.34738173733962135,0.5438487365919974,27.78884873759768,110.62470835727693,111.36580557835659,-0.6997582742981294,0.14947761261575648,2.088790445257616,17.85277822642365,0.0346581210523214,0.14019675009870763,0.08798103887342709,8.71434556959912,0.5348280288976659,0.5715820117499849,0.19669419264963187,102.2783924888837,0.10138172597541589,17.09578778180967,6.516818722417916,3.6885193968885406,1.7812637841275638,1.0969978182736826,0.7863627925050952,4.4192706489590545,0.023769731830491858,0.03934678864695755,3.747336141512122,0.03604742464577659
1610612760,Oklahoma City Thunder,72,44,28,0.611,3486.0,108.4,110.1,106.3,108.1,2.1,2.1,0.543,1.58,16.3,0.241,0.728,0.492,0.137,0.53,0.573,101.1,99.42,82.85,7218,0.519,2019-20,2019,2020,2020-21,1610612760,0.306,-0.305,1,OKC,13,17174.526666666665,11,5,8,0.153,0.262,0.14139166960059843,0.3863329178601332,0.5909637878423821,25.863521323634732,109.06894027938274,106.71641138872725,2.3480825672439685,0.13809065247407107,1.598463607342502,15.602611299525378,0.0345015081444263,0.13591511740837883,0.08680112989043073,10.09421769605295,0.5336736748494573,0.5714262114550268,0.1942163163933872,100.67564243886002,0.10481346327254433,16.52587029084547,6.361747378578895,3.2238443058498647,1.9389180643115247,1.140293434578886,0.729452417708552,4.77163072694562,0.04244561813945423,0.05049003801218104,4.308240227548341,0.06257321452302099
1610612761,Toronto Raptors,72,53,19,0.736,3476.0,109.0,110.8,102.0,104.7,7.0,6.1,0.627,1.7,18.1,0.256,0.721,0.496,0.146,0.536,0.574,103.3,101.19,84.32,7328,0.53,2019-20,2019,2020,2020-21,1610612761,0.375,-0.361,1,TOR,12,16824.74666666667,10,7,12,0.129,0.278,0.1254201152904927,0.37291259858494147,0.5757554744756929,27.200881380284283,109.5903950510201,103.79315322033578,5.805595339325566,0.15810157210886186,1.7798472507956533,18.253874570473968,0.03748094750906601,0.13486066347903408,0.08782834947093807,10.204625230612686,0.5377055975483733,0.5747723187114855,0.19574745226475923,102.10289616842176,0.10812162738854515,16.972142621662062,6.759329115208074,3.782999010980651,2.0947715111708467,1.3201981842619126,0.7467571577105471,4.074101720156887,0.020110313714736466,0.050075655913699155,2.3083586753098233,0.0325494572361953
1610612762,Utah Jazz,72,44,28,0.611,3471.0,110.0,111.8,107.4,109.3,2.6,2.5,0.56,1.48,16.8,0.261,0.746,0.512,0.152,0.549,0.585,100.8,99.15,82.62,7169,0.513,2019-20,2019,2020,2020-21,1610612762,0.722,0.11099999999999999,0,UTA,10,15068.225,7,6,7,0.151,0.303,0.15688421606836017,0.45348738819602175,0.7277252850507164,27.932864355290683,110.77032594527002,107.48794176708493,3.2664791528752275,0.14872088926643096,1.692481520993127,18.54370263695071,0.039603617546194056,0.14665182793593806,0.09542439072949864,11.299734042994448,0.5687323341003999,0.5971921802335708,0.1921306597160581,100.44036978476228,0.1066783657884942,16.51130109883546,6.981047867283637,3.5406957355627484,2.1908353505472604,0.9126489682759581,0.6235638238744111,3.4267993801023007,0.025225011517164112,0.06775879247150537,3.6388024647573203,0.05425271610892801
1610612763,Memphis Grizzlies,73,34,39,0.466,3514.0,106.9,108.7,107.5,109.7,-0.6,-1.0,0.633,1.77,18.7,0.271,0.733,0.506,0.147,0.528,0.561,105.3,103.31,86.1,7562,0.507,2019-20,2019,2020,2020-21,1610612763,0.528,0.062,0,MEM,12,14618.428333333331,11,5,4,0.163,0.256,0.14447437748950895,0.41258983951421135,0.6145185238221573,23.433753537344472,107.2770652841499,107.90171084283227,-0.6089412484721055,0.16922315885075195,1.8594642162284427,18.56821620244858,0.041607760273362715,0.13459910578622394,0.08929656345865723,10.3555615816885,0.5305960989650391,0.5622107327543305,0.20605138229064068,104.67373463768394,0.10574018844023017,17.883728266729996,6.900331396774642,4.25052533577196,2.341975431239359,1.1328167175290276,0.8570004732610904,2.5643549692259726,0.032187162893439536,0.03922752996758383,2.634430305091161,0.054809403339948964
1610612764,Washington Wizards,72,25,47,0.347,3471.0,108.2,110.2,112.7,114.7,-4.5,-4.5,0.602,1.77,17.6,0.262,0.712,0.478,0.136,0.523,0.562,105.2,103.38,86.15,7475,0.473,2019-20,2019,2020,2020-21,1610612764,0.472,0.125,0,WAS,13,14850.413333333336,11,5,1,0.143,0.338,0.138251819702437,0.37857767819706023,0.5824133065656534,25.342940847437692,109.38699014887129,114.22858454669276,-4.838686869321705,0.152575156606191,1.8686003475997528,17.28616614262588,0.04131423255559216,0.13613154010977022,0.08686680056492256,9.777390258946777,0.5294015917402074,0.565432495369377,0.19534209171282327,104.35831454635158,0.09631185158931602,17.335275067540206,6.484667991283744,3.7065634985692877,2.01206520851047,1.1660281509560677,0.6399821868033303,4.249751386295913,0.02677722615606981,0.06421818419628443,3.2859984748719335,0.05060493149475602
1610612765,Detroit Pistons,66,20,46,0.303,3193.0,106.1,108.8,110.4,112.3,-4.3,-3.5,0.612,1.58,17.7,0.277,0.717,0.493,0.155,0.529,0.561,99.9,97.86,81.55,6507,0.473,2019-20,2019,2020,2020-21,1610612765,0.278,-0.024999999999999967,0,DET,11,12183.511666666667,9,6,1,0.153,0.303,0.1397154651771855,0.4085310926365373,0.623764877860201,25.67218920324969,107.27095664947177,111.07693230755723,-3.7861937041414033,0.15662578605210567,2.141419879353339,18.599602358761647,0.02940528066141851,0.10668823766875095,0.06766341026198386,9.59689152292846,0.5330321446731219,0.5668864124697491,0.18217824089305398,99.35165283490377,0.08885407149307117,15.447762939721677,4.872486818592396,3.6373749385610914,1.8940352035886754,0.9928172050012402,0.5702789302536886,3.3837839201290247,0.032859295415354726,0.056004835350772345,3.150365009775543,0.05179919230621755
1610612766,Charlotte Hornets,65,23,42,0.354,3150.0,103.9,105.9,110.6,112.8,-6.8,-7.0,0.639,1.63,17.7,0.28,0.706,0.486,0.15,0.504,0.539,98.1,96.24,80.2,6317,0.455,2019-20,2019,2020,2020-21,1610612766,0.458,0.10400000000000004,0,CHA,12,14455.965,11,4,1,0.144,0.243,0.15296326925713133,0.44073628660095215,0.6551529651139397,24.437748362008346,104.56801770065158,111.50402832556203,-6.985133726227661,0.1678787613509948,1.6671191465483859,17.779327841482736,0.04409175001461335,0.1322497777445735,0.08637519459959954,10.594483765006348,0.5029618470068699,0.5357550731941221,0.19925180804832696,97.45593753397532,0.09322621526823009,15.621786577374806,6.405106819226527,3.6956370605490534,2.1366958207217572,0.9712253730553443,0.5976771526494427,2.4128506862723627,0.018175742703856308,0.03661042810520135,2.6577234979428304,0.03663077544353568
1610612737,Atlanta Hawks,72,41,31,0.569,3481.0,113.0,114.3,110.6,112.1,2.5,2.2,0.591,1.82,17.6,0.284,0.742,0.516,0.133,0.539,0.581,99.9,98.68,82.23,7160,0.511,2020-21,2020,2021,2021-22,1610612737,0.524,-0.04499999999999993,0,ATL,12,15678.920000000002,10,7,9,0.158,0.32,0.13559575531988172,0.3921812429257457,0.6065859978450896,25.254554310288373,113.6142484835265,110.99309960975201,2.642865930816663,0.14398184111745785,1.8713664769852345,16.094611012748324,0.04414766546420287,0.14115327820198498,0.09346274211914254,8.728442307675953,0.5515791043005512,0.5870481679648002,0.1937481809971605,99.94811643914248,0.10387218188497675,17.30552869712965,6.8629727047526226,3.469371614881637,1.8024200646473096,1.0263462024170031,0.7370405614672438,3.636191455828286,0.03785695622469603,0.06354536985344629,3.3350438997141576,0.06091484370651532
1610612738,Boston Celtics,72,36,36,0.5,3476.0,111.0,113.1,110.0,111.8,0.9,1.2,0.566,1.67,17.1,0.289,0.737,0.51,0.141,0.543,0.574,100.7,98.94,82.45,7172,0.501,2020-21,2020,2021,2021-22,1610612738,0.622,0.122,0,BOS,11,13867.466666666665,10,4,6,0.152,0.298,0.16511331077053248,0.4232630809760976,0.6074518537392074,24.8204537478607,110.55778450281713,111.10772680181911,-0.5469325207199587,0.13572040903890162,1.662540682749072,15.942744661365692,0.05332982760609964,0.1568086132050074,0.10399269741649521,10.104663661231083,0.5472395259648482,0.5740010314308791,0.19682559708093764,100.42381044122455,0.10574487421398766,17.198527008057226,7.694556083302886,3.252793108089918,1.983347114589543,1.1500298059727323,0.8437013249235621,3.5320591255947504,0.036333250991008426,0.06947652602077219,5.282225634431762,0.043998744565482625
1610612739,Cleveland Cavaliers,72,22,50,0.306,3486.0,103.1,105.2,112.1,113.5,-8.9,-8.3,0.618,1.54,17.5,0.28,0.729,0.499,0.157,0.508,0.543,99.6,97.96,81.64,7107,0.46,2020-21,2020,2021,2021-22,1610612739,0.537,0.23100000000000004,0,CLE,10,12433.221666666666,9,5,0,0.123,0.286,0.17479258861976377,0.4888794577645671,0.7078586362638913,23.70191903868305,103.59915818278797,112.26491019423362,-8.66394369761766,0.16485413367653573,1.8213322130373018,18.428777604302876,0.027161899041184417,0.10816758984296508,0.06643396408520023,10.338465921878923,0.5062895756570468,0.5386292969387259,0.191731920916716,99.06439482633422,0.08524703036877143,15.351773266596362,4.792000142628627,3.7235723162661114,2.076050817078384,1.1784556241993058,0.34166526696687494,3.236338286142884,0.02513722961536239,0.05704561809033405,1.9448745154904474,0.030800181586913212
1610612740,New Orleans Pelicans,72,31,41,0.431,3486.0,110.8,113.0,111.6,113.3,-0.7,-0.3,0.612,1.78,18.3,0.302,0.755,0.527,0.144,0.537,0.57,102.3,100.54,83.79,7303,0.508,2020-21,2020,2021,2021-22,1610612740,0.439,0.008000000000000007,0,NOP,11,15352.016666666665,11,6,4,0.161,0.287,0.1375400191722912,0.4057979353418281,0.624123432209232,24.23879826863137,112.36951138884035,112.46940048050148,-0.0994557935385253,0.16171647221157698,1.9544759950104276,18.983197495225927,0.04918312968654499,0.14712594165153114,0.09824078921227505,9.97018309212362,0.5460750160945196,0.5737432433958188,0.19936604333198354,101.58201936444833,0.10759334473972475,17.706859359410977,7.250643509376076,4.045071168717248,2.1081269453198876,1.1396548336212071,0.6636261685489746,3.5563695746372903,0.028041046847814662,0.05779302921454163,1.446500197807451,0.05186486163538202
1610612741,Chicago Bulls,72,31,41,0.431,3476.0,108.7,110.4,109.9,111.5,-1.2,-1.1,0.635,1.77,19.2,0.267,0.767,0.519,0.151,0.547,0.575,101.1,99.58,82.99,7220,0.499,2020-21,2020,2021,2021-22,1610612741,0.561,0.13000000000000006,0,CHI,9,13463.438333333334,8,5,3,0.14,0.302,0.16012402973336554,0.45848639704840133,0.694713943181676,26.254607942522853,109.47982058322644,110.67013504351229,-1.2003923093939721,0.1706981105495216,1.936556733959614,20.230146434856973,0.031735491416692345,0.12716835372539184,0.07999603506434651,10.770044687693076,0.5444080056072849,0.57065235329311,0.19573409714680362,100.75656785667555,0.09642274825041597,16.623688129196317,5.767620282238452,4.280927247039297,2.2781699028591382,0.989346084574978,0.5187382173176911,5.26681700776733,0.028096588828034872,0.055841704225806935,3.2362993529392208,0.04579910520751982
1610612742,Dallas Mavericks,72,42,30,0.583,3461.0,112.9,114.6,110.4,112.3,2.5,2.3,0.557,1.9,17.2,0.253,0.734,0.496,0.123,0.55,0.582,99.5,97.94,81.62,7062,0.51,2020-21,2020,2021,2021-22,1610612742,0.634,0.051000000000000045,0,DAL,11,15549.819999999998,9,6,10,0.179,0.35,0.14549343122085445,0.39667072244780543,0.6209078304443396,26.30841085834649,114.44256390106123,111.08144600173294,3.360110706533366,0.15182552552591178,2.026669421253751,16.855313502021247,0.03639186069892342,0.1360828906701171,0.08708373826835294,8.411548290162417,0.5633815208150319,0.5932867278635168,0.19782346923201258,99.06808735728133,0.10496843114582678,17.379751019625953,6.368948322231383,3.542163189027269,1.740984783103599,0.9167951783364696,0.632033039610748,2.677645271711768,0.0371207469175,0.07896812611555327,2.352269731279794,0.04083158878759497
1610612743,Denver Nuggets,72,47,25,0.653,3496.0,114.2,116.3,110.0,111.5,4.2,4.8,0.621,1.99,19.3,0.292,0.751,0.522,0.136,0.557,0.588,99.3,97.74,81.45,7123,0.525,2020-21,2020,2021,2021-22,1610612743,0.585,-0.06800000000000006,1,DEN,10,14228.35,9,5,9,0.201,0.293,0.17484681404847832,0.4312377518592575,0.6511208256755,27.1357458876117,116.42593106954308,110.34206506727766,6.093480246596876,0.17360122466765293,2.198867550816972,19.56861134050446,0.04446697204290495,0.14694120611314732,0.09573553925789005,8.989662762489443,0.5592804573263941,0.5909706838811246,0.2031576182996154,98.200635088866,0.11318095843861024,18.11594457544269,6.732755379225279,4.341754314449672,1.9406326102464446,1.2094164116007828,0.6300098043694455,3.924303536873235,0.04411829501115853,0.052459760759276844,3.417059123073685,0.049114343034114244
1610612744,Golden State Warriors,72,39,33,0.542,3461.0,108.8,110.5,107.7,109.4,1.1,1.1,0.67,1.84,19.6,0.222,0.727,0.48,0.146,0.551,0.583,104.4,102.81,85.67,7412,0.51,2020-21,2020,2021,2021-22,1610612744,0.646,0.10399999999999998,0,GSW,13,16514.19,11,4,8,0.181,0.331,0.14316596817645916,0.3934525399065894,0.5763913741253229,27.295092785860724,109.67680831858341,108.42540888573201,1.243729180783314,0.1626962522331805,1.8445054687312348,20.351975089301988,0.03259619999527679,0.13743873884620847,0.08647079784112935,10.511157263339387,0.5536555732776882,0.5826186211171526,0.19571979390653332,103.89862761762258,0.10294062419450586,17.29785112076342,6.511491026807855,4.104833479571205,2.1973829779117233,1.2033287736183247,0.7106615583325613,3.7702547548127816,0.03223176212224317,0.07189036567953029,4.646102069687232,0.049535881378169416
1610612745,Houston Rockets,72,17,55,0.236,3461.0,104.9,107.0,112.4,114.4,-7.5,-7.4,0.601,1.6,17.2,0.24,0.723,0.474,0.145,0.521,0.553,103.6,101.69,84.74,7320,0.451,2020-21,2020,2021,2021-22,1610612745,0.244,0.008000000000000007,0,HOU,11,11123.721666666666,11,7,0,0.139,0.316,0.1836360822284748,0.41862667964993133,0.6250649325547969,25.671666841717993,106.46279533543405,113.03740828346868,-6.600140510527576,0.14555809888566973,1.595928556884364,15.633172605751103,0.038215960395748844,0.12786497774351002,0.08159036431601953,9.719038667064815,0.5350054433221016,0.5615374415307347,0.19834591465416332,102.45813689752816,0.09196784079908507,16.735046558907968,6.178148110801646,3.339889392533944,2.0518312740954654,1.067987887147482,0.7637731556569871,3.357004630636084,0.022462566134228392,0.0602089752491959,3.6556389679725454,0.03202977533775031
1610612746,LA Clippers,72,47,25,0.653,3456.0,115.2,116.7,108.7,110.6,6.6,6.1,0.584,1.85,18.1,0.27,0.754,0.518,0.135,0.564,0.599,99.1,97.63,81.35,7036,0.53,2020-21,2020,2021,2021-22,1610612746,0.512,-0.14100000000000001,1,LAC,12,15341.596666666668,11,4,10,0.17,0.296,0.11959522248770717,0.3538193221522575,0.5593139045284073,29.123953308640843,116.0816133544553,109.38870477192836,6.683118934382972,0.13828283062236676,2.0620102644683445,17.743799884801216,0.04068438465444383,0.1467371013534228,0.0950880380985986,8.967084434279874,0.5798815226533354,0.6104284821288701,0.1900233764238794,98.56558005805134,0.10699028436631651,17.087660801928703,6.741671173295957,3.423633220271076,1.7388020673206768,0.9972886351029523,0.6359181649715295,3.1830536425182037,0.03149810079646864,0.06052176378086626,3.954804993230831,0.03233291115359271
1610612747,Los Angeles Lakers,72,42,30,0.583,3491.0,107.5,109.8,104.8,106.8,2.7,2.9,0.607,1.62,18.0,0.269,0.748,0.511,0.152,0.536,0.569,100.8,98.85,82.37,7184,0.517,2020-21,2020,2021,2021-22,1610612747,0.402,-0.18099999999999994,1,LAL,11,15901.753333333334,11,5,10,0.191,0.31,0.12302270231836068,0.36552552066585525,0.5594682850486506,28.585124889792024,108.56900094454991,105.63287800967859,2.947187500917089,0.16365395063353597,1.7164912758048063,18.62925477190565,0.0363769097998837,0.13653258854474326,0.08696907123030038,10.665133016778443,0.533100971884442,0.5651664085889061,0.19564194388627165,99.90163451682268,0.10475111790607576,16.331783958414647,6.293645606375481,3.882590724796385,2.200512060934161,1.1749647732765736,0.776518144959277,4.42695025900572,0.04063470763424953,0.05989392866710119,2.6991212653038765,0.04024523089579197
1610612748,Miami Heat,72,40,32,0.556,3476.0,109.1,110.6,108.5,110.7,0.6,-0.1,0.671,1.87,19.5,0.24,0.733,0.491,0.144,0.546,0.581,98.7,97.09,80.91,7036,0.509,2020-21,2020,2021,2021-22,1610612748,0.646,0.08999999999999997,0,MIA,12,15296.065,8,7,5,0.184,0.259,0.14786319226546174,0.4019959817552205,0.6167803070048843,27.52077903696146,109.20179279224209,109.42687133368396,-0.20708694251321086,0.17883134137222004,2.0453053056456025,19.51269385296153,0.03283925517227252,0.13397107720188167,0.08419497563589066,9.880962631020896,0.5431172650177241,0.5762658988875026,0.19694830718445128,98.08753457071037,0.10476110598815228,16.448936376774025,5.968593883459569,4.069281870860251,1.9911003254758657,1.1673590560709568,0.5624976096793521,5.4444616607906156,0.04265351912784203,0.04553058192604539,3.4479645242282104,0.04694441815371005
1610612749,Milwaukee Bucks,72,46,26,0.639,3466.0,114.7,116.5,109.1,110.7,5.5,5.8,0.569,1.84,18.0,0.269,0.755,0.519,0.134,0.566,0.593,104.4,102.85,85.71,7423,0.533,2020-21,2020,2021,2021-22,1610612749,0.622,-0.017000000000000015,0,MIL,9,14756.895,8,5,9,0.196,0.32,0.1537326562713001,0.4193400215063309,0.6711851194532003,28.143332659072247,115.79775984943535,108.89423728139737,6.902653776421123,0.14930411659544005,1.805299064154982,16.620694292396877,0.04338301722686242,0.15195527345013973,0.09937332842263454,9.150820356631028,0.5693523731335984,0.5933440369174319,0.20363764735061132,104.27099841802762,0.11314354916803297,18.98936056670458,7.577203741030887,3.8544693853280108,2.0565301847034894,1.2222083304109705,0.72454266293824,2.7376638848021098,0.039579970012359966,0.059719877331584306,2.1742724835349376,0.030422329242732145
1610612750,Minnesota Timberwolves,72,23,49,0.319,3481.0,107.0,109.3,112.1,114.5,-5.2,-5.3,0.63,1.8,18.0,0.271,0.717,0.484,0.139,0.52,0.555,104.1,101.96,84.96,7389,0.469,2020-21,2020,2021,2021-22,1610612750,0.561,0.24200000000000005,0,MIN,14,17102.0,12,5,0,0.155,0.286,0.13531555763458464,0.33765963045257863,0.5047436946945777,23.27686937200328,108.1387285892488,113.36779642731844,-5.225823256539195,0.15854426821424397,1.8306698407593656,17.909446029704128,0.03809827836900167,0.1336390760339921,0.08419156979690487,9.737140412427397,0.5192102184929638,0.5522316857677465,0.19612256734105168,103.13768019432423,0.09457163694304761,16.892761080575372,6.352941176470588,3.841655946672904,2.052391533154017,1.3030054964331657,0.8104315284762016,3.2218203818775697,0.029076164925322206,0.0632124970809622,2.698149802510332,0.038084595969368494
1610612751,Brooklyn Nets,72,48,24,0.667,3481.0,116.3,117.3,110.6,113.1,5.7,4.2,0.621,1.98,19.3,0.252,0.726,0.503,0.134,0.575,0.61,101.8,100.27,83.56,7280,0.532,2020-21,2020,2021,2021-22,1610612751,0.537,-0.13,1,BKN,10,13447.906666666666,10,4,8,0.172,0.303,0.15924708975771198,0.43597169522294915,0.648185021113571,28.613668000868536,116.21452423078486,111.9723120227882,4.2514617020939065,0.12770140879423117,1.9551811583066707,16.449604461363503,0.035357602001005364,0.12515180280846686,0.08307237247829403,8.948455620850035,0.5989218193066976,0.6211142467774415,0.18525431033628031,101.52772040852952,0.09956772020527606,17.336229777521755,6.090167193307906,3.204364892478929,1.6891848347152916,0.96104176808683,0.7281430666284616,3.611628671006585,0.036369998404068134,0.06264897427283407,3.778076275780775,0.05900672854687493
1610612752,New York Knicks,72,41,31,0.569,3486.0,108.2,110.2,105.7,107.8,2.5,2.4,0.543,1.65,16.3,0.264,0.738,0.505,0.133,0.524,0.559,98.2,96.32,80.27,6994,0.502,2020-21,2020,2021,2021-22,1610612752,0.451,-0.11799999999999994,1,NYK,12,15913.659999999998,9,5,8,0.158,0.285,0.16757531998714734,0.4478472163746954,0.6383136667910883,25.887119933440832,109.05396260194073,106.71867627141295,2.320838952195786,0.1333397479481988,1.6610017075476875,15.120097209986053,0.04141572041462073,0.14348455216042907,0.0932787089833514,9.790348354809641,0.5410019951412811,0.5721657455502589,0.19191691048235707,97.33551279320199,0.10075785593425188,15.84450088791642,6.967598905594313,3.0449312100421904,1.8075037420681352,1.0406154209653844,0.778199358287157,3.980391815011626,0.029394259711494026,0.06593170704343383,2.9848466191580787,0.04968865733551713
1610612753,Orlando Magic,72,21,51,0.292,3466.0,102.9,104.6,112.1,113.9,-9.2,-9.3,0.57,1.7,16.3,0.252,0.744,0.488,0.129,0.49,0.527,100.8,99.17,82.64,7158,0.45,2020-21,2020,2021,2021-22,1610612753,0.268,-0.023999999999999966,0,ORL,8,8952.223333333333,8,5,0,0.123,0.235,0.2069634843038992,0.4995533697960321,0.736237962487531,25.830566671147242,102.70339178312129,112.21836834201709,-9.502374028500183,0.13837806157650967,1.817108997504158,16.301089692057875,0.02929315920402641,0.12356160257396019,0.07434968352368332,9.14511225702963,0.4785976351498529,0.517094768264271,0.19009094426077397,100.48550522831013,0.08058714725243302,14.923220190738464,5.774654862274437,3.192949833318874,1.8136276761042973,1.0576143654444128,0.6152661517604379,3.4398595169306803,0.01719554335781526,0.03592568241796078,3.8417231655310187,0.04237228705912224
1610612754,Indiana Pacers,72,34,38,0.472,3491.0,109.9,111.9,109.6,111.9,0.3,0.1,0.633,2.02,19.2,0.247,0.701,0.476,0.131,0.542,0.575,104.0,102.05,85.04,7419,0.502,2020-21,2020,2021,2021-22,1610612754,0.305,-0.16699999999999998,1,IND,13,15736.846666666668,10,5,5,0.154,0.257,0.14179757316904232,0.4031506523755076,0.6201781424232808,27.178579931515294,110.88495469443902,110.6345933238637,0.2662451223815699,0.15894631622514804,2.022438889705562,18.417628139817932,0.03735245709962225,0.1335267790836538,0.08563461887959767,9.180816275348683,0.5520568821072582,0.5826023469547266,0.1880479725501975,103.0586726449221,0.10046237799864181,16.647045341993547,6.4259379367403975,4.010206195480924,1.9078790456537884,1.2353173676895033,0.9768157703766998,2.8921228237487897,0.031053658426031777,0.0399568243989015,2.8220112223446288,0.036148021735285515
1610612755,Philadelphia 76ers,72,49,23,0.681,3486.0,110.8,112.5,105.1,107.0,5.7,5.5,0.572,1.64,17.2,0.277,0.737,0.511,0.143,0.541,0.579,101.8,100.12,83.43,7272,0.536,2020-21,2020,2021,2021-22,1610612755,0.622,-0.05900000000000005,1,PHI,12,16235.296666666667,11,5,9,0.203,0.352,0.12406969670403312,0.3588449980074278,0.5573819716670817,27.449095889634698,111.57768557355176,106.01593827769084,5.573310301895724,0.14915783778922836,1.8668995269360642,17.46096999767379,0.03883452873974789,0.13991207182539933,0.09078134461766327,10.009561020238005,0.5438764270604642,0.5737631714562651,0.19730441677587657,101.17181095653932,0.10860042851080226,17.21582338398908,6.643303304795374,3.587738567142495,2.073260544053296,1.3725650018919682,0.9091302920447608,4.47008549364746,0.042919727069780096,0.06755102914879453,3.997494295079967,0.04034402645248013
1610612756,Phoenix Suns,72,51,21,0.708,3496.0,114.9,116.3,108.8,110.4,6.1,5.9,0.622,2.15,19.6,0.248,0.741,0.5,0.126,0.564,0.597,99.3,98.0,81.67,7137,0.534,2020-21,2020,2021,2021-22,1610612756,0.78,0.07200000000000006,0,PHX,13,16580.803333333333,9,5,13,0.15,0.319,0.14159315963983246,0.41115709914336673,0.6381045872124007,26.90717287320819,115.29257075602087,108.79295934796886,6.475510585434039,0.16223171836668146,2.394700130130406,19.049246387539323,0.03641818721690405,0.1384052202134959,0.08867918291453912,8.507251960650882,0.5703092163206407,0.6008400941972856,0.19632599998673164,99.20086092933576,0.108524655218756,17.341258696552902,6.2378159803676585,4.107882991596105,1.797741605201678,1.076908014710184,0.6122743148150642,4.318059356658473,0.02495745207162445,0.05484342592054475,1.856390795699151,0.040471134638324975
1610612757,Portland Trail Blazers,72,42,30,0.583,3461.0,114.9,117.1,113.4,115.3,1.5,1.8,0.515,1.92,15.9,0.273,0.731,0.495,0.112,0.54,0.577,100.8,98.97,82.48,7137,0.493,2020-21,2020,2021,2021-22,1610612757,0.329,-0.25399999999999995,1,POR,10,13978.488333333335,8,3,6,0.158,0.306,0.17153476180602742,0.4576898098065682,0.6930444195622965,28.570060687296543,116.99189440250632,114.22901564344164,2.771837620019237,0.14565208970497884,1.9591343401104533,15.719008982015579,0.04507615618427028,0.15500448999432817,0.09841964265806996,8.331997832860562,0.5489095846439285,0.5827689145690884,0.19932518883479652,99.81258564677893,0.10690637149248254,17.996795790865797,7.419686415781963,3.4664692522188556,1.6920284537204964,1.0095512235288198,0.8627542343932516,4.302161716399898,0.03542434167957452,0.0684275004302642,3.4987815982947166,0.03439762256573132
1610612758,Sacramento Kings,72,31,41,0.431,3461.0,111.1,112.7,114.6,116.5,-3.5,-3.8,0.599,1.91,18.4,0.253,0.713,0.482,0.133,0.549,0.578,102.2,100.71,83.92,7266,0.481,2020-21,2020,2021,2021-22,1610612758,0.366,-0.065,1,SAC,10,12923.986666666664,8,6,1,0.124,0.304,0.18824364308639546,0.5084648802897765,0.7813744778442979,25.66865229408057,112.56308210882298,116.27273401963686,-3.709204680392738,0.1585265425064918,1.950005631647201,17.757276263567796,0.04034286866075381,0.13755726754592754,0.08909237951860056,9.274473317830722,0.5620862809102248,0.590935895425457,0.20579079326915642,101.64039582213537,0.10367855996962753,18.325924198828226,6.459616692063028,3.949864799200247,2.0000020633468107,1.0167141408378633,0.7883016489236037,3.195697994680407,0.017782036878540963,0.04731488196237503,3.3692984519248483,0.03873597850361542
1610612759,San Antonio Spurs,72,33,39,0.458,3496.0,108.6,110.5,110.7,112.0,-2.1,-1.5,0.584,2.14,17.9,0.243,0.733,0.485,0.113,0.517,0.554,101.0,99.45,82.87,7236,0.493,2020-21,2020,2021,2021-22,1610612759,0.415,-0.04300000000000004,0,SAS,12,16113.866666666665,10,6,5,0.139,0.255,0.13276856785873867,0.382506681615834,0.6015673870951728,25.966300143147933,109.78121740902243,110.3585158641832,-0.5772984551607724,0.1484572988895692,2.217464976335082,17.41798106599699,0.036492649188276764,0.13979533662518412,0.08766766697833749,8.278563007844175,0.5241672085739818,0.5571720637091034,0.19581866104969634,100.55412958197493,0.09947743827262649,16.541281215350754,6.570490012742648,3.675095569861155,1.633127575421583,1.029920399821272,0.7573601204759461,4.538961729430698,0.023596024975350145,0.04077495364462341,4.194455557662545,0.03554991356435338
1610612760,Oklahoma City Thunder,72,22,50,0.306,3471.0,101.3,102.8,111.9,113.4,-10.5,-10.6,0.568,1.37,16.1,0.254,0.742,0.494,0.158,0.509,0.539,103.1,101.61,84.67,7353,0.442,2020-21,2020,2021,2021-22,1610612760,0.293,-0.013000000000000012,0,OKC,12,13614.181666666667,12,5,2,0.146,0.283,0.1305771959117631,0.3698431378358033,0.579281971777224,23.142060931805304,102.93789132141494,112.38182160293879,-9.451330040769985,0.15881085177233686,1.508168294850382,17.05201544125127,0.027763940518398155,0.1331704326946325,0.07976615928316905,11.802709956002985,0.5014270945897225,0.5333541871594926,0.203782380113678,102.34269484553423,0.08733004921706028,16.183124729372274,6.095114787778283,3.672934681225178,2.4697775322277296,0.9969016377407431,0.5526589981109159,3.5315662818635936,0.028449569775242937,0.038093111580121124,6.127840940531169,0.06104972704513816
1610612761,Toronto Raptors,72,27,45,0.375,3461.0,109.3,111.6,109.8,112.0,-0.5,-0.4,0.607,1.82,17.7,0.256,0.716,0.479,0.133,0.529,0.567,101.6,99.57,82.98,7177,0.486,2020-21,2020,2021,2021-22,1610612761,0.585,0.20999999999999996,0,TOR,11,13392.006666666668,10,4,5,0.132,0.261,0.1497927121700955,0.41114687318455134,0.626644077735923,27.507904217490925,110.52096218092282,110.47640204281059,0.05858675150002438,0.16858844355414,2.0444955759679524,18.910421390670354,0.040467386266733234,0.14087013434879808,0.08931912543850784,9.639840432178199,0.5218302465002754,0.5597248382243935,0.19453155949743153,100.4674569419768,0.10060397794505277,16.32257251962738,6.604835421726691,4.037632398629829,1.9274183953512567,1.33333266958748,0.9005371861125118,3.8212020488574976,0.02262270726401865,0.04503862395048319,3.924018246777846,0.04283681670117361
1610612762,Utah Jazz,72,52,20,0.722,3471.0,115.1,116.5,105.7,107.5,9.4,9.0,0.573,1.66,17.3,0.284,0.757,0.529,0.142,0.563,0.597,100.8,99.37,82.81,7193,0.542,2020-21,2020,2021,2021-22,1610612762,0.598,-0.124,1,UTA,11,16610.996666666666,9,7,10,0.165,0.327,0.13487932391775007,0.39989813976644795,0.621689266487923,29.175951212239116,116.05864568832816,105.45879357229018,10.602981328232566,0.14710209592079465,1.728294982901889,17.943373405850224,0.043436357220387536,0.1430947852015301,0.09553095519654752,10.415305934883698,0.5797274034730808,0.6080516465096717,0.194396152328006,100.67106475750302,0.11083056555506704,17.524294648986544,7.229909343188117,3.575944369382612,2.017699519936492,0.9687558382509258,0.7802060442289335,3.010073904691808,0.03138884843641106,0.07249240536894512,4.508040870864542,0.048418639414250376
1610612763,Memphis Grizzlies,72,38,34,0.528,3481.0,109.7,111.7,108.5,110.5,1.2,1.2,0.628,2.03,18.9,0.285,0.736,0.507,0.131,0.528,0.56,102.6,100.77,83.98,7302,0.511,2020-21,2020,2021,2021-22,1610612763,0.683,0.15500000000000003,0,MEM,12,16319.838333333333,11,5,10,0.163,0.267,0.1257897468959813,0.36378178991356436,0.5644144963445819,24.55804484582823,110.90955528256357,109.08585153468127,1.8162445849392097,0.16094047816854393,2.2935105280352555,19.083786512182566,0.04258019396229722,0.14066731216598038,0.09089613244739046,8.787819568882576,0.53399581347977,0.5639840368108222,0.19559705044055276,102.0597491611181,0.10377911525471607,16.98546237641447,6.884627022959684,4.1206290544340565,1.9014894244765292,1.3544251817036994,0.7036834413085996,2.305248130784175,0.027497921953431034,0.04376938352409889,2.5844365892501915,0.04902890145163709
1610612764,Washington Wizards,72,34,38,0.472,3481.0,108.9,110.7,110.5,112.3,-1.7,-1.6,0.59,1.77,17.8,0.25,0.736,0.494,0.137,0.531,0.569,106.4,104.67,87.22,7585,0.496,2020-21,2020,2021,2021-22,1610612764,0.427,-0.044999999999999984,0,WAS,11,14488.859999999999,10,4,2,0.164,0.331,0.16349434439056398,0.4357162445262544,0.6335837786179634,27.579291492452363,109.65372688626528,111.08149257429501,-1.4010774254611245,0.167031807310352,1.9238771028224442,16.72404807325536,0.03259393987288625,0.1323982444673586,0.08282807032437338,9.008236201237825,0.5254508440737689,0.561740796032262,0.19982561924586661,105.78216126389515,0.09946588724026599,17.685863484083637,6.3209941983013165,4.146910108869849,2.1194214037543326,1.0907690460119017,0.40997014257850517,4.18186394394401,0.041408436375786555,0.07893790479572194,2.6128413818848615,0.06188060905770297
1610612765,Detroit Pistons,72,20,52,0.278,3486.0,105.4,107.6,110.3,112.2,-4.9,-4.5,0.626,1.62,17.8,0.267,0.725,0.493,0.151,0.519,0.556,100.1,98.19,81.82,7132,0.473,2020-21,2020,2021,2021-22,1610612765,0.28,0.0020000000000000018,0,DET,11,12668.54,10,5,0,0.129,0.278,0.15068955591304656,0.4181918358390153,0.6513231464188716,24.526327027423836,106.13989367888223,110.73242171815643,-4.610966167635208,0.13859115072981315,1.4881535954419374,15.866762389351893,0.04278501534773015,0.14087109761661568,0.09114687446225059,10.71230293046134,0.5274969715005308,0.5625365332811305,0.19740304775977874,99.48088146437291,0.09349080557033408,16.23454636445873,6.649542883394615,3.199737302009545,2.139788799656472,0.9775396375588664,0.8581888678569117,4.298958011418904,0.02308929653047643,0.044437497607569335,2.2718035139737918,0.05896022332873877
1610612766,Charlotte Hornets,72,33,39,0.458,3471.0,108.1,110.1,110.6,112.0,-2.5,-1.9,0.672,1.81,19.2,0.276,0.722,0.496,0.149,0.532,0.564,100.6,99.0,82.5,7159,0.489,2020-21,2020,2021,2021-22,1610612766,0.524,0.066,0,CHA,12,16696.143333333333,12,6,7,0.124,0.247,0.14275182911502718,0.3754756337940718,0.5644286514869801,25.02183917523468,109.04480280176479,110.47092849586224,-1.4364398524769095,0.16757720834931342,1.901891150311559,18.935224571822275,0.04238717993356949,0.13658891564379239,0.08877452357760066,10.556694300460206,0.5359144282422108,0.5638034490200631,0.19491190879809966,100.40122027681842,0.098806862582836,16.47757775598077,6.623805138232522,3.9889451516048715,2.1065942773610593,1.1772778663655459,0.7180101272888769,3.2053556544160084,0.01882777615971463,0.0413366674840213,3.545526350442652,0.03683221725068265
1610612737,Atlanta Hawks,82,43,39,0.524,3941.0,114.0,115.4,112.1,113.7,1.9,1.6,0.593,2.08,18.1,0.269,0.731,0.501,0.12,0.543,0.581,100.0,98.67,82.22,8099,0.509,2021-22,2021,2022,2022-23,1610612737,0.5,-0.02400000000000002,0,ATL,12,17941.695000000003,9,7,10,0.161,0.333,0.14780608335314285,0.3835690180517132,0.5797936965636002,26.62893128733564,114.75327416575377,112.39900425610104,2.337619680489125,0.15844707565255123,2.2652606577397885,17.789586388948575,0.042677613607112745,0.14052176387645277,0.09184194144793269,7.97204017420502,0.5531327574308523,0.5863597390510391,0.19523443595119266,99.82370365137372,0.10504883661586417,17.340167693186178,6.749863934260392,3.838433325279468,1.6995049798806634,1.0594316757697642,0.6621447973561027,3.9712654657588824,0.032513324086136955,0.06530387445248526,2.4775856786764443,0.04085634489879194
1610612738,Boston Celtics,82,51,31,0.622,3981.0,112.1,113.6,104.0,106.2,8.1,7.4,0.609,1.82,18.2,0.277,0.725,0.509,0.139,0.542,0.578,99.0,97.26,81.05,8068,0.547,2021-22,2021,2022,2022-23,1610612738,0.695,0.07299999999999995,0,BOS,9,14917.718333333334,6,5,9,0.159,0.313,0.18306899256599898,0.4858160279426109,0.7459008197299162,26.339948546644365,113.22215402467155,104.61539378620344,8.608205913080319,0.15878474132158948,2.0148395481838093,18.978091041849453,0.046687097479496134,0.147619649832509,0.09914815692882434,9.937097909633408,0.5624918024215276,0.5958441819353294,0.19991207279129258,98.38885301047489,0.11762950947257239,17.235343519356345,7.379680829206342,3.817742011708448,2.0174667015096475,1.1028496203228577,0.9484024087240329,4.214303091802509,0.03197100463922207,0.0781671421964611,2.9867464600421223,0.06233176089844105
1610612739,Cleveland Cavaliers,82,44,38,0.537,3946.0,109.4,111.0,107.0,108.9,2.4,2.1,0.634,1.75,18.7,0.277,0.724,0.506,0.148,0.538,0.571,98.4,96.83,80.69,7964,0.517,2021-22,2021,2022,2022-23,1610612739,0.622,0.08499999999999996,0,CLE,12,16827.901666666665,10,6,7,0.16,0.272,0.14440025746921706,0.4006376909143258,0.6197468074104308,24.331410006456544,109.81999823507407,107.70895435467743,2.076759837654546,0.14574975588657765,1.776717366524505,16.425796343592456,0.04505125653911496,0.136468603978254,0.09174046486881261,9.433628108317327,0.5503142709117725,0.5819789354802704,0.19339684012890895,97.9622782262118,0.10618933218154254,16.52398531367696,6.696022013439783,3.401493610661104,1.9082593086224557,1.0204480831983311,0.6546270722404388,3.4502951896548377,0.03511933986082069,0.049722940906103734,3.005209660177035,0.04594589788856826
1610612740,New Orleans Pelicans,82,36,46,0.439,3951.0,109.0,111.2,110.5,112.0,-1.5,-0.8,0.621,1.78,18.1,0.306,0.742,0.518,0.143,0.517,0.557,99.7,98.02,81.69,8060,0.5,2021-22,2021,2022,2022-23,1610612740,0.512,0.07300000000000001,0,NOP,12,15093.349999999999,8,4,7,0.153,0.291,0.15471603940366677,0.44634336755370196,0.6627778679573014,25.968787578635627,109.88544180052808,110.05689684529942,-0.15851716153140302,0.148021259362567,1.8687646877598414,17.210872271563307,0.052275459943175874,0.14275453494419726,0.0966121422127405,9.748573245833432,0.5228648957984808,0.5632156967582855,0.19120901103245252,99.36256939866453,0.10210828819756165,16.31208446103748,7.036211311604118,3.5276462813093192,1.9558282289882634,1.2498219414510368,0.6797695673922624,3.912473489993744,0.032615389645637455,0.05168801835866149,4.8767561068242555,0.05406245308502782
1610612741,Chicago Bulls,82,46,36,0.561,3946.0,111.0,112.7,111.1,113.2,-0.1,-0.5,0.572,1.86,17.8,0.249,0.735,0.495,0.13,0.541,0.579,100.4,98.76,82.3,8124,0.496,2021-22,2021,2022,2022-23,1610612741,0.488,-0.07300000000000006,1,CHI,13,18536.415,11,7,7,0.148,0.308,0.14797620431638658,0.4039923577455511,0.6081617364163099,26.558431426285324,111.41958264313784,111.5608278983108,-0.1308955372438521,0.15239997378133796,2.0365450762728394,18.5929355451598,0.03362389419241351,0.13825887215336227,0.08658528127831981,9.289368764132654,0.5473456207686329,0.5809284857221133,0.19765899581984972,100.01495300376762,0.10173958394867615,17.022709083714407,6.197314852952958,3.7016866530016723,1.843074834049626,1.0837046969438264,0.6195372729840155,3.798347772844896,0.030287372453481617,0.07293094569549609,2.862747155543448,0.0356177341280602
1610612742,Dallas Mavericks,82,52,30,0.634,3951.0,110.5,112.5,106.8,109.1,3.7,3.5,0.595,1.87,17.8,0.256,0.733,0.496,0.13,0.538,0.572,97.5,95.64,79.7,7871,0.511,2021-22,2021,2022,2022-23,1610612742,0.463,-0.17099999999999999,1,DAL,12,17002.166666666668,8,5,10,0.191,0.368,0.15548753590228695,0.43925891798104155,0.6568808877299951,27.17620989481733,111.66417704606278,107.99353002068365,3.6699883348200726,0.1619050303392705,2.054657745581446,17.514364728024862,0.0375922841206513,0.13419556762373425,0.08657509787968201,8.815910589826789,0.5518705860037446,0.57782636203229,0.1885418757413271,96.5548799937263,0.1007524315528413,15.685530275553118,6.252614862811603,3.58048484016743,1.7404840559536532,1.0290453177536198,0.4975836413006186,3.2632628749639703,0.03992807974286674,0.07987556149933385,1.7030290208692156,0.0600709737938133
1610612743,Denver Nuggets,82,48,34,0.585,3961.0,111.7,113.8,110.3,111.5,1.4,2.3,0.667,1.92,20.0,0.268,0.752,0.515,0.146,0.556,0.59,99.9,98.41,82.01,8123,0.516,2021-22,2021,2022,2022-23,1610612743,0.646,0.061000000000000054,0,DEN,12,17980.541666666664,11,4,8,0.23,0.309,0.1376817068451312,0.3963992556768544,0.6237513237689819,28.219064219885844,112.8212101878651,110.51463305934887,2.30636848630348,0.1760849531322054,2.1897460096910315,20.186025050227908,0.038639074091668536,0.14228686084262387,0.09202339186110911,9.71759748617139,0.5559522515311691,0.5874846461336676,0.1914263628505815,99.27010277591748,0.10464305413490972,16.680031422857578,6.553084005162988,4.276623108777312,2.014177363029015,1.083170927831707,0.5646103542486901,3.773585423256537,0.052380813702637745,0.055511078762230825,4.9462660217823835,0.0470877074697481
1610612744,Golden State Warriors,82,53,29,0.646,3946.0,110.5,112.1,103.9,106.6,6.5,5.5,0.669,1.82,19.5,0.269,0.736,0.51,0.15,0.552,0.582,100.7,98.74,82.28,8121,0.536,2021-22,2021,2022,2022-23,1610612744,0.537,-0.10899999999999999,1,GSW,15,19628.858333333334,12,5,13,0.155,0.293,0.1186779839038015,0.3476468108393127,0.5069959494163143,28.33867940188405,110.64396406990899,105.04432721719681,5.584791465626929,0.1671641412325305,1.9134290778500875,20.038190317572386,0.0406129301967384,0.13888396336516431,0.09149248992660891,10.375205766339782,0.5526055362364003,0.579527421572744,0.19350600124052048,100.08124255740806,0.10777439586187515,16.627355216362986,6.802433322026286,4.062386036206046,2.145820163594164,1.3168366474022306,0.6785927013075562,4.640082208478938,0.02281366734827589,0.06060103018340692,3.516060615228744,0.04206865290824191
1610612745,Houston Rockets,82,20,62,0.244,3951.0,105.4,108.1,114.4,116.4,-9.0,-8.3,0.598,1.43,17.1,0.265,0.71,0.485,0.162,0.534,0.565,103.3,101.16,84.3,8323,0.451,2021-22,2021,2022,2022-23,1610612745,0.268,0.02400000000000002,0,HOU,10,16664.631666666668,9,6,0,0.142,0.239,0.12827906287357685,0.37731377001131833,0.594482786348213,23.877988202359504,107.3461662769024,115.53900752281852,-8.237404457084208,0.15024620036106406,1.4955946811105634,16.302134190584667,0.03918958544838324,0.13246192030046866,0.08516834145449158,10.931335736093375,0.5410381389567666,0.5717326810603574,0.19960515138898455,102.26797125929075,0.0937673545939959,16.992634800709165,6.327412577075661,3.495306776957466,2.3330848696625854,1.1017345217851098,0.7107267797398061,4.126969473004365,0.021070304676571318,0.034493895458614574,1.9458012849301796,0.029307855865883956
1610612746,LA Clippers,82,42,40,0.512,3956.0,107.7,109.5,107.5,109.5,0.2,0.0,0.599,1.75,17.7,0.254,0.706,0.486,0.139,0.531,0.564,100.2,98.51,82.09,8121,0.502,2021-22,2021,2022,2022-23,1610612746,0.537,0.025000000000000022,0,LAC,10,16071.805,9,5,4,0.148,0.329,0.14538058004893248,0.40894421421033084,0.6216787722349792,27.703506855639425,108.60233940742812,108.78243944389985,-0.20890646694630757,0.14860454846235377,2.0443986036415946,17.565846959940096,0.037077859539319524,0.13377142165010916,0.0865592639822762,9.10766709153079,0.5489702117051154,0.5794878728099716,0.19529530213521962,99.15915368560032,0.10220580015748076,16.470334228171634,6.529447065839835,3.4898382602327493,1.8501966642825742,1.0191761286302317,0.6652644180289644,3.8820785651195853,0.018766825348320883,0.056737362743060925,3.5326927041811156,0.05891147380714333
1610612747,Los Angeles Lakers,82,33,49,0.402,3996.0,107.9,110.0,110.9,112.8,-3.0,-2.9,0.576,1.65,17.3,0.256,0.72,0.49,0.142,0.537,0.567,102.3,100.47,83.73,8360,0.482,2021-22,2021,2022,2022-23,1610612747,0.524,0.122,0,LAL,13,18314.961666666666,12,6,2,0.18,0.317,0.14621197223363014,0.37677592736794335,0.5571868063787921,30.603232311797537,108.91420891134815,111.71141781441533,-2.77006211770213,0.15197970020321275,1.7344386743188196,16.58991253689948,0.036018295606588306,0.13433841703372387,0.0854995683401649,9.593690267984,0.5353551481634733,0.5656797054903292,0.19850446433730823,101.63074649259889,0.09867603735998355,17.04573592246121,6.364632485808279,3.5950935196242564,2.0579895653617255,1.1479139504978488,0.7429990980962105,5.616796399614242,0.04156106565650101,0.06710352601139713,2.3730512127005348,0.050323914247190425
1610612748,Miami Heat,82,53,29,0.646,3971.0,111.2,113.0,106.3,108.4,4.9,4.5,0.644,1.75,18.8,0.278,0.735,0.51,0.149,0.547,0.584,98.2,96.53,80.44,7987,0.529,2021-22,2021,2022,2022-23,1610612748,0.537,-0.10899999999999999,1,MIA,11,18383.363333333335,10,6,11,0.164,0.278,0.11700860324978617,0.3441664374437104,0.5569452379860124,28.80223722209701,112.32088926781444,107.06090622880215,5.2899082848278205,0.16577189330062744,1.8850900460905868,18.88156321231751,0.04129399952021837,0.14051522817097853,0.091809158063024,10.235870186249922,0.5541560534171385,0.5892104444435177,0.19586371654153237,97.41590383261385,0.10960658260031851,16.614152397575417,6.538738196075473,3.875460584017179,2.065998441706985,1.1240598156775445,0.4797816286428544,5.05204160859096,0.03331417950286733,0.050078872783040136,1.5525614067002969,0.023785516787465943
1610612749,Milwaukee Bucks,82,51,31,0.622,3951.0,112.5,114.3,109.4,111.1,3.1,3.2,0.572,1.78,17.3,0.269,0.747,0.512,0.133,0.546,0.58,102.2,100.59,83.83,8284,0.516,2021-22,2021,2022,2022-23,1610612749,0.707,0.08499999999999996,0,MIL,11,16397.87,9,6,7,0.21,0.34,0.13461748385613498,0.39962232899760763,0.633377993605267,29.007075207532033,113.54159388790535,109.02617018755076,4.540586551789957,0.15729307546244317,1.9187902930888785,16.766491786229956,0.04019630232463118,0.14522823929774617,0.09399332392967295,8.867775489540206,0.55489647303786,0.5853643288223813,0.20277939990580074,102.0997629041658,0.11077599600842464,18.390925162841267,7.108728145789666,3.79805425948614,2.013188298236295,1.1613703487099236,0.6015415416758395,3.578515530360317,0.046444072486202366,0.0716506389190271,5.806917400548906,0.03536176119422974
1610612750,Minnesota Timberwolves,82,46,36,0.561,3956.0,111.3,113.8,109.1,111.0,2.1,2.7,0.617,1.79,18.1,0.284,0.706,0.49,0.141,0.539,0.573,103.5,101.47,84.56,8357,0.504,2021-22,2021,2022,2022-23,1610612750,0.512,-0.049000000000000044,0,MIN,12,18937.37833333333,10,7,11,0.159,0.272,0.1307180235349367,0.37059309599964874,0.5742525782563884,24.465926953810133,112.97896979228119,109.9754807137595,2.9956963507884358,0.15661231425293207,2.022667561252539,17.957568017818726,0.04194621386786467,0.13223648547973066,0.08599432946851934,9.743148228807103,0.5403685212675073,0.5724575284840113,0.19647847911366118,102.47134884122907,0.10194053963999063,17.496825282133827,6.524239935710918,3.868539705469615,2.047379490314877,1.3249986116522465,0.8383420197111057,3.445984102905726,0.028192822772136937,0.05705336080769492,2.110133822867162,0.03507484382908954
1610612751,Brooklyn Nets,82,44,38,0.537,3951.0,111.0,113.2,109.6,112.3,1.3,0.9,0.602,1.8,18.3,0.281,0.704,0.499,0.141,0.54,0.576,101.6,99.4,82.83,8177,0.512,2021-22,2021,2022,2022-23,1610612751,0.549,0.01200000000000001,0,BKN,13,14749.79,12,4,7,0.18,0.31,0.1590343546134103,0.41811386241205245,0.5786100457475439,29.00616811041603,111.82995400838475,111.29868863669698,0.521157261674008,0.13264521641777047,1.9696588663296222,16.061241674175246,0.041256658230388356,0.12602617031609717,0.08542728947327385,8.632220673424277,0.5444190144402056,0.5727380529937487,0.1931277330050123,100.61061179741088,0.10132555265758587,17.180176802517188,6.384904463046592,3.23638506039747,1.7231431769537058,0.9884886496689105,0.8298423231788384,5.5340344711232365,0.039720389626073306,0.06166577754415844,3.8608721502547034,0.051791495523987305
1610612752,New York Knicks,82,37,45,0.451,3956.0,108.0,109.7,107.6,110.2,0.4,-0.4,0.581,1.65,16.4,0.291,0.74,0.512,0.137,0.513,0.55,98.4,96.42,80.35,7958,0.491,2021-22,2021,2022,2022-23,1610612752,0.573,0.12199999999999994,0,NYK,14,19321.978333333333,12,6,7,0.129,0.279,0.131656463403894,0.3787924752701738,0.5944041099311174,26.65465113260055,108.78516455397465,108.84824308449434,-0.031112807893118676,0.1488961124322414,1.8577333014640407,16.32107842304277,0.04488212870196951,0.13982857319561912,0.09164377767735479,9.71221063716129,0.5352693971899184,0.5650216903255333,0.19375627211050764,97.47561227986746,0.09971939907464614,15.96358274907495,6.9440094427873875,3.3033884470249633,1.8519842731769958,1.0303292787393146,0.734086321561103,4.123973211381493,0.022213537152456962,0.06272074874614743,4.8568888162072525,0.06641529459670704
1610612753,Orlando Magic,82,22,60,0.268,3956.0,101.8,103.9,110.3,112.1,-8.5,-8.1,0.62,1.64,17.4,0.249,0.735,0.49,0.144,0.503,0.538,101.5,99.71,83.09,8223,0.458,2021-22,2021,2022,2022-23,1610612753,0.415,0.14699999999999996,0,ORL,14,18735.425,12,6,0,0.144,0.265,0.12964993677307382,0.33839718074182995,0.5290804274077939,23.82800132191646,103.08284598116494,110.94418527112856,-7.8616833440750185,0.15758253308905454,1.71520997966864,16.88922240443794,0.03568010475698666,0.14049366712168707,0.08756402670342414,9.990930461056175,0.5070226488056717,0.5413850547825844,0.19706043079709518,100.8386875682475,0.09463115799792818,15.911888841592866,6.700248326365696,3.587428627853385,2.082899106905768,1.0164701361191433,0.6744442680110005,3.4594025214686988,0.02631410765026013,0.03176776449498775,3.408226050958352,0.04560885728571177
1610612754,Indiana Pacers,82,25,57,0.305,3976.0,109.2,111.9,113.9,115.5,-4.6,-3.6,0.612,1.76,18.1,0.31,0.725,0.512,0.145,0.531,0.564,100.5,98.55,82.13,8166,0.478,2021-22,2021,2022,2022-23,1610612754,0.427,0.122,0,IND,11,10686.243333333332,10,4,1,0.129,0.241,0.14636013341763696,0.40609172602907234,0.60975528350624,25.49961320988074,110.02978889057674,112.3112097703184,-2.295144629871489,0.14551001115764722,1.7325895676466287,16.223166232723507,0.04780684231720969,0.13051845831073156,0.08866496395833522,9.73804208713196,0.518614207736863,0.5517711520387739,0.19471614393333733,100.38928353368956,0.0932600673825819,16.34213208071561,6.478235413567536,3.540626843296662,1.9977085804709045,1.1251849340257707,1.0005386988193232,3.2226157941818743,0.02202184970100351,0.02948739274542153,4.262252725100037,0.050579137112819084
1610612755,Philadelphia 76ers,82,51,31,0.622,3961.0,111.0,113.0,108.3,110.2,2.7,2.8,0.602,1.89,17.9,0.246,0.724,0.49,0.129,0.534,0.578,98.4,96.71,80.59,7975,0.517,2021-22,2021,2022,2022-23,1610612755,0.659,0.03700000000000003,0,PHI,10,15770.178333333333,8,4,8,0.212,0.375,0.16806129966613143,0.47494178622161015,0.6919109031423974,26.46432850526844,111.88413313229285,108.82150834903896,3.0878728701757447,0.14368795396205092,2.250269112365777,17.034451364796446,0.029437550114366703,0.12752760944259034,0.0799705867836836,8.029114445651484,0.5363044162362569,0.5724523664760925,0.19742963686629209,97.80048312600987,0.10176196496192656,16.812745829232327,5.725236461604165,3.2301473656977246,1.556862546576571,1.1231325116065587,0.7715829043150748,3.9106820070841297,0.05048128237187967,0.08168925832489272,2.6602002114359333,0.0354772733698416
1610612756,Phoenix Suns,82,64,18,0.78,3946.0,112.5,114.2,104.7,106.8,7.8,7.5,0.627,2.12,19.5,0.264,0.728,0.503,0.129,0.549,0.581,102.0,100.26,83.55,8242,0.548,2021-22,2021,2022,2022-23,1610612756,0.549,-0.23099999999999998,1,PHX,12,17966.861666666668,9,6,11,0.152,0.313,0.15886766349567447,0.40841328531035415,0.6096640695087074,27.93744798873705,113.67345014901045,105.66752948970777,7.996437023828221,0.1606108996776195,2.3171352546544717,18.45135937763941,0.0375737828262903,0.13610960725194357,0.08890405178348251,8.42262511622091,0.5555376943496997,0.5842298549264354,0.19625229438604425,101.25155543766363,0.111312450875997,17.512240358801304,6.60816575552937,4.191717028674179,1.8093310118990362,1.2683350282747397,0.6271546032385363,4.375313975251558,0.03152308878863922,0.05356909118650004,2.6404462193820457,0.05722504476510492
1610612757,Portland Trail Blazers,82,27,55,0.329,3946.0,105.5,107.3,114.0,116.3,-8.5,-9.1,0.595,1.58,17.0,0.268,0.721,0.487,0.146,0.515,0.55,100.6,98.74,82.28,8120,0.447,2021-22,2021,2022,2022-23,1610612757,0.402,0.07300000000000001,0,POR,15,14173.741666666665,12,6,1,0.142,0.288,0.11860053420380057,0.32596297496132814,0.49947302788195785,26.24520424799615,106.29077654747718,112.92546603490378,-6.6239288378921355,0.17907306068910298,1.7887863578718632,19.473250535467876,0.03936106403331513,0.1323962890297728,0.08490779169697016,11.043570452168304,0.5079340377658452,0.5440899700090954,0.19690165076382438,99.97899193990766,0.09233440605250672,15.831246630359312,6.309131498445777,4.152749597406943,2.313856197698914,1.1759774089293054,0.5689393943848043,4.388091575944719,0.02643935648932953,0.045682572736339175,8.620664642518367,0.046125856218916336
1610612758,Sacramento Kings,82,30,52,0.366,3961.0,107.2,109.6,112.9,114.8,-5.7,-5.2,0.585,1.68,17.3,0.259,0.714,0.484,0.14,0.525,0.561,102.1,100.1,83.41,8252,0.473,2021-22,2021,2022,2022-23,1610612758,0.585,0.21899999999999997,0,SAC,9,12135.456666666665,9,3,1,0.116,0.284,0.21315459355052427,0.5558924166292877,0.7497722239267469,26.474089424460605,108.33237761688405,113.59912974020753,-5.278978046973648,0.14067451451490492,1.580870571551077,15.625328726813462,0.03325571733737804,0.13384194991151271,0.08363100825487406,10.410334661214504,0.5459470565178566,0.5813385084807958,0.19630191172588746,101.40545468966005,0.09558408707047693,16.944726980470723,6.211879953975086,3.304696403404129,2.0261289439183305,0.9997151597371557,0.7208628599885128,2.664515068783949,0.01954164598123228,0.04784684818303468,2.2614226815125114,0.0667860966593145
1610612759,San Antonio Spurs,82,34,48,0.415,3961.0,109.4,111.9,110.0,111.7,-0.6,0.2,0.646,2.19,19.5,0.281,0.711,0.494,0.126,0.527,0.556,102.4,100.51,83.76,8290,0.51,2021-22,2021,2022,2022-23,1610612759,0.268,-0.14699999999999996,1,SAS,11,15660.241666666665,10,4,6,0.163,0.268,0.15272593175179822,0.42957872616908327,0.656216991117102,23.834443700049324,111.30378916034182,110.72729418288031,0.5764949774615015,0.16102842697723374,2.2450651549119347,18.154422457294988,0.04351476174537536,0.1400333809237724,0.09143449776477479,8.544887408612787,0.5317837721746523,0.5578693571672212,0.19759747673114875,102.00485847121345,0.10289407251590943,17.123873673724702,7.002190792074834,4.1079825822185585,1.7861793320558588,1.1172241381971009,0.6942421599496388,2.737574436751309,0.03112582472070509,0.038353312169922375,2.173926510405236,0.03624612157807256
1610612760,Oklahoma City Thunder,82,24,58,0.293,3961.0,102.2,103.8,110.2,111.7,-8.0,-8.0,0.58,1.59,16.4,0.256,0.727,0.487,0.14,0.497,0.53,100.8,99.39,82.83,8198,0.451,2021-22,2021,2022,2022-23,1610612760,0.488,0.195,0,OKC,17,18678.014999999996,16,4,2,0.134,0.298,0.1039647414353185,0.2980038296360722,0.4603486148465634,22.752706948070585,102.77127189372105,109.9868848036939,-7.20669679477896,0.14957450742669032,1.6698400981046433,16.010492210583763,0.03864142808180277,0.13646587944882438,0.0868245796818702,9.820871141821012,0.501535112180461,0.5319029198231182,0.1960609145743449,100.68519797473127,0.09242304120646654,15.69867033515071,6.772882450303205,3.365239828750539,1.99871346071839,1.139093206638928,0.6900090828709582,2.674435260204412,0.021902060094044513,0.04554846166855726,4.023081765841012,0.04255064592839207
1610612761,Toronto Raptors,82,48,34,0.585,3971.0,109.6,112.1,107.9,109.9,1.7,2.2,0.543,1.77,16.1,0.325,0.714,0.508,0.128,0.51,0.543,98.6,96.63,80.53,8000,0.494,2021-22,2021,2022,2022-23,1610612761,0.5,-0.08499999999999996,1,TOR,12,18633.638333333332,8,5,8,0.139,0.257,0.14046040212400818,0.4109322718599508,0.6350546319322322,24.958517673637363,111.15291831090776,108.64414613785836,2.5133509889775496,0.13888488515796205,1.827924259379296,15.582741624175558,0.04858123502987383,0.13404318739684312,0.08906767259534122,8.626937814881918,0.5087210486626201,0.5413825787109208,0.19788155489047,97.5366078015002,0.1008834986869177,16.589996782700243,6.680820877440019,3.311430591073509,1.7619747369072578,1.2944331948770424,0.6800604247712223,3.187169189456065,0.02213570348373185,0.03744649185558951,2.6150644269054517,0.026242156696858285
1610612762,Utah Jazz,82,49,33,0.598,3946.0,114.0,116.2,107.7,110.0,6.2,6.2,0.552,1.6,16.7,0.3,0.738,0.525,0.143,0.555,0.589,99.5,97.5,81.25,8014,0.528,2021-22,2021,2022,2022-23,1610612762,0.451,-0.14699999999999996,1,UTA,11,17184.158333333336,8,6,9,0.177,0.322,0.13998581057456502,0.39641219941428607,0.6438334919904426,29.88694306141461,115.07694442410379,108.47208707244415,6.614356779184705,0.14219619669084754,1.638778008233358,16.48123921305427,0.046950937176149156,0.14109330531657305,0.09539485097466222,10.254988426840807,0.5692585537357809,0.5988347605037391,0.20164371196533243,98.99863610234038,0.11062402086417769,17.80709849527108,7.101889870466937,3.3665890919883092,2.04467389780995,1.108230012235106,0.754182995093834,3.59806467101519,0.032503467789165144,0.06709732393184492,2.8519941578636945,0.06074280453736473
1610612763,Memphis Grizzlies,82,56,26,0.683,3956.0,111.6,114.3,106.2,108.9,5.4,5.3,0.597,1.97,17.9,0.338,0.726,0.526,0.13,0.522,0.553,103.1,100.52,83.77,8295,0.53,2021-22,2021,2022,2022-23,1610612763,0.622,-0.061000000000000054,1,MEM,15,19597.88333333333,11,5,13,0.163,0.33,0.11563621241409575,0.32610919716670084,0.5070265241229283,24.361925139874803,113.02519693028076,107.46357598141977,5.576397561641436,0.15197439715003236,2.3569886067628056,18.792732446446173,0.05268674958945397,0.13802926055790038,0.09418398602570174,8.737411080958575,0.5276085720141546,0.5538418563059107,0.1944219748221109,101.86260460696013,0.10694486547441773,17.32227885154264,7.353243079822397,3.89613504179448,1.869997865415738,1.4621987238417755,0.9717375941109287,2.381806768299529,0.029150024759084535,0.06574508346540915,2.9229134263746004,0.047695144059188746
1610612764,Washington Wizards,82,35,47,0.427,3966.0,108.9,110.2,111.7,113.6,-2.8,-3.4,0.617,1.91,18.5,0.247,0.731,0.494,0.133,0.532,0.568,99.3,97.8,81.5,8079,0.496,2021-22,2021,2022,2022-23,1610612764,0.427,0.0,0,WAS,10,14419.141666666666,9,3,2,0.123,0.297,0.16150545253213755,0.45197500775878363,0.6770277010247375,25.705988393900007,109.25057768695201,112.95313625348713,-3.7262978552236983,0.1336741680763476,1.670488729969479,16.03148926455978,0.03552736865405188,0.13704085518266518,0.0876253622355006,9.612356433606486,0.5454453781056084,0.5764778477914485,0.19210317338584074,99.1859683753714,0.09605111550213634,16.113580500919785,6.339073581009503,3.1907585807523215,1.8775042666085648,0.9337587708930895,0.7664811301181242,3.1505402460491823,0.01992401257705321,0.04609180680137827,3.0720856228444937,0.052737306082393645
1610612765,Detroit Pistons,82,23,59,0.28,3956.0,103.3,105.6,111.1,113.3,-7.9,-7.7,0.615,1.65,17.1,0.276,0.707,0.481,0.143,0.494,0.533,100.9,98.81,82.34,8141,0.45,2021-22,2021,2022,2022-23,1610612765,0.207,-0.07300000000000004,1,DET,13,16681.063333333335,11,4,0,0.112,0.273,0.1621105688905923,0.39613032262731446,0.5907707921897064,23.98398753157023,104.67578505686788,112.14135898410953,-7.46557392724165,0.1627607580571902,1.8613007554074794,18.210294977198696,0.040480046136147606,0.12913335500794415,0.0828058841772477,9.879385366920054,0.49663669102629154,0.5346346910538677,0.19500177816402195,99.6264816121834,0.09131000012189472,15.648642702433639,6.22190551801354,3.735733073770877,2.035122061563222,1.1761840122502183,0.6798127777226033,3.69385783243771,0.015756923925257106,0.04608993566276131,2.0612124632957842,0.03579898495969722
1610612766,Charlotte Hornets,82,43,39,0.524,3976.0,111.7,113.6,111.0,113.1,0.7,0.5,0.656,2.12,19.6,0.27,0.706,0.486,0.131,0.544,0.572,102.3,100.52,83.76,8322,0.504,2021-22,2021,2022,2022-23,1610612766,0.329,-0.195,1,CHA,11,18273.154999999995,9,7,7,0.132,0.271,0.15526127443965387,0.42231477450573446,0.6338162001398592,25.753522403036957,112.7308748361554,111.86773680662517,0.8570897581725762,0.16336461674698946,2.2134506894585715,19.70718908876619,0.04115011620416217,0.1361686525944754,0.08824162366414924,9.087871215087562,0.5542894599573346,0.5774820557807342,0.19571250239308252,101.62961692074158,0.10185971543137098,17.267954001375244,6.690470255410192,4.15100731099802,1.8853887027171832,1.2963278645641656,0.7171175420993257,3.7478273314962918,0.018878851142169823,0.0510882851924935,2.482545122735165,0.027204116637691712
1610612737,Atlanta Hawks,82,41,41,0.5,3971.0,113.9,115.5,113.6,115.4,0.3,0.1,0.56,1.93,17.6,0.289,0.717,0.5,0.126,0.541,0.579,103.1,101.56,84.63,8407,0.5,2022-23,2022,2023,2023-24,1610612737,0.439,-0.061,1,ATL,10,17864.951666666668,8,6,6,0.143,0.313,0.15076419182400996,0.41219152472751347,0.6346486057290387,24.851138975933416,114.6151331970205,114.32940394185225,0.2826160178994793,0.14807104180056085,1.8122955468393376,15.811651062401417,0.045751457485984436,0.1377596821560577,0.09135404807047243,8.655376789432491,0.5513374588848127,0.5862964511238999,0.19908203772544958,102.64942910098365,0.103333121434884,18.12800874263024,6.68817930377832,3.832755961369799,1.8942116738630974,1.0680129650504697,0.765745144753167,2.9439654810056872,0.027072294195496314,0.05540158271470819,1.0884007483702924,0.044579123630742054
1610612738,Boston Celtics,82,57,25,0.695,3996.0,115.7,117.3,108.8,110.6,7.0,6.7,0.632,2.0,19.1,0.255,0.746,0.506,0.133,0.566,0.6,100.6,99.15,82.63,8247,0.534,2022-23,2022,2023,2023-24,1610612738,0.78,0.08500000000000008,0,BOS,12,19252.35333333333,9,7,12,0.167,0.319,0.1419149451166663,0.38730035773981575,0.5951462037714526,27.78661509086508,116.48967431860277,109.27895648601225,7.219023241487705,0.16254868997833338,2.4089945904448733,20.354418265057117,0.0389932228198596,0.13982026353141935,0.09056809435937356,9.13711780862807,0.5777056676707574,0.6077551264728501,0.1971932726492657,100.1578449249321,0.10921844394434203,17.722924262419173,6.65871843199775,4.009068328616449,1.899819693038392,0.9461700439738447,0.7685294230696644,3.7910938393359612,0.03197573283134809,0.07668688583288248,2.3760639157652763,0.04445391300988198
1610612739,Cleveland Cavaliers,82,51,31,0.622,3976.0,113.7,115.5,107.7,109.9,6.0,5.6,0.6,1.87,18.6,0.273,0.715,0.496,0.137,0.556,0.59,98.0,96.27,80.23,7972,0.531,2022-23,2022,2023,2023-24,1610612739,0.585,-0.03700000000000003,0,CLE,11,18336.394999999997,10,5,11,0.149,0.31,0.14808045238263395,0.41419219354004255,0.6572853242599397,25.200500789095493,114.65208930108672,108.70955366817377,5.93473191795152,0.15592353449701174,2.016411984653108,18.261840381747156,0.041284640919511895,0.12714041800473866,0.0847181915165622,9.04096923086572,0.5572806441324298,0.5889836832703483,0.19522148637541167,97.25202316122297,0.10694233108525422,16.837333619830943,5.8290629101303715,3.787222079367291,1.8199869712667076,1.097489446535156,0.6950112058558948,2.6797907467891804,0.03090400317799834,0.062061878179167376,1.9224210332739606,0.04700903982580898
1610612740,New Orleans Pelicans,82,42,40,0.512,3971.0,111.8,113.8,109.9,112.0,1.9,1.9,0.616,1.77,18.5,0.29,0.732,0.512,0.145,0.543,0.582,101.4,99.58,82.98,8239,0.514,2022-23,2022,2023,2023-24,1610612740,0.598,0.08599999999999997,0,NOP,12,18102.81,10,5,9,0.171,0.306,0.1463401722347709,0.39029391937863045,0.5970334623924868,26.121023568532546,112.98510709110904,111.10639600518739,1.8924695852927433,0.15667362700413173,1.875521932782811,18.53248858418481,0.04629159828409696,0.1424794814543525,0.0942674186125432,10.21641956874835,0.5461701889559318,0.5839850506634052,0.1981605173450972,100.60716627971016,0.10575603907165056,17.41453398671256,6.769335810296854,3.8440441014406046,2.1576760734935623,1.1991508500613992,0.6244334443105793,3.5965362603940156,0.029413480921966575,0.06062764827713394,2.7892919811660333,0.04891936624197969
1610612741,Chicago Bulls,82,40,42,0.488,3981.0,111.7,112.8,109.4,111.5,2.3,1.3,0.575,1.83,18.1,0.236,0.736,0.493,0.133,0.55,0.587,100.6,99.18,82.65,8225,0.512,2022-23,2022,2023,2023-24,1610612741,0.476,-0.01200000000000001,0,CHI,10,18144.78166666667,8,5,7,0.156,0.278,0.1525479915299798,0.4516954323598456,0.6953168996522324,27.455066925118686,111.67696037308797,110.43667709237613,1.253017097936973,0.1420817056768112,1.876758160679622,17.848982494415978,0.03658112612542687,0.1417319581966128,0.09073798968280043,9.899949250790103,0.5550885724812156,0.5897287597563632,0.1973658533045635,100.2091953921738,0.10542561180813323,17.197671800772103,6.410438115862328,3.4958811390125106,1.8987277241969198,1.1824887394162635,0.6825102791261656,4.209919141972769,0.03316208241443707,0.05887203642687791,2.81977999275486,0.01618367451776997
1610612742,Dallas Mavericks,82,38,44,0.463,3986.0,114.3,115.9,114.0,116.1,0.3,-0.2,0.573,1.88,17.4,0.226,0.717,0.471,0.124,0.565,0.599,98.8,97.21,81.01,8082,0.487,2022-23,2022,2023,2023-24,1610612742,0.61,0.14699999999999996,0,DAL,13,15392.80666666667,7,6,5,0.202,0.368,0.15529797251616662,0.44872843202517537,0.6616583027310158,27.756183191196236,115.1511785591625,114.83836311419924,0.30962033781147136,0.14462699968946538,1.9470286499624718,16.48075192914786,0.033913052785262035,0.14243854055638977,0.08834869003746773,9.36397270629874,0.5772740006046115,0.6028968226933707,0.19381141093610393,98.41200929893226,0.09799568315676457,16.979359622958086,6.188345118780591,3.2040940335334125,1.7985024173629156,0.905098095603964,0.5729949184056102,4.056214291507012,0.052311994757219274,0.09154164701352674,4.122963620600321,0.05981127071236145
1610612743,Denver Nuggets,82,53,29,0.646,3951.0,115.0,116.8,111.7,113.5,3.3,3.3,0.663,1.99,20.5,0.289,0.727,0.514,0.147,0.573,0.601,100.3,98.74,82.28,8129,0.525,2022-23,2022,2023,2023-24,1610612743,0.695,0.04899999999999993,0,DEN,12,17842.925,9,6,6,0.211,0.263,0.13345382927219984,0.39139873834213473,0.6261411736024223,27.433261269289275,116.64890641528784,111.97776472560786,4.641414416825344,0.16715820145333046,1.9934456243394327,19.571361253830297,0.04607234520124923,0.1383683153593558,0.09382031935160108,9.90490177479309,0.5825238601107535,0.607310355598461,0.19106542714642735,99.88786710045204,0.10614128812026803,17.351415196779676,6.545115220738753,4.35197704412253,2.0337472695760366,1.1318772006271394,0.6658101180159643,3.48901742432243,0.04479883597783961,0.048770677013474026,7.390262598688749,0.055463108037036586
1610612744,Golden State Warriors,82,44,38,0.537,3966.0,113.5,115.1,111.4,113.4,2.1,1.7,0.691,1.83,20.4,0.277,0.719,0.502,0.158,0.571,0.6,104.2,102.54,85.45,8472,0.51,2022-23,2022,2023,2023-24,1610612744,0.561,0.02400000000000002,0,GSW,12,19036.915000000005,10,6,7,0.166,0.297,0.12912246198154123,0.3695262599008294,0.5743255494215667,28.103396479944358,114.01420827201605,111.87698837583014,2.1416253281234554,0.17502212175659762,2.1585163903920357,21.945945697258892,0.04258684342149626,0.13249473859954025,0.0883153050271013,10.717321250143033,0.5755146429100163,0.601820481767485,0.193634039443891,103.77922771713098,0.10279564764914202,17.76842518864007,6.584680343427493,4.512075617294084,2.3222250033684553,1.0722325544869007,0.5767741254294616,4.727647509965429,0.02416841797629115,0.06772549113660005,3.855304665941108,0.0290356736236987
1610612745,Houston Rockets,82,22,60,0.268,3951.0,107.7,110.5,116.9,118.6,-9.2,-8.1,0.551,1.38,16.0,0.344,0.729,0.53,0.162,0.516,0.554,101.8,99.74,83.11,8220,0.457,2022-23,2022,2023,2023-24,1610612745,0.5,0.23199999999999998,0,HOU,11,17087.6,8,5,0,0.125,0.274,0.15228323462627874,0.4298356703106347,0.6753084107774059,21.44189187871127,109.42540626926348,118.15784250957812,-8.7037937549256,0.14229614525542889,1.4011856580210211,15.941315193473631,0.055009174684176446,0.1427588613965683,0.09711977827976623,11.329765024540214,0.5173135240369235,0.5510055156955922,0.1984217999211904,100.80021728524389,0.09302248287257037,16.81640487839135,7.230506332077062,3.417214822444346,2.382780495798123,1.1271331257754162,0.6657459210187505,1.487894183147043,0.02047681491207877,0.04560896741689421,2.220805485340563,0.05046996866882476
1610612746,LA Clippers,82,44,38,0.537,3966.0,112.4,114.0,112.0,113.6,0.3,0.5,0.581,1.68,17.5,0.273,0.731,0.505,0.143,0.551,0.588,100.2,98.84,82.37,8168,0.498,2022-23,2022,2023,2023-24,1610612746,0.622,0.08499999999999996,0,LAC,10,14988.433333333332,9,5,4,0.159,0.294,0.14473894314059954,0.39900623369576094,0.6373634780597482,30.401947390543373,113.00916774712945,112.50637055685162,0.5031111879604941,0.14078160748399324,1.8126908438284632,16.601144571480678,0.040654031664416786,0.14249370981623607,0.09254100117201486,9.779435987305767,0.5591682690874964,0.5945923595528108,0.1957957230353184,99.59660002268416,0.1030528286256291,17.228485076269926,6.617102521277519,3.3265651513500414,1.9238835279648976,1.0664223301078832,0.7229574805461101,3.127448313278163,0.030400255340187116,0.06420499403112342,3.9494949542651603,0.04653862211881096
1610612747,Los Angeles Lakers,82,43,39,0.524,3976.0,111.8,113.9,111.5,113.2,0.3,0.7,0.589,1.8,17.9,0.269,0.727,0.505,0.137,0.542,0.582,103.6,101.92,84.93,8436,0.511,2022-23,2022,2023,2023-24,1610612747,0.573,0.04899999999999993,0,LAL,8,12380.623333333333,7,4,4,0.186,0.322,0.16040751313813764,0.472059834359444,0.7711575911498264,27.933015354369616,113.26379241271373,111.77105670769942,1.4927357050143142,0.14756785724574453,1.8374852800895591,17.00923790320735,0.041127924226755416,0.13429206647376668,0.08912084421166733,9.224094317275894,0.5531454113645866,0.5973418684896588,0.19963290580145807,102.8631414102198,0.10999541205114335,18.606817588882844,6.673331202763889,3.6405275232507144,1.9336667755285344,0.9188551895744614,0.7269423968152384,5.128814147916407,0.04769731736400392,0.07329116027773615,4.147028455842929,0.046790006790225235
1610612748,Miami Heat,82,44,38,0.537,3961.0,110.4,112.3,110.6,112.8,-0.2,-0.5,0.608,1.77,17.8,0.274,0.733,0.498,0.138,0.53,0.574,98.6,96.76,80.63,7991,0.496,2022-23,2022,2023,2023-24,1610612748,0.561,0.02400000000000002,0,MIA,11,18088.168333333335,10,8,5,0.177,0.251,0.14362943143036133,0.3983467646116001,0.6314136653416444,28.004862202281213,111.51989997881671,111.69289098831729,-0.1638419257671289,0.15931196184319746,1.9818265724528397,18.330880176645852,0.038493388818344514,0.13063887895042994,0.08330042087364474,9.79820612018851,0.528480068693154,0.5683382402548405,0.19558065580806455,97.53848164375589,0.10054657515073617,16.46534875790353,5.783670191039243,3.6939063573877617,1.9205924756892188,1.2080825209775707,0.41397226419000777,4.1417426215105415,0.03955097828604843,0.04681098163406056,2.5311319319578223,0.03640940357179506
1610612749,Milwaukee Bucks,82,58,24,0.707,3966.0,112.8,114.3,109.4,110.9,3.3,3.4,0.604,1.76,18.1,0.284,0.745,0.521,0.143,0.555,0.583,102.8,101.45,84.54,8389,0.523,2022-23,2022,2023,2023-24,1610612749,0.598,-0.10899999999999999,1,MIL,13,17674.423333333332,11,5,9,0.204,0.373,0.1342321965431404,0.3722119552415383,0.5866782640904645,30.16797002523608,113.27547449450023,109.21560115964178,4.079449503963071,0.15835064114303019,1.943289038944599,17.882087496678338,0.043758312529574274,0.14289234490818842,0.09487806551727193,9.322010166479734,0.5586700637286232,0.5840149795552027,0.1975306606891653,103.19064013781117,0.10874898398382445,18.08511621406978,7.346887508069569,3.922956845173826,2.0755415499647603,0.9715734242720223,0.7658524266798331,3.741738348672869,0.04454254335801869,0.07671230693085315,3.9322509233209235,0.035583833595818105
1610612750,Minnesota Timberwolves,82,42,40,0.512,3966.0,111.3,113.3,111.1,113.1,0.2,0.2,0.61,1.71,18.6,0.258,0.703,0.485,0.15,0.56,0.592,103.4,101.55,84.62,8383,0.503,2022-23,2022,2023,2023-24,1610612750,0.683,0.17100000000000004,0,MIN,10,15710.021666666666,10,5,7,0.138,0.292,0.18086894214977214,0.4714459867602559,0.6756639312931141,25.650516289336753,112.14589683888617,111.38166326526392,0.7694863140969569,0.14191669648662694,1.7739944131203722,18.176917059206264,0.04076847963184434,0.14387242464019517,0.09335111165240277,10.907383365586277,0.5671701401218098,0.5942016831506598,0.19418930856556213,102.49462115212444,0.10298195408811764,17.142942620596855,6.789806039944991,3.611452689488122,2.209035782148826,1.203053719531259,0.8936970487946495,3.82839648717954,0.028962902939669674,0.0619597713482748,2.4548730874255726,0.04257958340958462
1610612751,Brooklyn Nets,82,45,37,0.549,3946.0,113.0,114.6,110.9,113.5,2.1,1.1,0.616,1.86,18.9,0.234,0.689,0.472,0.139,0.562,0.598,100.7,98.77,82.31,8111,0.51,2022-23,2022,2023,2023-24,1610612751,0.39,-0.15900000000000003,1,BKN,10,12253.429999999997,7,3,4,0.134,0.268,0.1966171920841757,0.5065574836324742,0.6955438871673757,27.601225806434062,112.94466602412548,112.84563828250538,0.08544111050266487,0.13146267657300853,1.970738330682375,20.23029313696927,0.04054477263373058,0.13205698717284328,0.08887640970732277,10.300410143663175,0.5842469103208924,0.5999864919455206,0.163530239152085,100.13631818192947,0.08958182647634173,14.16974675662243,6.381233662737698,3.4374048735741747,1.7803994473384186,1.057663038022823,1.0312214620722524,3.791969107584599,0.02446232128210378,0.037626758077316316,3.2519971517126267,0.0529553181332184
1610612752,New York Knicks,82,47,35,0.573,3991.0,114.9,117.0,111.8,114.2,3.1,2.8,0.546,1.77,16.6,0.318,0.727,0.521,0.131,0.541,0.577,99.7,97.75,81.46,8134,0.509,2022-23,2022,2023,2023-24,1610612752,0.61,0.03700000000000003,0,NYK,14,19560.61666666667,10,6,8,0.148,0.298,0.13993687997225715,0.38809555254307765,0.6163609361327225,25.025921132343303,115.3107421289547,113.09629232888877,2.2186030604011298,0.14367142694035723,1.9089525679575543,16.627302223771068,0.04908521842784439,0.13660482474564117,0.09243740773339629,9.273596069312743,0.5502908063566505,0.579138279553218,0.19866343153803093,98.76319392623103,0.10195407481188819,17.445462268145945,6.8924207399732635,3.4379284225020177,1.8349114760356058,0.9183759544049822,0.6091832483127236,2.212990252443272,0.0297471125405197,0.07015936996585381,3.9361431458230753,0.06342202027338895
1610612753,Orlando Magic,82,34,48,0.415,3956.0,109.0,111.3,111.5,113.7,-2.4,-2.3,0.574,1.54,17.0,0.281,0.73,0.505,0.151,0.532,0.573,101.7,99.66,83.05,8205,0.485,2022-23,2022,2023,2023-24,1610612753,0.573,0.15799999999999997,0,ORL,13,17341.28,11,5,2,0.126,0.272,0.15043449310931295,0.39307315646057656,0.5799855412441681,23.089349805781353,110.20175804977104,112.60796695322762,-2.3900681879692085,0.1509713964789989,1.656880423475084,16.983206295421486,0.041087641934928296,0.13742268631073756,0.08924082113123523,10.745091875186453,0.5325633659491497,0.5734993131994871,0.19909997493456844,100.85104634144655,0.09890062171496761,16.9814454296338,6.425131247520368,3.6142660749379516,2.2358211158576533,1.0919609163798751,0.645627081737911,2.3749024759498716,0.025510253297379448,0.04613878835631731,2.7298863782200096,0.03932403365853724
1610612754,Indiana Pacers,82,35,47,0.427,3951.0,111.0,113.8,115.4,117.1,-4.4,-3.3,0.643,1.81,18.9,0.285,0.685,0.482,0.146,0.545,0.581,103.8,101.68,84.73,8377,0.482,2022-23,2022,2023,2023-24,1610612754,0.573,0.14599999999999996,0,IND,11,18130.18833333333,11,5,1,0.159,0.238,0.1368918487976729,0.37383983784687663,0.5783640967877425,24.942283096342162,112.88575256572531,116.11906785671376,-3.220512785627433,0.165669078175599,1.784379716408535,17.902024992753798,0.039051930605979175,0.12925356272728547,0.0837048081776683,10.02465113204836,0.5425617132309619,0.5802102080572245,0.19645698707119513,102.60319103046639,0.09867707781671324,17.61857042669073,6.171364463671226,4.1221855297881165,2.138532666465222,1.157627246563811,0.8657383867955775,3.3673304456919197,0.03082450807914315,0.029755286454210855,2.015506085239355,0.042675020065586426
1610612755,Philadelphia 76ers,82,54,28,0.659,3976.0,115.5,117.0,110.2,112.7,5.2,4.4,0.616,1.84,18.6,0.258,0.721,0.496,0.139,0.563,0.608,99.2,97.44,81.2,8072,0.524,2022-23,2022,2023,2023-24,1610612755,0.573,-0.08600000000000008,1,PHI,12,18616.59666666667,8,6,11,0.213,0.37,0.1308444490122523,0.3690154430303139,0.5919764425255671,28.891158050907624,116.06330665701697,111.7117749323677,4.345707512955733,0.16503334372430045,1.9158194005742901,18.360226905060877,0.03793428381736081,0.1363301702656357,0.08919756036683396,9.957305058801476,0.5619762188899905,0.6006622721410411,0.19801750785455052,98.19921678577484,0.10785488808462841,17.475374571685943,6.118411546399726,3.848179196376566,1.9608310076009237,1.0848384568679668,0.70002053723031,4.434126508751989,0.05096755686710254,0.0805799574556875,2.4765649793936175,0.028073935604001808
1610612756,Phoenix Suns,82,45,37,0.549,3956.0,112.1,114.5,110.1,112.3,2.1,2.2,0.647,2.01,19.3,0.307,0.714,0.508,0.136,0.535,0.57,100.8,98.83,82.36,8141,0.514,2022-23,2022,2023,2023-24,1610612756,0.598,0.04899999999999993,0,PHX,11,15107.041666666668,9,3,9,0.147,0.311,0.1347276794210205,0.3886805545978834,0.6098825878660338,28.769947347953085,113.57913555764557,110.84407500917067,2.7118900623053817,0.1649340844915037,2.0232019582479475,18.907310796014002,0.0518376037664555,0.1383870133409089,0.09421538344425476,9.888067970510443,0.5381760564196056,0.5702735548819674,0.19279789160132282,99.84198681299286,0.10393783285388437,16.735771673805537,6.939280523155593,4.13926176810483,2.006481524895951,1.062815629576715,0.8316651451172054,4.353455699022452,0.03190150102541462,0.057372907122095404,3.286967247035396,0.03440670728570498
1610612757,Portland Trail Blazers,82,33,49,0.402,3946.0,112.0,114.0,116.0,118.0,-4.0,-4.0,0.597,1.67,17.8,0.264,0.709,0.486,0.145,0.549,0.589,101.0,99.25,82.71,8157,0.474,2022-23,2022,2023,2023-24,1610612757,0.256,-0.14600000000000002,1,POR,11,15245.45,9,5,2,0.173,0.331,0.14729148696824299,0.4278506046066203,0.6483937830631433,25.6372959363832,113.3450851565549,116.79076535403458,-3.4534999185549347,0.15752004193600935,1.6177274957446321,16.713307019471383,0.04007357430140358,0.1301001859571216,0.08531506176159662,10.40292494919249,0.5552370945648264,0.5913067214589708,0.21117723298864033,99.98630401748281,0.10074732964042822,18.612241685224117,6.0096618991240005,3.648301624419089,2.1866196143767485,0.885510103014342,0.7485512070814571,3.913440310841612,0.03339926302572186,0.06230332679378898,4.173516826157666,0.05249089330638629
1610612758,Sacramento Kings,82,48,34,0.585,3966.0,117.0,118.6,114.1,116.0,2.9,2.6,0.626,2.02,19.3,0.265,0.731,0.499,0.133,0.572,0.608,102.5,100.99,84.16,8343,0.511,2022-23,2022,2023,2023-24,1610612758,0.561,-0.02399999999999991,0,SAC,11,18708.353333333333,8,5,10,0.161,0.288,0.1462210463561197,0.4186811559756016,0.6637294463471398,25.858615206825615,118.0797646808752,114.86953531096445,3.22423160883926,0.16243861423043468,1.9747790701693684,18.150383090904494,0.03966137675398477,0.13994212790151134,0.0898167767660293,9.09117054841456,0.5766747153588789,0.6120403147007771,0.1990251119553369,102.0306174443288,0.10523678486936137,18.505744136398253,6.334710377147036,4.102552407070924,1.972380964937944,1.0275623758798655,0.47721997980937575,2.637555937389974,0.03156820157982597,0.04566471695259244,2.193551924691802,0.03418189849882003
1610612759,San Antonio Spurs,82,22,60,0.268,3971.0,107.2,109.7,117.7,119.6,-10.5,-9.9,0.632,1.78,18.7,0.299,0.709,0.495,0.148,0.525,0.554,104.1,102.07,85.06,8451,0.452,2022-23,2022,2023,2023-24,1610612759,0.268,0.0,0,SAS,13,15226.738333333331,10,4,0,0.121,0.273,0.13550713366826317,0.3675551877328073,0.5586853082893766,23.581122045944834,108.52413599629512,118.00710747530411,-9.474033232987193,0.1557313563432221,1.9338474008933626,18.27126276660475,0.040148981676202705,0.126252475278411,0.0814721456543057,9.981984333917868,0.5197724092366902,0.54957319333983,0.19776477015267988,103.34761085406451,0.08862253198676932,17.006137120851992,6.0808820623983495,3.97905307582287,2.1278358694239947,1.0142684310921042,0.5343232294331365,3.4593802814618924,0.023007865809373636,0.03877454569405885,2.6299729981364006,0.05053803085254256
1610612760,Oklahoma City Thunder,82,40,42,0.488,3971.0,112.3,114.2,111.4,113.2,0.8,1.0,0.567,1.87,17.2,0.289,0.693,0.487,0.127,0.531,0.57,103.6,101.94,84.95,8435,0.498,2022-23,2022,2023,2023-24,1610612760,0.695,0.20699999999999996,0,OKC,13,17942.108333333334,11,4,8,0.175,0.318,0.13465446507819362,0.3934235710871957,0.5978423197199512,22.819736346481022,113.01258372181272,112.45745308638479,0.5380281395766849,0.15235412319157962,2.0522045978431556,17.537360148589006,0.04340079069117203,0.12877898704769464,0.0846533932977962,8.751328295216144,0.5325659388784206,0.5668598676391153,0.19703116904228554,103.05719254286824,0.10099026990975143,17.735039499724348,6.362462976991278,3.7962093826766,1.890078878689935,1.241994507334469,0.5738456043580907,2.042269977326368,0.035493313272699105,0.05709801714503955,3.9861567907359525,0.04623906649396211
1610612761,Toronto Raptors,82,41,41,0.5,3961.0,112.2,114.6,111.4,113.1,0.8,1.5,0.571,2.05,17.2,0.316,0.721,0.502,0.118,0.517,0.555,99.6,97.85,81.54,8076,0.496,2022-23,2022,2023,2023-24,1610612761,0.305,-0.195,1,TOR,11,17933.745,7,5,6,0.135,0.27,0.14930233478841148,0.43853491467249783,0.6896617707753364,26.161732439785062,113.73063757737158,112.45082541320842,1.2742950417402126,0.14564436708562542,2.0116703752246576,16.378380617099218,0.04768508269373369,0.1352879992438835,0.08793475809616637,8.370754779142151,0.5142514008275089,0.5517814636597096,0.1986658252361679,98.72222728158563,0.09936445631777782,17.094923564486947,6.299186254739319,3.6092851771897054,1.710295311994232,1.3911204826431955,0.7326969353026932,3.5936596279730852,0.023082200554217527,0.0445581515803084,3.1326306484461575,0.02837294065506435
1610612762,Utah Jazz,82,37,45,0.451,3961.0,112.7,115.3,113.8,116.0,-1.1,-0.7,0.611,1.69,18.2,0.308,0.711,0.512,0.151,0.547,0.584,103.1,101.02,84.18,8329,0.498,2022-23,2022,2023,2023-24,1610612762,0.378,-0.07300000000000001,1,UTA,12,14550.116666666667,9,4,7,0.154,0.273,0.15618339830035727,0.42627722343578,0.633589765030521,26.819393200741803,114.512813963691,114.62303404210964,-0.10119461814166451,0.14507781323632,1.4898446094933944,16.301361672930458,0.05088162317140641,0.13370510144821288,0.09311838599232308,10.890360272025308,0.5663868621901085,0.6006958969401162,0.20489351139223397,102.19224835654236,0.10464218362510265,18.67531417273859,7.063860885422454,3.6271874108684123,2.35791923776098,0.8065914706296742,0.9105081631647857,4.38691888551396,0.031164059612927692,0.051862162007314756,4.3117943222459765,0.07133893195158961
1610612763,Memphis Grizzlies,82,51,31,0.622,3956.0,112.3,114.7,108.3,110.7,4.0,4.0,0.596,1.91,18.2,0.302,0.711,0.507,0.133,0.54,0.57,103.7,101.5,84.58,8360,0.519,2022-23,2022,2023,2023-24,1610612763,0.329,-0.293,1,MEM,13,18543.635,12,5,10,0.175,0.338,0.11940826776051909,0.3290635843511804,0.5247618207900806,24.759786938573086,113.65652954953727,109.23007562073634,4.421893307326207,0.15317337062914937,2.0936707285276057,17.53686093188669,0.04752171369493271,0.1344059237396911,0.09106415984064972,9.290184089221627,0.5431109272804387,0.5677055212385993,0.1965497375065173,102.71325525173462,0.1052111635609739,17.617905011611803,7.05881020630529,3.8633202174223125,1.949132411202011,1.2424748437941107,0.8988528948073019,2.309749439856616,0.03656731781159296,0.06547567556461126,4.399587048189355,0.04878869266980937
1610612764,Washington Wizards,82,35,47,0.427,3951.0,111.5,113.7,113.3,114.9,-1.8,-1.2,0.603,1.8,18.5,0.273,0.724,0.505,0.142,0.55,0.585,100.8,99.16,82.63,8161,0.504,2022-23,2022,2023,2023-24,1610612764,0.183,-0.244,1,WAS,12,17299.481666666667,10,6,5,0.145,0.288,0.12941726866768358,0.3729391121448821,0.5877702116123131,26.520916185446403,113.23212235935007,113.94855750495029,-0.6971615238182955,0.152853516516728,2.1741878528345118,19.292029366197774,0.04142301989972918,0.13863155601290175,0.09183744484059204,9.757966216521515,0.563393258892439,0.5957363378613753,0.19377076355563255,99.88882444165716,0.10269889907106079,17.026637310616916,6.625863260450289,3.8498263290932897,1.9852617934891883,1.028007679228154,0.8053420483022179,3.4425975020222874,0.02500553691698193,0.06241380741097063,2.172555220683257,0.06417990738984802
1610612765,Detroit Pistons,82,17,65,0.207,3961.0,107.8,109.9,116.1,117.8,-8.2,-7.9,0.581,1.52,16.7,0.292,0.702,0.491,0.15,0.52,0.561,101.6,99.88,83.23,8231,0.449,2022-23,2022,2023,2023-24,1610612765,0.171,-0.035999999999999976,0,DET,12,15893.993333333332,12,5,0,0.116,0.287,0.14498034687317934,0.39957055055180174,0.5936189101207625,24.83629129914487,108.84494187321917,116.6883647029758,-7.864769153881612,0.16577705099494605,1.6868207685586878,17.56603703327756,0.04390289539150848,0.12747677728567477,0.08471004412987881,10.864434488668465,0.5293264649454573,0.5646707341012265,0.19639618457538882,100.82852294724336,0.09261752710353051,16.568523370883504,6.224238171317549,3.889016353767188,2.3012467183619467,1.0441680483906077,0.554926620077438,5.079700999049013,0.019478250032249768,0.04716728757398261,3.7428233724568436,0.05884988734476384
1610612766,Charlotte Hornets,82,27,55,0.329,3966.0,106.7,108.4,112.6,114.7,-5.9,-6.3,0.609,1.77,17.8,0.276,0.717,0.491,0.139,0.516,0.551,103.3,101.47,84.56,8390,0.473,2022-23,2022,2023,2023-24,1610612766,0.256,-0.07300000000000001,1,CHA,13,16102.673333333334,11,6,0,0.133,0.289,0.1477744275174184,0.3836252241346261,0.5660393450197295,24.956302390369135,107.01332932916728,112.97703118447001,-5.9272591797386855,0.15284641152752693,1.6844870323809586,16.445328746655317,0.03750862910547773,0.12724770845503502,0.08137239023665221,10.120188583593368,0.5101631430971504,0.5447540761347701,0.20157906751301338,102.5615708002522,0.09298092024885311,16.90154140037203,6.1748753105592,3.7402485136008474,2.070215256183135,1.151361616559735,0.7891857294089056,3.858123030119873,0.02217499148734997,0.049615501341016666,2.0734484593784264,0.05497889443570276
1610612737,Atlanta Hawks,82,36,46,0.439,3971.0,114.0,116.4,116.7,118.4,-2.6,-2.0,0.618,1.96,18.4,0.308,0.717,0.504,0.133,0.539,0.576,102.6,100.84,84.03,8339,0.482,2023-24,2023,2024,2024-25,1610612737,0.488,0.04899999999999999,0,ATL,13,19088.28333333333,11,8,1,0.131,0.289,0.1458142298460574,0.37962607079211774,0.5803031004184942,26.540563626727398,115.49330290745547,117.13081361428523,-1.6463176451173802,0.1602454988531359,1.9836356194070188,17.341907121034986,0.048437346208014175,0.13469914188197474,0.08977677091619031,8.707097268219513,0.5487975034423387,0.5840935925790429,0.19454549841656793,101.9744970946401,0.09852403079725174,17.83565311006665,6.697092544553946,4.011466021477399,1.9161492608467503,1.1146104460240447,0.6732926044510726,3.1385996765465287,0.025043571230401716,0.05429841138574323,2.373939612244175,0.04464835582251298
1610612738,Boston Celtics,82,64,18,0.78,3966.0,120.2,122.2,109.0,110.6,11.2,11.7,0.613,2.25,19.3,0.287,0.726,0.515,0.121,0.578,0.609,99.5,97.98,81.65,8090,0.555,2023-24,2023,2024,2024-25,1610612738,0.744,-0.03600000000000003,0,BOS,12,18987.91666666667,9,6,12,0.155,0.296,0.1393103508810427,0.38807416997652006,0.603422264159224,28.820873450220528,121.3703335279015,109.62915358451646,11.753516850628689,0.15628161041012922,2.640742418643435,20.247807465273965,0.04342483561914375,0.13678050839349587,0.0921057565557043,7.938953764455465,0.5879733634987162,0.6155097346996993,0.1969679622566983,98.95502298303745,0.11289430760790853,18.240863707182196,6.878479734919137,4.047837440477497,1.6798051392332842,0.9820982642469991,0.9764104364617848,3.843493622534571,0.022128472113727,0.06449561571698378,2.2404116037262876,0.03914602343488515
1610612739,Cleveland Cavaliers,82,48,34,0.585,3961.0,112.8,114.7,109.9,112.1,2.9,2.5,0.671,2.07,20.2,0.274,0.721,0.501,0.138,0.557,0.586,99.5,97.62,81.35,8053,0.519,2023-24,2023,2024,2024-25,1610612739,0.78,0.19500000000000006,0,CLE,12,19108.210000000003,10,7,9,0.15,0.301,0.1278016971064619,0.34745902415767876,0.5485813863953417,26.689829223494336,113.80308368322655,110.53436910103039,3.294163503541148,0.172039864539902,2.3486680760085155,20.016288365053562,0.04145513150281127,0.13570077460595908,0.08932965254202252,9.024956925147183,0.5626720311147232,0.5883550315108882,0.19433726907613708,98.99011119129771,0.10519020148930747,16.93533826559369,6.469679786856017,4.24843562008163,1.900962989207257,1.115332100704357,0.6838945144521649,2.6918757060140326,0.030992643300982118,0.051640549166164194,2.6908411902483333,0.03947244119097282
1610612740,New Orleans Pelicans,82,49,33,0.598,3941.0,115.0,116.5,110.1,111.9,5.0,4.6,0.634,2.07,19.4,0.278,0.725,0.505,0.132,0.558,0.591,100.2,98.7,82.25,8101,0.524,2023-24,2023,2024,2024-25,1610612740,0.256,-0.34199999999999997,1,NOP,14,19469.80666666666,11,5,12,0.145,0.285,0.11923222315852482,0.34344913885465744,0.5503084947599207,26.401093179832984,115.16842001683975,110.68436443984551,4.4971537125347245,0.1616183589907245,2.2866347405949248,19.969256311738764,0.043658578273846935,0.13779294384364715,0.09135938946149441,9.154706800718104,0.5614723892995342,0.5929496006808491,0.19460881917676978,99.90635273043287,0.10533157305790745,17.32528759915781,6.612084146700996,4.041950767530307,1.8638089541036362,1.2480863531943993,0.6915322905106746,3.704161560384429,0.025807413671815424,0.05721274804223816,2.8413738655672445,0.039010515868453485
1610612741,Chicago Bulls,82,39,43,0.476,3996.0,112.4,114.0,113.2,115.7,-0.8,-1.7,0.594,2.04,18.2,0.291,0.717,0.501,0.124,0.534,0.568,98.6,96.94,80.78,8078,0.493,2023-24,2023,2024,2024-25,1610612741,0.476,0.0,0,CHI,12,19184.899999999998,9,7,5,0.155,0.252,0.15577711290302965,0.4419844078763333,0.6636593536235963,28.474946355380187,112.66762048103806,114.24105686416573,-1.534703707950871,0.15402829473526922,2.2051412004579993,18.688076959831257,0.04333714770470527,0.1348357410428688,0.08847916851273659,8.841796647363292,0.5371169393637706,0.5689026305410332,0.19638293275788082,98.12959676881297,0.10010494138619437,16.74379329576907,6.411917706112621,3.782975152333346,1.7376165630261302,1.1559090743240779,0.7130607926025156,4.4908614030581155,0.02958028624146216,0.043693848586317786,2.257139704497963,0.03229138475242805
1610612742,Dallas Mavericks,82,50,32,0.61,3941.0,115.2,117.0,112.6,114.9,2.6,2.1,0.596,2.05,18.5,0.257,0.711,0.485,0.124,0.562,0.592,102.4,100.6,83.83,8263,0.506,2023-24,2023,2024,2024-25,1610612742,0.476,-0.134,1,DAL,12,15787.496666666668,8,4,8,0.2,0.355,0.1662100113401977,0.4290722468349954,0.6373115095933511,27.054017324680355,116.49200570958158,113.81341956472306,2.6643843999755927,0.1735393793696235,2.1623453633877783,18.96370942490566,0.036518526264138554,0.13317931457995555,0.08531024593512715,8.896170640521644,0.5764279947063594,0.6032549485890628,0.20454370568354835,101.83108493134547,0.10700356811899037,18.74166666490719,6.314110596803505,4.21624792108692,1.881235551593677,1.0375299102728763,0.6270785171978923,4.345812535288539,0.04813373596543714,0.08728477102170602,4.849191174275286,0.05954274436510096
1610612743,Denver Nuggets,82,57,25,0.695,3941.0,115.6,117.8,110.5,112.3,5.0,5.5,0.669,2.33,20.9,0.3,0.718,0.515,0.13,0.562,0.589,99.1,97.43,81.19,7996,0.533,2023-24,2023,2024,2024-25,1610612743,0.61,-0.08499999999999996,1,DEN,12,19200.561666666665,8,5,8,0.211,0.288,0.14252360846735648,0.4011807119878525,0.6177462516938524,27.88596592269827,116.69089211539558,111.20712640611123,5.461562574080951,0.17251137445024398,2.4310593908841387,20.029645625818066,0.04613303100421455,0.13549048408913733,0.0922725319580495,8.384173978591077,0.559520536855823,0.5854256345973213,0.19403130611543745,98.47657005346286,0.10662862093357164,17.294494075997953,6.693554190298427,4.413620886264004,1.7624484422634514,1.0555941202067267,0.8474752084075319,4.028406235582882,0.04814509536803317,0.05682807944015969,6.367262101640141,0.04223792767202883
1610612744,Golden State Warriors,82,46,36,0.561,3966.0,114.7,116.9,112.4,114.5,2.3,2.4,0.671,2.05,20.1,0.315,0.725,0.521,0.142,0.557,0.586,101.8,99.91,83.26,8261,0.512,2023-24,2023,2024,2024-25,1610612744,0.585,0.02399999999999991,0,GSW,13,19217.86666666667,12,7,10,0.14,0.302,0.12600453397532851,0.34727892100406565,0.5486520356057557,29.257168676370597,115.2580214505252,113.14819640057168,2.1403845119819054,0.167344345713017,2.1519304544729208,20.71928451996059,0.04857185180110175,0.13714668554955803,0.09310446806444002,9.62217188519017,0.5612297663112102,0.5864497489315498,0.19511719996669757,101.22711265124813,0.10399085417042472,17.74723521167802,6.994741004898219,4.374054699099449,2.060582513494387,1.0527703387125869,0.6856119999444961,6.119521296005182,0.019499919433554756,0.05526996696269862,2.3529271512617767,0.03901420392836917
1610612745,Houston Rockets,82,41,41,0.5,3971.0,111.5,113.7,110.7,112.8,0.9,0.9,0.594,1.95,17.7,0.294,0.722,0.504,0.127,0.529,0.565,101.5,99.59,82.99,8248,0.501,2023-24,2023,2024,2024-25,1610612745,0.634,0.134,0,HOU,13,19520.02166666666,11,5,7,0.149,0.27,0.13752170527816188,0.3949613102376169,0.6138326519958612,25.49052899787594,112.54721415524386,111.43787990160189,1.1240518004889515,0.1507184114293589,2.0434501771813265,17.471174869768333,0.043440184791461556,0.13514303501883068,0.08835872279171823,8.863374579587644,0.5299617585806984,0.5651216432222198,0.1949834822587714,100.65869392477623,0.10028877555036868,16.99301392510408,6.707574521988663,3.705118838238995,1.8239733852754436,1.1618839562421936,0.6786877712652813,4.903857423321079,0.028046612692209108,0.05038046640130976,3.112705269142527,0.01755694389360758
1610612746,LA Clippers,82,51,31,0.622,3941.0,116.1,117.9,112.3,114.6,3.9,3.4,0.604,1.95,18.7,0.283,0.705,0.502,0.134,0.561,0.599,99.7,97.93,81.61,8040,0.52,2023-24,2023,2024,2024-25,1610612746,0.61,-0.01200000000000001,0,LAC,12,17901.91333333333,8,5,8,0.154,0.264,0.1397485631889627,0.4078600350726012,0.6236621076257398,30.83317267390785,117.35323147954018,113.66515320336335,3.6834728373540706,0.15818010989141942,2.0418265626728163,18.208163019446335,0.03979235441127894,0.13356950690931735,0.08861692977324209,8.882504588894966,0.5659967428993623,0.6040745074921229,0.20069476307374223,98.69760548965529,0.10816229205667774,18.01215289092004,6.318430767363042,3.985719217349952,1.8903007388037107,1.1804324826359343,0.6937805903056172,3.721821456842433,0.031654342084671445,0.05179187859467451,5.191096264856204,0.04791964511668454
1610612747,Los Angeles Lakers,82,47,35,0.573,3971.0,113.6,115.4,112.7,114.8,0.9,0.6,0.654,2.04,20.1,0.244,0.725,0.496,0.137,0.566,0.601,103.1,101.38,84.48,8387,0.518,2023-24,2023,2024,2024-25,1610612747,0.61,0.03700000000000003,0,LAL,11,18508.813333333335,9,6,5,0.169,0.285,0.1458895978204257,0.42319712915144564,0.6712816452846606,28.81846873309365,114.55338794455398,113.8079222078707,0.7549308671688659,0.1696160931621044,2.0028970360786684,18.90229726595114,0.03729734186092247,0.14144059019450916,0.09223413566581976,9.626509380035891,0.5718053014924063,0.6031604820154146,0.1984011118847165,102.42419839899696,0.1083280044605777,18.148975515087947,6.6811414526124855,4.3043278121197766,2.0228201195682636,1.1028259690338513,0.846083415396341,4.777073450430336,0.041845832046950325,0.0569308591994313,2.6238271511214695,0.04147589713813177
1610612748,Miami Heat,82,46,36,0.561,3951.0,111.7,113.3,109.5,111.5,2.2,1.8,0.648,2.04,19.1,0.261,0.734,0.498,0.13,0.538,0.578,98.5,96.88,80.73,7975,0.509,2023-24,2023,2024,2024-25,1610612748,0.451,-0.11000000000000004,1,MIA,12,16675.053333333333,10,7,11,0.152,0.268,0.1449154785312031,0.3941052862199741,0.6137148786730516,27.620435197008863,112.43177816922524,110.29484720288752,2.144229043945087,0.15994080108889205,2.101797434530944,18.546253885045047,0.04201583533166111,0.14484935920244935,0.09364255086840302,9.03247436889757,0.5459597473551309,0.5839986882600675,0.19765929044504804,97.83409341519346,0.10649541780576015,17.00144487293994,6.69695009471234,3.7370795015947973,1.809169625844275,1.0729800764255426,0.5246160132221466,4.009594816607991,0.03170526089615514,0.042124504359529906,2.8966240443836835,0.027952677883362156
1610612749,Milwaukee Bucks,82,49,33,0.598,3961.0,116.0,117.6,112.8,115.0,3.2,2.6,0.615,2.05,19.0,0.255,0.731,0.499,0.128,0.568,0.601,102.2,100.51,83.76,8295,0.511,2023-24,2023,2024,2024-25,1610612749,0.585,-0.013000000000000012,0,MIL,11,18015.908333333333,8,5,6,0.197,0.32,0.14311953000796981,0.4194528076806193,0.6606584273436116,30.344942363438985,117.03652787420748,113.7767325451719,3.258457307870035,0.15818431266070865,2.110167611125168,17.94763841586302,0.04054739427052665,0.14117086426857003,0.09212359548898683,8.577025156933065,0.5708458253330736,0.5987800465236973,0.198134713995825,101.78206961717629,0.10556378543222679,18.307819616829384,6.793995491947164,3.9025509399331795,1.8643522923490305,0.991124048236998,0.7773130136374843,3.6500382523342685,0.04610241702321686,0.07425389115986769,3.738968947795455,0.02587423567518382
1610612750,Minnesota Timberwolves,82,56,26,0.683,3961.0,113.1,114.6,106.2,108.4,6.9,6.3,0.646,1.88,19.3,0.275,0.725,0.508,0.144,0.559,0.594,99.5,97.79,81.49,8081,0.543,2023-24,2023,2024,2024-25,1610612750,0.598,-0.08500000000000008,1,MIN,9,17980.721666666665,8,5,9,0.145,0.314,0.15407520258039328,0.42028096202664467,0.6500280439244513,27.483683033485953,113.70943299179778,107.17747300279844,6.5527918002549566,0.16404530639435771,2.128401817020136,19.87487209680961,0.041765432384851434,0.13924191483601,0.09258736695125232,10.054607912010946,0.5697137293247314,0.5994837682173119,0.19556086291679245,98.48620840209138,0.11183033532302604,17.080293310437206,6.6150848784063445,3.998282234315215,2.0461915089985725,1.1612437135216949,0.9470142698202787,4.629003109996378,0.030180741223975495,0.06540783807081783,1.5829546826286103,0.04494292384308259
1610612751,Brooklyn Nets,82,32,50,0.39,3961.0,110.4,112.4,113.1,115.4,-2.7,-2.9,0.63,1.95,18.6,0.289,0.715,0.497,0.134,0.531,0.561,99.4,97.56,81.3,8050,0.483,2023-24,2023,2024,2024-25,1610612751,0.317,-0.07300000000000001,1,BKN,12,15818.59,11,5,1,0.131,0.296,0.18043580369678966,0.4453464773619731,0.6687312206713746,25.609542843789065,110.55048092149802,113.46714495413306,-2.9163740889674736,0.1403298481933809,1.8420632369888845,16.84683282981184,0.04996598063839233,0.13917128001505402,0.09362823108760009,9.246857947937624,0.5444673717231854,0.5701972731661503,0.19826649151409825,98.84980840791329,0.10083390144127888,17.07990408753245,6.975337245607856,3.356809930594319,1.8434007076484058,1.0354905209629934,0.8397714334842737,2.958210866969774,0.019903108572562594,0.05307138967097463,2.5672078327709453,0.03389419862503935
1610612752,New York Knicks,82,50,32,0.61,3946.0,114.1,117.3,111.2,112.4,2.9,4.9,0.59,1.84,17.8,0.333,0.729,0.527,0.138,0.54,0.574,97.8,95.96,79.97,7883,0.515,2023-24,2023,2024,2024-25,1610612752,0.622,0.01200000000000001,0,NYK,8,14000.544999999998,7,5,6,0.156,0.311,0.19472837188361836,0.5566546397539048,0.8085336439879066,26.966340476983813,117.84496843991906,112.19797587641527,5.658635645969496,0.17452483718788567,2.314869855661571,20.874930083078908,0.05579567509693372,0.14515241585238287,0.09957080646979574,9.686815251358667,0.5618381674903845,0.5895167710733165,0.1941278783552116,96.74386605902365,0.11231686421254793,17.33846789535693,7.222861681455972,4.2169786961864695,1.9027830702304802,1.1802397692375546,0.5914055488554195,1.7642752422013888,0.026477675112303544,0.08114499275678755,3.3067760482442154,0.04915324766355134
1610612753,Orlando Magic,82,47,35,0.573,3956.0,110.6,112.9,108.6,110.8,2.0,2.2,0.61,1.68,18.1,0.297,0.737,0.515,0.15,0.541,0.577,99.4,97.37,81.14,8022,0.513,2023-24,2023,2024,2024-25,1610612753,0.5,-0.07299999999999995,1,ORL,14,19458.34833333333,12,4,10,0.139,0.292,0.14383038162968442,0.36800185764310767,0.5341027146103272,24.413605505571777,111.7994001375074,109.71770678720678,2.0684830135891117,0.15400044642363875,1.8182219054392168,18.58340128046154,0.04460262052046385,0.13715951602264292,0.09031140250084606,10.260777965995574,0.5498604279448521,0.582046773325828,0.19402007544490973,98.42543846518663,0.10423362859934412,16.57509643033252,6.332911606320818,3.683560329589468,2.0610176831555336,1.2192196168756702,0.7696439463130179,3.8058362656183484,0.029921116600555162,0.06078110122332488,3.0577407844139395,0.04514853336932607
1610612754,Indiana Pacers,82,47,35,0.573,3941.0,117.9,120.5,115.5,117.6,2.5,2.9,0.654,2.38,21.0,0.284,0.7,0.492,0.126,0.578,0.606,104.2,102.16,85.13,8389,0.517,2023-24,2023,2024,2024-25,1610612754,0.61,0.03700000000000003,0,IND,11,15523.496666666668,8,4,10,0.157,0.239,0.14323695112505794,0.40549047261473947,0.6262710570578063,24.933163468969298,118.90581851296818,115.63996886225591,3.2921171969631415,0.17423218941866406,2.3466215493974834,20.016289446385468,0.0425008939137209,0.1301187419329279,0.08655659120185336,8.70891095412567,0.5859972131493569,0.6132413351244533,0.1934683957587734,103.34224501610356,0.10643316872981153,18.522373288320566,6.242923361983093,4.830612690568642,1.9062715466382252,1.1664897663735125,0.9832836201637561,2.862421777342519,0.03318035103616359,0.03807522332366058,2.4933319547208064,0.04699736311940686
1610612755,Philadelphia 76ers,82,47,35,0.573,3956.0,113.8,116.2,111.0,113.0,2.8,3.1,0.6,2.07,18.0,0.292,0.701,0.493,0.122,0.532,0.574,100.1,98.17,81.81,8090,0.506,2023-24,2023,2024,2024-25,1610612755,0.293,-0.27999999999999997,1,PHI,8,12220.518333333333,6,5,7,0.225,0.387,0.21486868192033864,0.5768091397105225,0.8140227548995128,27.16733019098617,116.5479518394678,112.1338590384396,4.426738418487704,0.15999945228728027,2.1858104259352884,15.947494357508841,0.04904677433894989,0.1455571689471437,0.09687651314844666,8.021980641573988,0.5294880826795264,0.5725629176121962,0.2254287799576423,99.22282986087197,0.11621166955411467,20.14971814479773,7.090697598615225,3.7176819150196985,1.7969777877670492,1.2549385862110867,1.051673885627601,2.9955887273519677,0.0428207714476866,0.0711463613863774,3.6216709668926956,0.03041870160008338
1610612756,Phoenix Suns,82,49,33,0.598,3956.0,114.9,116.8,111.5,113.7,3.4,3.1,0.637,1.82,19.4,0.292,0.714,0.514,0.15,0.565,0.603,100.8,99.0,82.5,8158,0.527,2023-24,2023,2024,2024-25,1610612756,0.439,-0.15899999999999997,1,PHX,10,16543.723333333335,8,6,8,0.148,0.289,0.1686825033542429,0.46849147420864745,0.7085018346333565,29.810798435741084,116.55340697186867,112.71372843920463,3.8440543614023195,0.16996112241561098,1.908388514717666,19.406247716908542,0.042165328663418565,0.13329667152718747,0.09009138994708366,10.51352814168999,0.576843635360601,0.6137775442327874,0.2025887279103031,100.15244225050505,0.11031473608218383,18.409398770973965,6.478106399667789,4.23677297956103,2.232629212650034,1.0727935690413906,0.9161178348203356,3.6491554102614003,0.0289204953667501,0.06271932470858514,3.849165242387899,0.04164499111101966
1610612757,Portland Trail Blazers,82,21,61,0.256,3976.0,105.0,107.6,114.5,116.6,-9.5,-9.0,0.587,1.52,16.7,0.32,0.697,0.498,0.154,0.503,0.539,100.0,97.88,81.56,8103,0.434,2023-24,2023,2024,2024-25,1610612757,0.439,0.183,0,POR,15,18520.333333333332,14,6,0,0.141,0.276,0.09882039560123108,0.2904417667068627,0.47617780457515163,24.684121146127673,107.36204833426324,115.68677816274,-8.311380806680946,0.1424496054786631,1.577581890174763,15.996222395205269,0.04702750103489858,0.12677780340526626,0.08491111229099547,10.425354925217329,0.5041325651986104,0.5386052491855797,0.19248585086661504,98.83819603948812,0.08595126680585302,15.770126527600294,6.216302802325371,3.296700923309515,2.0876514101618038,1.1254657043609724,0.594805709040514,3.393361457448359,0.028038655024587713,0.05699763970614101,2.679767965108933,0.04203879258132116
1610612758,Sacramento Kings,82,46,36,0.561,3971.0,113.8,116.2,112.9,114.4,0.9,1.8,0.654,2.16,19.9,0.285,0.744,0.507,0.131,0.556,0.582,101.1,99.46,82.88,8226,0.5,2023-24,2023,2024,2024-25,1610612758,0.488,-0.07300000000000006,1,SAC,13,19242.756666666664,9,5,9,0.169,0.3,0.15216227681861938,0.424853455681246,0.6458808656486674,26.90570235345698,115.1892121225874,113.24974828623826,1.9164151809849834,0.16928729892650515,2.216580025696249,19.137490115328237,0.04275475317379162,0.14063831117752185,0.090095342715103,8.59356466944185,0.5620517687434595,0.5870150948573376,0.19544267410057495,100.70112589897462,0.1011933523211418,17.51848790895691,6.54230587544023,4.25801777881097,1.885800492548971,1.1318544622937774,0.6192459950731244,2.918936772950938,0.03556487623637047,0.054905270682891014,3.5018313462004325,0.03241263739417629
1610612759,San Antonio Spurs,82,22,60,0.268,3966.0,107.5,109.3,113.8,115.6,-6.3,-6.4,0.712,1.97,20.5,0.269,0.721,0.492,0.148,0.532,0.563,103.5,101.8,84.84,8413,0.48,2023-24,2023,2024,2024-25,1610612759,0.415,0.14699999999999996,0,SAS,13,18639.643333333333,9,5,2,0.162,0.312,0.12058939611326612,0.3529583809990642,0.5753122422049207,23.142771776927777,107.88513219047645,114.17240769807292,-6.302678600967507,0.18244908986992422,2.246697793573661,21.238918466429883,0.040823542313846134,0.1388360221663755,0.08917108517634367,9.957629643485667,0.5282379728117116,0.5599215570648436,0.19779057181530477,103.00535616740164,0.09770869578513036,16.872425849350122,6.667080360800895,4.529056618214977,2.2230039094095684,1.0699775550068644,0.9579582441938713,2.4899169679290174,0.028407839161129954,0.051453302009963224,4.0806753423521025,0.027148498590846285
1610612760,Oklahoma City Thunder,82,57,25,0.695,3961.0,117.0,118.3,109.1,111.0,7.9,7.3,0.609,2.14,19.4,0.25,0.698,0.484,0.125,0.573,0.608,102.3,100.85,84.04,8324,0.538,2023-24,2023,2024,2024-25,1610612760,0.829,0.134,0,OKC,11,18102.245000000003,8,5,11,0.187,0.317,0.14101492199816465,0.3983735166549784,0.6323310543342366,23.36092585938006,117.68668864920713,109.63183828856587,8.067061497989153,0.156068435066111,2.263577707258593,18.89490147032408,0.03838061798412297,0.13136618036418504,0.08725004743886738,8.502843293746162,0.577270801218302,0.6077404044820592,0.19774735389634457,102.19789103137944,0.11127773636179748,18.465113028798363,6.343964519317908,4.039057034086104,1.771934917464657,1.3085669760850105,1.0182162488685795,2.208340496208444,0.0391119190939827,0.0604547925426743,2.1952949076175026,0.03439667345337669
1610612761,Toronto Raptors,82,25,57,0.305,3961.0,109.8,111.8,115.8,118.1,-6.0,-6.3,0.674,2.04,19.9,0.281,0.694,0.484,0.139,0.535,0.566,101.8,99.91,83.26,8241,0.474,2023-24,2023,2024,2024-25,1610612761,0.366,0.061,0,TOR,7,8320.551666666666,5,3,1,0.132,0.24,0.2516958510964116,0.6498313112652186,0.8869011289515859,24.483268236821637,110.92656480509805,116.6233958044849,-5.710399430646725,0.13390079203482302,1.8552041120670886,15.992121035243857,0.05043105755607951,0.1398518683957454,0.09436448144163519,9.055992841820784,0.540678180393087,0.5665530462623573,0.19189406071031745,100.89605230101931,0.09439336834837272,16.761388617862078,6.918291275157838,3.361796323200525,1.825840474119204,1.1422319553731515,0.9085936008650068,3.224406307097007,0.030696036826169906,0.03044559146265259,5.824079715396241,0.056427694243505834
1610612762,Utah Jazz,82,31,51,0.378,3961.0,112.0,114.5,117.7,119.6,-5.8,-5.1,0.648,1.74,18.9,0.325,0.717,0.521,0.155,0.539,0.579,102.2,100.26,83.55,8281,0.478,2023-24,2023,2024,2024-25,1610612762,0.207,-0.171,1,UTA,13,16013.546666666669,11,5,2,0.136,0.267,0.1295630116501362,0.3745828531843039,0.5932782119472179,24.946693362120076,113.3152498592858,118.65082553021774,-5.332457873167384,0.16665280094103657,1.6785649056715315,17.600112436054143,0.048839886604341666,0.1372031841166146,0.09286119512562696,10.592350872094958,0.5398426887110579,0.5776570995931778,0.20672430810663636,101.28719513416141,0.09912285587785674,18.312994997568726,6.861190858406549,4.109520605887016,2.329028089550847,0.9531929632910802,0.8587729056065864,3.783999765247895,0.02131868125046834,0.04865226769583327,3.8909418305225096,0.05273940218328929
1610612763,Memphis Grizzlies,82,27,55,0.329,3956.0,104.2,106.8,111.7,113.7,-7.5,-6.9,0.644,1.64,17.9,0.287,0.706,0.488,0.152,0.509,0.543,100.7,98.68,82.23,8128,0.458,2023-24,2023,2024,2024-25,1610612763,0.585,0.25599999999999995,0,MEM,12,13401.641666666663,12,8,0,0.128,0.302,0.1585014771200295,0.3868992418217421,0.5861058066891061,24.45996205688731,106.18915502267447,112.89597906226662,-6.695332611614123,0.1673050051703865,1.6713116141865707,18.148409330448946,0.03526329896150782,0.1288382961788885,0.08052314585837432,10.75190580507239,0.525516733708619,0.5623773423280854,0.2105667043278902,99.81604009583403,0.09889040807811482,17.651270335661614,5.992997126595809,3.752674579047219,2.3047922611471106,1.2410419867715212,0.889144800046263,3.340807106677597,0.014862571822332502,0.06028727369264932,2.2135218343983225,0.03327295515768023
1610612764,Washington Wizards,82,15,67,0.183,3946.0,108.3,110.2,116.8,118.9,-8.5,-8.7,0.65,2.0,19.5,0.24,0.683,0.459,0.136,0.538,0.567,104.9,103.07,85.89,8461,0.454,2023-24,2023,2024,2024-25,1610612764,0.22,0.037000000000000005,0,WAS,12,15857.631666666666,7,6,1,0.114,0.295,0.1479133233325405,0.43407112390364305,0.6863220117253742,24.869428694637985,108.78665935718229,118.36830072039972,-9.56414410979193,0.17680102724461058,2.3862373385096705,20.028274114913547,0.024949920958142233,0.11927096438003196,0.07173611843466747,9.691069883386325,0.5338149473560522,0.5609361222393551,0.20261878649596582,104.26257631788016,0.08817088417679858,17.473731628062577,5.380374686047591,4.510887975179984,2.149879674129565,1.0942365395252907,0.5698202726573609,3.0278692883218046,0.02279201253844121,0.052212866242586774,3.117838125617485,0.03753539614671917
1610612765,Detroit Pistons,82,14,68,0.171,3951.0,107.2,109.0,116.0,118.0,-8.8,-9.0,0.623,1.67,18.2,0.277,0.73,0.499,0.151,0.526,0.562,102.2,100.45,83.71,8269,0.449,2023-24,2023,2024,2024-25,1610612765,0.537,0.366,0,DET,11,13660.873333333331,9,5,0,0.137,0.298,0.16232319944405701,0.4442749145857439,0.6642917168302077,22.130023409923524,108.29482796609881,116.69838696257095,-8.362728786007336,0.18354096773217524,1.7831927204751672,19.839406545994372,0.049478640823841916,0.14679691110524412,0.0973193888043273,11.682955457703779,0.5289466198110321,0.5611768630214466,0.19634711616778036,101.65413499063749,0.09435622429703126,16.251669610190856,7.138928648290422,4.456230470379883,2.4745123664616857,0.9592358907263616,0.8169316651790443,1.2325811597510374,0.025997586451550356,0.05467983384389218,3.135380987992645,0.056584449847297935
1610612766,Charlotte Hornets,82,21,61,0.256,3946.0,107.1,108.6,117.0,119.2,-9.9,-10.6,0.62,1.8,18.4,0.253,0.709,0.475,0.14,0.529,0.56,99.4,97.81,81.51,8047,0.447,2023-24,2023,2024,2024-25,1610612766,0.232,-0.023999999999999994,0,CHA,11,12133.97,7,6,0,0.133,0.315,0.21271823374103174,0.5540492243401514,0.6910383273844698,24.24430517519548,106.9360408423624,117.8970977072357,-10.95505132835063,0.13274673444333002,1.591676814485833,15.885410161170112,0.04364592338698711,0.1438806947217879,0.09202153362282363,10.158280705600337,0.5375649298347256,0.5645389349075365,0.1906789448685522,98.88874460021465,0.08803863670889794,15.825323451434278,6.60426884193714,3.130055538294556,1.8750664456892507,0.9197319591197274,0.7506199537331969,3.7704171427948854,0.028136053316036178,0.06084195298644703,3.702061280240201,0.07781042950034893
1610612737,Atlanta Hawks,82,40,42,0.488,3956.0,111.9,113.7,112.6,114.8,-0.8,-1.1,0.682,1.91,19.9,0.3,0.715,0.503,0.149,0.546,0.579,105.2,103.41,86.17,8521,0.498,2024-25,2024,2025,2025-26,1610612737,0.561,0.07300000000000006,0,ATL,12,15532.443333333333,11,4,4,0.135,0.285,0.1763444386191226,0.47475831769760196,0.6761152409376245,24.468463965639234,112.22754883166051,112.91902261352742,-0.6937576251686526,0.18718316543029395,2.0270428058860883,20.133349882922477,0.05131475290537034,0.1400702158256707,0.09497354462154808,9.883634051564758,0.5488450853299964,0.5787647045442303,0.1926102629700028,104.71499564030816,0.10425444644575128,17.36674612043222,7.094569581561863,4.839418910911848,2.3061407166462113,1.5714205084282726,0.8645130525718964,3.168768800659494,0.02291983039708196,0.047882516734018075,2.7781177881376777,0.04029602875123349
1610612738,Boston Celtics,82,61,21,0.744,3966.0,117.5,119.5,108.0,110.1,9.6,9.4,0.628,2.2,19.0,0.291,0.717,0.506,0.122,0.561,0.591,98.3,96.59,80.49,7979,0.542,2024-25,2024,2025,2025-26,1610612738,0.683,-0.06099999999999994,1,BOS,12,18943.015,9,7,12,0.158,0.301,0.13851103779766138,0.39425121432183136,0.6082613213014577,29.364796821766046,118.79163372356513,109.10151303791926,9.695124984064048,0.16289800638036409,2.5512725227038393,19.488386070890336,0.04507536243130603,0.13261490440319734,0.08935377208960664,8.011218321546668,0.5722747468306039,0.5983746812039512,0.19708893242883102,97.66834600071142,0.11043352250596504,17.702567410731607,6.72564531042181,3.9700121654340665,1.6799860001166658,1.0414392851401955,0.8190881968894603,4.053620814894323,0.024854466254313236,0.06493054543617416,2.169466502395148,0.0462387337528556
1610612739,Cleveland Cavaliers,82,64,18,0.78,3951.0,119.1,121.0,109.0,111.8,10.1,9.2,0.631,2.13,19.6,0.296,0.7,0.505,0.131,0.578,0.607,102.4,100.31,83.59,8267,0.546,2024-25,2024,2025,2025-26,1610612739,0.634,-0.14600000000000002,1,CLE,12,16661.868333333332,9,5,9,0.151,0.298,0.13808595494642908,0.4098493956410051,0.6239812442002053,26.614541626534283,119.55048303406554,110.31080115965386,9.242121626816362,0.16904257325684066,2.3993138244500587,20.10624491791187,0.048462441436889686,0.13427562265176146,0.0925827647779796,8.741593834865059,0.5866639592538692,0.6115975383312856,0.19631746169722267,101.4874428297907,0.11423818347302188,18.58783143667062,6.948560490565234,4.386062747464996,1.909989886088205,1.2682851392916021,0.6654715892705511,2.1821924725854798,0.0339578303284237,0.06440914983015711,4.557418067005442,0.05814740512949971
1610612740,New Orleans Pelicans,82,21,61,0.256,3951.0,107.6,109.7,116.6,119.1,-9.0,-9.4,0.636,1.76,18.3,0.303,0.682,0.487,0.146,0.519,0.552,101.8,99.77,83.14,8212,0.455,2024-25,2024,2025,2025-26,1610612740,0.317,0.061,0,NOP,15,15982.3,13,6,0,0.167,0.325,0.12237224930078901,0.35299664837559885,0.52108259345234,25.63906404793636,108.8904151050433,117.79172775507908,-8.893050384904969,0.1566344532180391,1.7613399114437014,16.987468386903014,0.04748080157424151,0.1285662425516561,0.08674405342159766,9.686158980038334,0.5252909294448651,0.5573647781191277,0.19916580633993025,101.21302332267572,0.09361811775109548,17.197775038636493,6.525468799859845,3.71886399329258,2.0294951289864414,1.274910369596366,0.7793621693998987,3.630079467288064,0.02292737678968349,0.054667739743551096,3.722675343148188,0.03636732192095059
1610612741,Chicago Bulls,82,39,43,0.476,3951.0,111.9,113.2,112.5,114.8,-0.6,-1.6,0.673,1.98,19.9,0.26,0.722,0.496,0.141,0.553,0.585,105.3,103.61,86.34,8532,0.495,2024-25,2024,2025,2025-26,1610612741,0.378,-0.09799999999999998,1,CHI,12,16220.418333333331,8,5,4,0.136,0.237,0.15106001684502385,0.42200812535558324,0.612362134926442,24.88315344517933,111.23467563670523,113.39955436825458,-2.1885723456988524,0.16685980653396632,2.0205340953495754,19.536917677112932,0.04085266204087832,0.13864448707703902,0.09081194802723441,9.682948097002429,0.5404704234405792,0.5722020470906474,0.19147859205439727,105.1810480617485,0.09670892746189964,17.122862943012876,7.006724343628211,4.303464840764999,2.0773816869293653,1.1407843879077924,0.7723598579609178,4.178942980571283,0.029156392269557675,0.03448394765800954,3.2312097155972075,0.030796008543710042
1610612742,Dallas Mavericks,82,39,43,0.476,3946.0,112.1,113.7,113.0,115.0,-0.9,-1.3,0.601,1.8,18.2,0.271,0.694,0.488,0.14,0.549,0.583,101.7,100.15,83.46,8238,0.496,2024-25,2024,2025,2025-26,1610612742,0.317,-0.15899999999999997,1,DAL,13,15227.491666666665,10,5,5,0.141,0.264,0.1402781920200252,0.3953203060911214,0.6342733181597539,28.507469330416097,111.95953407734586,113.54863615642543,-1.5735382113162655,0.14965432050255598,2.0270149110791396,18.783386845830922,0.04399079570447968,0.12303090747600692,0.0844046650274531,9.655626813126917,0.5600127102351614,0.5915108680079177,0.1936407336730333,101.48877127498017,0.09994036279776873,17.267715901995242,6.293354289582603,3.732985132701326,1.9598762982960098,1.1560669600322664,0.8487280954020114,4.501332118591726,0.021980888312138736,0.043928489516854775,4.1597984162559225,0.060441340264945353
1610612743,Denver Nuggets,82,50,32,0.61,3971.0,117.2,118.9,113.1,115.1,4.1,3.8,0.683,2.17,21.1,0.311,0.709,0.52,0.14,0.573,0.604,102.3,100.67,83.89,8328,0.529,2024-25,2024,2025,2025-26,1610612743,0.659,0.049000000000000044,0,DEN,12,19200.758333333335,8,6,6,0.206,0.285,0.1393373786018,0.4082865650705636,0.6432063664152152,27.63935981695167,118.45143113705146,114.29012012112369,4.150414093887784,0.17482035744247948,2.2612912337229734,19.95327787834768,0.04762535637698337,0.13254757108117687,0.09251276377538906,9.041180170401255,0.5755487431703,0.6041375872741137,0.195255602751801,101.69002952487554,0.10637286591545213,18.24490438962697,6.7834820760117545,4.668565607868786,2.011795541061529,1.1980776800916282,0.7293461933578144,4.246600088936737,0.04275005986482587,0.050148021003620064,5.006175367098465,0.04925088940258671
1610612744,Golden State Warriors,82,48,34,0.585,3946.0,112.0,114.2,108.9,111.0,3.1,3.2,0.714,2.07,20.1,0.314,0.716,0.509,0.141,0.536,0.568,101.3,99.37,82.81,8173,0.515,2024-25,2024,2025,2025-26,1610612744,0.451,-0.13399999999999995,1,GSW,11,15091.721666666665,9,3,10,0.145,0.286,0.14925069847895642,0.40411194525740546,0.6271148873781023,28.813985658583466,113.50396328759929,109.17443824887219,4.338362941360899,0.1739627945033442,2.1051842825973135,20.419878900496556,0.048644129071644476,0.14156524078929364,0.09381334689779706,9.70624429529964,0.5458279384514667,0.571762854757128,0.19162348806459348,100.93730421413153,0.10401216770827894,17.05809354863754,7.1490849343122225,4.291359291567463,2.0586120448152982,1.3739983056936405,0.7347074273500716,5.718575355541265,0.02247242690901714,0.052189187407524894,3.033103592978919,0.032294842258790306
1610612745,Houston Rockets,82,52,30,0.634,3956.0,111.4,114.9,108.0,110.3,3.4,4.6,0.549,1.68,16.4,0.363,0.715,0.533,0.14,0.523,0.553,101.6,99.03,82.53,8159,0.515,2024-25,2024,2025,2025-26,1610612745,0.634,0.0,0,HOU,14,19504.663333333334,8,6,11,0.153,0.267,0.13828026425817141,0.38351589081517085,0.6058582742349307,25.32277725378154,113.63409716206334,108.65347128097062,5.003378055401795,0.13954681359107457,1.8555912756932151,16.60095423333805,0.05437504518150276,0.13474738314717563,0.09322367283447944,9.227445205838814,0.5266614762555077,0.5553818837170396,0.19429040285921376,100.20316331359393,0.10453759878620485,17.083914462165378,7.253649939100036,3.5068536601247,1.937998075332071,1.255084467834103,0.7364392686261869,4.129941612065483,0.02653345826109116,0.0451413108860251,2.973728142223785,0.03198505784092646
1610612746,LA Clippers,82,50,32,0.61,3961.0,112.4,114.3,107.9,109.4,4.5,4.9,0.605,1.69,18.4,0.282,0.734,0.512,0.151,0.554,0.589,99.7,98.24,81.87,8099,0.521,2024-25,2024,2025,2025-26,1610612746,0.512,-0.09799999999999998,1,LAC,9,15742.688333333334,8,4,7,0.157,0.286,0.17716393843364112,0.46823017203859607,0.7004844471184664,31.141887879590236,114.4461740175042,107.8872912642091,6.566769112814594,0.1480047731153076,1.7720227612543515,17.419830878101823,0.04377844307193191,0.13683898821601095,0.09164814152347762,9.62065984494601,0.5669897077087532,0.599933854054787,0.197565867138533,99.12356259461401,0.10841058806876801,17.51670325684527,6.462428642799573,3.6748488425261545,2.0420908627105514,1.4200878227807978,0.6380104711044164,3.2119036374790437,0.03596782082479419,0.06621815839171864,4.000928289102862,0.03550967210894453
1610612747,Los Angeles Lakers,82,50,32,0.61,3946.0,113.4,115.0,111.4,113.8,2.1,1.2,0.635,1.86,18.9,0.273,0.702,0.495,0.142,0.557,0.593,100.1,98.34,81.95,8084,0.511,2024-25,2024,2025,2025-26,1610612747,0.646,0.03600000000000003,0,LAL,11,13668.395000000002,10,3,5,0.169,0.291,0.18656847908380364,0.5021338155162572,0.7231590346440334,29.12178837871357,113.22742975065228,112.5022463744524,0.7056924020706161,0.16382029833544223,1.9633517249099106,18.551628958630474,0.039466043379636016,0.12431077716147362,0.08344317432051582,9.497477379994749,0.5672812283373431,0.5940940317669583,0.18072453166593444,100.00802212939656,0.09768268366549256,16.105768087621115,6.041967619460807,3.85853642655191,1.8673736016554978,1.0983001296055608,0.5873403570792327,5.43177893854002,0.0419302835250501,0.06726555562870619,3.1116045029451973,0.05497168983829776
1610612748,Miami Heat,82,37,45,0.451,3986.0,110.8,112.4,110.6,112.0,0.3,0.4,0.653,1.94,19.2,0.263,0.724,0.496,0.138,0.544,0.576,98.4,97.08,80.9,8066,0.505,2024-25,2024,2025,2025-26,1610612748,0.524,0.07300000000000001,0,MIA,10,16252.901666666667,9,4,7,0.139,0.271,0.16766729140981082,0.4440499393903098,0.6559391805012047,26.665298124714344,111.01753911429766,111.1028068218793,-0.07506509863213166,0.16071221990001577,1.9982865305795139,18.523228723978622,0.038573570196337253,0.14134567970991024,0.09045742160297326,9.318309428029314,0.5449373918975083,0.5743977680498282,0.19552676706651664,98.02881790031137,0.10170322632645801,16.59026834285283,6.565227686010118,3.749976542650179,1.8716657876783234,1.1296444399005265,0.5293823943847565,3.477435994701373,0.030397969735720475,0.0476968168256308,2.917560677649122,0.03370764084601166
1610612749,Milwaukee Bucks,82,48,34,0.585,3951.0,113.6,115.1,110.9,112.7,2.7,2.4,0.607,1.91,18.7,0.235,0.725,0.491,0.133,0.568,0.598,101.4,99.92,83.26,8228,0.513,2024-25,2024,2025,2025-26,1610612749,0.39,-0.19499999999999995,1,MIL,10,16292.09,7,6,7,0.21,0.346,0.15627645071933682,0.4296907272179322,0.6743655970474016,30.01714656212514,114.91915030545496,112.35752909336166,2.5981764361314807,0.15754004182397716,2.0840444780258394,18.18767658620431,0.034857052205497674,0.1349514161984947,0.08730098031212284,8.886297818962044,0.5792845215070626,0.6043652081061015,0.19546909134023527,100.71859583904418,0.10489447813836857,17.72148324739183,6.430114245624718,3.7497951459880223,1.7854062922559353,1.0672663850985356,0.7291882134213596,4.534972195690546,0.051359439077694476,0.077584052866303,2.959539626176179,0.02676903712138269
1610612750,Minnesota Timberwolves,82,49,33,0.598,3966.0,113.6,115.7,108.6,110.8,5.0,5.0,0.637,1.81,18.7,0.3,0.709,0.507,0.146,0.554,0.588,99.8,97.95,81.62,8097,0.524,2024-25,2024,2025,2025-26,1610612750,0.598,0.0,0,MIN,11,19111.016666666663,8,7,11,0.14,0.307,0.15023053892998894,0.41200799538834937,0.6435835002672979,27.40051619441143,114.87494194012008,109.58025022216681,5.294691717953258,0.16141202308267222,2.017656234056971,19.200426132919844,0.04442959235554362,0.13341278206898116,0.08934717200637331,9.817119305531454,0.5613935629623751,0.5918065901779166,0.19440744989146752,98.869993566538,0.10640581313919287,17.079782080318424,6.58740464705785,3.910623976920817,2.0457310399499073,1.1810988600815762,0.7346547933521766,4.558711939247218,0.022440487112018934,0.0597580437047052,1.605017699681203,0.039639167801343016
1610612751,Brooklyn Nets,82,26,56,0.317,3956.0,105.7,108.1,112.8,115.4,-7.1,-7.3,0.669,1.66,18.4,0.294,0.699,0.487,0.156,0.516,0.552,99.0,96.73,80.61,7970,0.452,2024-25,2024,2025,2025-26,1610612751,0.244,-0.07300000000000001,1,BKN,11,14803.314999999999,11,4,1,0.134,0.328,0.13722511928352987,0.394392742436407,0.620096692306194,24.409945565120605,106.25264130590568,114.26917791724352,-8.016020353098837,0.1406941719923319,1.5715095357582627,15.655160021026818,0.04717143468653248,0.13805626206022098,0.09057883420031256,10.036425005705365,0.5173188901720098,0.5525684008390462,0.1964317258217725,97.716279878302,0.09269706582613421,16.2206911087145,6.587983840106084,3.093361182951251,1.9819884937934509,1.1283959032149218,0.6906561131746504,2.282557964630045,0.024534255124349025,0.03826063960931427,3.7371676544632977,0.037243354365416224
1610612752,New York Knicks,82,51,31,0.622,3976.0,115.0,117.3,111.8,113.3,3.2,4.0,0.634,2.07,19.6,0.305,0.71,0.508,0.134,0.556,0.589,99.3,97.64,81.37,8093,0.527,2024-25,2024,2025,2025-26,1610612752,0.646,0.02400000000000002,0,NYK,9,18070.756666666664,9,5,8,0.161,0.289,0.16801048913834454,0.4780476818255351,0.7446346555862722,27.883895103451668,117.27459030031392,112.38851866929754,4.916799711578209,0.1629611238378323,2.389834063395611,19.42651982660014,0.04163402768413866,0.1323553390219594,0.08702408264771055,8.522361745781904,0.5579290217878718,0.5880358629144288,0.20099371738169236,98.5355118140229,0.10884016598087479,18.033113167923055,6.1836923633708745,4.167617404694545,1.8088893898005007,1.217215217145491,0.5378856115045542,1.7752142549691137,0.02872063359017349,0.0496975037471294,2.3382709007490248,0.032720459932826164
1610612753,Orlando Magic,82,41,41,0.5,3946.0,106.5,108.9,106.8,109.1,-0.3,-0.2,0.603,1.62,17.1,0.302,0.72,0.501,0.147,0.51,0.55,98.6,96.51,80.43,7935,0.497,2024-25,2024,2025,2025-26,1610612753,0.549,0.049000000000000044,0,ORL,15,18411.841666666664,10,5,6,0.165,0.33,0.11977210318902555,0.3321517266288317,0.5161029065986066,24.76324131978468,108.64598093346628,108.17406980380834,0.4644861979677026,0.1668506006777341,1.8648714726618418,17.859120040951904,0.046465194727487426,0.1450876705707061,0.09390742189922155,9.855146918581836,0.5191766015621287,0.5547502719490761,0.20316051617143133,98.60997007089186,0.10841225714791342,16.950178349893477,6.794540289062157,3.7658372940240903,2.1058186737611346,1.3002501560363553,0.8798685266411426,2.8849006228609424,0.03591673487739649,0.06980100781375627,3.65980779058126,0.04162872582849831
1610612754,Indiana Pacers,82,50,32,0.61,3971.0,114.1,115.4,111.3,113.3,2.8,2.1,0.671,2.22,20.5,0.254,0.705,0.483,0.13,0.562,0.594,102.2,100.76,83.97,8341,0.521,2024-25,2024,2025,2025-26,1610612754,0.232,-0.378,1,IND,12,18460.45,10,5,8,0.143,0.237,0.13801685946622824,0.3884998289135241,0.6068037344701781,26.374510643023328,114.1888901678995,112.02071784996213,2.1560733351570516,0.17466823461327688,2.538748474892721,20.266655227797802,0.03441060790320207,0.12950226132082368,0.08267454892305802,8.78551478069783,0.5593054562591919,0.5920364766297679,0.19478436883535702,101.95380449284822,0.10512056089279151,17.586136849318407,6.00245389467754,4.502815478495919,1.8350581919725684,1.2675747340936976,0.7624949554317473,3.5355737936569183,0.02578927278737024,0.035909654790196484,3.791766449533655,0.034814366447116184
1610612755,Philadelphia 76ers,82,24,58,0.293,3961.0,109.0,111.0,115.2,117.3,-6.1,-6.3,0.584,1.7,17.1,0.279,0.678,0.471,0.138,0.527,0.563,99.9,98.13,81.77,8098,0.459,2024-25,2024,2025,2025-26,1610612755,0.549,0.25600000000000006,0,PHI,15,15402.223333333333,14,7,0,0.169,0.342,0.13492792274362123,0.38521202674851923,0.552954584262402,28.043878297224193,109.72955985575246,115.8867652224235,-6.142945639666308,0.1494652354302961,1.9383832842747597,16.674720900683823,0.04149537491015908,0.1288443460651893,0.08353804797013073,9.720135967383063,0.5332104487295881,0.567845249939024,0.19904865682811598,98.97531224063539,0.0952530565392399,16.807703303440825,5.988226375109915,3.405482368671017,1.9142690871253005,1.3930456360521113,0.6357523708157287,5.169909488996491,0.023965099322069236,0.05680522512248585,3.4863516559491567,0.048117391453866315
1610612756,Phoenix Suns,82,36,46,0.439,3966.0,113.7,114.7,116.2,117.7,-2.5,-3.0,0.673,1.97,20.0,0.264,0.709,0.493,0.142,0.561,0.595,99.4,98.31,81.93,8121,0.495,2024-25,2024,2025,2025-26,1610612756,0.549,0.11000000000000004,0,PHX,12,17552.416666666668,9,4,2,0.142,0.285,0.15923543291759443,0.4120895982984299,0.6137179590654658,29.665249894364017,113.43782613030494,116.36733640666763,-2.9345027227969553,0.1822705085244672,2.4114509530976265,21.427806019114172,0.034247202427016225,0.1208584811208333,0.07930162323326796,9.287317653314595,0.570083449857332,0.5983877044471559,0.19576688214823218,99.60491217638598,0.10045063243902785,17.291977837809608,5.718186954313033,4.411700193230751,1.9197356489372308,1.066519804965128,0.6768298762278698,4.248986768221649,0.023246164671894387,0.06316030313205233,2.3625434271249275,0.0348748033390519
1610612757,Portland Trail Blazers,82,36,46,0.439,3956.0,108.1,111.0,111.9,113.7,-3.8,-2.7,0.587,1.49,16.9,0.332,0.682,0.501,0.16,0.521,0.555,101.6,99.51,82.92,8192,0.473,2024-25,2024,2025,2025-26,1610612757,0.512,0.07300000000000001,0,POR,15,19567.42666666667,12,7,3,0.137,0.25,0.13021904770990153,0.36245338341202415,0.5627975608443146,24.47776491815991,109.94490966960738,112.7161697296936,-2.7884740422348164,0.1481253168531103,1.5636000356374573,16.625031668275913,0.05070304023966361,0.12905093865178663,0.08857191781988707,10.84766875324093,0.525542440004034,0.5571384478592655,0.1952728912744105,100.61171258680243,0.0956275947884818,16.642760724114975,6.695004010065708,3.5563184257919795,2.2445465491289265,1.2289812252607566,0.7929504612086617,2.783700856648325,0.021122162343548176,0.044191446752039294,2.370646376819357,0.03867548980222805
1610612758,Sacramento Kings,82,40,42,0.488,3976.0,113.8,115.9,113.5,115.3,0.3,0.6,0.615,1.99,18.8,0.294,0.728,0.51,0.133,0.548,0.582,100.6,98.91,82.42,8189,0.502,2024-25,2024,2025,2025-26,1610612758,0.268,-0.21999999999999997,1,SAC,9,14199.946666666665,6,4,7,0.164,0.244,0.1949031968195186,0.5497672056984252,0.8316204943492745,28.234184917126452,115.34700813430287,113.86338324275398,1.518514517894903,0.14882888996766186,2.1964507542751335,17.962931057957025,0.04718035842388141,0.14176276342821947,0.09431257840405034,8.47483160734876,0.5588124268776596,0.5899538234181162,0.18726699020465806,100.01335743514532,0.10131244377913157,16.838936484268487,6.8577722357642665,3.7977607427633537,1.7138092537436762,1.0749336147741402,0.6769039508129608,3.9652176725814234,0.03231941426899807,0.04679998204851007,2.2508823809598533,0.052700977800312104
1610612759,San Antonio Spurs,82,34,48,0.415,3946.0,111.7,113.5,114.1,116.3,-2.4,-2.8,0.685,2.06,20.1,0.278,0.69,0.485,0.138,0.544,0.575,101.9,100.08,83.4,8231,0.493,2024-25,2024,2025,2025-26,1610612759,0.756,0.341,0,SAS,13,18022.65166666667,9,6,2,0.168,0.3,0.1271823578309925,0.37088040411367507,0.5881244260116735,26.55169906093175,111.89108470997282,114.91757251592,-3.019018520304679,0.16183922833774644,2.149752579878414,19.211726141667462,0.04358550938351562,0.1304283406871963,0.08762923926011257,9.264435246348782,0.5495383908083817,0.5794850941745437,0.1955686847227715,101.38426676670126,0.09971361974019544,17.238306867718595,6.619669636108855,4.06688213008981,1.9815064209474909,1.2124741910434746,0.8569216276073323,6.436424769901376,0.023676767296059942,0.04859877055431438,3.3474246843721005,0.038837183165939385
1610612760,Oklahoma City Thunder,82,68,14,0.829,3941.0,117.3,119.2,104.7,106.6,12.6,12.7,0.602,2.29,18.9,0.281,0.704,0.496,0.116,0.56,0.593,102.6,100.9,84.09,8286,0.562,2024-25,2024,2025,2025-26,1610612760,0.78,-0.04899999999999993,0,OKC,14,19107.440000000002,12,6,14,0.199,0.336,0.1359486147804206,0.36151380474481837,0.5509771760808005,25.25755883572054,118.56294035203041,105.24450584868164,13.31441173350974,0.1578906542861489,2.5060121005221005,19.684978896527564,0.04257821429767672,0.13240275629109224,0.08835961934199456,8.02249502462566,0.5626251336303206,0.5891479722907238,0.1943277579309421,102.02999467484918,0.11396783137877185,18.18893582813815,6.709219026724669,4.0884597832048675,1.6730655702700101,1.5619046821552234,0.8308805365867956,2.5515146805625952,0.04176348203086494,0.07067450763822772,3.024974567990264,0.032100133997915684
1610612761,Toronto Raptors,82,30,52,0.366,3961.0,107.6,109.6,111.7,113.6,-4.1,-4.1,0.685,1.86,19.6,0.311,0.696,0.5,0.152,0.522,0.553,102.4,100.62,83.85,8297,0.477,2024-25,2024,2025,2025-26,1610612761,0.561,0.19500000000000006,0,TOR,13,16773.61333333333,13,7,0,0.139,0.305,0.12723138167009934,0.34229973108557016,0.5374348878118888,24.418915204913116,108.17699382601722,112.62877894128953,-4.440512320541549,0.17804629344422707,1.8844973136378484,18.310884714961034,0.0459968850877688,0.13353930329859356,0.08892115314450233,9.681188926893906,0.5283983250279606,0.5566679539729464,0.20596112634447272,101.78034506478825,0.10126137938078936,17.674188268717295,6.698377849018418,4.270993886429559,2.2170536103928313,1.2018877268344486,0.6460146531735161,2.9728883214606148,0.028082368768218288,0.05030439728716444,2.931407879766786,0.04470496829950564
1610612762,Utah Jazz,82,17,65,0.207,3961.0,107.8,110.2,117.7,119.4,-9.9,-9.2,0.633,1.48,17.9,0.311,0.705,0.508,0.17,0.533,0.568,102.7,100.85,84.04,8322,0.45,2024-25,2024,2025,2025-26,1610612762,0.268,0.061000000000000026,0,UTA,13,17852.841666666667,13,7,0,0.129,0.269,0.11810304708727508,0.31957610856534974,0.5022842768728227,23.909163853933613,109.08192324191153,118.47042991755279,-9.407330831086181,0.1658524408579213,1.4785770509923488,17.501922149648443,0.045932743013367146,0.12892992898889577,0.08752228286719994,11.8143275790362,0.5347676034767574,0.5664929313307265,0.2001477765677826,101.91716414707088,0.09195966496463448,17.238936285119877,6.634237966784933,3.9442460373955406,2.548837930096096,0.9820285379405053,0.6251105682988842,3.6020029199300994,0.025955889457397435,0.04747131466868798,3.294800899223348,0.05869729115046301
1610612763,Memphis Grizzlies,82,48,34,0.585,3941.0,114.4,117.2,110.0,112.6,4.4,4.7,0.635,1.81,19.1,0.33,0.702,0.518,0.151,0.554,0.588,106.2,103.69,86.4,8513,0.524,2024-25,2024,2025,2025-26,1610612763,0.305,-0.27999999999999997,1,MEM,14,18982.956666666665,12,5,12,0.141,0.312,0.12005699147322856,0.3439648583018417,0.5200453494511832,25.63477774010266,114.1050208371123,110.65678837876855,3.4336706505326626,0.14839598388870578,1.8962049326000672,18.19869382834111,0.04743389508869975,0.12314839627195412,0.08526465687554469,9.782322704559371,0.5549725130630337,0.5850372888873826,0.1875162745108024,103.68793934453836,0.09993071556994897,17.399818468742225,6.571157601546791,3.828908282113412,2.078496026347845,1.3350923380920465,0.883740098793883,3.278355371120532,0.024652570893918372,0.06045929309506513,3.044837770046998,0.03821711858368887
1610612764,Washington Wizards,82,18,64,0.22,3946.0,103.9,105.8,116.2,118.0,-12.3,-12.2,0.637,1.61,17.8,0.272,0.685,0.476,0.152,0.512,0.546,103.5,101.82,84.85,8371,0.437,2024-25,2024,2025,2025-26,1610612764,0.207,-0.013000000000000012,0,WAS,11,14972.948333333334,9,6,0,0.135,0.281,0.16414869972725254,0.42785049348441617,0.6693801899848493,22.989478803384195,104.97788988118461,116.81384833024981,-11.846654561131302,0.15750651246709485,1.7241495779777953,18.258707219653576,0.036929777134741555,0.12090859248495815,0.07873274457524454,10.594937380958928,0.5159649404386957,0.5483752270344441,0.18946488105382048,103.12241500087548,0.08448017663855784,15.933535245619073,6.1406743650688265,3.7363382785109462,2.187945838767671,1.1132076080762987,0.8319002859490265,3.891444820705522,0.020829736522885462,0.0475513503279878,2.737160126195929,0.05302392423961092
1610612765,Detroit Pistons,82,44,38,0.537,3961.0,112.0,114.6,110.1,112.5,1.9,2.1,0.618,1.78,18.6,0.305,0.714,0.511,0.147,0.547,0.58,102.5,100.27,83.56,8268,0.509,2024-25,2024,2025,2025-26,1610612765,0.732,0.19499999999999995,0,DET,12,18637.573333333334,10,6,9,0.152,0.323,0.13155933032769646,0.3777480330057275,0.6023665098031361,25.908567495911484,112.93890361620755,111.20968017653227,1.7315909242118785,0.1543743128576109,1.8028354755411646,17.397439348327175,0.04698877840319698,0.13615479983803325,0.09198009773089201,9.950306567092426,0.5575390777805121,0.5876496714879906,0.19450988871584138,101.59358297539451,0.1026213321405219,17.411279580031163,6.783715762710167,3.8071479978080123,2.1324664584373645,1.1975808009340272,0.8131959954729442,4.526376774179626,0.027865951196959105,0.05809517427449684,2.1448908918313228,0.04369438812962323
1610612766,Charlotte Hornets,82,19,63,0.232,3951.0,104.0,106.7,113.8,115.7,-9.9,-9.1,0.635,1.57,17.5,0.308,0.705,0.5,0.157,0.503,0.537,100.3,98.22,81.85,8079,0.45,2024-25,2024,2025,2025-26,1610612766,0.537,0.30500000000000005,0,CHA,15,15922.011666666667,14,6,1,0.156,0.342,0.12741700247885343,0.34045404857237993,0.5045727576090416,24.605732818309068,105.8081949129753,114.74920395841939,-8.977235340969791,0.1582748641372473,1.589473908604723,16.465386084484507,0.045424913330151855,0.13177518680376124,0.08710481569173577,10.629013984518496,0.5111968823663089,0.5413374158018348,0.197601811517326,99.55731222405207,0.09010362855112423,16.23865158579731,6.683577567198114,3.531714533140546,2.1547528489647503,1.0423306016503147,0.6376078734607131,4.2621929446946005,0.03697603612035127,0.07078490205519734,4.6536406673539235,0.058909283686812745
