TEAM_ID,TEAM_NAME,TEAM_GP,TEAM_W,TEAM_L,TEAM_W_PCT,TEAM_MIN,TEAM_E_OFF_RATING,TEAM_OFF_RATING,TEAM_E_DEF_RATING,TEAM_DEF_RATING,TEAM_E_NET_RATING,TEAM_NET_RATING,TEAM_AST_PCT,TEAM_AST_TO,TEAM_AST_RATIO,TEAM_OREB_PCT,TEAM_DREB_PCT,TEAM_REB_PCT,TEAM_TM_TOV_PCT,TEAM_EFG_PCT,TEAM_TS_PCT,TEAM_E_PACE,TEAM_PACE,TEAM_PACE_PER40,TEAM_POSS,TEAM_PIE,SEASON,SEASON_START_YEAR,NEXT_SEASON_START_YEAR,NEXT_SEASON,OUTCOME_TEAM_ID,NEXT_SEASON_W_PCT,TARGET_NEXT_SEASON_CHANGE,DECLINE_RISK,TEAM_ABBREVIATION,PLAYER_QUALIFIED_COUNT,PLAYER_TOTAL_QUALIFIED_MINUTES,PLAYER_15_MPG_COUNT,PLAYER_25_MPG_COUNT,PLAYER_POSITIVE_NET_COUNT,PLAYER_MAX_PIE,PLAYER_MAX_USG_PCT,PLAYER_TOP1_MIN_SHARE,PLAYER_TOP3_MIN_SHARE,PLAYER_TOP5_MIN_SHARE,PLAYER_MW_AGE,PLAYER_MW_OFF_RATING,PLAYER_MW_DEF_RATING,PLAYER_MW_NET_RATING,PLAYER_MW_AST_PCT,PLAYER_MW_AST_TO,PLAYER_MW_AST_RATIO,PLAYER_MW_OREB_PCT,PLAYER_MW_DREB_PCT,PLAYER_MW_REB_PCT,PLAYER_MW_TM_TOV_PCT,PLAYER_MW_EFG_PCT,PLAYER_MW_TS_PCT,PLAYER_MW_USG_PCT,PLAYER_MW_PACE,PLAYER_MW_PIE,PLAYER_MW_PTS_PER_36,PLAYER_MW_REB_PER_36,PLAYER_MW_AST_PER_36,PLAYER_MW_TOV_PER_36,PLAYER_MW_STL_PER_36,PLAYER_MW_BLK_PER_36,PLAYER_MW_STD_AGE,PLAYER_MW_STD_PIE,PLAYER_MW_STD_USG_PCT,PLAYER_MW_STD_NET_RATING,PLAYER_MW_STD_TS_PCT
1610612737,Atlanta Hawks,82,56,26,0.683,3961.0,105.4,106.4,98.9,100.3,6.5,6.2,0.554,1.27,15.5,0.334,0.67,0.505,0.168,0.498,0.542,89.6,88.54,73.78,7304,0.539,1996-97,1996,1997,1997-98,1610612737,0.61,-0.073,1,ATL,11,19138.005,10,5,8,0.149,0.247,0.1637401599592015,0.4789126836017303,0.7468840142951159,29.33356576787044,106.00178289220844,99.137111113027,6.875990836035418,0.1413589488559544,1.368049520661462,15.281931946407164,0.0548405761206562,0.1214785442195603,0.08878304983548,12.06940864525848,0.5011965136909515,0.5442781972311116,0.193920518970847,88.9377717844676,0.1116217723146517,14.126864320497354,6.113489885701252,2.846064676020306,2.071062265894486,1.2716058962258605,0.7712402625038502,2.4364472562117228,0.0378294714464891,0.0421161318379362,4.665084670205824,0.0311935167967577
1610612738,Boston Celtics,82,15,67,0.183,3981.0,100.8,102.9,108.8,110.1,-8.0,-7.2,0.584,1.34,16.1,0.329,0.658,0.482,0.167,0.474,0.52,98.3,96.78,80.65,8014,0.434,1996-97,1996,1997,1997-98,1610612738,0.439,0.256,0,BOS,13,19092.056666666664,10,7,0,0.111,0.249,0.1567350784802824,0.4510557357449006,0.6979583306635203,26.07403384339421,102.03294336894388,108.8963554825681,-6.867759148350879,0.1492697657682069,1.403079953670087,16.13211693449475,0.0525926275272945,0.1188703196285645,0.0834546091332573,11.96977920311362,0.4750064850704927,0.5229012510787647,0.1992885836291079,97.8227906806618,0.0892086918521263,15.137604347497405,5.903816543599199,3.3167720537179783,2.353229973303034,1.500938348356743,0.5562522773432653,3.585419654754096,0.0172298586851848,0.0366642964279443,1.7459241489416253,0.0334940299560614
1610612766,Charlotte Hornets,82,54,28,0.659,3961.0,108.0,109.1,105.6,107.1,2.4,2.1,0.676,1.68,19.2,0.316,0.661,0.495,0.162,0.518,0.562,91.1,90.04,75.03,7429,0.528,1996-97,1996,1997,1997-98,1610612766,0.622,-0.037,0,CHH,10,17379.368333333336,7,5,9,0.149,0.268,0.1932761077526695,0.5374944102782407,0.7652553732054511,29.606968166564556,108.92457873181236,106.21828343205031,2.7062952997620453,0.168125594706597,1.827098541460224,19.90882948277464,0.05213563966316,0.1223435269655466,0.0889072117216381,11.001524527981982,0.5185098141752564,0.5595203006515101,0.199204547039061,90.43107737517502,0.1113519710775833,15.034378407117025,5.9739800669778855,3.759630312609176,2.0755645031594456,1.1040677446945952,0.6773548827676035,2.5679488893845908,0.0280600186729256,0.0400620185286106,2.0858819730364866,0.0379130139439162
1610612741,Chicago Bulls,82,69,13,0.841,3946.0,111.1,112.4,99.2,100.7,12.0,11.8,0.654,1.93,19.4,0.374,0.67,0.524,0.147,0.511,0.547,92.7,91.5,76.25,7522,0.586,1996-97,1996,1997,1997-98,1610612741,0.756,-0.0849999999999999,1,CHI,13,19579.74333333333,8,4,12,0.19,0.328,0.1587765110301922,0.4163314704670116,0.5999404486575667,31.24408500077376,111.3547626603209,99.45744564578052,11.877777389999835,0.1660324013440421,2.241688019233484,20.650507880338232,0.0631916977801718,0.1230795001058066,0.093374052145389,10.423198823001258,0.5088912948807808,0.5414979127237453,0.1954808743662455,92.54094148918874,0.1178799470983872,15.429824326944702,6.729403841351002,3.912615129616102,1.9526302949493888,1.3109467046129135,0.5993949869618652,3.685904789369648,0.0416475401922336,0.0728502449330664,3.330970951330582,0.0586983888699566
1610612739,Cleveland Cavaliers,82,42,40,0.512,3971.0,102.0,102.7,99.4,100.8,2.6,1.9,0.634,1.44,17.5,0.322,0.681,0.499,0.17,0.493,0.531,85.2,84.31,70.25,6983,0.512,1996-97,1996,1997,1997-98,1610612739,0.573,0.0609999999999999,0,CLE,10,19491.153333333332,7,6,6,0.159,0.275,0.1625059471425155,0.444598369927143,0.6990884411491982,27.27499056837068,101.71616189635436,99.62672090038797,2.0874152735275118,0.1598618237231044,1.5266450052724774,16.40896225398668,0.0515713076496585,0.127460432989599,0.0889733351677838,12.056261789536656,0.4987826572089285,0.5344109265981525,0.1940504873493034,85.17343819486652,0.1028935421300535,13.067466847352629,5.5853031443666925,3.084476273509384,2.0279969750379063,1.1857687231095957,0.5707204601882633,2.954172526712577,0.0360027816113278,0.0398458375300919,2.9831320117971685,0.0411759689649761
1610612742,Dallas Mavericks,82,24,58,0.293,3961.0,98.0,99.5,105.7,106.0,-7.7,-6.5,0.591,1.26,16.0,0.332,0.65,0.488,0.177,0.469,0.509,91.5,90.65,75.54,7464,0.448,1996-97,1996,1997,1997-98,1610612742,0.244,-0.0489999999999999,0,DAL,4,3959.955,2,2,0,0.09,0.212,0.5586789075465082,0.9022821387280074,1.0,30.377431477546253,98.54723336502562,105.13626034470931,-6.598798765810892,0.1839315438348836,1.7410681266159171,20.10916723380274,0.0304791977854967,0.0914491578818446,0.0601067604724464,12.160256661165764,0.4720007298062731,0.5052538122276642,0.1804545960749554,91.06091901296858,0.0788384918515488,12.20013863793907,4.090955579040672,3.790952169911022,2.236389049875567,1.2909237604972783,0.4181865703019353,6.033476747238671,0.0166177926087644,0.0266700135680804,2.4322483423257606,0.0167849576932788
1610612743,Denver Nuggets,82,21,61,0.256,3986.0,101.2,103.1,108.2,109.7,-7.0,-6.6,0.644,1.39,17.4,0.324,0.666,0.496,0.175,0.486,0.53,95.2,93.67,78.06,7776,0.461,1996-97,1996,1997,1997-98,1610612743,0.134,-0.122,1,DEN,6,13655.253333333332,6,5,0,0.112,0.278,0.2154578604180662,0.5936205016091487,0.8713186329266197,28.63557065705604,102.55704410219656,108.81277153164008,-6.253213537354123,0.0861145659204174,0.8883779246375512,9.881162768614567,0.0590292814047633,0.1413968263984361,0.1006695389027324,11.808469695179586,0.4889552133293756,0.5327639184528739,0.2015422544339468,94.11870282035537,0.0921016534295958,15.232818822353108,7.242047993250949,1.7663531690855976,2.027351622428096,0.8119951881766627,1.173174866034464,4.639343647727726,0.0150291727284566,0.0599725498033731,1.3163269014176295,0.0127504957788443
1610612765,Detroit Pistons,82,54,28,0.659,3966.0,107.9,108.5,101.3,102.6,6.6,5.9,0.55,1.49,16.1,0.302,0.675,0.492,0.146,0.512,0.554,86.9,86.09,71.74,7120,0.53,1996-97,1996,1997,1997-98,1610612765,0.451,-0.208,1,DET,10,18203.736666666664,8,5,9,0.195,0.28,0.1728736645827844,0.4996526354204568,0.7557570139903511,28.693359110702737,107.85320516611884,101.78237549580022,6.0990976944110935,0.14278810806426,1.546310611868882,14.87195693887757,0.0480675307322434,0.1238474724328576,0.0867112221098928,10.008468709995622,0.515034059032935,0.557957745854743,0.1971850183323167,86.69495417699041,0.1087458310299295,14.30211855771004,5.663892083694905,2.8418341216025067,1.7482125006935392,1.1074649325660428,0.5181353791648272,4.059061871026676,0.0433304128610083,0.0447569387560767,2.9583510981190284,0.0268580534768567
1610612744,Golden State Warriors,82,30,52,0.366,3981.0,104.1,105.3,108.9,110.3,-4.8,-5.0,0.608,1.29,16.8,0.347,0.648,0.497,0.182,0.493,0.543,94.7,93.58,77.98,7761,0.464,1996-97,1996,1997,1997-98,1610612744,0.232,-0.1339999999999999,1,GSW,10,16868.128333333334,8,4,0,0.137,0.268,0.1985860513866535,0.5433770215762922,0.7244141984928776,26.844537978279952,104.6226973808693,109.699047276239,-5.072676271038567,0.169245823262154,1.3924440302950032,17.158698440856462,0.0525694400791552,0.1143054165167702,0.0834409567471277,12.352651514290711,0.5005670813902788,0.5488438587881268,0.2053908347073085,94.5237106478026,0.1014831540784459,15.714132283200362,5.8007621276298496,3.617473070762544,2.529029845931336,1.1674087136915112,0.6167844940710179,4.465210431418424,0.0282702139655753,0.0410882339156861,1.8955597365374155,0.0598781213464429
1610612745,Houston Rockets,82,57,25,0.695,3971.0,105.8,107.5,101.4,102.8,4.4,4.7,0.663,1.47,18.7,0.318,0.692,0.514,0.178,0.52,0.56,94.1,92.73,77.27,7674,0.536,1996-97,1996,1997,1997-98,1610612745,0.5,-0.1949999999999999,1,HOU,12,18663.21166666667,11,6,10,0.17,0.306,0.1527417530048195,0.424692266702578,0.6541388419481569,31.023153392587748,106.5928704482535,101.73657729685146,4.856293151402039,0.1676243719931376,1.6486701708271538,19.66340533386224,0.0511401186130254,0.1289951110593951,0.0919160075789027,12.396130524873044,0.5258333151305594,0.5648680061050586,0.196889684224589,93.53556400126558,0.1090666826100938,15.026352645449466,6.42140281857526,3.713187271179746,2.407302708796012,1.267305993332516,0.6558356738707084,4.350929068683818,0.0380973130634583,0.0585199499024725,3.310956942582537,0.0494100230873435
1610612754,Indiana Pacers,82,39,43,0.476,3986.0,103.0,104.2,101.8,102.9,1.2,1.3,0.614,1.31,16.8,0.338,0.668,0.506,0.178,0.49,0.537,91.5,90.44,75.37,7501,0.504,1996-97,1996,1997,1997-98,1610612754,0.707,0.2309999999999999,0,IND,10,16849.103333333333,8,6,9,0.145,0.286,0.176108382424307,0.4682884212829525,0.6813131104306045,27.80054932695726,103.09032322392626,101.31826474049755,1.7573694327156084,0.1279884600189406,1.1568104900142069,13.565002648014309,0.0604306781112585,0.1298251363920256,0.0957483083669536,12.083737077205496,0.4920855134526447,0.5364170527571103,0.20138176136376,91.48517574525728,0.104464293747778,14.858001345670028,6.540169991241869,2.610940127179864,2.232759765059704,1.036256924453547,0.8183224784859966,3.160992320259318,0.0242170820760642,0.0393648482117161,1.5676750170511031,0.0427735926165882
1610612746,Los Angeles Clippers,82,36,46,0.439,3986.0,101.8,103.5,104.9,106.2,-3.1,-2.8,0.556,1.27,15.6,0.339,0.654,0.492,0.17,0.482,0.524,94.0,92.65,77.21,7703,0.475,1996-97,1996,1997,1997-98,1610612746,0.207,-0.232,1,LAC,13,19741.31,10,5,5,0.129,0.236,0.1435704283724501,0.3935578912105293,0.6029769554300094,26.24983971850568,102.55217270282468,105.47187668059178,-2.9168228788599464,0.1391785318873638,1.2949294322413254,15.235695967829216,0.0545932324146675,0.1188669981036381,0.0857536058481765,12.06466031551773,0.489047411578394,0.5265894439122834,0.1954661334531497,93.31893286041638,0.0963938287276781,14.413633137821147,6.0105433732614495,3.02168397132713,2.2740132240464286,1.3330422347858373,0.785966078238982,2.549337139487158,0.0199602540864852,0.0339234179442172,4.80232990523067,0.0352369118778297
1610612747,Los Angeles Lakers,82,56,26,0.683,3986.0,105.2,106.4,100.8,102.3,4.3,4.2,0.611,1.51,17.0,0.343,0.658,0.501,0.159,0.496,0.535,93.8,92.61,77.18,7705,0.53,1996-97,1996,1997,1997-98,1610612747,0.744,0.0609999999999999,0,LAL,11,18525.32833333333,9,5,10,0.184,0.311,0.1619395499692898,0.4567622148307403,0.6569269082680227,26.704673790307087,105.26996417607351,101.18831904643706,4.071460289907592,0.1552366084019923,1.520961668965471,16.45105626108111,0.0562288003532461,0.1199480083888751,0.0882884895337437,11.24609075304738,0.4939178703715282,0.5351046811855876,0.1987487879881931,93.64427678879645,0.1077285021579014,15.0837812411242,6.36425967079126,3.381316588450929,2.1706497869538435,1.3233773544454497,1.045487542865862,4.67072885501127,0.0303917347956207,0.0513319136989388,1.845984265827608,0.0305246042702146
1610612748,Miami Heat,82,61,21,0.744,3961.0,104.0,105.2,97.9,99.2,6.1,6.0,0.615,1.33,16.9,0.324,0.678,0.504,0.177,0.507,0.546,90.6,89.54,74.62,7393,0.536,1996-97,1996,1997,1997-98,1610612748,0.671,-0.0729999999999999,1,MIA,11,16779.434999999998,8,5,9,0.16,0.274,0.1870991683172486,0.4799180266399514,0.7178980301382815,27.79076152842254,104.46867045880867,97.68584732839136,6.761682976810603,0.163716736687896,1.4915268809706648,16.51024466358174,0.054224803953967,0.130634026413881,0.0927403486271538,12.272840364807676,0.5113961179264975,0.5483713347122038,0.1978605696993572,90.44542750694526,0.1140508560031967,14.409066813036317,6.359212929398399,3.291171603811452,2.2763579345788463,1.19074331167885,0.8646298281199577,2.1732682542028177,0.0334742888597728,0.0556577263706256,3.5028986814570118,0.0421660862636143
1610612749,Milwaukee Bucks,82,33,49,0.402,3946.0,103.4,104.7,105.6,106.7,-2.2,-2.0,0.543,1.25,15.8,0.329,0.669,0.501,0.172,0.496,0.541,91.9,90.85,75.71,7465,0.477,1996-97,1996,1997,1997-98,1610612749,0.439,0.0369999999999999,0,MIL,9,18552.226666666666,8,6,1,0.134,0.273,0.170091981771101,0.474507911718773,0.7103807665135614,27.52716628084894,104.2725802365502,105.885138136159,-1.6139183652348643,0.1401371737408698,1.2826079798507564,15.688546756651666,0.053750830717894,0.1229725018632085,0.0886951795364006,12.329111716688812,0.4963949637312178,0.5406316568828754,0.2011791625012487,91.33400162568084,0.0983539186131835,14.609782689157884,5.864093941643662,3.0213084934279224,2.3285614592893427,1.1856258763548235,0.6170687867116759,4.215606060343531,0.0263916086392793,0.0499748307097849,1.1788692903168505,0.0175328662605666
1610612750,Minnesota Timberwolves,82,40,42,0.488,3956.0,102.6,103.9,103.7,105.5,-1.1,-1.7,0.638,1.51,17.7,0.323,0.649,0.488,0.164,0.485,0.533,93.4,92.04,76.7,7588,0.501,1996-97,1996,1997,1997-98,1610612750,0.549,0.061,0,MIN,11,19523.716666666664,8,5,5,0.14,0.273,0.1604358971951208,0.4326275820092315,0.636276648145034,26.84622924426104,102.83734421297856,104.5258621181247,-1.680997282791955,0.1603986384935245,1.4652676531022526,16.29767878896009,0.0519990888005443,0.1200889933013096,0.0865084673939303,11.325290838578375,0.4912177468770888,0.5371668340983573,0.1957578798606481,92.8388220087876,0.1011073009493581,14.35853658328375,5.96874058303448,3.3927966242766274,2.192410427317886,1.130317571022594,1.0215268097006802,4.827856933672062,0.0330038388762732,0.049430900403075,2.99597296170608,0.0255586404111167
1610612751,New Jersey Nets,82,26,56,0.317,3956.0,101.4,102.4,106.5,107.2,-5.1,-4.8,0.576,1.34,15.5,0.376,0.669,0.513,0.166,0.456,0.499,95.3,94.47,78.72,7785,0.457,1996-97,1996,1997,1997-98,1610612751,0.524,0.207,0,NJN,7,11560.008333333331,5,3,1,0.126,0.249,0.2768363056255006,0.7065387063590641,0.9316515775291396,27.88874128550945,101.52068463041763,106.04305886457696,-4.521728098523574,0.1145023351338414,1.191157148819818,11.478783175617666,0.071799913494872,0.1243339552090865,0.0964485078946742,10.98006805070066,0.4578535556130655,0.5011584905143524,0.1965306342772244,95.68322240828836,0.094851733959246,15.09445278658248,7.259164317211422,2.410378885251669,2.049133470924545,1.34221356530164,0.6726638749539542,3.3962607070762325,0.0259449812173262,0.0413172907308361,2.5902346331493957,0.0391398661726583
1610612752,New York Knicks,82,57,25,0.695,3971.0,102.2,102.9,97.6,99.5,4.6,3.4,0.628,1.24,17.2,0.323,0.7,0.519,0.192,0.501,0.546,93.0,91.84,76.53,7598,0.537,1996-97,1996,1997,1997-98,1610612752,0.524,-0.1709999999999999,1,NYK,9,19225.721666666668,8,6,9,0.174,0.294,0.1501528377825088,0.4388850422866657,0.6827733297917815,30.11021528190576,102.1898116091524,98.48994679263448,3.7415974762282422,0.1551688587675902,1.263401338293933,17.715886417094183,0.0542336287679881,0.1297648314545279,0.0935862499483114,13.741968030155434,0.5019203193326163,0.5471261195830274,0.1969701374018643,92.67640013339768,0.1098399137682998,14.330177289400403,6.396430892537801,3.297457494660148,2.589655715567851,1.119749904489931,0.6815868983851754,3.74486559048956,0.0303670755729199,0.0514739885498369,1.3928837885061272,0.017338767844457
1610612753,Orlando Magic,82,45,37,0.549,3971.0,102.3,103.8,103.3,104.2,-1.0,-0.5,0.595,1.35,16.3,0.336,0.651,0.49,0.168,0.481,0.524,90.9,89.88,74.9,7438,0.486,1996-97,1996,1997,1997-98,1610612753,0.5,-0.049,0,ORL,10,19289.586666666662,9,6,5,0.143,0.25,0.1355404021098775,0.3800060689048806,0.6066197029277973,29.995611449078915,103.12173486178035,103.31013864821018,-0.1884037864298458,0.150671483370302,1.490350869795724,15.993364217584755,0.0541639347378447,0.117549261121199,0.0852648565478161,11.394606805122487,0.4801715190544949,0.5225975764816803,0.1961342784085921,90.7028201978062,0.0983337998775159,14.099835558944068,5.893749926557956,3.1017771937743266,2.1462357237307312,1.2765436826363654,0.634539257450825,2.6813326309979546,0.0255075375097687,0.0306306698447128,4.230203012811765,0.0297378318799792
1610612755,Philadelphia 76ers,82,22,60,0.268,3956.0,101.4,102.6,108.4,109.5,-6.9,-6.9,0.564,1.18,15.2,0.359,0.654,0.504,0.179,0.47,0.518,98.1,97.05,80.88,8006,0.453,1996-97,1996,1997,1997-98,1610612755,0.378,0.1099999999999999,0,PHI,11,18751.766666666663,10,4,0,0.127,0.281,0.169008431205593,0.4885678327197615,0.6916332327798448,25.87602928079665,101.5038807365706,108.6826167045594,-7.174838406336824,0.1500573595732313,1.300068634422001,15.21983218470082,0.058775137720357,0.1148175099946138,0.0860667809077544,12.130593108560436,0.4736939403931718,0.5193435581180796,0.1999514051120516,97.62400023197814,0.0930794319824087,15.2951988523748,6.389157999335174,3.2118573716609813,2.5725576079053885,1.259401336407414,0.7256916237225648,3.6828235111731376,0.0174434488581978,0.0632812909700753,2.2807920124527943,0.0223274263054844
1610612756,Phoenix Suns,82,40,42,0.488,3971.0,106.7,108.0,105.5,107.1,1.2,0.9,0.658,1.75,18.9,0.297,0.663,0.482,0.151,0.508,0.552,95.8,94.46,78.72,7808,0.509,1996-97,1996,1997,1997-98,1610612756,0.683,0.195,0,PHX,8,13578.576666666666,6,5,6,0.154,0.249,0.1956007662069638,0.524690118478299,0.8173149223053079,30.129294724803017,108.14829388107196,106.26624026376844,1.914962552530665,0.1669357588534684,1.7505399547277047,17.936724185377308,0.0451142317812888,0.1191912653829942,0.0827397379401326,10.14565701903464,0.523424131346118,0.5668978062992857,0.1952910087777977,95.15302632111906,0.1065314501544467,15.663497376872831,5.705458083112785,3.807173702300167,2.01758996340559,1.1612410039049257,0.6018303833023245,3.004434189702872,0.0295616560475349,0.0389892179197028,2.6451929056565286,0.0442954562605227
1610612757,Portland Trail Blazers,82,49,33,0.598,3971.0,104.6,106.3,100.5,102.1,4.1,4.2,0.57,1.26,16.1,0.358,0.691,0.527,0.178,0.503,0.544,93.7,92.17,76.81,7635,0.527,1996-97,1996,1997,1997-98,1610612757,0.561,-0.0369999999999999,0,POR,10,17631.164999999997,7,5,9,0.159,0.239,0.1747735709277672,0.4948643495764461,0.7113281132207279,26.7532542517752,105.94017066748944,101.3995266336626,4.551408514411838,0.1380329531069935,1.289720450501522,14.573470215949994,0.0589539070919779,0.1318547037778464,0.0960522271216905,12.473145648628437,0.5008620099692788,0.5393992484331012,0.2013030405723803,92.98028652578164,0.107930429724865,15.297457655237189,6.7156084127169136,3.0096706598798204,2.356282185550416,1.0883001775549148,0.8310284657877116,3.873040168216578,0.0294507756241158,0.0363390364435814,3.0396691076484785,0.0416261299005883
1610612758,Sacramento Kings,82,34,48,0.415,3962.0,101.9,102.7,105.8,107.0,-3.8,-4.3,0.598,1.34,16.8,0.348,0.661,0.502,0.174,0.485,0.526,93.4,92.68,77.23,7654,0.47,1996-97,1996,1997,1997-98,1610612758,0.329,-0.0859999999999999,1,SAC,13,19647.43833333333,9,7,0,0.148,0.289,0.1590438889276744,0.4343310065103483,0.6444732447308865,28.12182945308477,101.92608721764664,106.00290791937849,-4.092085668844192,0.1524093060308201,1.442748060540208,17.395453766958425,0.0568152126362868,0.121383136970443,0.0888846220240925,12.449526617676964,0.4857386139312649,0.5227665016211189,0.1957161003940886,93.2353818330685,0.0960264963295045,14.39638059685983,6.17301848425872,3.272487685629586,2.314194819121034,1.0663985627303578,0.6394726776510221,3.271645246298812,0.0264633096593805,0.0557667875942704,3.4820510178811017,0.0343704296184438
1610612759,San Antonio Spurs,82,20,62,0.244,3946.0,100.5,102.1,108.8,110.8,-8.3,-8.8,0.588,1.34,16.3,0.344,0.643,0.49,0.171,0.472,0.512,90.0,88.45,73.71,7268,0.44,1996-97,1996,1997,1997-98,1610612759,0.683,0.439,0,SAS,11,18666.34,11,6,0,0.119,0.291,0.1324812469932509,0.3636933289189703,0.5707814172462303,30.591655532543257,100.97231906915516,109.64513592380725,-8.671805176233445,0.1522647928481605,1.443896581583035,15.757745019466418,0.0545901176484874,0.1130003087554032,0.0832676631662482,12.12501533062543,0.4816890292901555,0.5186086777054314,0.1961180651018536,89.31817052334131,0.0895559974085261,13.652596063288254,5.646955964586525,3.126268995421706,2.1638950110198363,1.1803063696471834,0.7868709130981222,3.316513286505363,0.0192993815385417,0.0503228850531285,2.539973034410854,0.0333406394701521
1610612760,Seattle SuperSonics,82,57,25,0.695,3956.0,108.2,109.6,99.5,101.0,8.7,8.5,0.644,1.57,18.1,0.341,0.657,0.5,0.163,0.51,0.557,92.9,91.68,76.4,7549,0.562,1996-97,1996,1997,1997-98,1610612760,0.744,0.049,0,SEA,12,19526.02333333333,8,4,11,0.154,0.26,0.1646208214097869,0.4468897660848163,0.6603246744046023,30.209518169512933,108.52410103303164,99.77456610468732,8.740003033558464,0.1654988709085157,1.7129602358015552,17.946398490083403,0.0547890836963389,0.1207753521070257,0.0882256917989957,11.523871143245248,0.5084124984827941,0.5529133462403252,0.1957782139288645,92.60724653270417,0.1132016536222514,15.03163214493069,5.999378265620565,3.5343602136430925,2.1829329645036104,1.6427308035242545,0.7061345653757457,3.855673236845975,0.0370448812239508,0.0518193513681813,3.626804750790704,0.04978361322588
1610612761,Toronto Raptors,82,30,52,0.366,3966.0,101.3,102.9,105.1,106.4,-3.7,-3.5,0.592,1.27,16.1,0.35,0.657,0.498,0.177,0.481,0.521,93.3,92.03,76.69,7608,0.467,1996-97,1996,1997,1997-98,1610612761,0.195,-0.1709999999999999,1,TOR,10,17208.22333333333,9,5,1,0.132,0.25,0.1925606497823618,0.5281320926603502,0.7790259966794945,25.788267121126395,102.53455992067362,105.38323526329565,-2.843329574794377,0.1553383684583359,1.2841084921220804,15.172187502602926,0.053463823788123,0.1200293657082941,0.0854617403849748,12.208092410082235,0.4864326895455215,0.5259053703394133,0.2005250202083616,92.67886835983649,0.0972210207832805,14.673449728589066,5.999922130252843,3.227991578444957,2.3681701016200205,1.3221585726359124,0.8744656382307142,2.763459088779625,0.0275336018398549,0.0420401593345519,2.339333940829946,0.0340570381070661
1610612762,Utah Jazz,82,64,18,0.78,3966.0,110.5,112.4,101.6,102.6,9.0,9.8,0.702,1.75,20.4,0.328,0.687,0.518,0.167,0.531,0.581,92.4,91.1,75.92,7520,0.59,1996-97,1996,1997,1997-98,1610612762,0.756,-0.024,0,UTA,11,19251.86,7,4,10,0.212,0.321,0.1557108421385431,0.440522630021203,0.6663795948374165,30.13195408997711,111.88782850072668,101.67893571495604,10.209357589344611,0.1798518481677441,1.6587564621461688,18.75866282530623,0.0525398217799907,0.1271250570074787,0.0919717091404847,11.61558010498726,0.5303215052121371,0.5791800827729547,0.1964082868702903,91.83974905541596,0.1178682988725938,15.406511370849364,5.978227558272293,4.050309944078132,2.215889789350224,1.3463634163140603,0.759199370865984,4.483452338161778,0.0527846554095028,0.0575507168750751,6.606636844311637,0.0475686595222731
1610612763,Vancouver Grizzlies,82,14,68,0.171,3956.0,97.6,99.1,108.9,110.1,-11.3,-11.0,0.661,1.43,17.9,0.325,0.618,0.469,0.176,0.471,0.507,90.9,89.7,74.75,7380,0.433,1996-97,1996,1997,1997-98,1610612763,0.232,0.061,0,VAN,12,18893.465,10,5,0,0.119,0.273,0.1483901091373834,0.4165008024379506,0.6186615319106369,25.335827758433936,98.20977556701926,109.01562178598088,-10.822656034771812,0.1655798456415133,1.5967498179926236,18.53616842296177,0.0509559979248556,0.1130091955075472,0.0815395141477048,11.977808967280485,0.4745253047372024,0.507203390872629,0.196944306668999,90.68760127994877,0.0878789102475379,13.387486096383064,5.659099588138016,3.4640548994056948,2.248396469361232,1.204225905623982,0.8288580204848609,3.150178073966861,0.0222414229885702,0.0496310926818508,1.6552857110021768,0.0214040716476773
1610612764,Washington Bullets,82,44,38,0.537,3971.0,104.1,105.2,102.0,103.7,2.1,1.5,0.599,1.49,17.7,0.326,0.676,0.503,0.167,0.505,0.54,94.8,93.52,77.94,7746,0.525,1996-97,1996,1997,1997-98,1610612764,0.512,-0.025,0,WAS,9,19055.71,8,5,9,0.15,0.241,0.1741379180658535,0.4790586828479932,0.7025212740258258,26.30565195419116,104.51577297128613,102.36263285387948,2.1410013499015954,0.1558991882223228,1.5314592021673992,16.685340955545605,0.0523316331430316,0.1230888988130066,0.0883426392054315,11.287729767088182,0.5068641552409574,0.5409145991761349,0.1983349924160964,94.4460845358163,0.1078764718466713,15.0682393886137,6.090772791987282,3.598921268218292,2.270815414382356,1.3035462861263103,0.7084490685469079,2.5758324851256584,0.0320380198429514,0.0421914631656999,1.5112378094038823,0.0325414889510428
1610612737,Atlanta Hawks,82,50,32,0.61,3976.0,105.1,106.5,100.8,102.5,4.3,4.0,0.543,1.29,15.3,0.356,0.669,0.518,0.165,0.481,0.533,90.5,89.1,74.25,7377,0.532,1997-98,1997,1998,1998-99,1610612737,0.62,0.01,0,ATL,10,18980.931666666664,9,6,7,0.144,0.242,0.1535660481716783,0.4460941019842809,0.7084354570231405,30.12362415648898,105.68827064073692,101.32716612347532,4.352100788168196,0.136635709135809,1.3970612682429795,14.929880110380957,0.0587609688811376,0.1222058281473538,0.0916124121585531,11.275752340572677,0.4833785592189494,0.5316855923563287,0.197007786849943,89.42792121022511,0.1092405599338775,14.315841012019169,6.372711420294701,2.844960455488706,2.063544650381141,1.1436741031064597,0.9065940651490676,3.080114180728021,0.0258282776725036,0.031242686426947,3.996847750358569,0.0460572518905686
1610612738,Boston Celtics,82,36,46,0.439,3946.0,99.1,100.8,102.6,103.5,-3.5,-2.7,0.603,1.37,16.5,0.352,0.642,0.484,0.171,0.464,0.504,96.1,94.9,79.08,7800,0.457,1997-98,1997,1998,1998-99,1610612738,0.38,-0.059,1,BOS,10,16485.79,8,3,4,0.14,0.289,0.1984524247852241,0.501919936300697,0.6967893763861684,24.40112090473068,100.0289290251382,101.4429078416422,-1.4577389982524342,0.1412059508016702,1.3989672186369797,15.588990670146831,0.0620137589200558,0.1233803389666696,0.0897419548390866,11.55580767841072,0.465501608557026,0.5041763874625763,0.1968845588635222,96.41268251122123,0.0929843153811049,14.44735132498958,6.284685174322856,3.087750116918873,2.253577171612643,1.7687960358587609,0.7206206072017173,3.133803773883621,0.0281019389362697,0.0546977095043001,2.2604899411874357,0.0343342756831416
1610612766,Charlotte Hornets,82,51,31,0.622,3956.0,104.7,105.5,102.7,103.3,2.0,2.2,0.654,1.56,18.3,0.326,0.691,0.51,0.166,0.495,0.542,91.8,91.13,75.95,7511,0.526,1997-98,1997,1998,1998-99,1610612766,0.52,-0.1019999999999999,1,CHH,10,18000.326666666664,7,5,7,0.136,0.248,0.1829304764469089,0.5159330441780872,0.7229967863546181,29.541498598729135,104.5675523110877,102.32341859351445,2.25258745304252,0.1580674084988828,1.554402084925126,18.151780023251437,0.0560170585793072,0.1313495046756559,0.0941802232107639,11.62294609283017,0.4945841056958596,0.540804174016842,0.1981105770673051,91.7601488361878,0.1080658633417393,14.627734533706612,6.279886031697944,3.455937281138232,2.211959857024817,1.2679769885657632,0.6079889661261704,1.9106454239053368,0.0245900041890333,0.0325650656636615,2.096663246514124,0.0179519229751272
1610612741,Chicago Bulls,82,62,20,0.756,3971.0,104.1,106.2,96.7,98.4,7.3,7.8,0.637,1.66,18.0,0.381,0.676,0.527,0.158,0.473,0.516,92.0,90.3,75.25,7471,0.56,1997-98,1997,1998,1998-99,1610612741,0.26,-0.496,1,CHI,12,18748.608333333334,8,6,10,0.175,0.333,0.1697395317785809,0.4441467433360609,0.654392570470786,32.56424827976121,105.13773655200188,97.53592208843943,7.617057994971182,0.164689186975211,1.9446573652355523,19.996214261236275,0.061450319468156,0.1249263331100574,0.0929104350411786,10.83601628209738,0.4667550764878992,0.5050439869092506,0.196288012488038,91.15082477410544,0.114359824929228,14.44331201471398,6.65137367973534,3.6348297851440527,1.96046551010675,1.2980163416573585,0.6374873157252116,3.1296629727010394,0.0349980565215918,0.0763157501172844,3.5316962328844426,0.0403287565202207
1610612739,Cleveland Cavaliers,82,47,35,0.573,3966.0,99.3,100.3,96.0,97.5,3.3,2.8,0.672,1.33,17.8,0.33,0.678,0.508,0.188,0.478,0.529,92.6,91.43,76.19,7561,0.528,1997-98,1997,1998,1998-99,1610612739,0.44,-0.1329999999999999,1,CLE,10,18895.900000000005,9,6,8,0.138,0.275,0.1693248270788901,0.4496430442582781,0.7068564256443636,24.96596792602275,99.38927194082667,96.13068065912005,3.2761593961300246,0.166317348648825,1.461941723689619,17.708269360019894,0.0531136893894089,0.1238067958304888,0.0891783556221191,12.728679307856908,0.4778284476173843,0.5294482556180616,0.1961386620025155,92.4764871118426,0.1086301257592035,13.940166914515846,5.995586344127561,3.5112378875840786,2.4862536317402184,1.4898470038473954,0.7715959546779989,2.772825441329271,0.0269050212180878,0.0409347486822778,2.29453855997269,0.033343063630463
1610612742,Dallas Mavericks,82,20,62,0.244,3981.0,97.4,98.9,104.4,105.2,-7.0,-6.3,0.533,1.3,14.9,0.306,0.632,0.466,0.156,0.458,0.498,92.6,91.47,76.23,7575,0.446,1997-98,1997,1998,1998-99,1610612742,0.38,0.136,0,DAL,11,16949.836666666666,8,5,0,0.127,0.253,0.2005164848196177,0.4971571014155299,0.7199514803584145,26.561886338727756,98.09432464540956,103.98171602833536,-5.891042224399016,0.1320339412316854,1.4566448427919951,14.78772693188194,0.0530227791772231,0.1182589973826689,0.0851948738542416,10.60904843527499,0.4599714073940929,0.5004640789065617,0.191155903468883,92.4421703021327,0.09264498595955,13.43375776875726,6.186962273579431,2.7356015820014785,1.924266330196692,1.189391992174556,0.9026635654896183,3.5908189660034857,0.0225667158726598,0.0433557155004054,2.1575073291790563,0.0355033891925794
1610612743,Denver Nuggets,82,11,71,0.134,3946.0,95.7,97.4,109.1,110.6,-13.4,-13.2,0.578,1.18,15.0,0.337,0.639,0.482,0.175,0.44,0.496,92.5,91.06,75.88,7496,0.407,1997-98,1997,1998,1998-99,1610612743,0.28,0.146,0,DEN,12,18523.631666666664,9,5,0,0.1,0.261,0.1420188571733459,0.4003022625422894,0.6284078203167324,27.19229031672065,96.15707732437996,109.36942324754712,-13.19480367375764,0.1371355994896249,1.325693573047546,14.262557900138193,0.0543058664072263,0.1175854999276149,0.0847136075458205,11.717681935840696,0.4369872208284571,0.4896404968824058,0.1934133912185506,92.00171011102128,0.0811392657973207,13.238872614882306,5.917846023534443,2.658657917962272,2.1805659239427406,1.1816257413165652,0.7462899418841464,3.912350820173303,0.0179328049117352,0.0420273545899236,2.611045788590485,0.0444281563587912
1610612765,Detroit Pistons,82,37,45,0.451,3991.0,102.5,103.4,100.4,101.8,2.1,1.6,0.558,1.33,15.5,0.332,0.668,0.5,0.16,0.472,0.523,90.8,89.75,74.79,7468,0.505,1997-98,1997,1998,1998-99,1610612765,0.58,0.1289999999999999,0,DET,10,16451.661666666667,7,4,7,0.164,0.27,0.2003986020864964,0.5120375378495202,0.7531625224888632,28.47522200644981,102.61360012570158,100.81209630597598,1.8214641135034284,0.1449968200780528,1.535244316252958,15.007207184846678,0.0538198505176326,0.1290849230325974,0.0914590478550444,10.881744569469523,0.477068995867388,0.5241555830682554,0.1947866813250981,90.555918601738,0.1048678076794066,13.978405626098356,6.260522619954196,2.9431677468851425,1.9650294696675523,1.2451021918049412,0.512045541093772,4.11205501212148,0.0367828035903824,0.0531473006441361,2.0161309396211817,0.0315966428310308
1610612744,Golden State Warriors,82,19,63,0.232,3966.0,92.7,93.9,102.8,103.5,-10.1,-9.6,0.6,1.25,15.7,0.356,0.664,0.505,0.178,0.427,0.468,94.2,93.31,77.76,7707,0.423,1997-98,1997,1998,1998-99,1610612744,0.42,0.1879999999999999,0,GSW,8,9828.47,4,4,0,0.107,0.268,0.2705075154118596,0.6860733834123385,0.8354976240791632,25.573264879138527,92.57324849815552,102.97992893773564,-10.402034141631404,0.1109332364718686,1.06819982323461,12.260947923057538,0.071064739137085,0.1391201524754107,0.1041820737781838,12.995191825380754,0.4283526350829104,0.4708420910545249,0.1850210170046813,94.94743026635884,0.0805762020945274,12.688037914344754,7.9483378389515345,2.3295589242272703,2.230662554802528,0.977975208755788,1.249024517549527,3.408922386418591,0.0255315689467259,0.037363603312117,2.929604014919534,0.0303227597230974
1610612745,Houston Rockets,82,41,41,0.5,3966.0,104.4,105.9,105.6,106.8,-1.2,-0.9,0.611,1.39,16.9,0.324,0.672,0.499,0.17,0.496,0.544,93.7,92.52,77.1,7649,0.49,1997-98,1997,1998,1998-99,1610612745,0.62,0.12,0,HOU,12,19667.763333333336,11,6,3,0.154,0.251,0.1283652996299019,0.36820472214346,0.5818804341249445,32.375250091986395,104.9240040767218,105.90336860876738,-0.9588823521535832,0.1521276137313698,1.4675487155038298,17.359977875809975,0.0519848971133643,0.1230433424983589,0.0875670129580909,11.970137724523497,0.4979288687122361,0.545909207859426,0.195958855429926,93.27335083264,0.0986027094421344,14.74758441436062,6.053153985142184,3.281918686229192,2.282516788470609,1.2501675754013035,0.52715704497156,4.512006004687443,0.0359572540530032,0.0404007811314221,2.226172697860106,0.0318461314466696
1610612754,Indiana Pacers,82,58,24,0.707,3966.0,105.6,106.3,98.4,99.5,7.2,6.8,0.647,1.62,18.3,0.305,0.657,0.49,0.158,0.502,0.55,90.5,89.69,74.75,7410,0.553,1997-98,1997,1998,1998-99,1610612754,0.66,-0.0469999999999999,0,IND,10,19281.231666666667,9,6,9,0.136,0.289,0.1449922934556653,0.3842098953049248,0.6097611848620667,29.996132594918084,105.58331385987704,98.37750804128264,7.21035743826531,0.1615715364483544,1.6183531126426136,17.480447359042326,0.049214833008161,0.1189451708608864,0.0859508667279986,10.799520768858214,0.5016976459577833,0.549103313247883,0.195926362847325,90.47240413929296,0.1133491887058736,14.443890557129864,5.844025005663971,3.493345298912872,2.0033989875646774,1.17814050433673,0.6553523249163111,3.044242680607338,0.0176061322123574,0.0452235162581001,4.211414183260494,0.0431419051808158
1610612746,Los Angeles Clippers,82,17,65,0.207,3956.0,99.9,101.8,108.3,109.6,-8.4,-7.7,0.523,1.16,14.6,0.33,0.638,0.481,0.171,0.477,0.518,95.2,93.74,78.12,7723,0.437,1997-98,1997,1998,1998-99,1610612746,0.18,-0.0269999999999999,0,LAC,10,16910.678333333333,9,5,0,0.116,0.256,0.1524913203264958,0.4358571462784806,0.6609711201216352,26.11194021686692,100.96852072856922,108.79203656033116,-7.832405885157179,0.1268298244886096,1.2901682122548406,14.33214915388275,0.0521883610621967,0.1162457528068803,0.0837629480071122,11.658234565201258,0.4718411743191457,0.5127496676409687,0.1931546074388697,94.29490279563989,0.0885750179349202,14.188667968868192,6.062914684971735,2.733420806005515,2.173537883903139,1.1431830006424937,0.8536617937758657,3.453843141427868,0.0159531973959213,0.0383013324161519,2.07908458502488,0.0445482069482534
1610612747,Los Angeles Lakers,82,61,21,0.744,3966.0,109.2,110.4,100.7,102.3,8.5,8.1,0.639,1.6,18.1,0.339,0.656,0.503,0.16,0.519,0.559,96.1,94.85,79.04,7836,0.558,1997-98,1997,1998,1998-99,1610612747,0.62,-0.124,1,LAL,12,19821.80833333333,8,6,11,0.185,0.327,0.1468055597012886,0.3944006117840745,0.6078296758158207,25.86025854519664,109.25890253874414,101.05993471836786,8.193886489502093,0.1581880011788362,1.7109217246828723,18.776648783726,0.0555959346124239,0.1196581872575534,0.0889198862195973,11.605211095354989,0.515860451262225,0.556352377705196,0.1957528308256436,95.93124285750922,0.111803846436816,15.706336917629026,6.440179314282206,3.648708472192034,2.2320869648203137,1.3312609806454758,1.0097968693572776,2.834569420875725,0.0302966426178331,0.0621210824517623,3.985548505351943,0.0239958196318101
1610612748,Miami Heat,82,55,27,0.671,3951.0,104.6,105.7,98.7,100.5,5.9,5.2,0.617,1.43,17.0,0.339,0.669,0.508,0.166,0.494,0.538,90.6,89.35,74.46,7367,0.535,1997-98,1997,1998,1998-99,1610612748,0.66,-0.011,0,MIA,11,17672.913333333334,9,6,10,0.155,0.269,0.171482102366069,0.4530361340160102,0.6718675321216611,28.529338305663245,105.1477112809546,98.87408817146542,6.2547466518442345,0.1603808468477372,1.621187433914876,16.81385166829691,0.0526757239987219,0.1212291863216666,0.0876435759318309,11.28661639261891,0.4949429379121419,0.5356969440428044,0.1917420342316697,89.95692544372045,0.1084805871471106,14.014667266706072,6.129379913592817,3.2877431640208723,2.061459778184091,1.1916541207882343,0.7822139869789436,2.4495143438316087,0.0347296665984932,0.0485294879707151,3.606680108141565,0.0370974692227926
1610612749,Milwaukee Bucks,82,36,46,0.439,3986.0,100.6,101.5,102.4,103.7,-1.8,-2.2,0.565,1.19,15.7,0.34,0.664,0.501,0.181,0.475,0.527,92.8,91.9,76.58,7637,0.483,1997-98,1997,1998,1998-99,1610612749,0.56,0.121,0,MIL,12,19651.035,8,6,4,0.145,0.286,0.1674126409457144,0.3990836445340749,0.6117365658687527,28.036023293429583,100.77557143936691,102.58886771103914,-1.8117694988245312,0.14267953214678,1.209163577558807,15.005075585077323,0.0555630153831592,0.1212598229558901,0.0885226272645011,13.06441178119456,0.4789407218669822,0.5293452348269019,0.1958923286568197,92.63393388355033,0.0975003387014136,14.06216008469783,5.937397190529659,2.9641186838250504,2.3962096652924387,1.3190144946563884,0.6485154598727243,4.0084917744153845,0.0268754550084866,0.0530405157003759,3.7126766628751273,0.0303072026282672
1610612750,Minnesota Timberwolves,82,45,37,0.549,3986.0,104.8,106.4,103.6,105.5,1.2,0.8,0.655,1.82,18.6,0.333,0.657,0.497,0.146,0.483,0.529,95.5,93.89,78.24,7793,0.515,1997-98,1997,1998,1998-99,1610612750,0.5,-0.049,0,MIN,11,18452.875,10,4,6,0.15,0.239,0.1744802187554333,0.4645013310933933,0.6536748338673513,26.99905136733436,105.26173155492933,104.1180548378866,1.1641788971456573,0.1634778368321106,1.7098036466765565,16.914074229625463,0.0549656364297342,0.1227538679835346,0.0891593281083119,10.065769931966338,0.4836119446608364,0.5292111766684956,0.197846972806857,94.87375737746376,0.1049584169585136,15.098135114446936,6.496548640794456,3.693083056163335,2.011393888486212,1.1100709239075213,0.8135317667301166,5.049778972103526,0.0323334795785725,0.0347934796267365,1.9479919526808176,0.0341645106546377
1610612751,New Jersey Nets,82,43,39,0.524,3976.0,104.8,105.8,103.3,104.3,1.4,1.5,0.552,1.43,15.3,0.383,0.65,0.508,0.153,0.463,0.513,94.0,93.16,77.63,7723,0.497,1997-98,1997,1998,1998-99,1610612751,0.32,-0.204,1,NJN,9,17757.38333333333,8,5,9,0.137,0.266,0.1584254624602161,0.4593319398597579,0.7224305758262056,28.09516858245819,105.109559713659,102.9774228748042,2.14533384704766,0.1502728183487995,1.507071888406982,15.240812544641058,0.0650319774028268,0.1162126523896632,0.0890643125911006,10.236644804086188,0.471476186619087,0.5189192898165365,0.1978741393016801,94.11629210947936,0.1066669508364126,15.2738719950293,6.286737066178107,3.2396665049186115,2.049626305677545,1.4434559145820096,0.5676512023637117,3.731475639519212,0.0209413998683617,0.0553450430088648,1.050435754275363,0.0209065557841907
1610612752,New York Knicks,82,43,39,0.524,3966.0,100.4,101.5,97.1,98.8,3.3,2.7,0.624,1.43,17.3,0.319,0.703,0.512,0.169,0.476,0.521,90.8,89.53,74.61,7398,0.517,1997-98,1997,1998,1998-99,1610612752,0.54,0.016,0,NYK,10,18733.981666666667,10,7,9,0.175,0.301,0.1520954479422375,0.4266898592210643,0.6675498508103234,30.30578763777659,100.714482523692,97.64684656376215,3.0711573594116715,0.1564030631858025,1.4828972475952569,18.0362608447092,0.051235483220376,0.1271597583500001,0.0894243774837329,11.98773476611886,0.4751343315609451,0.5199449615133426,0.1954312775118369,90.46033134262524,0.1047753752116586,13.666715627012552,6.141566808764359,3.3033020476426573,2.188749873336234,1.143376799504003,0.5015484784378904,3.139080749149521,0.0202403432389508,0.0534096340475742,2.2725692973710414,0.0343194081732477
1610612753,Orlando Magic,82,41,41,0.5,3966.0,98.8,101.0,100.9,102.2,-2.1,-1.2,0.611,1.35,16.3,0.37,0.646,0.505,0.172,0.452,0.499,90.1,88.51,73.76,7315,0.489,1997-98,1997,1998,1998-99,1610612753,0.66,0.16,0,ORL,10,16673.123333333333,10,7,4,0.135,0.27,0.1771892568818839,0.450948902395212,0.6515155028941787,31.616817744805665,100.20659180633425,101.16456088911158,-0.9542146172572744,0.1617400131189177,1.4984093352235346,17.302294890959246,0.0586757854007357,0.1133676978538514,0.0855948621504029,11.614354439090295,0.4660465535651488,0.5052564221620545,0.189562095144341,89.12671590225946,0.1009030602544574,13.024074473548948,5.998156314243862,3.2689735996275044,2.122457759863829,1.2307232178254144,0.8226413087569876,3.5779263623900635,0.0290283406732421,0.0386195919858509,2.3521049478619203,0.0441829874371254
1610612755,Philadelphia 76ers,82,31,51,0.378,3951.0,99.7,101.1,102.7,103.3,-3.0,-2.3,0.609,1.28,16.3,0.341,0.66,0.499,0.179,0.462,0.514,93.0,92.11,76.76,7570,0.478,1997-98,1997,1998,1998-99,1610612755,0.56,0.182,0,PHI,5,8767.416666666666,3,2,0,0.135,0.264,0.3595354009637959,0.8054712049349391,1.0,25.385844747122395,100.11845256584512,102.49898904086152,-2.389637502495034,0.1744214228820728,1.2752052219867125,14.453207862445227,0.0566382465378437,0.1225709899343212,0.0892820810006748,11.905698162704711,0.464319655352679,0.5184148055774697,0.2330346244142611,93.25447450313187,0.1124971599387885,17.089640620099043,6.3234133961923416,3.4121795663869063,2.627912060755259,1.4042905074660914,0.6118107766445837,3.945467012937292,0.0270135466396752,0.0372079808691308,0.8091628014850845,0.0203025760419272
1610612756,Phoenix Suns,82,56,26,0.683,3991.0,104.5,106.3,98.8,100.6,5.7,5.6,0.677,1.72,19.3,0.321,0.664,0.497,0.161,0.5,0.54,94.1,92.47,77.06,7685,0.547,1997-98,1997,1998,1998-99,1610612756,0.54,-0.143,1,PHX,10,18586.65166666667,10,6,10,0.142,0.237,0.1677337257535447,0.4258101535411927,0.6441638986258148,28.771452738797944,105.3834691850092,99.53262247969892,5.834950709698385,0.1726165746546961,1.740633851838654,19.46263168612672,0.0520667722023807,0.1227682599456904,0.0882673820307064,10.974791416169545,0.4925096596652563,0.536011791706073,0.1941515086409234,93.31507921769308,0.1102808402553409,14.545922786343713,6.190248898156392,3.968654565808025,2.146056251300777,1.3732435759677355,0.7960551618092232,3.938450861831747,0.0246144165244653,0.0399003218273464,1.86590683467057,0.0232971846748496
1610612757,Portland Trail Blazers,82,46,36,0.561,3966.0,100.8,102.4,99.5,100.8,1.3,1.6,0.612,1.28,16.6,0.355,0.685,0.525,0.183,0.476,0.524,92.8,91.46,76.22,7555,0.512,1997-98,1997,1998,1998-99,1610612757,0.7,0.1389999999999999,0,POR,11,15009.028333333334,7,4,6,0.163,0.257,0.1927882961999427,0.5342505516401961,0.7587029007096506,26.80244423995024,101.70745314736676,99.16305115021324,2.556349850317869,0.1301331582979444,1.1251117088747804,14.690600735090891,0.0625724366789455,0.1389885445615677,0.1019096142910428,13.127957861362775,0.4802972589720164,0.5285836963463214,0.1936399599263421,92.29576876118008,0.1044031819959031,14.077127133590816,7.195669006776699,2.741549891581922,2.367375103229534,0.9858066539284076,1.0241835552978835,3.917446655574402,0.0334117398870663,0.0407164420641752,2.7437486237885524,0.0424809914521013
1610612758,Sacramento Kings,82,27,55,0.329,3946.0,98.1,99.1,103.8,105.0,-5.7,-5.9,0.621,1.44,17.0,0.328,0.643,0.483,0.165,0.464,0.502,94.8,93.78,78.15,7709,0.458,1997-98,1997,1998,1998-99,1610612758,0.54,0.211,0,SAC,11,17948.19166666667,11,4,0,0.14,0.272,0.1568130122672525,0.4308512974612576,0.6549862265604287,26.883703697169125,98.20581529336984,103.67977628201167,-5.495652338234631,0.1529877183541703,1.5027792029187714,16.834920816071072,0.0534742482413502,0.1148487562581745,0.0836679140841951,11.702652597777956,0.4625529328627815,0.4972659847347667,0.19801172847961,94.56145372212522,0.0936584525924849,14.218925490636709,6.095544444356744,3.2774332418818424,2.2244023655122174,1.073088607348094,0.780245735062446,3.8734975830862513,0.0278041668620208,0.0481409761464786,1.626312001192586,0.0435798802524758
1610612759,San Antonio Spurs,82,56,26,0.683,3966.0,101.5,102.4,96.2,98.0,5.3,4.4,0.635,1.4,17.7,0.326,0.696,0.524,0.178,0.493,0.531,90.9,89.65,74.71,7407,0.551,1997-98,1997,1998,1998-99,1610612759,0.74,0.0569999999999999,0,SAS,12,19188.24333333334,9,6,9,0.207,0.294,0.167049771622311,0.4344306835105452,0.6400723151137856,29.2662646902018,101.50782751869072,96.62817951200329,4.891249789584699,0.1553616500068705,1.6138943273077109,17.889773190979962,0.0556237982007385,0.1281498064005511,0.0943612585345228,12.267081874613156,0.4894384303548371,0.5240135347633873,0.1954919678247426,90.66303900409156,0.1111499590982186,13.838473662605558,6.66783289003527,3.305774212786197,2.277644661931012,0.915560621929435,1.048767187824906,4.128253058566955,0.0556585450206668,0.053942941630201,3.946736350007,0.0456880814801055
1610612760,Seattle SuperSonics,82,61,21,0.744,3951.0,108.5,110.1,100.4,102.3,8.1,7.9,0.651,1.73,18.7,0.321,0.635,0.481,0.153,0.521,0.558,92.5,90.96,75.8,7487,0.544,1997-98,1997,1998,1998-99,1610612760,0.5,-0.244,1,SEA,11,19296.11833333333,8,4,9,0.152,0.244,0.1630231157890045,0.4578004505396639,0.692941525113298,31.25088361899384,109.26631349258412,100.9679029746138,8.312774244491834,0.1628175629623609,1.7019717074358047,17.409683130570908,0.0502193974936755,0.1152447481017555,0.0832845297642332,10.717055459599775,0.5207170739261809,0.5589286547354818,0.195693233811878,91.89262052359236,0.1106653641306615,15.109981964420998,5.764890019763042,3.5708736238920595,2.0093160360144973,1.4664089176484632,0.6884286140105381,4.231230423750545,0.0330756395809276,0.0413616876131862,3.139619084319765,0.0402540072612893
1610612761,Toronto Raptors,82,16,66,0.195,3986.0,98.5,99.4,107.7,108.9,-9.2,-9.5,0.589,1.27,16.0,0.339,0.602,0.466,0.175,0.462,0.504,95.4,94.36,78.64,7829,0.431,1997-98,1997,1998,1998-99,1610612761,0.46,0.265,0,TOR,7,12124.366666666663,7,5,0,0.111,0.231,0.2427233312530414,0.6022302195853529,0.8734119445414331,25.549468700770632,98.858940906879,107.11209355265294,-8.266568727988544,0.1213780398151381,1.0407612548834166,13.8730049129714,0.0674866651453959,0.1231122928757791,0.0948925392666558,13.097308890361283,0.4587311176391345,0.5017492271761276,0.2001179682237698,95.3347482851338,0.0888253291580866,14.240413932274128,6.885638012707194,2.639643032900688,2.52087394255645,1.4311675386480671,1.6449519012676954,2.786283017827692,0.0150820141652453,0.0267741427539795,1.535646759277192,0.0301187239548604
1610612762,Utah Jazz,82,62,20,0.756,3956.0,109.3,110.9,102.3,103.8,7.0,7.2,0.692,1.64,19.4,0.352,0.684,0.529,0.169,0.51,0.569,91.9,90.55,75.46,7464,0.571,1997-98,1997,1998,1998-99,1610612762,0.74,-0.016,0,UTA,12,19718.493333333336,10,5,12,0.203,0.317,0.1537584514570754,0.3915070928340028,0.5895581440637452,30.17258341915237,110.10084348905627,102.84729037783144,7.250644369718578,0.1742507195444953,1.5669250524211789,17.937334554634667,0.0567725037477508,0.125097986864446,0.0932157456080146,11.68134387549556,0.5088379287937482,0.5653124646271148,0.1959408211208834,91.3493593594372,0.1138638021363363,15.07843398447616,6.128865829505567,3.7700649204435495,2.231002098199524,1.1757490599349374,0.7521872867906743,4.507039913381199,0.0486842533894591,0.0572546551434855,3.996823835205301,0.0467706486709576
1610612763,Vancouver Grizzlies,82,19,63,0.232,3966.0,101.1,102.4,109.3,110.2,-8.2,-7.8,0.652,1.4,17.9,0.34,0.652,0.496,0.182,0.482,0.527,94.6,93.6,78.0,7735,0.452,1997-98,1997,1998,1998-99,1610612763,0.16,-0.072,1,VAN,9,16462.504999999997,8,3,0,0.127,0.278,0.1790612465518866,0.4520251727587427,0.6820722808183405,26.27675101693211,101.82179537682752,108.9640530304066,-7.1268231758573,0.1576438180783139,1.462784864757824,18.181653106053226,0.0540542971234734,0.1134487547105781,0.0837033635930052,12.14802967916082,0.483842357830719,0.5253108872758632,0.2018579350469445,94.63032505786128,0.0933488594232773,15.051658298661112,5.845282962708288,3.498859985160218,2.447015202121427,1.1327559201956203,0.691024847069143,3.529745783348784,0.0236671531597153,0.0489124544032246,3.228813985676589,0.0315022370721617
1610612764,Washington Wizards,82,42,40,0.512,3961.0,102.2,103.9,101.6,103.2,0.6,0.7,0.617,1.64,17.5,0.339,0.673,0.501,0.151,0.476,0.513,94.5,92.98,77.49,7669,0.507,1997-98,1997,1998,1998-99,1610612764,0.36,-0.152,1,WAS,11,19433.47500000001,7,5,8,0.147,0.265,0.1553234817756474,0.4460094416121321,0.6922825176660373,27.11718267920002,102.78010027371154,101.81582912131428,0.9353407286482044,0.1550339910043537,1.5151233846065444,15.380559438460352,0.0553546715997353,0.1232225230776619,0.0883498953052228,10.528409852929888,0.4763424667144363,0.5112935075516173,0.1962939245297096,94.08753293993996,0.1031138643500454,14.55859026756666,6.3391647659515336,3.434486112236746,2.006228942584895,1.25782959558185,0.694677611698371,2.8488380530587323,0.034717371198478,0.0577056159876247,1.9982501118772056,0.0316484461712059
1610612737,Atlanta Hawks,50,31,19,0.62,2415.0,96.9,98.4,93.9,95.3,3.0,3.1,0.507,1.05,13.0,0.353,0.701,0.527,0.17,0.436,0.492,88.4,87.1,72.58,4387,0.525,1998-99,1998,1999,1999-00,1610612737,0.341,-0.2789999999999999,1,ATL,12,11884.858333333334,9,6,6,0.157,0.293,0.1537907828097796,0.418199627957983,0.6247231947092344,30.3014606119972,97.49299955195092,94.3766006185742,3.106633510566316,0.1271361938825522,1.0461567779169991,12.468534416691272,0.0565141104612802,0.1247928009238646,0.090595710508399,12.257730922329042,0.4413205061342057,0.4962290455011734,0.1952294531627428,87.90392886887588,0.106761577721793,12.940162657947823,6.518546357655365,2.3142051195393583,2.114286876228366,1.0389690523586386,0.7875567160736036,4.2782590971489824,0.0410430409644485,0.0441536004985568,5.18054299332457,0.0530809525778788
1610612738,Boston Celtics,50,19,31,0.38,2430.0,97.6,98.7,99.7,100.8,-2.1,-2.1,0.591,1.33,16.3,0.33,0.666,0.493,0.171,0.469,0.501,94.0,93.02,77.51,4711,0.473,1998-99,1998,1999,1999-00,1610612738,0.427,0.0469999999999999,0,BOS,10,10273.468333333332,9,4,5,0.135,0.27,0.1586969736445708,0.4607666576737068,0.6824000203761114,24.89888679269464,97.45065548295034,99.469882501544,-1.9852616634985811,0.1533802325115455,1.4474414726217903,16.41307791055958,0.0480973189677423,0.1193135756976587,0.0827098798669258,11.656415595447235,0.4670614237548143,0.5009008106804567,0.1999258716749503,94.17011818144503,0.097512726390195,14.11130061399258,6.006150795228031,3.2728966410402456,2.2496784192161003,1.401668797019377,0.7779261823457543,3.5471568255402675,0.0287934589452379,0.0504867221409545,4.201064315274489,0.0554869179660029
1610612766,Charlotte Hornets,50,26,24,0.52,2430.0,100.0,100.4,99.2,100.4,0.8,0.0,0.664,1.39,17.6,0.266,0.678,0.482,0.172,0.485,0.537,92.1,91.43,76.19,4626,0.511,1998-99,1998,1999,1999-00,1610612766,0.598,0.0779999999999999,0,CHH,9,8882.909999999998,6,3,3,0.143,0.231,0.2075355936286645,0.5193155546249296,0.7637033734815881,29.506780060438157,99.34974963159596,99.21257816038514,0.1371714712108228,0.1724119616582103,1.4872385063003004,18.160740324210572,0.0406414690306067,0.117460450460491,0.0808340590714829,12.468613175937463,0.4856436359256145,0.5305798711608396,0.1919126221024416,92.31683203852494,0.0975083527432639,13.33752115016363,5.576550927567656,3.444817070081764,2.326264703796391,1.138815996109383,0.5795398129666968,3.856701959653872,0.0220492449259996,0.023423276099378,3.043644641190041,0.0402252187361415
1610612741,Chicago Bulls,50,13,37,0.26,2414.0,89.8,91.4,100.1,101.7,-10.2,-10.4,0.661,1.31,16.4,0.299,0.684,0.482,0.173,0.424,0.47,90.7,89.19,74.32,4482,0.42,1998-99,1998,1999,1999-00,1610612741,0.207,-0.053,1,CHI,14,12052.608333333332,10,6,0,0.152,0.272,0.13742032326336,0.357436875697031,0.5503634413850944,29.003270799612533,90.35843939728124,100.3476900090091,-9.981692524370589,0.1672349841286083,1.35726284559428,16.07189161682153,0.0463855385383385,0.1249827218589613,0.0836107686233892,12.0721820933643,0.4264581091368188,0.4709246854588183,0.1955253804674368,90.33981711704176,0.0848076804951625,12.21046896487828,5.860308245863793,3.037682714599122,2.1774539812613174,1.2993038159789754,0.5047869997711422,4.081596276542875,0.0365482119411133,0.0359521526598882,3.289673601348895,0.0541833101888737
1610612739,Cleveland Cavaliers,50,22,28,0.44,2410.0,96.7,98.2,98.5,100.1,-1.9,-1.9,0.7,1.39,17.9,0.295,0.656,0.478,0.178,0.464,0.52,89.1,87.66,73.05,4400,0.493,1998-99,1998,1999,1999-00,1610612739,0.39,-0.0499999999999999,1,CLE,9,9762.718333333332,8,5,3,0.166,0.279,0.1557146566589804,0.4439885339312087,0.6736979505878742,27.45787247438427,97.43101443228498,98.91434163401551,-1.4833272017305288,0.1975370387789876,1.56978127335095,18.689743788913983,0.0339705648921893,0.1093267298674156,0.0724944072100137,11.970092004771212,0.4639869944009787,0.518484362705674,0.2001845469610496,88.99651089834781,0.1037216115183766,13.40405361826308,4.756871848021836,3.7206850346155296,2.315748465548615,1.3754365886140658,0.5014996676984261,3.720089928829471,0.0363527406160957,0.0379003525829917,2.3145987163456403,0.0484818304257805
1610612742,Dallas Mavericks,50,19,31,0.38,2415.0,99.3,100.2,102.2,103.0,-2.9,-2.7,0.527,1.33,14.7,0.321,0.673,0.495,0.151,0.459,0.502,91.6,90.8,75.66,4570,0.474,1998-99,1998,1999,1999-00,1610612742,0.488,0.1079999999999999,0,DAL,13,12062.6,11,6,1,0.127,0.256,0.1703814545233476,0.397125412431814,0.609766689326237,26.719408612847424,99.27414668755767,101.86092495260831,-2.574564894798799,0.1316976253046606,1.40984292358198,14.831856578736478,0.0527782104742482,0.1230828346846174,0.0876960720187466,10.825262740481598,0.4551077784501958,0.4973293142992941,0.1935956289136117,91.73636588297713,0.0959612264354284,13.65974168089798,6.335947474010577,2.7456767197784884,1.939880291147845,1.0505197884369868,0.871453915407955,3.7686810211373247,0.0306873813230109,0.0486026116905379,4.243731982801261,0.0377834852323703
1610612743,Denver Nuggets,50,14,36,0.28,2405.0,100.2,101.4,106.8,108.6,-6.5,-7.3,0.576,1.31,15.3,0.319,0.66,0.483,0.16,0.459,0.511,93.3,91.99,76.66,4611,0.442,1998-99,1998,1999,1999-00,1610612743,0.427,0.1469999999999999,0,DEN,11,11678.573333333332,10,6,0,0.132,0.271,0.165895691597033,0.4478213948507409,0.6718289220258641,24.854139860690747,100.69088370383142,107.82418045069434,-7.127835277825031,0.1478201800904905,1.3423202106307506,14.570752049622502,0.0517490820796604,0.1208009304504089,0.0849660539301033,11.556346751258433,0.4614410851268363,0.5137294090145714,0.1971971375213639,92.7908626710112,0.0896294059320031,14.148988518003913,6.060329286796447,2.9746784139158557,2.142384971680331,1.12205486286567,0.8168806007126442,1.9022751456244809,0.0304115362891469,0.0463873317806884,2.405952042930932,0.0291468302494318
1610612765,Detroit Pistons,50,29,21,0.58,2410.0,101.2,102.4,97.9,98.4,3.3,4.0,0.608,1.28,16.4,0.331,0.697,0.514,0.179,0.48,0.528,88.7,87.93,73.28,4411,0.515,1998-99,1998,1999,1999-00,1610612765,0.512,-0.0679999999999999,1,DET,11,11631.309999999998,9,4,10,0.179,0.291,0.1590180584416831,0.4120450175718241,0.6127638818556695,28.181863149264064,101.31302351153911,97.21792350417392,4.102435108341192,0.1563396751240115,1.4669842004039098,15.867687503241966,0.0534847408990618,0.128861266701687,0.0912225988875428,11.723974313010888,0.4905838002483527,0.53177914324927,0.1947577700476845,89.07181322224237,0.1057611415509803,13.609129152262298,6.069479706069221,3.0270021175602744,2.200611968901181,1.3308905015858057,0.6313992147058242,3.345900776301726,0.0365292415128105,0.0645269625228912,2.185509963321205,0.0386171523943776
1610612744,Golden State Warriors,50,21,29,0.42,2425.0,95.1,96.0,98.7,98.9,-3.6,-2.9,0.599,1.35,15.8,0.367,0.69,0.523,0.167,0.434,0.471,91.5,90.96,75.8,4600,0.466,1998-99,1998,1999,1999-00,1610612744,0.232,-0.1879999999999999,1,GSW,11,11919.328333333331,10,5,0,0.142,0.226,0.1413927546532613,0.3772609110944031,0.5889726448512129,28.593429831127224,94.57608809612736,97.4525579391568,-2.870755986390172,0.1521523058416183,1.5143084894185173,15.621751924779876,0.0611862086188581,0.1268568612017707,0.0929871834221083,11.545770392263435,0.4360007469660273,0.4736579112329736,0.1943952374553543,92.38214314089566,0.0957275412750466,13.19570999316656,7.016167158188584,3.1320556793119074,2.1715988750484683,1.2322842016964883,0.6342639273437807,4.699619802854371,0.0217049527667633,0.0294142417779568,1.9746757812299705,0.0269477561668908
1610612745,Houston Rockets,50,31,19,0.62,2415.0,102.5,103.5,100.1,101.0,2.4,2.5,0.603,1.3,16.9,0.312,0.678,0.506,0.178,0.506,0.545,91.3,90.45,75.38,4551,0.523,1998-99,1998,1999,1999-00,1610612745,0.415,-0.205,1,HOU,9,10899.458333333332,7,5,8,0.166,0.259,0.1847091789729612,0.4912204352662785,0.7645543547653362,30.002091694159105,102.94075514455992,100.1225042223046,2.812073780424868,0.1544133755882364,1.3883476900610503,17.326040086089904,0.0497155132326912,0.1277190877222491,0.0912566014366157,12.5520364238284,0.5078663909139215,0.5459586982533536,0.1979764436306085,91.12149273167245,0.109076332539461,14.228963977567693,6.305267463597197,3.259978515751929,2.358282330543949,1.1824440817013078,0.796002859469316,5.286503865475122,0.0414910692316176,0.034751554139966,1.5979414132535732,0.0328158298676727
1610612754,Indiana Pacers,50,33,17,0.66,2420.0,105.6,106.6,101.0,102.2,4.6,4.3,0.581,1.55,16.4,0.31,0.671,0.495,0.146,0.486,0.537,89.1,88.16,73.46,4442,0.526,1998-99,1998,1999,1999-00,1610612754,0.683,0.023,0,IND,9,11335.056666666664,9,6,9,0.136,0.286,0.1577533651500639,0.4008049364258436,0.6251483230344094,31.455271654280804,106.27941290986048,101.24161783340593,5.02656937165731,0.1458893230058841,1.5319358615175285,15.669172172937234,0.0490386057473025,0.1222637315149431,0.0866231612722418,9.771407877096337,0.4922089955733201,0.5421010099346658,0.196711901896094,89.03916393154336,0.1085586610800651,14.33958424557207,5.989912710331987,3.0902359847046785,1.7753770970708276,0.930564381827822,0.6637814191195044,3.4599806546123126,0.0141195318715607,0.0452401745416009,2.425827571300988,0.0408030950889307
1610612746,Los Angeles Clippers,50,9,41,0.18,2425.0,96.6,98.3,107.0,107.8,-10.4,-9.6,0.479,1.03,13.2,0.332,0.646,0.48,0.173,0.454,0.497,92.2,91.04,75.87,4599,0.402,1998-99,1998,1999,1999-00,1610612746,0.183,0.003,0,LAC,11,11357.318333333333,10,7,0,0.101,0.266,0.1325700271675048,0.361588291602287,0.5835969788055896,25.383705161620465,97.1652966053753,107.06497315754264,-9.895062111933408,0.1185419382304302,1.091199449811436,13.151924038406367,0.0542315838642073,0.1176752189594051,0.0840385801166971,12.302420568470463,0.4552507400881458,0.4983565812410823,0.1962297680012784,91.83185324557982,0.0813835592938532,13.5190364039868,5.813344141831603,2.443886768458106,2.2505312653764658,1.245716601821058,0.6688198549217385,2.925995475922462,0.014821224531844,0.0385308046745328,2.218963705259514,0.0364535086330204
1610612747,Los Angeles Lakers,50,31,19,0.62,2410.0,104.6,106.1,101.2,102.8,3.3,3.3,0.595,1.45,16.9,0.323,0.671,0.5,0.162,0.498,0.538,94.3,92.95,77.46,4666,0.527,1998-99,1998,1999,1999-00,1610612747,0.817,0.1969999999999999,0,LAL,10,10021.436666666665,8,4,7,0.192,0.323,0.1890204697862682,0.4717888087236994,0.6818869283878461,27.83820949158653,105.52953016383876,101.8632859027864,3.672826600710277,0.1583333745228145,1.5915912605345006,19.06925984664208,0.0513528081968287,0.125295782939971,0.0891174680210521,12.701372724003976,0.4916290644954099,0.5307318059187123,0.2013840735077571,93.92916585479593,0.1107570552924713,15.25649515987561,6.2649699926590685,3.4988995257167046,2.3170330534776946,1.1746818736235751,0.8621518338521654,5.676738965025752,0.042724454858666,0.0744106636515226,4.355228863058526,0.0474422475739056
1610612748,Miami Heat,50,33,17,0.66,2405.0,102.0,102.9,96.0,97.1,6.0,5.8,0.631,1.37,17.1,0.299,0.683,0.503,0.172,0.494,0.54,87.2,86.35,71.96,4325,0.56,1998-99,1998,1999,1999-00,1610612748,0.634,-0.026,0,MIA,10,11296.663333333334,8,6,10,0.17,0.268,0.1565155374787658,0.4557577325930164,0.7193880848002611,30.614750697772404,102.36160677533394,95.58269286889728,6.791788755322737,0.1612163156436457,1.5484576301143786,17.43194053760417,0.0475817278199255,0.1281954512232078,0.0903904118885842,11.835217301628,0.4952491397902449,0.5397462415893306,0.194980713626649,87.1869423375457,0.1175525444238844,13.441845217422609,6.099500176895892,3.103925377375443,2.061847760946521,0.971968418993337,0.9114195666626044,2.8247957506577874,0.0383689110704309,0.0565741765960821,2.7635519433545386,0.0453366130601239
1610612749,Milwaukee Bucks,50,28,22,0.56,2410.0,102.4,102.9,99.5,101.2,2.9,1.8,0.588,1.43,16.8,0.312,0.648,0.484,0.161,0.489,0.53,89.6,88.64,73.87,4453,0.512,1998-99,1998,1999,1999-00,1610612749,0.512,-0.048,0,MIL,9,9695.138333333332,9,3,5,0.131,0.28,0.1772850756985932,0.4577701573108034,0.6767685797159848,28.83547819413957,101.90078480915608,99.97172029348732,1.9248772279852293,0.1446293236661743,1.4942339141456296,17.277262022907358,0.0480768056773472,0.1161245498817878,0.0830963202691108,11.76871182687268,0.4908679229778912,0.5352450828018097,0.1912195256626044,89.72911295747372,0.105643781771723,13.608882665074576,5.618073525854798,3.067104251391978,2.053400303898019,1.251348828957744,0.6498102227525377,4.51541662785518,0.0257319827089058,0.0573509005895883,2.893036195325202,0.0323509963376669
1610612750,Minnesota Timberwolves,50,25,25,0.5,2405.0,98.5,99.9,98.2,99.4,0.4,0.5,0.663,1.9,18.1,0.348,0.673,0.501,0.138,0.439,0.481,94.1,92.86,77.38,4651,0.493,1998-99,1998,1999,1999-00,1610612750,0.61,0.1099999999999999,0,MIN,9,9166.13,7,4,4,0.156,0.276,0.1940831808698618,0.4957566606626788,0.7133837653768094,27.9777219684498,98.82950110897404,98.21283456958754,0.6013712439164621,0.1309228485740438,1.5874291276689292,13.82426440238865,0.0645323898962812,0.127199704055401,0.0939585659378603,9.292080736363111,0.4429681772278304,0.4871103900992022,0.195190826626577,93.5602389358068,0.0977802065866401,13.981909486337202,6.990954743168601,2.7924543946027387,1.7752312044450604,1.1939608100692445,0.9426006395283506,4.429968675847667,0.035608588481655,0.0508937009491712,2.87282668805434,0.020325498502679
1610612751,New Jersey Nets,50,16,34,0.32,2410.0,96.3,97.0,100.6,101.2,-4.4,-4.2,0.546,1.23,14.3,0.328,0.682,0.496,0.159,0.434,0.485,94.3,93.73,78.11,4711,0.466,1998-99,1998,1999,1999-00,1610612751,0.378,0.0579999999999999,0,NJN,8,7880.508333333333,8,5,1,0.133,0.28,0.2039980500411881,0.6034532459306242,0.8227218844808024,27.405209900799544,95.67345477924964,99.657144833085,-3.98369005383536,0.1113457365800218,1.3621504386878598,12.43745818004549,0.0536017691329133,0.1275292247433276,0.0886846068517153,9.911868206471452,0.4243062124799479,0.4734662535517485,0.1940016974370308,94.60331245129068,0.0962512149702694,13.604198544721628,6.587392310775215,2.2475707468109607,1.8318615233154376,1.6993827597838973,0.8496913798919487,3.217092510768997,0.0206640677698463,0.0497371965278197,3.0265341032736632,0.0312937211783425
1610612752,New York Knicks,50,27,23,0.54,2420.0,96.2,97.2,94.3,95.9,1.9,1.2,0.598,1.2,15.9,0.303,0.671,0.494,0.181,0.463,0.509,89.5,88.22,73.52,4446,0.515,1998-99,1998,1999,1999-00,1610612752,0.61,0.0699999999999999,0,NYK,9,11656.308333333332,8,6,6,0.149,0.278,0.1556573443421552,0.4295608172112812,0.652511479835311,29.414497443086976,96.37261624427978,94.91587213504565,1.464862760293604,0.1464450804535741,1.1688557383448308,16.079448653340076,0.0493167991295128,0.1248789396585683,0.0888452363062347,13.12369576702744,0.4702894785870599,0.5150601885817194,0.1961254270756107,89.13361550004755,0.1056004060748221,13.030197525374318,6.195443525930524,2.8660875334314686,2.313253838944149,1.170524973244102,0.7999102059900327,3.155605463460504,0.0214218652376324,0.0510829213368842,2.1534717629724835,0.0267270643192919
1610612753,Orlando Magic,50,33,17,0.66,2410.0,96.7,98.9,95.3,96.3,1.4,2.6,0.632,1.3,16.6,0.36,0.685,0.518,0.181,0.456,0.498,91.4,89.93,74.94,4521,0.519,1998-99,1998,1999,1999-00,1610612753,0.5,-0.16,1,ORL,9,11386.884999999998,9,6,8,0.171,0.232,0.1709324660197528,0.4550252329763584,0.6974853087565213,28.76278001695225,98.12953789966848,95.43098520798269,2.664822205546117,0.1590575694464874,1.3333268434109358,15.70048661244932,0.0562429872904954,0.1254808123556179,0.0899657923713699,12.26497037307979,0.4626708643320802,0.5015789744078385,0.1948479872531718,90.76385939613864,0.1065551819776289,13.4048951930225,6.383132876111421,3.189985672113137,2.349018190664084,1.5175353048704716,0.6639216958808313,3.3520638663269264,0.0306885397641169,0.0347584286097146,2.345829876715417,0.0383269588789402
1610612755,Philadelphia 76ers,50,28,22,0.56,2430.0,96.8,97.8,94.6,95.5,2.2,2.4,0.564,1.14,14.7,0.356,0.679,0.515,0.179,0.439,0.494,91.4,90.56,75.47,4582,0.518,1998-99,1998,1999,1999-00,1610612755,0.598,0.0379999999999999,0,PHI,8,10929.901666666668,8,5,7,0.154,0.318,0.1821782172178737,0.4880664525649132,0.7492104610273254,26.264766486920205,97.1615308066968,93.78285731756353,3.356529526569391,0.1491728696552774,1.2503129305371912,15.473099346273466,0.0573725121955198,0.1195612369797166,0.0879737865894188,12.430695015401936,0.4393792386970239,0.4935586617811901,0.197255936733801,91.5622260767518,0.1104494273431249,13.596462670219202,6.208656040058914,2.9248204581285493,2.292426845560214,1.666620666456133,0.8300166164959397,3.03676800059078,0.0288750390211004,0.0663588816795444,2.3158289073464084,0.0379483617993961
1610612756,Phoenix Suns,50,27,23,0.54,2410.0,103.4,103.9,99.9,101.6,3.5,2.2,0.695,1.83,19.1,0.306,0.671,0.489,0.148,0.481,0.526,92.6,91.54,76.28,4601,0.529,1998-99,1998,1999,1999-00,1610612756,0.646,0.1059999999999999,0,PHX,10,11356.125000000002,7,5,9,0.164,0.22,0.1816875621452446,0.4725150524496692,0.6862392174560717,30.069643474336537,103.32129096265966,100.31514662792104,2.99572825237482,0.1748779839073627,1.825815129133691,18.06701867934705,0.0510977132017597,0.1224148929909337,0.0869825665298095,9.96853920975098,0.4872900951395539,0.5324321543073305,0.1945865364872847,92.45991263011518,0.1094427623859371,14.398573457055113,6.073902849783707,3.762903279067464,1.9083974507149224,1.3250998910279694,0.6213387048839283,3.196096691798085,0.0333015673185732,0.0275828026762378,2.665046968598673,0.0382910830961699
1610612757,Portland Trail Blazers,50,35,15,0.7,2435.0,101.4,102.8,94.9,96.2,6.6,6.6,0.614,1.39,16.6,0.345,0.687,0.519,0.167,0.473,0.521,92.1,90.81,75.67,4613,0.556,1998-99,1998,1999,1999-00,1610612757,0.72,0.02,0,POR,11,12098.566666666666,9,5,10,0.154,0.247,0.1384068911744366,0.3812417173384175,0.6070132274622063,27.70538218025827,101.97406976584004,94.96551979986612,7.002615888383472,0.153003765735335,1.4264609127251988,16.213234047008324,0.0546477661265659,0.1286295227809354,0.0922316034681794,11.80776528624603,0.4725495784624624,0.5217704788721529,0.194426836099042,91.7314452276716,0.1113755604658403,13.967274360323676,6.558132230539706,3.154092633562654,2.192987048052524,1.2110525489245283,0.8599365765090631,3.2403799383493608,0.0202099423330495,0.0307096652999615,4.488455470641051,0.0417831195466317
1610612758,Sacramento Kings,50,27,23,0.54,2440.0,99.9,101.2,100.0,101.6,-0.1,-0.4,0.589,1.34,16.4,0.328,0.654,0.493,0.17,0.479,0.514,98.8,97.36,81.13,4948,0.494,1998-99,1998,1999,1999-00,1610612758,0.537,-0.003,0,SAC,9,11567.758333333331,9,4,5,0.14,0.246,0.1561405947997703,0.4567980975858907,0.6794904803653258,26.572916821251017,100.47750524986476,100.88324153844268,-0.408012428221832,0.1481610421494801,1.3454089822934578,16.54397399092737,0.0525566855001437,0.1187810873757592,0.0861520483297325,11.946274335779547,0.4808361063905352,0.5179505212404305,0.1990036031181495,98.2497667986667,0.1008069726848546,15.043882745936802,6.650553874238095,3.4015233432579493,2.446109192864362,1.3226417391442162,0.6317559365794727,3.463025740545965,0.0275187357591885,0.029363530925027,2.806835934433799,0.0389593116982556
1610612759,San Antonio Spurs,50,37,13,0.74,2415.0,101.3,102.7,92.1,93.6,9.2,9.1,0.633,1.45,17.4,0.329,0.674,0.512,0.168,0.479,0.523,91.2,89.88,74.9,4517,0.582,1998-99,1998,1999,1999-00,1610612759,0.646,-0.0939999999999999,1,SAS,11,11954.725,8,5,11,0.179,0.272,0.1642269758052429,0.4340888923277894,0.6685650792190256,30.633271502829768,101.60790112974853,92.28419194084346,9.35093549482178,0.1569276049149325,1.5794450590317497,17.560755405638076,0.0534244302287728,0.1229044759847396,0.0904944961092789,11.483259297056184,0.4820505233983493,0.5217853081800988,0.1955827501957036,90.89061236596126,0.1174934329313304,13.83419526588859,6.558745600588887,3.285395523527308,2.135055386050285,1.2557377940521424,1.0509652041347666,4.62508711842425,0.0401252472419721,0.0483039781063423,2.347692205435864,0.0574497366241143
1610612760,Seattle SuperSonics,50,25,25,0.5,2420.0,101.8,103.2,103.3,104.2,-1.6,-0.9,0.619,1.42,16.7,0.344,0.673,0.506,0.167,0.481,0.519,92.3,91.22,76.02,4594,0.49,1998-99,1998,1999,1999-00,1610612760,0.549,0.049,0,SEA,11,11208.320000000003,8,6,4,0.156,0.268,0.1793118861702734,0.4834859283103979,0.7255743947353392,31.722610822436664,103.0334551178648,103.20155484199832,-0.1898731180646755,0.1520841761596147,1.4198311343716097,14.97718598029559,0.0570039708597422,0.1239704588496164,0.089676264893698,10.876874812639182,0.4884302122589884,0.5246085608726373,0.1950375329814518,91.63261724474914,0.102217015722844,14.289741906012674,6.401316165134471,3.121966539142351,2.045980129046993,1.153072003654428,0.6391680465939586,4.184451076526559,0.0350887827525346,0.0474730272403937,3.827330727651842,0.0567696517269989
1610612761,Toronto Raptors,50,23,27,0.46,2415.0,98.8,99.8,100.5,101.8,-1.7,-1.9,0.624,1.3,16.1,0.359,0.675,0.515,0.175,0.45,0.504,91.7,90.67,75.56,4565,0.489,1998-99,1998,1999,1999-00,1610612761,0.549,0.089,0,TOR,10,11708.133333333331,9,5,2,0.13,0.269,0.1509847855052328,0.4409366423341039,0.6627449863912266,27.5857862340709,98.77926996617734,100.04585688296454,-1.2923273991868898,0.1584422892633041,1.4131129699012652,17.120370483196865,0.0572668177961758,0.1236624921706847,0.0896424968113334,12.129834716037854,0.4515171563072962,0.5030203752946668,0.1944641489961394,91.70887428966756,0.1007984858104337,13.593627222102011,6.398628873375772,3.1455056883533947,2.244593501953058,1.3344569586953796,0.9777818268781814,5.407626893451201,0.0237421839451196,0.0526475517556928,2.350649128182764,0.0255171239146081
1610612762,Utah Jazz,50,37,13,0.74,2435.0,102.7,104.2,95.5,96.7,7.2,7.4,0.715,1.48,19.0,0.329,0.677,0.516,0.182,0.485,0.545,89.6,88.37,73.64,4480,0.591,1998-99,1998,1999,1999-00,1610612762,0.671,-0.0689999999999999,1,UTA,11,12002.941666666664,7,5,9,0.196,0.303,0.1525963427021015,0.4193735841144498,0.648492418178044,30.845590074099896,103.50542132380048,95.6674349968376,7.840750024473168,0.1812194596741216,1.4278386881549177,17.305506830617215,0.0526804697181871,0.123249746277475,0.0906699234146074,12.429159948984728,0.4852344447506966,0.5418930839870504,0.1950650530807378,89.1489272240902,0.1180287289296443,13.823611295286645,6.085508205280234,3.569125068646367,2.2824404850755338,1.166713993028098,0.8247978099813033,4.847548194843523,0.0449413888401275,0.0540014170566435,5.452172125572695,0.0421368120194903
1610612763,Vancouver Grizzlies,50,8,42,0.16,2435.0,95.4,97.1,105.1,106.3,-9.6,-9.3,0.586,1.14,15.3,0.342,0.645,0.49,0.185,0.447,0.498,91.6,90.29,75.24,4576,0.427,1998-99,1998,1999,1999-00,1610612763,0.268,0.108,0,VAN,10,10676.56,8,5,0,0.138,0.282,0.1891829702950513,0.4680277792347597,0.6800375464256901,24.911819755926373,96.28158011569268,105.519120406448,-9.239860092264422,0.1510865071084069,1.100485017333923,14.51218691538598,0.0592595216374312,0.1260708051095109,0.0917797330475983,13.32857087551296,0.4517323173381689,0.4985693057189457,0.199444242808545,91.1495820001948,0.0905918026655277,13.386334175052635,6.315517357650778,2.8863229354773443,2.4547232441910127,1.2341053672718552,0.6237964288122765,3.2850814326093096,0.0299157418107487,0.0532139547506853,1.7248299331415355,0.0405956494520661
1610612764,Washington Wizards,50,18,32,0.36,2410.0,98.3,99.8,101.0,102.1,-2.7,-2.3,0.602,1.45,16.8,0.308,0.673,0.488,0.161,0.468,0.507,92.2,91.11,75.93,4571,0.476,1998-99,1998,1999,1999-00,1610612764,0.354,-0.006,0,WAS,11,11488.161666666663,8,6,2,0.149,0.253,0.1664639700839864,0.4426115753651912,0.6776763093950193,29.774056249498575,98.82385385999532,100.64351823333496,-1.8116465108937505,0.1577245786495867,1.4226168619667463,15.48055721708884,0.0479668167100132,0.1209694263529543,0.0841040546522021,11.033217078392436,0.4790052665809455,0.5115399945770263,0.1957388576965534,92.11996428932564,0.0982823920044068,13.68156233873798,5.841143426341638,3.3060119714540925,2.080750662602386,1.2095930056694597,0.5295886475599447,4.025205682417461,0.0323001600829942,0.0504621679482986,2.1440469266769138,0.0440898180725891
1610612737,Atlanta Hawks,82,28,54,0.341,3966.0,99.2,100.1,104.8,105.8,-5.7,-5.7,0.516,1.22,14.6,0.334,0.698,0.516,0.164,0.46,0.503,94.4,93.55,77.96,7731,0.462,1999-00,1999,2000,2000-01,1610612737,0.305,-0.036,0,ATL,12,19331.085,9,4,0,0.148,0.282,0.1544435641696607,0.4412303637724766,0.6487932950133597,28.18253915907979,99.18863764415362,104.90077137418824,-5.699138046312455,0.1266355683949797,1.189957999425968,13.60632927053327,0.0573275114493918,0.1281168577276788,0.0929702066214424,11.903063580411205,0.469629729957389,0.5123551988071715,0.1969905188974131,94.23477357496142,0.0939835648990559,14.198064930137134,6.840174775497599,2.7431465952376706,2.2123952173403616,0.8883102009018118,0.8547890612451396,3.871997271853545,0.0262892885883233,0.0414770912323422,2.3946632830527026,0.0495095419739684
1610612738,Boston Celtics,82,35,47,0.427,3946.0,102.0,102.9,103.0,103.9,-1.0,-1.1,0.57,1.38,15.9,0.327,0.705,0.506,0.159,0.474,0.52,97.1,96.19,80.16,7918,0.476,1999-00,1999,2000,2000-01,1610612738,0.439,0.012,0,BOS,12,19400.58333333333,10,4,4,0.137,0.28,0.1548535911720867,0.4218201342743131,0.613748555670577,25.673423135902272,101.82141068782298,102.24289401950972,-0.3794587791604204,0.1436353562392883,1.551153174088408,16.245572418355117,0.0532369015536474,0.1323443973763675,0.0906929752971345,11.419428908924562,0.4735580180149222,0.5178919245555332,0.1965112357446296,97.56515488194084,0.096575465428445,14.98965237299566,6.413003045441074,3.1935122225706274,2.2341596257844483,1.4566572310970032,0.5158607773821234,2.978683947093895,0.0283217192217496,0.0513605519970607,2.616613300244345,0.0324370345152324
1610612766,Charlotte Hornets,82,49,33,0.598,3956.0,101.7,102.5,98.9,99.7,2.8,2.8,0.689,1.68,18.4,0.283,0.712,0.501,0.153,0.475,0.53,96.3,95.58,79.65,7876,0.541,1999-00,1999,2000,2000-01,1610612766,0.561,-0.0369999999999999,0,CHH,11,18972.33333333333,9,6,9,0.14,0.249,0.1653019308818103,0.4581954424864276,0.7157905370978794,28.77616028603053,101.80024755345504,98.86997214364776,2.925790203278458,0.1752431450181844,1.7341087091730063,18.53416985259237,0.0461328665425092,0.1323885550889892,0.0899705772440571,10.75085429660734,0.4759365779995432,0.5332241742361685,0.1973035839028761,96.40414070312912,0.1113283463640037,14.910553964544864,6.442012052638052,3.7399722402797058,2.138482351494281,1.3529174060474023,0.895619937804171,3.993259961033401,0.019634891037355,0.0323038389054325,2.965203329290117,0.02782713349265
1610612741,Chicago Bulls,82,17,65,0.207,3961.0,91.2,92.8,102.3,102.8,-11.1,-10.0,0.638,1.05,15.8,0.331,0.676,0.499,0.208,0.443,0.49,92.0,90.93,75.78,7492,0.417,1999-00,1999,2000,2000-01,1610612741,0.183,-0.0239999999999999,0,CHI,13,17101.638333333336,11,5,0,0.142,0.266,0.1752236603452125,0.4030416968822576,0.592719722856962,26.19970494055005,91.3026705628496,101.38628493975672,-10.075064406597305,0.1543631288542238,1.2019686262027722,17.05355601895062,0.0550749689381611,0.1259563210464338,0.0896054728869544,14.922868588711236,0.4406672633606351,0.4846978124805392,0.1854747835563123,92.07410069970878,0.0842936245971755,12.150414828676746,6.233087024898103,2.904984834299014,2.5281788304297943,1.145153441926568,0.7283512700488832,4.92194778410063,0.0365676166879824,0.0513724376090855,3.953489434723651,0.0500256812883885
1610612739,Cleveland Cavaliers,82,32,50,0.39,3971.0,97.9,98.7,100.9,102.2,-3.0,-3.5,0.652,1.36,17.3,0.308,0.685,0.496,0.177,0.468,0.516,98.4,97.36,81.13,8051,0.475,1999-00,1999,2000,2000-01,1610612739,0.366,-0.024,0,CLE,10,18949.771666666667,10,6,1,0.136,0.297,0.1315525085922319,0.3736199811730361,0.5927975561359007,28.02297353978672,98.26813109357605,101.008291243263,-2.7327270697984662,0.1649860820662483,1.4768073230082015,16.55125412680874,0.049293005113606,0.1258258536624407,0.0874849150776926,12.498566411925982,0.4736417515320985,0.5193124903088102,0.1965633600862209,98.2881380831062,0.096738967743059,14.531256884977417,6.354693983559872,3.5620481970627087,2.5152809668858804,1.2956356642116091,0.6573166272979718,3.3025557307806817,0.0249702053522316,0.0524932157748309,1.510409035416152,0.0307298193781256
1610612742,Dallas Mavericks,82,40,42,0.488,3946.0,103.8,104.7,104.5,105.2,-0.7,-0.5,0.567,1.61,16.7,0.281,0.647,0.466,0.142,0.49,0.532,97.4,96.64,80.54,7941,0.493,1999-00,1999,2000,2000-01,1610612742,0.646,0.158,0,DAL,11,18727.74,10,6,6,0.131,0.258,0.185034695412616,0.4522573643874452,0.6621485916969515,27.10148368142659,104.07003792235476,104.04507221195225,0.0441800060587483,0.1413442325840349,1.6593901951507943,16.91452080354241,0.045752009229802,0.1204066665278352,0.0835998122749105,10.362835326989092,0.4937601639777856,0.5369197311937621,0.1938498418210988,97.3197414512732,0.1011352742865218,15.170650596388034,6.19359303364955,3.3063252693597844,1.943427236815548,1.0860894053420225,0.7862133925396231,3.300459386775468,0.0215950247958754,0.047198399572918,2.9390018839095324,0.0343991294898309
1610612743,Denver Nuggets,82,35,47,0.427,3971.0,100.8,102.2,102.8,104.5,-2.0,-2.3,0.625,1.49,17.2,0.321,0.688,0.504,0.161,0.476,0.517,97.4,95.95,79.96,7944,0.483,1999-00,1999,2000,2000-01,1610612743,0.488,0.061,0,DEN,13,17302.16,8,5,2,0.118,0.27,0.1704209185442742,0.4670485265038199,0.7082004982807542,26.324193530364607,101.15426548862492,103.17264946496084,-2.0027128597431383,0.1619287558123764,1.597219934775003,17.47252744744009,0.0529857601594251,0.1287080147796575,0.0908343107642822,11.28823519722393,0.480628141611606,0.5208091981964486,0.1908949739993927,96.94617137783182,0.0974037173200725,14.329540357966868,6.768403482570962,3.641163877804852,2.215908302778381,1.0007999001280763,1.2026244122121168,3.097148264614681,0.0196484011772538,0.0447534148753651,1.5056991762526506,0.041150927968818
1610612765,Detroit Pistons,82,42,40,0.512,3966.0,104.6,105.2,103.1,103.8,1.6,1.4,0.561,1.33,15.7,0.295,0.694,0.495,0.16,0.492,0.548,98.2,97.56,81.3,8063,0.506,1999-00,1999,2000,2000-01,1610612765,0.39,-0.122,1,DET,11,19257.71,8,5,9,0.17,0.298,0.1634919208981753,0.4593739338685648,0.6954494243258068,28.426849644462745,104.48188709872564,102.59707435792382,1.89574193054799,0.1456455772778798,1.4652915775897897,15.756220149401631,0.0472304887237371,0.1254348131216016,0.0864112759686034,11.579341339131185,0.4981418843846612,0.5487566875812337,0.1966894029283163,98.68678424035534,0.1031981696335303,15.620548860690082,6.058664296014428,3.1555153754002943,2.276906236515141,1.216967126413265,0.4804309546669879,2.372840333056151,0.0409935003836093,0.066706844905745,2.720598273989112,0.0461727898219011
1610612744,Golden State Warriors,82,19,63,0.232,3951.0,96.9,98.0,105.8,106.5,-8.9,-8.4,0.618,1.42,16.3,0.346,0.673,0.499,0.163,0.444,0.484,98.0,97.11,80.92,7991,0.431,1999-00,1999,2000,2000-01,1610612744,0.207,-0.025,0,GSW,12,15233.385,11,5,0,0.125,0.252,0.1612224291142995,0.4390335218775515,0.6652892096317835,27.737498373911425,96.7648125482288,105.0524391875695,-8.274970380297397,0.1481724612312584,1.451225005691994,15.688609218065018,0.0656988799053307,0.1322150057259105,0.0969734988863823,11.752487557208504,0.4506118368745139,0.4886418542781748,0.1919711324830298,97.9395215596096,0.0912604357687627,14.051768533389,7.415817298650301,3.2541683939584014,2.3017865037875693,1.3494046136167372,0.760960219937985,3.6099161988570967,0.0229728612548805,0.0335339653657022,2.005741193302504,0.0256265648929977
1610612745,Houston Rockets,82,34,48,0.415,3966.0,101.6,103.3,103.1,104.2,-1.5,-0.8,0.591,1.24,16.3,0.321,0.691,0.508,0.181,0.494,0.536,96.8,95.54,79.62,7892,0.49,1999-00,1999,2000,2000-01,1610612745,0.549,0.134,0,HOU,13,19273.731666666667,12,4,6,0.144,0.247,0.1439970239286822,0.4138945934963813,0.6034878732616993,26.716430021897683,102.6035884159779,103.32256518565552,-0.7171134045223383,0.1508033933750417,1.3044318229673393,15.85167234091236,0.0497677778018942,0.1261377781106046,0.0884220431625461,12.425493722500892,0.4968270884923773,0.5374418340886936,0.1960832727514538,96.25621926008272,0.0999494202774605,14.880979198025914,6.43279683168084,3.2705654042604966,2.452457096398648,1.120696312139519,0.7770161097500665,4.26116011435555,0.0167561648652511,0.0332197216243236,3.2331422535602954,0.031959902597902
1610612754,Indiana Pacers,82,56,26,0.683,3946.0,105.9,106.8,100.8,101.7,5.2,5.1,0.609,1.6,17.5,0.276,0.691,0.492,0.149,0.503,0.552,95.6,94.7,78.92,7777,0.534,1999-00,1999,2000,2000-01,1610612754,0.5,-0.183,1,IND,11,19400.131666666664,10,4,11,0.13,0.263,0.1542039362447626,0.4201819420641389,0.6272327704992381,30.95772606010663,106.27786750416384,100.78276620803004,5.478944266615374,0.1514643759720187,1.5666771660226704,16.7070693936012,0.0437120026419064,0.1274219162945543,0.0874082636380732,10.592851526179505,0.504518040728074,0.5534487943767391,0.1957493643299156,95.25095307342843,0.1075613888874809,15.145876587263713,6.251710147328038,3.4236881038350337,2.028233657177069,1.0206116298695225,0.7552526061034465,4.7396923924341525,0.0153611943512049,0.0354141517436469,2.6215389645587552,0.0262575014943756
1610612746,Los Angeles Clippers,82,15,67,0.183,3940.0,95.2,96.1,107.3,108.0,-12.2,-11.9,0.514,1.12,14.2,0.286,0.674,0.474,0.169,0.458,0.499,96.5,95.69,79.74,7849,0.411,1999-00,1999,2000,2000-01,1610612746,0.378,0.195,0,LAC,13,19232.175,10,6,0,0.113,0.247,0.1438508645018049,0.3940916718987843,0.6242824849503502,24.434661879549942,95.2258608642375,107.00174477579024,-11.762543931371953,0.1295149609096908,1.2172430869970077,13.54353724942707,0.0456509702274097,0.1229271966552578,0.0832906987032581,12.297372736052996,0.4564717691403426,0.4969727569381346,0.1980498122720563,96.54464697657272,0.0838712958882705,13.936021276844668,6.025527533937271,2.7291764971980554,2.332341505835924,1.0594745524102192,0.9022380463988084,2.781898138892164,0.0198335163811012,0.036052157653523,2.229267669818105,0.0349173534951345
1610612747,Los Angeles Lakers,82,67,15,0.817,3961.0,104.6,105.4,95.6,96.4,9.0,9.0,0.612,1.68,17.4,0.324,0.705,0.518,0.146,0.484,0.525,95.8,95.04,79.2,7840,0.573,1999-00,1999,2000,2000-01,1610612747,0.683,-0.1339999999999999,1,LAL,12,19456.58333333333,9,4,11,0.214,0.311,0.1626789561373828,0.4223928490356735,0.6265135622475684,29.677559095250537,104.68715807417372,95.59739130285809,9.093769486763264,0.1544783814390159,1.7633294146368623,18.21973988238771,0.0556523089442733,0.1305772364966442,0.0938959056703172,10.27424664316705,0.4698888488472196,0.5110927092372334,0.1965066482210391,95.78331351599071,0.1152294142942191,15.120434814265952,7.088397671739215,3.482214674553172,1.9964450764308568,1.1138646302237032,0.9880460341187004,5.020868892163734,0.0503705000737686,0.0677466703752494,3.0506910513813974,0.0486500862025997
1610612748,Miami Heat,82,52,30,0.634,3966.0,102.2,102.5,97.7,99.4,4.5,3.1,0.649,1.57,18.3,0.304,0.696,0.508,0.163,0.495,0.533,92.2,91.22,76.02,7548,0.543,1999-00,1999,2000,2000-01,1610612748,0.61,-0.024,0,MIA,12,18977.89666666667,9,6,8,0.171,0.279,0.1488972522244737,0.4152810049726268,0.6348705836561795,29.590908915266155,101.7749489537741,98.19192438607084,3.5579006647909166,0.1641265000564691,1.764562960876065,18.93982408306927,0.0497829852588159,0.130162850326406,0.0918164995980411,11.299012746231623,0.4941121953451463,0.5303826959046567,0.1971022139966687,92.36656191527368,0.1115103189341846,14.240355754211606,6.4647838564477365,3.6136775958136553,2.1852790500668404,1.069876201595224,0.9370901482057458,3.2355560155319014,0.0299782362203135,0.0511150829354328,4.067387876668195,0.0441521567220557
1610612749,Milwaukee Bucks,82,42,40,0.512,3971.0,104.9,106.5,104.9,106.2,0.0,0.3,0.583,1.51,17.1,0.327,0.667,0.497,0.158,0.494,0.539,95.5,94.27,78.56,7796,0.498,1999-00,1999,2000,2000-01,1610612749,0.634,0.122,0,MIL,12,19220.78166666667,10,5,6,0.144,0.27,0.159783564126641,0.4621771799256515,0.6820069492491155,28.24736871176502,105.61353658093512,104.8753458344436,0.7448931707512066,0.1499363289855797,1.4464306498461,15.745841632004383,0.0533387365706337,0.1235204802198037,0.0885710499633686,11.521881680323617,0.492167914867146,0.5345677037588394,0.1967358165020864,95.28678500935057,0.1005564584652254,15.137365641303695,6.20890461530831,3.3676049768700875,2.163283508501085,1.223051195715332,0.7117296391605302,3.8143612214736433,0.0306037483597373,0.0622082828927399,3.5076978347397128,0.0410748471583285
1610612750,Minnesota Timberwolves,82,50,32,0.61,3981.0,103.4,104.2,100.2,101.7,3.2,2.5,0.684,1.94,19.8,0.318,0.696,0.507,0.147,0.485,0.525,94.4,93.37,77.81,7751,0.531,1999-00,1999,2000,2000-01,1610612750,0.573,-0.037,0,MIN,12,19885.9,8,6,7,0.18,0.273,0.1630929452526664,0.4134250063277665,0.6267806167519029,27.260525213006865,103.24958455488562,100.46322276085066,2.7993482232804814,0.1732612959433568,1.9921154494725744,18.992653940731877,0.0523601715285704,0.1266520703111249,0.0898061241046838,10.036086942674626,0.4824066879883066,0.5228832496894784,0.1958070211389309,94.40259474217076,0.1064002921668116,14.6147773045223,6.308992803946515,3.9899627374169633,2.0022226803916343,1.1242136388094075,0.8037855968299146,3.9956317594031288,0.0412121919810456,0.0423352843342019,5.008554203883143,0.0330055074587193
1610612751,New Jersey Nets,82,31,51,0.378,3966.0,102.3,102.8,103.3,103.9,-1.0,-1.1,0.567,1.51,15.8,0.298,0.657,0.472,0.143,0.468,0.517,95.1,94.63,78.86,7820,0.479,1999-00,1999,2000,2000-01,1610612751,0.317,-0.061,1,NJN,12,19293.661666666667,10,5,3,0.134,0.272,0.1493271063027002,0.4159421267623556,0.6303991716796112,27.58670969403855,101.85435014625268,102.88606571743728,-1.0344278263405504,0.1478451086310988,1.6807397455312827,14.994896985598984,0.0490810101970448,0.1182864159101646,0.0826178988660956,9.835876644117237,0.4657185282869667,0.5116864097941665,0.1961440987916843,95.64507999215978,0.097238713024666,14.74618996204021,5.978336408753237,3.110451558486781,1.92374058596273,1.328519201945164,0.6959798628167783,4.03048126747812,0.0256935536386541,0.0583810271707005,2.2091068567922973,0.0355168686783408
1610612752,New York Knicks,82,50,32,0.61,3966.0,99.8,100.9,98.1,99.5,1.7,1.5,0.548,1.32,15.8,0.277,0.699,0.496,0.16,0.482,0.527,91.7,90.54,75.45,7485,0.507,1999-00,1999,2000,2000-01,1610612752,0.585,-0.025,0,NYK,10,19199.748333333333,8,6,7,0.128,0.252,0.1706838344842888,0.4545660277317871,0.6641372642992108,29.920399217038348,100.37522553464026,98.35730028232142,2.0242911777749866,0.1347862092636804,1.4103422301802742,16.219507573406563,0.04357875090203,0.1277642272915209,0.0872295083034508,11.685548248071656,0.4839667190950159,0.5268307872785485,0.1966034204962235,91.37858936779466,0.103096258553389,13.893932116644931,6.03007904009853,2.87253765218624,2.0869023543624574,0.926262141109662,0.6375083562293221,3.0936896622329857,0.0236101929348591,0.045673325180067,2.456489241564233,0.03670755035804
1610612753,Orlando Magic,82,41,41,0.5,3951.0,99.4,101.1,98.9,100.3,0.5,0.8,0.539,1.18,15.3,0.344,0.669,0.506,0.178,0.473,0.516,100.2,98.68,82.23,8120,0.497,1999-00,1999,2000,2000-01,1610612753,0.524,0.024,0,ORL,9,15877.733333333334,9,2,4,0.143,0.243,0.1630054247877531,0.4329190564564211,0.6416105783361185,26.649500453465222,99.83809075392794,99.30390247768364,0.5395066256308625,0.1491425563472536,1.2897851425056477,17.104934677913725,0.0554988219351208,0.1234823521199499,0.0895247847089844,13.228390492345673,0.4981585349084251,0.5312764729222476,0.1866405742213414,99.55022079977832,0.102615562149929,14.431530949001957,6.686344818319995,3.4055238783033683,2.553009245652192,1.2946432320314405,0.959078961732573,3.6089435681791846,0.0218929593799939,0.0569138165491655,2.85989178298989,0.0340540167835065
1610612755,Philadelphia 76ers,82,49,33,0.598,3966.0,98.5,99.9,97.5,98.3,0.9,1.5,0.607,1.42,16.6,0.335,0.68,0.504,0.165,0.457,0.501,95.3,94.25,78.54,7782,0.508,1999-00,1999,2000,2000-01,1610612755,0.683,0.085,0,PHI,8,15976.853333333333,7,5,7,0.126,0.334,0.1791347733053818,0.5091238241322447,0.7664619399397795,27.78517547051401,99.54647770649872,97.40537054021485,2.128913014995026,0.1504836312156586,1.5254843267009606,16.84955468911692,0.0568827659222007,0.1265085405845456,0.0909510246698557,11.605985168961096,0.4641439946664508,0.507339676189888,0.1954246023831142,95.07948470245287,0.1049608805947604,14.287919857393696,6.644862901664408,3.3100385223957325,2.194674963113304,1.4578590360721844,0.7345626673253973,2.273428366802225,0.0107110097565346,0.0697036637756534,1.3155981386611049,0.0278400744615841
1610612756,Phoenix Suns,82,53,29,0.646,3961.0,101.8,102.7,96.2,97.3,5.6,5.4,0.678,1.53,18.8,0.316,0.676,0.5,0.173,0.491,0.532,96.7,95.67,79.73,7895,0.542,1999-00,1999,2000,2000-01,1610612756,0.622,-0.024,0,PHX,13,19405.80833333333,10,5,12,0.153,0.227,0.1464377718526713,0.3989076294597365,0.6060826290410475,28.94277340504153,102.06499093699182,96.17281985591084,5.883038926919216,0.1694358945796726,1.5348349819663103,17.90033194528958,0.0527672216694571,0.1240059701197708,0.0891735561990246,12.275891273102513,0.4910861884564628,0.5318560393215604,0.1972131130842698,96.60818261113404,0.1094372464944988,14.859468621293368,6.494756509756314,3.8252464790395657,2.4246348923883185,1.3672195223337342,0.792133970198785,2.9456352679416478,0.0302444275875655,0.0246117353539399,3.094085003160183,0.0351581442504865
1610612757,Portland Trail Blazers,82,59,23,0.72,3956.0,105.1,106.5,97.7,99.5,7.4,6.9,0.637,1.55,18.2,0.335,0.693,0.523,0.166,0.501,0.546,92.4,91.03,75.86,7505,0.559,1999-00,1999,2000,2000-01,1610612757,0.61,-0.1099999999999999,1,POR,11,19589.185,9,5,10,0.152,0.247,0.1452810994093594,0.4229433230632106,0.6299754175582087,29.761413929846157,105.68852119166776,98.37365747987984,7.284759541212834,0.1586220577834146,1.6221060643070824,18.085945314553246,0.0528834998325181,0.127311326717608,0.091976699473034,11.440072621704276,0.50022680456929,0.5449742238723393,0.1956894435203234,91.94314601909166,0.1122912294887885,14.56783424118972,6.402716601022453,3.522964329552251,2.166705761367816,1.157781704547688,0.7167220075771402,4.613364085266893,0.0180862467464249,0.0233445080515132,2.943432525370087,0.0233728547978672
1610612758,Sacramento Kings,82,44,38,0.537,3961.0,101.9,103.6,99.9,100.7,2.0,2.9,0.596,1.47,17.0,0.308,0.679,0.493,0.16,0.486,0.526,101.9,100.66,83.88,8306,0.513,1999-00,1999,2000,2000-01,1610612758,0.671,0.134,0,SAC,12,19721.93666666667,9,4,11,0.159,0.279,0.1460452413310998,0.4063344184758055,0.6012325361555938,27.9711162578523,102.79514373250362,99.86059529143608,2.9205746443765417,0.1493407768777271,1.4346935561264185,16.477770523212648,0.0495897375528197,0.1245859732166263,0.0867989404691662,11.28649852000674,0.4876889267636157,0.5274275966981606,0.196321992464905,101.567059216294,0.1032630944290292,15.676350919559797,6.702790006593336,3.563138914180336,2.363865212020253,1.4329221555489566,0.6918184674561204,3.6811370675941495,0.0306649019593657,0.0420596321834872,2.76662393995821,0.049108486835304
1610612759,San Antonio Spurs,82,53,29,0.646,3971.0,102.8,103.5,95.7,97.1,7.1,6.4,0.616,1.48,17.3,0.301,0.703,0.512,0.162,0.488,0.535,93.1,92.11,76.76,7620,0.556,1999-00,1999,2000,2000-01,1610612759,0.707,0.0609999999999999,0,SAS,11,18742.315,10,4,11,0.183,0.284,0.1535859719926096,0.4274264767541612,0.6360563427374545,31.41803738403357,102.72641731646632,95.99697355067038,6.747805727307432,0.1576985494232347,1.6599706306291404,17.973457085388507,0.0505183577909132,0.1318101836228164,0.0934397037754763,11.621416333396736,0.4875847753243572,0.5329392627502703,0.1969115444561321,93.00802071675776,0.1139479140294746,14.43855788359122,6.592141899226429,3.376744014813538,2.176251973142058,1.1428684236712483,1.0218588258707637,5.271396010595187,0.0457457043712639,0.0517389652117369,2.750522183625486,0.0424475979844805
1610612760,Seattle SuperSonics,82,45,37,0.549,3956.0,102.6,104.0,101.8,103.1,0.8,1.0,0.604,1.63,17.2,0.312,0.673,0.491,0.148,0.487,0.52,96.0,94.74,78.95,7809,0.496,1999-00,1999,2000,2000-01,1610612760,0.537,-0.012,0,SEA,12,19373.478333333336,7,5,6,0.166,0.264,0.1767546991002389,0.4647603721479372,0.7116799796835656,28.632551700619587,102.90619541130414,102.08673497540066,0.8413681865939237,0.1561824938165036,1.852149147713709,17.135742798552695,0.0498831647595204,0.1227298352980324,0.0857667549287957,10.40310461372149,0.4930194750779136,0.5245263949762248,0.1945048079044832,95.63759979600978,0.1001635477263719,14.819228383270016,6.386669335836871,3.465562499661264,2.0143001338513726,1.1855382706616011,0.61506766079779,4.285889424433172,0.0349132656086641,0.0524674663168883,1.9889984282457969,0.0558438798998267
1610612761,Toronto Raptors,82,45,37,0.549,3951.0,101.8,102.7,101.7,102.8,0.0,-0.1,0.653,1.71,17.7,0.324,0.686,0.499,0.147,0.464,0.511,95.2,94.3,78.58,7760,0.5,1999-00,1999,2000,2000-01,1610612761,0.573,0.0239999999999999,0,TOR,12,19583.52666666667,9,5,6,0.147,0.295,0.1597252316487769,0.4119420608273143,0.6516499922213533,29.592601809207675,101.8711949652242,101.6322988556028,0.230062222364443,0.1637878432859726,1.886928407345085,18.218693909064392,0.0538398875381315,0.1270048816539343,0.0891533380606625,10.404245175111464,0.4587959357167197,0.5058675070101436,0.1959243351299681,95.21658610604356,0.1007680855235812,14.577558213042323,6.476259468417164,3.544203308290744,1.9687975846366117,1.194881820741174,0.9945093308015004,5.766264749609122,0.0325386895223922,0.0571253182923503,2.0578786217878577,0.0315905021526483
1610612762,Utah Jazz,82,55,27,0.671,3951.0,104.0,105.7,99.8,101.1,4.2,4.6,0.689,1.67,19.1,0.329,0.698,0.516,0.163,0.49,0.54,92.2,90.84,75.7,7488,0.551,1999-00,1999,2000,2000-01,1610612762,0.646,-0.025,0,UTA,12,19528.118333333336,8,5,6,0.199,0.316,0.1508409540396919,0.4238491658737217,0.6402614657104273,31.9750553710116,104.8962402334207,99.89880730102772,4.973033474551355,0.1748704329850521,1.6555799743805322,17.606717527230607,0.0510475873635546,0.1302792074778326,0.0911404800820969,11.48605926445721,0.4886929976441663,0.5346119795976246,0.1956087160983508,91.76168349980126,0.110038062038918,14.50277979504938,6.118561858366453,3.744139540326082,2.121863422410301,1.1503412472493724,0.8148250501349721,4.965196174294173,0.0517888996018879,0.0568335103972242,5.454736747998051,0.0512091497218426
1610612763,Vancouver Grizzlies,82,22,60,0.268,3971.0,99.7,100.7,105.3,106.7,-5.6,-6.0,0.588,1.23,16.2,0.326,0.679,0.501,0.181,0.474,0.524,93.5,92.46,77.05,7647,0.457,1999-00,1999,2000,2000-01,1610612763,0.28,0.012,0,VAN,13,19454.781666666662,8,5,1,0.144,0.247,0.1657063914621161,0.4874912071745172,0.7160283388771004,25.692564098851783,99.77143538576505,105.57562390188735,-5.8206542538942205,0.1480615516202572,1.346189451796298,15.739183674553354,0.0532620332670571,0.1258969040087745,0.0894296195733885,12.725217099583658,0.474320604214782,0.5233775286949592,0.1958332699527425,93.4410690636552,0.0922944350699043,14.052277978961296,6.0343005648397146,3.1124481907575587,2.392625154964045,1.1065660036105949,0.6235999050447666,3.374923657922335,0.0300462610243436,0.0391852002048012,1.6741834399182287,0.0266873463239993
1610612764,Washington Wizards,82,29,53,0.354,3961.0,100.7,101.8,104.1,105.2,-3.4,-3.4,0.588,1.34,16.4,0.329,0.686,0.506,0.17,0.476,0.521,95.3,94.33,78.61,7781,0.471,1999-00,1999,2000,2000-01,1610612764,0.232,-0.1219999999999999,1,WAS,11,18786.036666666667,11,3,1,0.119,0.246,0.1550938276673933,0.3991747594090717,0.583215352679499,28.62422071996381,100.8516696709666,104.23168828763065,-3.3804364358563483,0.1487015766674929,1.3386614730337834,15.319487505879811,0.053580596474935,0.1261990339988335,0.08953301219647,11.904429850468729,0.4819300545209908,0.5263607459512039,0.1981759731651753,95.24838123297604,0.0969679602456505,14.69048553970316,6.325762166261431,3.250073503174609,2.3149108442422928,1.0520579912988566,0.6477151203260719,3.628773078619368,0.0163790950080958,0.0358399971800424,2.357245582020998,0.0372115165732417
1610612737,Atlanta Hawks,82,25,57,0.305,3946.0,95.6,96.9,101.9,102.4,-6.3,-5.5,0.542,1.14,14.9,0.313,0.691,0.501,0.178,0.456,0.5,94.5,93.63,78.02,7695,0.452,2000-01,2000,2001,2001-02,1610612737,0.402,0.097,0,ATL,9,12794.5,7,3,1,0.115,0.248,0.2415537926452772,0.5381626219599567,0.7500300910547499,24.7151503901416,95.61357445256428,101.60160583323564,-5.988031380671383,0.1226690138992014,1.0596402047754896,12.678220654708406,0.047718122240025,0.1081511986921463,0.0776702352573371,12.549261310198393,0.4584569054411401,0.5003151111805855,0.2037239025883517,95.09086647648076,0.0825314661247671,14.490601430302084,5.618976904138497,2.5126421509242256,2.3832115362069644,1.0889053890343507,0.5486732580405644,2.525626390344016,0.026444811293786,0.0371172988919723,3.179644278243706,0.0245129777695018
1610612738,Boston Celtics,82,36,46,0.439,3966.0,99.0,100.1,100.9,102.3,-1.9,-2.2,0.616,1.33,16.2,0.28,0.69,0.478,0.166,0.473,0.521,95.0,93.81,78.17,7748,0.468,2000-01,2000,2001,2001-02,1610612738,0.598,0.1589999999999999,0,BOS,14,19407.065,11,4,1,0.147,0.302,0.1748561670711156,0.464993461573573,0.6527404667664414,26.22789278028388,99.05174474690877,100.89737895280231,-1.884871789388727,0.155455440067831,1.44076802271063,16.68255004041054,0.0451311798048803,0.1269482666922244,0.0847271698906214,11.987284355808912,0.4704865743480531,0.5176425624723093,0.1957952247459022,95.09265923346304,0.0952549063103222,14.209258329376445,5.932272602786666,3.0830009586714944,2.2222834828450364,1.400520892777965,0.6140031993503398,3.006566651373382,0.0366404772933597,0.0726398984607478,1.2682142371133436,0.0418437537243059
1610612766,Charlotte Hornets,82,46,36,0.561,3976.0,99.3,99.7,96.3,97.6,3.0,2.1,0.679,1.61,17.8,0.315,0.71,0.513,0.156,0.457,0.506,92.0,91.24,76.04,7565,0.527,2000-01,2000,2001,2001-02,1610612766,0.537,-0.024,0,CHH,12,19613.791666666668,7,5,8,0.138,0.264,0.1625961323983336,0.4734716005531821,0.7357502267749522,28.58649844603394,98.76089326600544,96.51332818956048,2.248164569573706,0.1727069292653341,1.6703187892873002,17.45752513431238,0.0521317149709706,0.1324658945342457,0.0922617153321111,10.943052435467392,0.4576327045382607,0.5089056486188502,0.1948340117816757,92.18276336506412,0.1072858255776653,13.716266827551191,6.611266307084089,3.468987595888098,2.0391773645670246,1.2095570506297653,0.8259494275924043,4.208035101077591,0.0213521702681082,0.0473145186119063,2.751060963528015,0.0227751395363638
1610612741,Chicago Bulls,82,15,67,0.183,3971.0,94.3,95.9,104.9,105.9,-10.6,-10.0,0.665,1.4,17.4,0.302,0.673,0.48,0.173,0.45,0.495,91.7,90.47,75.39,7486,0.432,2000-01,2000,2001,2001-02,1610612741,0.256,0.073,0,CHI,13,19319.241666666665,11,6,0,0.136,0.26,0.1506005454837987,0.4041054061386985,0.6021711514729055,23.761298515426542,95.3308349749753,104.77849504962454,-9.44483746558375,0.1686038215785729,1.7204844134237498,18.56157155064317,0.0463942507232642,0.1238307385253648,0.0835661777614632,11.793475908517806,0.4536239215738712,0.4981148837363785,0.1962872406568753,91.37985254942288,0.0896655665832294,13.20238156345854,5.7300385755307,3.333671223292495,2.1541218189637363,1.2279985109836524,0.6633800757362371,2.358560286616733,0.0296413871808709,0.051483710725998,2.1776095787327376,0.0439516830594805
1610612739,Cleveland Cavaliers,82,30,52,0.366,3966.0,97.4,99.3,102.0,103.5,-4.6,-4.2,0.591,1.27,16.2,0.331,0.678,0.505,0.177,0.459,0.509,93.9,92.32,76.94,7613,0.469,2000-01,2000,2001,2001-02,1610612739,0.354,-0.012,0,CLE,12,17962.396666666664,12,5,0,0.142,0.254,0.158471707283308,0.4369336200310316,0.6199379667041462,27.27556883185039,98.62251163031512,102.43021544637978,-3.830768054522792,0.1430798806729391,1.213390174919123,14.728224815582331,0.0548244510430029,0.1285762960547767,0.0917176224071064,12.44288754897036,0.4678481903584137,0.517038265680582,0.1968816109171772,93.243577852176,0.0976435954444832,13.993232900064006,6.465506922888354,3.0183054636918354,2.3629363490655204,1.1744535204006743,0.8397543089554309,3.339621660080123,0.0308440742240722,0.0359844547035617,2.265412912466517,0.0384382792128593
1610612742,Dallas Mavericks,82,53,29,0.646,3961.0,104.5,105.6,100.1,101.2,4.4,4.4,0.564,1.52,16.5,0.272,0.678,0.481,0.146,0.498,0.544,95.5,94.52,78.76,7803,0.523,2000-01,2000,2001,2001-02,1610612742,0.695,0.0489999999999999,0,DAL,8,14960.68,6,4,6,0.159,0.247,0.2302141346516334,0.601323157325291,0.8947251506393205,26.5526444430779,105.78350224276792,99.5490576297334,6.226959079845747,0.1564556237862628,1.7441746119383164,17.283361273239805,0.0418016021553387,0.1263144278869677,0.0855862527639118,10.123636369915449,0.5016923525534935,0.5501654038007185,0.1980421601825585,94.99880333536532,0.1158099260862474,15.530310119593494,6.138491031156338,3.5156156003604115,1.9418903418828557,1.1141204811546,0.9697420170740902,2.200667500442372,0.0309831028136548,0.0432119803464996,3.9014287784112063,0.042649296376305
1610612743,Denver Nuggets,82,40,42,0.488,3956.0,101.1,102.2,103.1,104.9,-2.0,-2.8,0.661,1.73,18.0,0.306,0.69,0.497,0.147,0.47,0.511,95.3,93.98,78.32,7751,0.48,2000-01,2000,2001,2001-02,1610612743,0.329,-0.1589999999999999,1,DEN,9,16673.946666666667,7,6,2,0.151,0.267,0.1611116264415703,0.4618072825789694,0.7371364188122627,27.71826266286885,101.95028620498566,103.84113934033614,-1.8747419727063217,0.1825600667628379,1.8822433720950689,18.491752372563663,0.0457199773139092,0.1209585058246558,0.0833632341393279,10.076342373651189,0.4781872878926484,0.5202799233294897,0.1995891026799494,94.65268091397677,0.1013753987258365,14.83919823820955,6.235356396326085,3.9510741708021935,2.0251953946516164,1.0104386404018724,0.943507875759868,3.1935933775880097,0.0297215165555174,0.0407870610978427,2.559927873635333,0.0249178284563564
1610612765,Detroit Pistons,82,32,50,0.39,3971.0,97.3,98.5,98.9,100.3,-1.6,-1.8,0.558,1.25,14.9,0.325,0.691,0.505,0.164,0.453,0.498,97.5,96.15,80.13,7955,0.48,2000-01,2000,2001,2001-02,1610612765,0.61,0.2199999999999999,0,DET,11,17327.745,8,4,3,0.145,0.343,0.1853125339352196,0.4811031864407822,0.6791310698535787,27.221778040554803,97.48503878221506,99.0087318055523,-1.5303382523230804,0.1564628361432296,1.3925617643842287,16.103287107853134,0.0477893450648079,0.1203068288266399,0.083793596531651,11.945906338841745,0.4569786825502491,0.4941582905527137,0.1983737844518525,97.26379530054254,0.0974151293200586,14.44342584681388,6.390675763060917,3.2015706602330534,2.3144384915636738,1.0678827510446396,0.8310371603460229,3.194489821797942,0.0318016723295161,0.0807954696074933,2.084526778670963,0.0371975191743191
1610612744,Golden State Warriors,82,17,65,0.207,3956.0,94.5,96.3,104.9,105.5,-10.4,-9.2,0.609,1.37,15.9,0.357,0.68,0.504,0.165,0.429,0.47,96.8,95.7,79.75,7879,0.427,2000-01,2000,2001,2001-02,1610612744,0.256,0.049,0,GSW,12,17529.411666666667,11,7,0,0.118,0.276,0.1935672494047385,0.4329251590208341,0.6141989743523432,26.925906621509547,95.38437449935334,104.62487058179455,-9.213659471552903,0.1541827442963241,1.456455108257579,15.788270180583169,0.0552246274285493,0.1226790701380261,0.0864265587160321,11.475606549639856,0.4255662841698338,0.4641090546202966,0.2018228885224993,96.58076596504904,0.0859773799215737,14.156094038904328,6.52046983512567,3.3228725018057745,2.3042416236255123,1.3841879272046305,0.7824563802150805,3.899248675572968,0.0243204871961212,0.0468814860317151,2.2829536389795284,0.033993279462396
1610612745,Houston Rockets,82,45,37,0.549,3966.0,103.6,105.2,101.7,102.8,1.9,2.4,0.548,1.34,15.7,0.305,0.691,0.502,0.159,0.492,0.538,92.9,91.66,76.38,7575,0.509,2000-01,2000,2001,2001-02,1610612745,0.341,-0.208,1,HOU,11,19338.126666666663,10,5,9,0.139,0.24,0.1651640507060491,0.4446090779561895,0.640582731384874,27.131878337750056,104.78569608086823,101.89065206764256,2.8721418724116337,0.1393523988362885,1.4465376894487196,15.460162187374925,0.0485171761725282,0.1285157379946144,0.0893742299753957,11.359250973637916,0.4985166170008195,0.5428729622724573,0.1949650572840733,92.28554138129202,0.1043310041406975,14.51309140940574,6.258724130120844,2.971125434762899,2.079415482850976,1.0741474786078902,0.6590090250038009,4.278286923870077,0.0244711879466226,0.0405922517480043,2.9187952624984588,0.0312005746250741
1610612754,Indiana Pacers,82,41,41,0.5,3996.0,99.4,100.3,99.2,100.5,0.2,-0.2,0.623,1.42,16.9,0.297,0.685,0.497,0.164,0.471,0.519,91.9,90.89,75.75,7566,0.51,2000-01,2000,2001,2001-02,1610612754,0.512,0.012,0,IND,11,19478.145,8,4,7,0.133,0.254,0.1634034794723351,0.4501459627358423,0.6734192775201813,28.02416708572608,99.67771879714417,99.38433380078033,0.3127158327106268,0.1571423444070264,1.6059689188404065,16.409301655778822,0.0487272717704894,0.127515105776243,0.0893332939729801,11.751870853204965,0.4710250865778029,0.5163500957098327,0.1949941081829575,91.62214214957328,0.1036324557600325,13.708286903090617,6.372680766058575,3.143831201585161,2.094039242443261,0.999889876577056,0.8908445850464713,5.515236543699607,0.0261595454507665,0.0439095568752444,1.8592664104832697,0.031135353562009
1610612746,Los Angeles Clippers,82,31,51,0.378,4006.0,98.4,100.3,101.8,103.2,-3.5,-2.9,0.547,1.23,15.3,0.322,0.682,0.506,0.171,0.476,0.514,92.1,90.67,75.56,7559,0.476,2000-01,2000,2001,2001-02,1610612746,0.476,0.0979999999999999,0,LAC,11,18653.99333333333,10,5,2,0.139,0.24,0.1517035315762594,0.4183202595762337,0.6470675269173822,24.4069359232822,99.4390842675688,101.95049830259757,-2.519936660568478,0.1402664241865637,1.4425133295855506,14.8235779273714,0.0486360125213582,0.1262363587742964,0.0884495802328652,12.067577558906958,0.4762946773863254,0.514851369626307,0.1964890188838922,91.72144225686796,0.0977580442114449,13.794794251382813,6.312642976535139,2.900612165616727,2.2386627492451123,0.8800260462549752,0.9340627333057192,4.173614623139903,0.02446136365636,0.0281042796830671,2.84492757669109,0.0389374339508793
1610612747,Los Angeles Lakers,82,56,26,0.683,3981.0,105.6,107.0,101.7,103.6,3.9,3.5,0.607,1.59,17.4,0.338,0.691,0.517,0.154,0.498,0.535,94.3,92.9,77.42,7710,0.532,2000-01,2000,2001,2001-02,1610612747,0.707,0.0239999999999999,0,LAL,14,19867.64333333333,10,5,8,0.186,0.315,0.1470635755658321,0.4077899358303359,0.6153929848750725,29.53040957885795,106.13504424195251,102.46466554580456,3.661400748251805,0.1537594676973095,1.78673764360242,18.645913422377056,0.0548424907970128,0.1271904060756744,0.0913172570543092,10.761358023842115,0.4916857713203025,0.5261754374323545,0.1954109223321739,93.74982503293045,0.1059346504441979,14.89275778892078,6.630076742871533,3.417415888782649,2.05479831276751,1.0201511905538871,0.8860638227013337,4.64815578543185,0.0457185304661098,0.0778705889855113,5.343827267106611,0.0412564563098058
1610612748,Miami Heat,82,50,32,0.61,3976.0,98.6,99.4,95.7,97.1,2.9,2.3,0.605,1.45,16.4,0.28,0.7,0.49,0.153,0.469,0.515,89.4,88.39,73.66,7331,0.523,2000-01,2000,2001,2001-02,1610612748,0.439,-0.1709999999999999,1,MIA,11,19192.443333333333,9,5,9,0.175,0.292,0.1695970445312417,0.4541474048900843,0.7090036130539572,31.35174503576321,98.571288100716,96.02085278181532,2.573005200136929,0.1551149295217405,1.5494364500750553,16.269746565184594,0.0426529936348211,0.1288203272016955,0.0856770351282353,10.788154044308754,0.4658623340992017,0.5102428191790066,0.1941078485230211,89.2469231336361,0.1055684840717691,13.141422153476029,5.841048898932964,2.999305455810472,1.9357618701666088,1.132945900756426,0.5533427826542147,3.403294188627604,0.037932943779656,0.0477022655556837,2.215022589050973,0.0402290915531893
1610612749,Milwaukee Bucks,82,52,30,0.634,3956.0,106.3,106.8,101.2,102.6,5.1,4.2,0.593,1.64,17.2,0.301,0.683,0.494,0.145,0.499,0.542,94.7,93.89,78.24,7733,0.519,2000-01,2000,2001,2001-02,1610612749,0.5,-0.134,1,MIL,10,18936.103333333333,9,4,8,0.148,0.284,0.1653491364203582,0.4569731083357347,0.6728555206095728,28.5352796096205,106.37134802989212,101.43926284728416,4.898390737200246,0.1523291358253748,1.661663001416518,16.100673316984793,0.0505064122660927,0.1260024242051911,0.0889221405283839,10.571286093531036,0.5033841728437266,0.5436670674589686,0.1973601542626422,94.86961296683532,0.1057760642765116,15.340220471265564,6.319357150388739,3.3402859546429045,1.977175522383961,1.2186245287001147,0.6615933478746333,2.999774910015124,0.0336672750683759,0.0678558646788111,3.3322301070069957,0.0355674170870561
1610612750,Minnesota Timberwolves,82,47,35,0.573,3966.0,102.7,103.9,100.7,102.4,2.1,1.6,0.662,1.83,19.0,0.315,0.682,0.498,0.148,0.482,0.523,94.3,92.99,77.49,7679,0.518,2000-01,2000,2001,2001-02,1610612750,0.61,0.037,0,MIN,12,19284.855,7,4,9,0.174,0.268,0.1660726340263728,0.4604974559915886,0.6714641273337721,28.0917133332521,102.8615261475045,101.16836640289316,1.7127276559766715,0.1695959271321113,1.8799301126886008,18.342881776053453,0.0513757910028361,0.1277497506895091,0.0896130776370023,10.349024411470385,0.4816578474835997,0.5219661973087172,0.1962639264507476,93.94517286838126,0.1047232283226051,14.53264751018351,6.32454846043696,3.815636674478496,2.006756078798622,1.228321395208831,0.8288369292898495,4.036493129611143,0.039952590876313,0.0400512140375621,2.591472449792908,0.0295767950845467
1610612751,New Jersey Nets,82,26,56,0.317,3946.0,96.9,98.4,103.0,103.8,-6.1,-5.4,0.576,1.33,15.4,0.292,0.673,0.477,0.157,0.452,0.504,94.5,93.35,77.79,7674,0.446,2000-01,2000,2001,2001-02,1610612751,0.634,0.317,0,NJN,10,17995.108333333334,10,7,1,0.149,0.288,0.1421670611411527,0.3981991402293123,0.627232585892555,27.89660282678672,98.25468485185556,103.2126113994868,-4.95488352621754,0.1497719034756204,1.370222646617391,14.410434178177123,0.0447187007765536,0.1203964703370776,0.0814183395209716,11.329930856209533,0.4558001580059025,0.5078867340337397,0.2000710817245242,94.13952495516142,0.091840820723039,14.335895912453989,5.77556956450665,2.936798102076814,2.100570849578103,1.2063278307577106,0.7201957198553496,4.70429860204463,0.0257353422143672,0.0468683746452202,2.693504311625105,0.0362044457018725
1610612752,New York Knicks,82,48,34,0.585,3981.0,98.7,100.0,95.5,97.0,3.1,3.0,0.552,1.28,15.6,0.276,0.707,0.498,0.163,0.476,0.523,89.0,87.74,73.12,7276,0.52,2000-01,2000,2001,2001-02,1610612752,0.366,-0.2189999999999999,1,NYK,7,15944.711666666666,7,6,6,0.157,0.255,0.1889491677857245,0.506893351369268,0.7740424280694111,30.1513158960646,100.21881356274136,96.55069726880188,3.6492213771608912,0.1189011348276706,1.1514872475482207,12.817871536717451,0.0434210876814224,0.1359004443165952,0.090841000992283,10.630184678786394,0.4864712950281216,0.5318337879424391,0.2060935316380237,88.46679453804276,0.112441350198974,14.357362164069654,6.089291674240582,2.3616607679850383,1.910100391697268,0.9821438184259004,0.6660515550244611,2.112405980660669,0.0205812526399207,0.0367137950068343,2.587413361125762,0.0267648423664376
1610612753,Orlando Magic,82,43,39,0.524,3991.0,100.4,102.1,99.2,101.1,1.2,1.0,0.598,1.45,16.6,0.321,0.662,0.489,0.159,0.474,0.513,95.8,94.14,78.45,7828,0.495,2000-01,2000,2001,2001-02,1610612753,0.537,0.013,0,ORL,11,19354.621666666662,7,4,6,0.171,0.309,0.1598409785500844,0.4342781866139983,0.6461022703190703,26.585172034276383,101.38454594781108,99.8942218365932,1.485117249773159,0.1484684726033996,1.437171666061155,16.311457384037382,0.0529317644459251,0.1228302705994511,0.0871028262586377,11.810707235903086,0.4890527380497319,0.5241105430201727,0.1965483860745404,95.1619737060218,0.0991394795196633,14.53978304751156,6.409631876899685,3.208535980165977,2.163204257932192,1.1941333908791636,0.8890899701561374,4.158145988876719,0.0421097611183803,0.0599586504962969,4.246939850869566,0.0557691084236792
1610612755,Philadelphia 76ers,82,56,26,0.683,3971.0,100.7,101.9,96.2,97.3,4.5,4.6,0.583,1.31,16.0,0.334,0.704,0.523,0.17,0.468,0.518,93.2,92.09,76.74,7619,0.536,2000-01,2000,2001,2001-02,1610612755,0.524,-0.159,1,PHI,10,16499.233333333334,7,6,7,0.155,0.349,0.1803634310281083,0.4857855011444976,0.7383157197203101,28.18056778395763,100.75971735050312,95.93368236301887,4.865416312273095,0.1466197271792426,1.2367968784408163,15.020616170044264,0.0540519432216042,0.1281695110075821,0.0918804134333514,12.350053457029317,0.4706939544665711,0.5190546039512947,0.199537117684256,93.26515664364202,0.1094222322451346,14.479218226301423,6.567577887457397,3.030686274311736,2.282287863880544,1.2938783014160251,0.7134876974081624,2.878354525899719,0.0254932521890839,0.0729837194401826,2.319796899183612,0.0331270543200004
1610612756,Phoenix Suns,82,51,31,0.622,3961.0,97.5,98.9,95.4,96.7,2.1,2.3,0.647,1.52,17.5,0.305,0.702,0.5,0.161,0.46,0.506,95.7,94.41,78.67,7792,0.521,2000-01,2000,2001,2001-02,1610612756,0.439,-0.183,1,PHX,10,17952.45333333333,8,5,9,0.169,0.249,0.1708498151413288,0.4833646691928456,0.7323051111305865,29.04804301584778,98.14662720192746,95.49197121804708,2.6595894043079715,0.1645264158881905,1.4816607999352365,16.43585732757788,0.048589500766469,0.1338948867898463,0.0904017698788057,11.545986704509836,0.4577687968738163,0.5036814658200847,0.2012681250993364,95.08172045751962,0.1074944389216255,14.388005650481196,6.483125054774314,3.457131950025029,2.2238743228409263,1.4097237592039416,0.8321982362299228,4.557058615380746,0.0435788881691203,0.0463947318330546,1.6638220408084885,0.0302637361548218
1610612757,Portland Trail Blazers,82,50,32,0.61,3956.0,103.6,104.7,99.0,100.5,4.6,4.2,0.653,1.56,18.6,0.333,0.7,0.522,0.168,0.497,0.539,91.7,90.53,75.44,7475,0.544,2000-01,2000,2001,2001-02,1610612757,0.598,-0.012,0,POR,11,19243.425,10,6,8,0.145,0.238,0.15295258856813,0.4228672044261005,0.6458450093993143,30.2764713142281,103.8930824251227,99.30503980796904,4.56111702222101,0.1592396038300527,1.6117279295828748,18.386700860163923,0.0529965770992776,0.1295230008864499,0.0925880295044497,11.537195241145136,0.4973249148735218,0.5395693503105606,0.1953250915572461,91.39808012173856,0.1095961188475197,14.316993986257645,6.304491014463382,3.513303894706893,2.2056364706386726,1.2272243636462845,0.7670152272789278,3.941220862832998,0.0228674789653541,0.0367779258719559,2.98548375616051,0.0308948175755716
1610612758,Sacramento Kings,82,55,27,0.671,4016.0,102.8,104.2,97.0,98.5,5.8,5.7,0.591,1.52,16.8,0.307,0.679,0.497,0.152,0.484,0.529,97.0,95.61,79.67,8010,0.54,2000-01,2000,2001,2001-02,1610612758,0.744,0.0729999999999999,0,SAC,10,19650.555,9,5,9,0.169,0.311,0.149648190598179,0.441754613716169,0.6812302078321282,27.79762047433265,103.45711911614367,97.61105790650694,5.829273278371356,0.1472573322568582,1.5301503460504464,17.135918502047396,0.0490056442002104,0.1276778845856177,0.0892303337827693,11.050218674909347,0.4824603582443345,0.5299644509616479,0.1952955600151411,96.3276634349513,0.1094619979774956,14.978508240606942,6.659353896111329,3.3305929527181286,2.117802779616148,1.4143111988440018,0.778603963094172,3.320254401533248,0.027803063556939,0.0533807261931288,1.817203331311867,0.024408561435325
1610612759,San Antonio Spurs,82,58,24,0.707,3966.0,104.7,105.0,94.9,96.6,9.8,8.3,0.617,1.55,17.2,0.297,0.703,0.511,0.152,0.496,0.541,91.8,90.87,75.73,7514,0.573,2000-01,2000,2001,2001-02,1610612759,0.707,0.0,0,SAS,11,19186.915,10,4,9,0.17,0.284,0.16542280681044,0.4380265578564002,0.6334554912379956,30.076017518536283,103.9347788062854,94.9851032157419,8.96031462066726,0.1553250036114021,1.7135661690966648,17.878492495189214,0.0478977018973607,0.1306862809020279,0.0916907408859979,10.786646142262406,0.5006495992190511,0.5445278274282239,0.1948423496777187,91.8916843006462,0.1172979851112072,14.379799983478325,6.527573609410371,3.264724944056926,2.000113097910737,1.0357058443215077,1.0507160739493555,4.944587641949779,0.0350538725977482,0.0511439034761058,4.509734070485386,0.0282610966907017
1610612760,Seattle SuperSonics,82,44,38,0.537,3961.0,102.6,104.4,102.7,104.2,-0.1,0.2,0.592,1.43,16.9,0.321,0.668,0.496,0.164,0.491,0.53,94.2,92.69,77.24,7643,0.494,2000-01,2000,2001,2001-02,1610612760,0.549,0.012,0,SEA,11,19535.625,10,6,5,0.148,0.265,0.1660622580541958,0.4144177624212176,0.6274911433172303,28.08823683228291,103.44153227756983,103.48987082146934,-0.0480777553827942,0.1533544075673716,1.5270502044342074,16.454067632850244,0.0509381305520896,0.1222113556643312,0.086558261552079,11.702096375211957,0.4961098825009866,0.5350007592965844,0.1966604711477962,93.54233136982651,0.0995662687184737,14.596717535272102,6.158594874748058,3.289375179959689,2.187388424992802,1.1978116901813995,0.7315865246184856,5.1109350426563775,0.0294198803862542,0.043995681182803,2.26503602995052,0.05562406961618
1610612761,Toronto Raptors,82,47,35,0.573,3991.0,102.6,104.4,100.5,102.0,2.1,2.3,0.657,1.86,18.2,0.339,0.7,0.515,0.141,0.468,0.51,93.8,92.22,76.85,7671,0.522,2000-01,2000,2001,2001-02,1610612761,0.512,-0.0609999999999999,1,TOR,6,13636.933333333334,5,4,5,0.15,0.302,0.2185283592596576,0.6217234813301132,0.9298471308309786,29.37009799368381,104.76490547728228,100.91722086832816,3.865219978587561,0.1511402220196133,1.9305874634570823,16.475170505098898,0.0544916349716945,0.128335427075491,0.0902237714735473,8.898756208629505,0.4562544766907516,0.5004218207661546,0.2075929925594219,92.89689856957088,0.1089260329790666,15.482953156623678,6.599724278185711,3.294582359670307,1.744967099152302,1.1219531272915708,0.8843630532768852,5.564477767557238,0.0236446491216058,0.0519831352985154,2.197911893494737,0.0381631598026514
1610612762,Utah Jazz,82,53,29,0.646,3956.0,104.1,106.1,100.0,100.9,4.1,5.2,0.713,1.63,19.6,0.332,0.701,0.519,0.173,0.497,0.546,92.3,91.08,75.9,7503,0.548,2000-01,2000,2001,2001-02,1610612762,0.537,-0.1089999999999999,1,UTA,11,19093.67333333333,9,5,9,0.184,0.298,0.1513954360449587,0.4064264218758674,0.6397283951996665,32.79871997740263,105.48729578314074,99.80340372779672,5.702528402950923,0.1787344499102844,1.5657617427203632,18.189212962688163,0.0524372443961367,0.1310933255902216,0.0920560872519378,11.726046070757816,0.5002047511549199,0.544927761062914,0.1961297187969068,91.88946076815672,0.1111517909422702,14.610284523564696,6.091860794378311,3.870810959721038,2.249331453944081,1.2047969816179949,0.8635321088905189,4.518125623737154,0.0479652777924609,0.0495475447384585,4.180635156166593,0.0421654979442488
1610612763,Vancouver Grizzlies,82,23,59,0.28,3956.0,96.8,98.2,103.2,104.2,-6.3,-6.0,0.662,1.47,17.9,0.293,0.675,0.484,0.168,0.464,0.51,94.1,93.03,77.53,7662,0.465,2000-01,2000,2001,2001-02,1610612763,0.28,0.0,0,VAN,11,17903.335000000003,9,3,0,0.136,0.262,0.1810031482961135,0.5055294632722525,0.6921146255711575,26.579832472553296,97.32551328192947,103.43398476689772,-6.131956932418829,0.1736848515467462,1.5558565122084798,17.32091888652775,0.0446849276033394,0.1230876187779166,0.084016928875728,11.65609801190672,0.4647588066692602,0.5085527013076986,0.1955644167227316,93.87771722605498,0.0955362606091732,13.796088829260022,5.913758525995296,3.575199816123644,2.2078568043328235,1.085831215245651,0.6595419233343954,4.318538950331671,0.0284363709640384,0.035485597230063,1.3732357247661076,0.036838586673115
1610612764,Washington Wizards,82,19,63,0.232,3936.0,97.8,99.4,104.8,106.2,-7.0,-6.8,0.581,1.18,15.6,0.328,0.684,0.502,0.181,0.46,0.514,95.3,93.97,78.3,7695,0.453,2000-01,2000,2001,2001-02,1610612764,0.451,0.219,0,WAS,9,10846.64,8,3,1,0.112,0.276,0.2323189485407462,0.529012056575431,0.7825099139764327,27.47963332423681,98.89730231358898,105.45013503413657,-6.5472597965821695,0.1460250035955835,1.3160892190269675,16.4976534054171,0.0560193616026099,0.1354041620262127,0.094450112354302,13.491431832038929,0.4663699254638609,0.5163727108118275,0.1900995867537474,94.8810714669858,0.0910415644844855,13.617857696023838,6.5915343369006445,3.0567991562364014,2.4461031250230487,1.1749260600517764,0.6671190340971951,4.032448721736629,0.0127826012696462,0.0613707329907667,2.8792821186886344,0.0258648356778795
1610612737,Atlanta Hawks,82,33,49,0.402,3956.0,99.1,100.4,103.7,104.8,-4.6,-4.4,0.57,1.3,15.8,0.297,0.689,0.491,0.166,0.471,0.517,94.4,93.21,77.67,7678,0.465,2001-02,2001,2002,2002-03,1610612737,0.427,0.0249999999999999,0,ATL,13,19426.233333333337,11,6,3,0.139,0.267,0.1533018924581364,0.4177672116914069,0.6019456508123894,25.89735529447293,99.41374013147168,103.88416128019328,-4.452052224912359,0.1457507321714451,1.35916587707001,15.355903717824862,0.0482465417897104,0.1267079136116625,0.0871052867514203,11.725538112552268,0.4709372514314835,0.5148225769449215,0.1952775619565981,94.20918248176432,0.0941047015461909,14.0562503968002,6.15435828184225,3.0466019317520803,2.1904400750188318,1.217528874185594,0.6189568401491453,3.191135676636247,0.0304161380265134,0.0434033414874656,3.0540972371869413,0.0353811409263793
1610612738,Boston Celtics,82,49,33,0.598,3966.0,101.1,102.1,98.0,99.9,3.1,2.2,0.604,1.55,16.4,0.272,0.695,0.481,0.144,0.476,0.52,95.0,93.6,78.0,7738,0.5,2001-02,2001,2002,2002-03,1610612738,0.537,-0.0609999999999999,1,BOS,9,16822.061666666665,7,3,5,0.153,0.289,0.2024980687563365,0.5429038275827666,0.7551485217279649,26.79927014494953,101.153950164848,98.4377278865046,2.7204983198155355,0.1549961838803547,1.542916119972215,15.898916185164383,0.0448086464233426,0.1330262648147467,0.0885010045835642,10.861424407254084,0.47510572554672,0.5225389563328393,0.2014805553461193,94.76014317408776,0.1037851033320628,14.821964450057004,6.484341941044285,3.1672693309391224,2.0523049245747425,1.4573719016010422,0.5435718986882008,2.352181429956877,0.033277793183548,0.0671368525573829,2.863283201838248,0.0388536781019978
1610612766,Charlotte Hornets,82,44,38,0.537,3951.0,101.4,102.9,100.0,101.8,1.4,1.2,0.608,1.53,16.7,0.333,0.689,0.511,0.154,0.466,0.513,92.5,90.93,75.77,7480,0.513,2001-02,2001,2002,2002-03,1610612740,0.573,0.0359999999999999,0,CHH,12,19601.28,9,5,7,0.132,0.272,0.1693647047539752,0.4271917446207594,0.6348741850872324,28.72946324593768,102.0202212219474,100.77103388996365,1.246040938823043,0.1538524977280395,1.582221008015803,16.138651719003384,0.0537119575014148,0.1258044620895506,0.0898588729919678,10.801009866022358,0.4676485615565242,0.5142610051486434,0.1954001478474875,91.83600052139452,0.1033807846562401,14.064795768439613,6.463047311196004,3.2140758154569498,2.014766382603585,1.1937995885982955,0.8319864825154276,3.801437826407507,0.0244578042213551,0.0470227747046533,2.287304061869612,0.0484987152047945
1610612741,Chicago Bulls,82,21,61,0.256,3961.0,95.5,97.2,104.8,106.2,-9.3,-9.1,0.646,1.45,17.3,0.298,0.685,0.487,0.166,0.456,0.499,93.0,91.56,76.3,7549,0.436,2001-02,2001,2002,2002-03,1610612741,0.366,0.1099999999999999,0,CHI,10,11907.665,8,2,0,0.102,0.257,0.1877427970415134,0.4708643550183853,0.7040966189984912,24.666130737358387,96.41460336682296,105.55493985036809,-9.15108521835865,0.1182158973512719,1.4880955782122969,15.55964512493983,0.0518104001358228,0.1382017288863937,0.0941525681147395,12.37630864937276,0.4570936021741738,0.493404962965731,0.1797834184955656,92.6671658689312,0.0779578200260084,12.105144039574508,6.55443363581357,2.4700056644186748,2.025586040588142,0.9855836555697528,0.8374437809595752,5.643629216860982,0.0169776762846299,0.0468604583726519,2.278764206071424,0.0459284230888868
1610612739,Cleveland Cavaliers,82,29,53,0.354,3971.0,101.7,103.4,105.0,107.0,-3.3,-3.6,0.641,1.58,17.8,0.319,0.69,0.505,0.158,0.477,0.524,93.0,91.31,76.09,7553,0.482,2001-02,2001,2002,2002-03,1610612739,0.207,-0.147,1,CLE,13,19669.39166666667,10,5,1,0.148,0.27,0.1535040695632427,0.4129793880254727,0.6213836472658236,26.81216204364904,102.6035743013574,106.08393273474395,-3.4907232599550837,0.1612266352077487,1.6379196687577615,16.038033458923277,0.0506294540544594,0.1289420354891504,0.0899219875890078,10.819584362675172,0.4774192284374157,0.5241977464139502,0.1955906957807117,92.1139862654624,0.0975479045911859,14.219250129325305,6.263132184650687,3.429897637064696,2.024261892525909,1.0304334950199698,0.8345962233199046,3.701977845981159,0.0285781359581727,0.0453323759047597,3.2008025196999497,0.0397769333568251
1610612742,Dallas Mavericks,82,57,25,0.695,3976.0,109.5,110.3,104.8,106.0,4.7,4.3,0.566,1.83,16.9,0.285,0.683,0.487,0.127,0.507,0.553,95.3,94.36,78.63,7823,0.517,2001-02,2001,2002,2002-03,1610612742,0.732,0.037,0,DAL,10,14737.380000000005,7,3,9,0.159,0.25,0.1961647864138672,0.5756845291813515,0.7614707182235466,27.587028811543615,110.29329613992898,104.80038057420428,5.486911671771599,0.1422498640644854,1.7385436386929023,15.73333470173577,0.0451430749563355,0.1283819725758581,0.08761483904647,8.92261894583705,0.5207608517705771,0.5670900438205434,0.1952252791880239,95.32382226691584,0.1093176430726945,16.178452343632316,6.246157729528587,3.243995879864671,1.7001665153507612,1.1041311277852646,0.6693184270202709,3.576330715580748,0.035403465638392,0.051749497520895,3.214822845535965,0.0298562929231424
1610612743,Denver Nuggets,82,27,55,0.329,3961.0,97.8,100.3,104.9,106.6,-7.1,-6.3,0.623,1.51,17.0,0.341,0.668,0.497,0.16,0.455,0.495,93.3,91.35,76.12,7537,0.442,2001-02,2001,2002,2002-03,1610612743,0.207,-0.122,1,DEN,9,11605.431666666667,9,2,1,0.094,0.243,0.1932383959867067,0.4965238259843558,0.7803392061102422,28.55864057332924,98.68669123179244,105.26620456024972,-6.563929375598407,0.1209749137580549,1.271724159621235,14.441751010554109,0.0526272792667915,0.1245560719484942,0.0865122143237814,11.646144614181376,0.4394858464980262,0.4833180269468649,0.1786819691756403,92.5691150293275,0.0737820216079855,12.131905477018734,6.241215499811223,2.5839624807866546,2.0256032412409186,1.2997362298314623,0.6266031466013255,3.9126926435155616,0.0132131556866507,0.040919697877356,4.296674538111691,0.0263884335873519
1610612765,Detroit Pistons,82,50,32,0.61,3936.0,102.5,103.2,99.3,100.9,3.3,2.3,0.62,1.48,17.3,0.277,0.676,0.481,0.159,0.497,0.54,92.4,91.38,76.15,7495,0.523,2001-02,2001,2002,2002-03,1610612765,0.61,0.0,0,DET,10,19195.35166666667,10,4,9,0.142,0.314,0.1520645058946996,0.440710949899242,0.6631526504116316,29.707437937882705,102.24802016738252,99.92613497312848,2.319843015813464,0.1591707179802471,1.6619155948432307,18.18114719787629,0.0434651167717601,0.1227699424799979,0.0840951950085832,11.084502784571717,0.5062454479647894,0.5434903473592696,0.193525114370137,92.1425455042892,0.1064639372327206,14.137172619308616,5.759519383642447,3.250161866444923,2.0648749076490827,1.183411504747113,1.0371260889463605,3.342818521936646,0.0314163018004599,0.0732380490805993,1.5911783745545764,0.0426081480776638
1610612744,Golden State Warriors,82,21,61,0.256,3956.0,99.3,101.5,105.6,107.1,-6.3,-5.6,0.569,1.24,15.3,0.373,0.669,0.516,0.175,0.452,0.499,97.5,95.75,79.79,7890,0.456,2001-02,2001,2002,2002-03,1610612744,0.463,0.207,0,GSW,11,19369.79666666667,11,4,0,0.121,0.234,0.1565999918429706,0.4068448317905247,0.6045525516616161,25.362688629152707,100.51127984651018,106.25152304128471,-5.709538131444848,0.1429293794858283,1.2717979305926286,14.948619603475445,0.0620333952911913,0.1245969961137089,0.0921997145383904,12.222439204748143,0.4510841629037922,0.4972730616342729,0.1947840432501528,96.66798493152312,0.0924071760175076,14.56928045536186,6.993775016395801,3.109376987092791,2.3994056726460213,1.1783293543435922,0.960877407248639,3.60345252106244,0.0210625418371429,0.0277530191372283,0.8489398002997821,0.0316243176164277
1610612745,Houston Rockets,82,28,54,0.341,3996.0,99.7,101.6,105.9,106.9,-6.1,-5.4,0.522,1.28,14.6,0.327,0.675,0.497,0.155,0.465,0.507,90.8,89.56,74.63,7456,0.458,2001-02,2001,2002,2002-03,1610612745,0.524,0.183,0,HOU,14,19980.0,11,7,0,0.127,0.278,0.155946029362696,0.3972925425425426,0.6057525859192526,26.197586002669336,100.78269667167169,106.1382108525192,-5.376961753420088,0.1314591324657991,1.255318394227561,13.605937228895566,0.0509519944110777,0.1242901224557891,0.0870055900066733,10.476817133800468,0.4681453794627962,0.5065753928928931,0.1952218574407741,90.25793335085086,0.0928199345178511,13.643243243243246,6.190990990990992,2.670270270270271,1.935135135135136,0.9675675675675678,0.8018018018018019,4.151488377782335,0.0198644649159106,0.0476851182926772,3.738005129718944,0.0456484194026081
1610612754,Indiana Pacers,82,42,40,0.512,3981.0,101.2,102.8,101.1,102.4,0.1,0.4,0.642,1.51,17.6,0.302,0.686,0.499,0.162,0.477,0.527,94.5,93.13,77.61,7721,0.51,2001-02,2001,2002,2002-03,1610612754,0.585,0.0729999999999999,0,IND,7,14064.881666666668,7,4,3,0.128,0.249,0.2055246584015577,0.5717752809627856,0.8157035092960256,26.136929816567957,102.03589425861978,101.8296097644618,0.2155940996778145,0.1474969420882673,1.3396359064047108,15.72828758246455,0.0528368237249063,0.1321808756774704,0.0933678696668736,11.714680393685024,0.4771530267644151,0.5263299117696095,0.1956802228102641,94.12869566742414,0.1019834300063432,14.246547162560557,6.767493837191899,3.278804691922399,2.262656789741921,1.0954944638116992,0.9035269759942286,5.253101851807515,0.017960120231455,0.0330982733250511,1.165297414170811,0.0545835027409596
1610612746,Los Angeles Clippers,82,39,43,0.476,3961.0,102.0,104.3,103.2,104.7,-1.2,-0.4,0.577,1.41,16.3,0.349,0.673,0.512,0.161,0.476,0.519,92.9,91.21,76.01,7524,0.495,2001-02,2001,2002,2002-03,1610612746,0.329,-0.1469999999999999,1,LAC,11,19161.38333333333,9,7,3,0.151,0.228,0.1582194396194429,0.4497371884249832,0.678263399563184,24.80402963251609,103.26520794862586,103.96559939565952,-0.7093503687538218,0.1463400987054693,1.586044416591356,15.948478711088187,0.055053216408349,0.1254220740847694,0.0904393329291639,11.050581725571313,0.4780996281583707,0.5199276811086186,0.1960981166112746,91.97924905126024,0.10162660742135,14.346354603834277,6.517483515021098,3.14695442134919,2.0873232012650447,0.9299954857121486,0.9938739635186395,3.471708019098171,0.0261948210752454,0.0259505001572511,1.5471848293099697,0.0514400359526911
1610612747,Los Angeles Lakers,82,58,24,0.707,3956.0,106.5,108.0,98.7,100.4,7.8,7.6,0.597,1.81,17.5,0.311,0.686,0.501,0.135,0.498,0.534,94.8,93.32,77.77,7691,0.549,2001-02,2001,2002,2002-03,1610612747,0.61,-0.0969999999999999,1,LAL,12,19637.15,8,5,12,0.193,0.314,0.156088417446863,0.3959883010857821,0.6056678285800129,28.20965533864808,107.17772782710318,99.41065783476724,7.791363860505894,0.151792699466742,1.9717795216379836,18.399051831180525,0.0506241097443705,0.1259960500038617,0.0890113814037848,9.431934929457684,0.4923074283522132,0.5254094370449207,0.1960842174993146,94.15164775608136,0.1103014008312475,15.14822670295842,6.601568964946541,3.4300293066967447,1.8075942792105772,1.1402876690354755,0.8671319412440194,3.9810016827805503,0.0420766987754669,0.071321274954112,2.960008100622739,0.0363607175709747
1610612763,Memphis Grizzlies,82,23,59,0.28,3956.0,95.4,96.6,103.8,104.7,-8.4,-8.0,0.626,1.33,16.9,0.305,0.663,0.483,0.176,0.462,0.501,93.5,92.55,77.12,7629,0.456,2001-02,2001,2002,2002-03,1610612763,0.341,0.061,0,MEM,13,19310.553333333333,10,7,0,0.134,0.244,0.1604355891061985,0.4317645998750942,0.6217911760167066,25.484730888084343,95.82913857465849,103.6462303600484,-7.820222784915884,0.1561278443427998,1.27948341459575,15.779400875100078,0.0509341656185926,0.1233673450752145,0.0869351004269513,12.27716217695126,0.4628790781241208,0.501480437294564,0.195282772149115,93.465444698115,0.0930763156104969,13.51033269200296,6.232239849505436,3.26432903873288,2.3433818399127526,1.1819443806719852,0.8967117462195975,4.721802105471327,0.0257189151664683,0.0320662019972129,3.0357146262966674,0.0389905874930498
1610612748,Miami Heat,82,36,46,0.439,3986.0,96.0,97.3,97.6,99.0,-1.6,-1.7,0.594,1.37,16.5,0.297,0.71,0.505,0.166,0.463,0.501,89.7,88.47,73.72,7346,0.501,2001-02,2001,2002,2002-03,1610612748,0.305,-0.134,1,MIA,12,19371.548333333336,11,6,3,0.132,0.24,0.1628789954752368,0.4077922182954054,0.618404964875893,30.77987157970249,96.48890117112474,97.69731994405194,-1.211672126707476,0.1480847375046341,1.445716622720486,16.094127796874606,0.047431024830316,0.1315594132941877,0.0900327033745108,11.724991497409988,0.461741047114716,0.4974129290474026,0.1956049930271448,89.53521941242177,0.1018525406117511,12.995760362985957,6.236775601055465,3.0310432077835108,2.092553434680707,0.9830912672700658,0.8121188729622283,2.983701119573092,0.0264875226237547,0.0303967962070234,3.216262324589339,0.0502438683900898
1610612749,Milwaukee Bucks,82,41,41,0.5,3981.0,104.2,105.3,103.9,105.6,0.4,-0.3,0.607,1.6,17.7,0.287,0.679,0.491,0.152,0.507,0.544,92.8,91.51,76.26,7591,0.502,2001-02,2001,2002,2002-03,1610612749,0.512,0.012,0,MIL,11,19041.98833333334,9,5,5,0.14,0.283,0.1648852671460341,0.4344134930587168,0.6622882431832879,28.89582014063132,104.48820939830074,104.31852636537518,0.1166957092103389,0.1546038054674437,1.6388561847489138,17.22594371053513,0.0452251510324595,0.12797404954122,0.0883092878168447,11.731425079646357,0.5081479045474329,0.5388359742369341,0.1951023010289629,92.63189516185854,0.1019520384469653,14.591333380538954,6.231282044863487,3.3179308218250667,1.998320728586379,1.0662752042788248,0.722193489422892,4.394435304339525,0.0345533949091884,0.0731514232502465,1.7814911441327124,0.0417542902558552
1610612750,Minnesota Timberwolves,82,50,32,0.61,3961.0,105.8,107.5,102.2,104.1,3.6,3.4,0.628,1.82,18.4,0.343,0.703,0.524,0.145,0.49,0.532,93.3,91.72,76.43,7578,0.529,2001-02,2001,2002,2002-03,1610612750,0.622,0.012,0,MIN,11,18771.005,8,7,7,0.176,0.258,0.1689562350728335,0.4607126789428695,0.6887626244128466,27.17339677159889,106.7684606214034,102.80198808392694,3.962127840251494,0.1574005339618203,1.8982761436232816,17.307079908614373,0.0546782534197467,0.1305607114980435,0.0931078799456928,10.02854357025636,0.4935075211298844,0.5348424079229286,0.1970383768299388,92.67386157267552,0.1086312036391587,15.076230601398272,6.593573439461553,3.630492879843141,1.923605049383344,0.9455007869850336,0.7959083703829389,3.234274372330539,0.0382667490908965,0.0341292880189278,3.659978066354744,0.0346256492574168
1610612751,New Jersey Nets,82,52,30,0.634,3966.0,101.1,102.4,96.6,98.1,4.5,4.3,0.654,1.67,18.2,0.322,0.683,0.503,0.154,0.476,0.515,94.5,93.2,77.67,7707,0.537,2001-02,2001,2002,2002-03,1610612751,0.598,-0.036,0,NJN,10,18916.95833333333,9,4,10,0.156,0.235,0.1615493153189268,0.4313292966848529,0.6629261663366424,26.62451548103884,101.7694286387655,96.96986207701644,4.780698112584167,0.1625765780703821,1.6158038664602086,17.31489295098974,0.0523309933106758,0.1254335937551623,0.0891510670980843,10.7305601896006,0.4811450206714874,0.521739426308405,0.1969799909693022,94.23315077608936,0.1101970345831672,14.562171948890656,6.49702757886993,3.653864367730013,2.1276147724594554,1.309301398436588,0.915369146290696,2.796521420876245,0.0250849409656583,0.027052966314522,1.2298695344664057,0.0291429850674437
1610612752,New York Knicks,82,30,52,0.366,3961.0,98.6,100.4,103.0,104.6,-4.4,-4.2,0.611,1.44,16.7,0.292,0.684,0.489,0.159,0.468,0.514,92.3,90.78,75.65,7487,0.466,2001-02,2001,2002,2002-03,1610612752,0.451,0.085,0,NYK,11,19368.275000000005,10,6,1,0.123,0.252,0.1718203264530957,0.4653220279038788,0.6764886564928125,30.64893535089384,99.7333797408391,103.7279639513586,-3.991433671816412,0.1522028375440422,1.4476392786657564,16.008271653860078,0.0453502217759024,0.1268611890664846,0.0861073585541304,11.495122014393813,0.4695970159104688,0.5137858236385705,0.1963151515386201,91.5547884594782,0.094595511646408,13.734005738766102,6.07054577653405,3.182110952059489,2.104059344469242,1.012996769201181,0.5204387071125333,2.694591755432557,0.021500021236752,0.0397374119756714,2.7748829932088497,0.0352631478602275
1610612753,Orlando Magic,82,44,38,0.537,3966.0,104.1,105.6,102.5,104.1,1.6,1.5,0.584,1.61,16.8,0.292,0.665,0.477,0.143,0.493,0.533,95.8,94.4,78.67,7805,0.497,2001-02,2001,2002,2002-03,1610612753,0.512,-0.025,0,ORL,12,18799.805,8,6,6,0.165,0.31,0.1547282006382513,0.4278493846079786,0.6586685340619225,28.28506129008608,104.80460237043238,102.73112886011316,2.0803889898503387,0.1532380196674025,1.6918265747969194,16.405275737345857,0.0466473872113744,0.1228431759442894,0.0844891739568575,10.162947913555486,0.4975026313659459,0.5361111943271043,0.2002492579045367,95.4188158618312,0.1017619243036474,15.405478939808152,6.146872268090014,3.36641789635584,2.001084585717777,1.1929910975140434,0.6989434198918553,5.481087586415074,0.0337736785248293,0.0582617439907529,3.5430760194607305,0.0219221603579819
1610612755,Philadelphia 76ers,82,43,39,0.524,3946.0,99.1,100.5,97.5,98.7,1.6,1.8,0.584,1.3,15.8,0.341,0.702,0.523,0.169,0.452,0.507,91.5,90.32,75.27,7424,0.52,2001-02,2001,2002,2002-03,1610612755,0.585,0.0609999999999999,0,PHI,11,18982.17,9,6,7,0.149,0.365,0.1530715402928116,0.4255047412036313,0.6523434886527726,29.92955301387213,99.58388420993664,97.25516568091705,2.3368259266458997,0.1540372864816473,1.3952006988663568,15.93117148004329,0.0552542906492425,0.1284538870775399,0.0923209842885894,11.85268906733705,0.4594792152319782,0.5114165986642553,0.1956130279976771,91.27510405993272,0.1076266885363123,13.77819290418324,6.522120495180476,3.0647707822656733,2.129788111685861,1.2972173360579953,0.6201609194312346,4.246795704161298,0.0272154118706517,0.074981203143874,4.006752614906931,0.0336600566157646
1610612756,Phoenix Suns,82,36,46,0.439,3966.0,100.2,101.8,101.0,102.6,-0.7,-0.7,0.593,1.53,17.1,0.327,0.672,0.498,0.157,0.472,0.51,94.2,92.74,77.28,7663,0.486,2001-02,2001,2002,2002-03,1610612756,0.537,0.098,0,PHX,9,14495.531666666668,7,4,3,0.143,0.262,0.2198245229363209,0.6042451702645377,0.7951407784398846,26.776299110105075,100.89480349059288,101.84722603597729,-0.9244869022281462,0.1588664499945327,1.4534389057133583,15.557040152258413,0.0519490672930359,0.129366269076712,0.0901679669332583,11.317043125588471,0.4697622014324183,0.5099902006583867,0.2042778532097074,93.69806960972684,0.1017468117473902,14.769516905152036,6.536635025115211,3.4694829521603148,2.235171551141219,1.2069926376162583,0.7053208005823404,4.038743901116863,0.0302191886116507,0.0473022207271644,2.7181432746360774,0.0377036512842735
1610612757,Portland Trail Blazers,82,49,33,0.598,3966.0,104.4,105.9,101.0,102.6,3.4,3.3,0.641,1.64,18.0,0.345,0.703,0.522,0.157,0.485,0.528,92.0,90.55,75.46,7482,0.518,2001-02,2001,2002,2002-03,1610612757,0.61,0.012,0,POR,11,19031.736666666668,8,6,9,0.13,0.26,0.1558325996173759,0.4311435232482725,0.6596777558047339,29.467442189984062,105.31055091136368,101.19154507006807,4.104328892038406,0.1600031301224743,1.777530330477811,17.927136628449215,0.0552633271687765,0.1299552616585524,0.0918937840845142,10.38962124843748,0.4850971246975009,0.5283018271585305,0.1960147417795643,91.52559752385535,0.1059662384112432,14.53677112318179,6.3821816225914585,3.5372494470201623,2.025879228747911,1.2768146399671707,0.6544857265609498,3.828631684316981,0.016853269276965,0.039759851023161,2.044491584088058,0.0291689166623257
1610612758,Sacramento Kings,82,61,21,0.744,3951.0,106.4,107.9,98.6,99.7,7.7,8.1,0.6,1.74,17.7,0.306,0.69,0.502,0.142,0.497,0.539,98.0,96.74,80.61,7951,0.552,2001-02,2001,2002,2002-03,1610612758,0.72,-0.024,0,SAC,10,19348.57,8,5,9,0.158,0.288,0.1445094736544699,0.4187307726962078,0.6508145046378103,27.870358722462004,107.39557118863736,98.8688491276961,8.525531835169215,0.1502281843050933,1.797691204052806,17.66402711759405,0.0502512935925841,0.1298340955774337,0.0908270083180996,9.99129068280843,0.5006062786552185,0.5434450514947616,0.1966874615712341,97.38115906670797,0.11137161282031,15.699764892185833,6.794920761585998,3.559332808574484,1.9554933517050612,1.3526581034153946,0.6809805582531422,3.899477973107517,0.0194609351530306,0.0463110643527893,1.9277257789636908,0.0370671745458249
1610612759,San Antonio Spurs,82,58,24,0.707,3971.0,104.0,105.4,96.5,98.5,7.5,6.9,0.564,1.39,16.0,0.301,0.685,0.501,0.157,0.492,0.539,92.6,91.06,75.88,7528,0.554,2001-02,2001,2002,2002-03,1610612759,0.732,0.025,0,SAS,10,18948.775,10,6,9,0.207,0.289,0.1758245585796443,0.4173391155892663,0.6485947860305833,29.23266825076203,104.83842357443513,97.23409793860904,7.615776587140856,0.1434320133271588,1.614176214557405,16.73163529040795,0.0473218975017294,0.1266470276662563,0.0889679404077572,10.893444281578446,0.4956869175799842,0.5402772890771742,0.1959334269189785,91.8893995988307,0.1145826758370044,14.526321622374004,6.261935138287303,3.032174903126983,2.0290493712654247,1.107617774763804,0.974627647433673,5.395634651343715,0.0488923899634296,0.0504439381557259,3.399107909557465,0.0404410613718812
1610612760,Seattle SuperSonics,82,45,37,0.549,3966.0,105.8,107.3,102.5,104.1,3.4,3.3,0.615,1.71,18.3,0.32,0.656,0.49,0.151,0.505,0.54,91.7,90.35,75.3,7468,0.522,2001-02,2001,2002,2002-03,1610612760,0.488,-0.061,1,SEA,11,18964.816666666666,10,5,9,0.16,0.266,0.1738557978853825,0.4702917419888934,0.6879910079102618,27.128538987546232,106.3935520775752,102.77174022246456,3.6292464906506696,0.1598897815164747,1.764426529301188,17.472365670113692,0.0502323138724427,0.11962560311243,0.0854692116717887,10.8195151987584,0.5122129779793986,0.5459306096640357,0.1970176424062452,91.35104843354668,0.1063806480245436,14.726638538556925,5.911156536358115,3.544036369101028,1.9893680315039517,1.2813200584591289,0.6492021629526253,4.06553016846081,0.0357827107937095,0.0394871596368314,2.7391599191147287,0.0501545260292997
1610612761,Toronto Raptors,82,42,40,0.512,3951.0,99.4,101.1,100.0,101.7,-0.6,-0.6,0.609,1.52,16.9,0.343,0.671,0.503,0.158,0.463,0.501,91.6,90.02,75.02,7414,0.496,2001-02,2001,2002,2002-03,1610612761,0.293,-0.219,1,TOR,11,19075.865,9,5,5,0.125,0.295,0.1560581918565685,0.4348667806151909,0.6538285419822377,29.676688055823416,100.51295520980744,100.72937781152604,-0.2148205599064576,0.1491268708740949,1.5713258935658574,16.62893825959312,0.0556088593273926,0.1224018532492934,0.0884938670758399,10.94119445348,0.4573924212611066,0.4953380901294209,0.1966781169119547,90.7961493690238,0.1001247446271331,13.789780961440018,6.303252827591304,3.191257644148771,2.0174183451182945,1.258763364072874,0.8416918446424316,4.562148653272778,0.0190183427124686,0.0457122656538435,2.382519835097901,0.0342363263069049
1610612762,Utah Jazz,82,44,38,0.537,3966.0,102.4,103.8,101.6,102.9,0.8,0.9,0.697,1.48,18.4,0.362,0.683,0.521,0.178,0.472,0.529,93.0,91.75,76.46,7582,0.53,2001-02,2001,2002,2002-03,1610612762,0.573,0.0359999999999999,0,UTA,14,19829.7,11,5,8,0.166,0.285,0.1531810869554254,0.3913732095459504,0.5803644701298221,30.43074008515846,102.8338164302368,101.73201620128728,1.1003805487055605,0.1754927274072056,1.4785951165843827,17.63996947339933,0.059185822696931,0.1272052702932133,0.0928312634583478,12.076175324555257,0.4723465606304347,0.5266002161740554,0.1948599080335725,92.70564437518804,0.1061948572931848,14.289474878591204,6.27785594335769,3.6291018018426895,2.341941633005038,1.359778514047111,0.9494848636136703,6.592057076150664,0.0484971965199674,0.0441152767142166,4.693512543190899,0.0558267660153784
1610612764,Washington Wizards,82,37,45,0.451,3946.0,101.5,102.9,103.2,104.5,-1.7,-1.6,0.584,1.61,16.6,0.328,0.685,0.504,0.144,0.464,0.508,91.1,89.93,74.94,7395,0.486,2001-02,2001,2002,2002-03,1610612764,0.451,0.0,0,WAS,14,19730.0,11,4,3,0.143,0.356,0.1115181618516641,0.327439770231458,0.5006646392971786,28.21244889339415,101.815896578814,103.36863133975336,-1.575416497719209,0.1498157203919581,1.726676759587768,16.329485985808418,0.0535993031762121,0.1262654388410204,0.0894399312383848,10.278213034296334,0.4730385152897448,0.5143323139888495,0.1943947241932759,90.914111411556,0.097911451427606,13.88362899138368,6.2913329954384185,3.129244804865687,1.8228079067410037,1.0400405473897618,0.6459199189052205,5.162204478459467,0.0183381912362054,0.070125062615182,2.170267946026113,0.0333640803825969
1610612737,Atlanta Hawks,82,35,47,0.427,3981.0,99.6,100.4,102.8,104.2,-3.2,-3.8,0.587,1.23,16.0,0.3,0.681,0.499,0.178,0.476,0.527,93.7,92.63,77.19,7683,0.483,2002-03,2002,2003,2003-04,1610612737,0.341,-0.0859999999999999,1,ATL,11,18821.26833333333,7,5,1,0.138,0.28,0.1638491242310007,0.4651654276575941,0.7016720711613397,27.458016954401145,99.28490302770068,103.27928335683366,-4.0081270470525325,0.14665957687407,1.2020780852441666,14.84190696145965,0.0497775559050616,0.1256608152780352,0.0894395765570528,12.932679457220429,0.4789240290306331,0.5270170859013134,0.1975207784880951,93.7760310060578,0.0985078921797778,14.25174941717088,6.386604657620932,2.995334798992028,2.394737655388262,1.094081420832337,0.8741174988118496,2.4900762538003485,0.0309547148708716,0.0519196896195814,3.0981579423699235,0.0310135590304308
1610612738,Boston Celtics,82,44,38,0.537,3966.0,98.9,100.0,98.5,100.5,0.4,-0.6,0.583,1.37,15.5,0.266,0.691,0.474,0.151,0.47,0.514,93.4,91.95,76.62,7602,0.48,2002-03,2002,2003,2003-04,1610612738,0.439,-0.098,1,BOS,10,17791.724999999995,8,5,4,0.158,0.322,0.1818468042493538,0.4879939972093769,0.7027819580919408,27.17438031819099,99.3591421292764,99.42816317698257,-0.0660217507483582,0.1489100576251038,1.4826520728035084,15.110005222465317,0.0430736758240137,0.1297985890444387,0.0854549072672829,10.719286728333913,0.4767987673108331,0.5187623333319282,0.2000330499150588,92.95199090869492,0.0983589004626214,14.200309413505437,6.155221036746016,2.834801010020108,2.0052018564810328,1.2686796811439027,0.5625086943508851,3.089458638239833,0.0322157999370481,0.0759645807192284,2.706606071375208,0.0421660707633959
1610612741,Chicago Bulls,82,30,52,0.366,3985.0,97.3,99.1,103.1,104.2,-5.8,-5.1,0.596,1.28,16.5,0.307,0.672,0.492,0.177,0.471,0.512,96.1,94.76,78.96,7857,0.457,2002-03,2002,2003,2003-04,1610612741,0.28,-0.0859999999999999,1,CHI,12,19543.26166666667,10,3,2,0.128,0.273,0.1715113742955052,0.3952492747500268,0.5973193488599694,25.536624942424744,98.13148198479664,103.369742196735,-5.269607290901715,0.1483469461810238,1.3774784036816785,16.51469975542295,0.0496186874128909,0.1240935805921853,0.0873125359405633,12.640741459311169,0.4703034525028534,0.5078730434539374,0.196588060317806,95.63762595155347,0.0924145132034852,14.141549384839124,6.401183289346874,3.1867761411712494,2.400213475113375,1.0831354745714998,0.8381405457993749,4.281333197880787,0.0247712584643298,0.0573834363322233,3.2830537953647454,0.0476198004398103
1610612739,Cleveland Cavaliers,82,17,65,0.207,3966.0,93.5,95.2,103.6,105.1,-10.1,-9.9,0.601,1.14,15.7,0.338,0.697,0.513,0.191,0.444,0.491,96.9,95.32,79.44,7870,0.431,2002-03,2002,2003,2003-04,1610612739,0.427,0.22,0,CLE,10,18037.991666666665,9,6,0,0.124,0.278,0.1739120070185197,0.4308447124795397,0.6555897991230547,23.16977518284325,94.69807535853722,104.46849425679778,-9.758217604602136,0.1529930264779107,1.1841010219633652,15.956921091085988,0.0539503982104437,0.1253754760207506,0.0887461106858256,13.49287028905195,0.4471889265203674,0.4899391173906554,0.2019257575330587,96.36273561034834,0.0881579080080515,14.148138258185616,6.50626755842645,3.1513486118881486,2.6504059256412043,1.1555610172788082,0.9639654081963116,2.400974764856425,0.0262108064509747,0.0555137913576785,1.27133931685957,0.0509006128910925
1610612742,Dallas Mavericks,82,60,22,0.732,3956.0,108.2,109.3,99.4,101.0,8.8,8.3,0.581,1.94,17.3,0.277,0.677,0.478,0.123,0.498,0.543,95.0,93.75,78.12,7726,0.546,2002-03,2002,2003,2003-04,1610612742,0.634,-0.0979999999999999,1,DAL,11,19080.776666666665,10,4,10,0.179,0.269,0.1635761507262195,0.4441845745971556,0.6413117705027032,28.72539246742752,108.96819545081412,99.79274974481298,9.19027065285428,0.1498913001968997,1.905013379958503,16.540873729283906,0.0443028794425384,0.1262387436884557,0.0856904067322207,8.716187338984978,0.5036071247449222,0.5450297757795672,0.1971797568337976,94.6331841855494,0.1118172797997566,15.631439181458898,6.246915525625879,3.384767880692488,1.6414426177271262,1.2093847332909056,0.824494740168683,2.7818930086019007,0.0402505285272384,0.0564503645519056,3.798739303867989,0.0439831702483845
1610612743,Denver Nuggets,82,17,65,0.207,3946.0,88.9,91.2,99.0,100.1,-10.0,-8.9,0.646,1.15,16.3,0.345,0.697,0.511,0.2,0.428,0.469,93.8,92.11,76.76,7568,0.425,2002-03,2002,2003,2003-04,1610612743,0.524,0.317,0,DEN,10,15383.39,10,2,0,0.135,0.259,0.1776660844369587,0.4545019010764207,0.6611364595190006,23.77883862616324,90.51021235674752,98.4678612126456,-7.9576488558980385,0.1472314329503011,1.1522429917376251,15.730691002871712,0.0603794162621719,0.1385396611756792,0.0974230877156032,13.851340385095003,0.4338234955580878,0.4696244422284901,0.1947719982396597,93.11041462252469,0.0898730744653811,12.651047655945796,6.856746139830037,2.89013019887034,2.5765452218269185,1.3573081095909287,0.8354465433171752,3.612688134082264,0.033410109508468,0.0418719720466599,2.262189852365756,0.0514819251078058
1610612765,Detroit Pistons,82,50,32,0.61,3981.0,101.4,102.4,97.3,98.2,4.2,4.2,0.6,1.47,16.2,0.294,0.707,0.499,0.151,0.473,0.523,89.1,88.26,73.55,7318,0.525,2002-03,2002,2003,2003-04,1610612765,0.659,0.049,0,DET,12,19771.175,10,5,9,0.153,0.308,0.1452241288980885,0.4216239887951357,0.6436908782609025,29.22604996078045,101.33035252077836,97.20609167976444,4.105575456862495,0.1510818785428787,1.6090876220895654,17.05902206115721,0.0463479771266334,0.1299382766409516,0.0881697741788234,10.763373345286762,0.474616277400475,0.5172798579244784,0.1943234564966422,89.15841493487363,0.1062540852191806,13.57794870562827,6.016030913691271,2.9224363245988165,1.8827409094300165,0.9868912697399118,0.8466871594632085,4.0503605683381485,0.0365280038937134,0.066865169324567,3.700692872306473,0.0422601686525781
1610612744,Golden State Warriors,82,38,44,0.463,3951.0,105.0,106.4,106.0,107.7,-1.0,-1.3,0.559,1.32,15.4,0.371,0.663,0.518,0.164,0.472,0.526,97.2,95.88,79.9,7897,0.492,2002-03,2002,2003,2003-04,1610612744,0.451,-0.012,0,GSW,9,18830.33666666667,9,4,3,0.116,0.242,0.171494986547417,0.4670074937587413,0.7055832423601559,24.76377586451366,105.77459272723216,107.03905404594468,-1.2787823850202005,0.1402736315034905,1.275606064575585,14.317187177216342,0.0616908298329238,0.1220612309817084,0.0921561499785541,11.522301698978298,0.4786983435063384,0.5313662589852793,0.196159945007179,96.55230807344392,0.1010964624282695,15.493297075056722,6.97810147136686,3.100953585358095,2.26166960017178,1.066789211239098,0.9539925025238528,2.927331943388056,0.0150484490947999,0.0427359370251933,2.1802392763728515,0.018997230925913
1610612745,Houston Rockets,82,43,39,0.524,3986.0,101.0,102.4,99.9,100.9,1.1,1.5,0.53,1.18,14.7,0.331,0.698,0.518,0.17,0.474,0.522,91.5,90.36,75.3,7508,0.511,2002-03,2002,2003,2003-04,1610612745,0.549,0.025,0,HOU,10,17481.743333333332,8,3,7,0.141,0.257,0.1900009781633143,0.5001998275152955,0.6956222710816599,26.39180874981385,101.83638985852478,100.23082892381252,1.5614377227442802,0.1374640994042737,1.2210180916357884,14.31720776131595,0.0542320746805762,0.1261304200591741,0.0906884814882116,11.827657529578952,0.4754076475591773,0.5202924761699014,0.1990870429970466,90.88713521420348,0.1043552154314129,14.155567627408631,6.431166380622223,2.7841616863916894,2.2013822801425413,1.0172898469508096,0.9761040231876188,3.8931681640424616,0.0270966566421438,0.0409283150314134,1.9647043459679028,0.0417742715784678
1610612754,Indiana Pacers,82,48,34,0.585,3981.0,101.6,103.2,97.9,99.6,3.7,3.5,0.656,1.58,17.7,0.318,0.694,0.509,0.157,0.469,0.522,94.2,92.71,77.26,7696,0.538,2002-03,2002,2003,2003-04,1610612754,0.744,0.159,0,IND,11,19477.97333333333,9,6,10,0.151,0.262,0.1469610459130587,0.3926341926059384,0.6241257646243824,26.34779088926432,102.31088831623826,98.7032547191768,3.570287488842097,0.1595848707394609,1.6724191137613225,17.676396440629006,0.0509670894918567,0.1306538824538898,0.0911798789983626,10.61049820036034,0.4683411443216544,0.5197293235675444,0.1960031461178712,93.54553072941198,0.1088499162815022,14.42367720666353,6.598222402330703,3.4358810772920942,2.070030557593946,1.251259542402769,0.807681565775495,4.1909006057077045,0.0260060994127024,0.0357845557209743,2.256793089595535,0.05277468766482
1610612746,Los Angeles Clippers,82,27,55,0.329,3951.0,99.5,101.1,103.6,105.1,-4.1,-4.0,0.566,1.24,15.4,0.316,0.673,0.496,0.17,0.467,0.516,94.0,92.68,77.23,7613,0.47,2002-03,2002,2003,2003-04,1610612746,0.341,0.012,0,LAC,15,19755.0,13,5,5,0.141,0.24,0.1474678984223403,0.3729726651480637,0.527962456762001,25.82562777355943,100.0871911667932,104.01717242048424,-3.936985185185185,0.1408250084366826,1.2602337872268623,14.860926128406309,0.0515198833206783,0.1238208608791022,0.0879384608116088,12.157580021935372,0.4662097242892093,0.5144584860372898,0.196085400742428,93.59254327596383,0.0944377559267695,14.019134396355348,6.323462414578585,2.924829157175397,2.2706150341685643,1.0460136674259677,0.8400911161731204,3.3486872852695604,0.0248277762890721,0.03153358550665,4.53036117483886,0.0407490248568076
1610612747,Los Angeles Lakers,82,50,32,0.61,3986.0,104.1,105.6,101.8,103.4,2.3,2.2,0.618,1.6,17.4,0.328,0.693,0.509,0.153,0.486,0.528,95.2,93.78,78.15,7797,0.52,2002-03,2002,2003,2003-04,1610612747,0.683,0.073,0,LAL,12,19664.115,7,5,8,0.18,0.323,0.1730999166078243,0.4457958062185865,0.6760152524874202,28.30858774981737,104.7788995080633,102.1690867603246,2.587460754441953,0.1585962195603514,1.7850790293215164,18.70901414412328,0.0535563184511481,0.1277857622035537,0.0904267950358644,10.847598023099438,0.4781826370862185,0.5146748209449887,0.1961309462270062,94.65593809501895,0.104772712883341,14.915087711803965,6.565055177921814,3.465602189572224,2.079727462944557,1.1606929678757474,0.8458046548242828,3.948681809292176,0.0515468177211624,0.0790779439060605,3.2966732013164832,0.0461230843247656
1610612763,Memphis Grizzlies,82,28,54,0.341,3986.0,101.0,102.3,104.6,105.9,-3.6,-3.5,0.621,1.5,17.5,0.301,0.659,0.482,0.162,0.487,0.526,95.2,94.03,78.35,7813,0.482,2002-03,2002,2003,2003-04,1610612763,0.61,0.2689999999999999,0,MEM,9,16670.79833333333,9,5,0,0.13,0.236,0.1767148923781794,0.4638692068236285,0.6992421578690643,25.52077230054669,101.64207771893348,104.48000920571788,-2.8411759924714666,0.1638367350733753,1.716168306876725,17.923420154143784,0.0482177097297579,0.1249953506525732,0.0869888637606737,10.731641216142515,0.4929509875501863,0.5317206515504806,0.1886375404537215,95.07782456329076,0.1009886836053342,14.103463751336044,6.225736639886972,3.69700351282917,2.0838834053038253,1.2416921845074609,0.9825564242624254,2.978940733411004,0.0174097270560303,0.0344844892290377,1.566728013060705,0.0458115890561474
1610612748,Miami Heat,82,25,57,0.305,3966.0,93.8,95.4,99.8,101.2,-6.0,-5.8,0.558,1.29,15.0,0.306,0.709,0.501,0.159,0.439,0.483,90.3,88.93,74.11,7353,0.456,2002-03,2002,2003,2003-04,1610612748,0.512,0.207,0,MIA,12,19450.276666666665,10,5,1,0.137,0.225,0.1468180486892817,0.4019230746160765,0.5866350144462383,27.300460936031246,94.45416515926163,99.97600557695584,-5.531033671671851,0.1410180310202957,1.3270098077439518,14.41359745868225,0.0476521183160548,0.1307037059284332,0.0879124322653165,11.19976196568241,0.4409283107026926,0.4841237056096718,0.1953769448523697,89.92723193654658,0.0940885301888593,12.82655276711574,6.191171573737684,2.772608375921988,1.993390668136169,1.0846118212885747,0.5663672650414742,3.1794975422967275,0.0244507783479387,0.0243360004346632,2.356547073039485,0.044440277798555
1610612749,Milwaukee Bucks,82,42,40,0.512,3981.0,106.2,107.2,105.3,106.9,1.0,0.3,0.599,1.75,17.4,0.287,0.666,0.477,0.137,0.5,0.543,92.9,91.76,76.46,7607,0.495,2002-03,2002,2003,2003-04,1610612749,0.5,-0.012,0,MIL,10,15004.534999999998,9,5,4,0.141,0.258,0.1798490700755916,0.4916410271961111,0.7461702967358425,29.77772997741461,105.58766600675509,105.64375711520997,-0.0403654628417342,0.1338089001092003,1.5584527011333575,15.688135209343937,0.0505294313796906,0.1318230151750787,0.0914201676359847,10.930438264164804,0.4946015189185581,0.5348358747316507,0.1854359777449507,93.0344707550084,0.0955638771877969,14.06934636761486,6.355678466543616,2.879129543168116,1.7802617675256185,1.1108641487390314,0.7437751319850966,5.042104140006433,0.0356208224134848,0.061516317092321,3.421273282541345,0.0390256175849204
1610612750,Minnesota Timberwolves,82,51,31,0.622,3961.0,103.5,104.8,100.6,102.5,2.9,2.2,0.653,1.84,19.0,0.31,0.695,0.508,0.146,0.488,0.528,94.6,93.08,77.57,7681,0.529,2002-03,2002,2003,2003-04,1610612750,0.707,0.0849999999999999,0,MIN,11,19097.225,9,6,8,0.197,0.258,0.1739408910631431,0.4326101479839784,0.6584667842230131,29.00808782427813,103.89262474870914,101.50677212701495,2.409842119295692,0.1625058078682461,1.8369439905536016,18.266044682757137,0.0498685086445805,0.1302646409796886,0.0912931750555381,10.06981791857194,0.4863194336699005,0.525424825596389,0.1964890758561344,94.11475875421692,0.1074209464987714,14.75083421806048,6.5883917689611975,3.738134728998585,1.9736898947360155,1.0028682177646229,0.8087038823703444,3.3875049077143253,0.0434291320125832,0.0359086908934809,2.6420622193111,0.0291837696776549
1610612751,New Jersey Nets,82,49,33,0.598,3951.0,100.6,102.1,95.5,96.6,5.1,5.4,0.649,1.56,17.6,0.317,0.702,0.51,0.158,0.468,0.518,94.2,93.0,77.5,7661,0.544,2002-03,2002,2003,2003-04,1610612751,0.573,-0.025,0,NJN,11,19300.071666666667,9,5,10,0.174,0.248,0.1548470070447924,0.4398041527134226,0.6432650552333874,27.921316786129385,101.40399823213092,95.6548463766499,5.712927568576386,0.1649926413917461,1.64058331994104,16.78793409489067,0.0511198275343191,0.1294135204852002,0.09053460121003,11.166975010369136,0.4662250199761781,0.5191732706864735,0.195647658562235,93.87185865890136,0.1098471363189239,14.342122909215451,6.483706494008702,3.4600907785921007,2.148800311017844,1.290772409048913,0.6882875996229031,3.632642488285517,0.0353708503958102,0.0395368074661414,2.9529334317128098,0.0275507559970557
1610612740,New Orleans Hornets,82,47,35,0.573,3981.0,100.6,102.4,98.4,100.0,2.3,2.4,0.62,1.49,17.0,0.345,0.697,0.518,0.161,0.465,0.511,92.3,90.72,75.6,7522,0.517,2002-03,2002,2003,2003-04,1610612740,0.5,-0.0729999999999999,1,NOH,11,18624.88333333333,8,5,9,0.137,0.265,0.1785679194411061,0.4645808967036035,0.6974514381745568,29.24156786664436,101.90653994253208,99.14433492648278,2.7410491161913324,0.1568704618283962,1.5843924874697204,16.388680815002875,0.0557070736013559,0.1287164488726103,0.0916259971203399,11.066178794855988,0.4724541599813154,0.5174361382129463,0.1944182542530468,91.60094585111496,0.1053003191071443,13.982584230952678,6.504201816029274,3.233738376884688,2.0430732004585264,1.182933584371446,0.684245896842307,3.5206613451287803,0.0238220869803118,0.0467246042603455,2.3057138528904604,0.0402118381502132
1610612752,New York Knicks,82,37,45,0.451,3971.0,101.5,103.3,103.7,104.6,-2.2,-1.3,0.607,1.57,17.2,0.28,0.689,0.48,0.151,0.486,0.528,93.3,92.06,76.72,7611,0.474,2002-03,2002,2003,2003-04,1610612752,0.476,0.0249999999999999,0,NYK,10,19301.651666666665,8,5,3,0.113,0.265,0.1611154002278388,0.4425819862911559,0.6638465568274771,30.53748016901144,102.86998246523116,103.6146839160828,-0.7235095079514353,0.1496663594678555,1.5437742944450952,16.639836055480917,0.0431116936365808,0.1269802307073721,0.0842510014039385,10.856455764450557,0.4883452694160629,0.530577609031904,0.197396256417089,92.81120585794426,0.0965189278706804,14.415553902079708,5.845302876066477,3.2621042534270166,2.014335388050988,1.0482004519302364,0.4550905876707787,1.674283524367822,0.0148642646457335,0.0437288690154605,1.493885805769954,0.0311481057468382
1610612753,Orlando Magic,82,42,40,0.512,3961.0,102.3,103.7,101.9,103.7,0.4,0.0,0.569,1.42,15.8,0.3,0.68,0.485,0.151,0.478,0.526,95.8,94.33,78.61,7788,0.482,2002-03,2002,2003,2003-04,1610612753,0.256,-0.256,1,ORL,10,15633.515,7,4,6,0.192,0.347,0.1886827754346991,0.5044056524289856,0.7167572359766822,28.353241524165654,102.83933034253654,102.71931063914076,0.1245818998478588,0.1555589037398179,1.5522762763204565,16.593329821647064,0.0499320805333925,0.1215797114937577,0.0847098044383066,11.393172829867968,0.4753427319447993,0.5216714912374687,0.195806534550931,95.40358915019004,0.0975493156849243,14.80895371258479,6.047008622181257,3.2468705854057776,2.0724705864292194,1.3609223517551876,0.5733835289120841,4.072039437677098,0.0516570730497202,0.0777253499451038,4.884089264070611,0.0507754057406859
1610612755,Philadelphia 76ers,82,48,34,0.585,3971.0,101.8,103.2,100.0,100.6,1.8,2.6,0.595,1.46,16.5,0.324,0.704,0.509,0.158,0.466,0.52,94.0,93.07,77.56,7694,0.516,2002-03,2002,2003,2003-04,1610612755,0.402,-0.1829999999999999,1,PHI,9,17258.606666666667,8,5,7,0.137,0.324,0.2018743498412966,0.5197757370139189,0.7563478473156001,28.861473753578405,102.06316814489853,99.15365773057772,2.903755150570286,0.1603689329304683,1.5868604475988988,17.038183557498463,0.0473525284582648,0.1239197516330982,0.0847756232542526,10.998152738092802,0.4745402656104723,0.527904963262774,0.2013727886878469,94.17217033839349,0.1070486308087443,14.928899242928455,5.853079680823983,3.4167300488915484,2.1338918437216448,1.5852959933806938,0.498533871602613,2.884688171602697,0.0202751201877634,0.0668091579900158,2.233329287668654,0.0259086077345742
1610612756,Phoenix Suns,82,44,38,0.537,3961.0,100.7,102.6,99.4,101.3,1.2,1.3,0.572,1.42,16.2,0.323,0.672,0.496,0.158,0.473,0.514,94.3,92.59,77.16,7637,0.498,2002-03,2002,2003,2003-04,1610612756,0.354,-0.183,1,PHX,12,19515.926666666663,9,5,9,0.151,0.273,0.1729216718379416,0.4710528733967369,0.6787581015027386,25.780561278326864,101.80283262661708,100.05087110903266,1.7320965628414946,0.1450338430423834,1.4115879705430334,15.39301223718474,0.0529108613511904,0.1232116672912277,0.0879093187649471,11.468720812300656,0.4783178140144682,0.5169150415267667,0.1970507827965466,93.58791343326766,0.100390674676307,14.362423306229545,6.376945462321543,3.104541282350928,2.1139657216721117,1.1953314028303037,0.74154818508917,4.2643725900930365,0.03511252689457,0.0499811763992518,3.076838720983296,0.0396115779050489
1610612757,Portland Trail Blazers,82,50,32,0.61,3970.0,102.6,104.2,99.5,101.5,3.1,2.7,0.623,1.49,17.7,0.338,0.689,0.515,0.167,0.489,0.531,92.1,90.44,75.36,7486,0.515,2002-03,2002,2003,2003-04,1610612757,0.5,-0.1099999999999999,1,POR,12,19823.555,10,5,8,0.144,0.254,0.1355136183528467,0.3852318617927006,0.5967592593760301,29.34561754101791,103.04217038770292,100.09793980780272,2.944230579900192,0.1543244966236715,1.6033006995970198,17.770058658331802,0.0528283444451142,0.1254293808552502,0.0893988795988744,11.285882686867552,0.4916342724602121,0.5325516160782799,0.1944693263477044,91.59527752127876,0.104103867848123,14.161334836259188,6.114544036122683,3.3741677514451878,2.150169331383801,1.3129834684041284,0.5738627607409468,4.546755030296214,0.0197528141398812,0.0391109191281087,4.34555636659305,0.0322830296195702
1610612758,Sacramento Kings,82,59,23,0.72,3966.0,103.1,104.4,96.3,97.8,6.8,6.6,0.627,1.71,18.3,0.289,0.678,0.493,0.149,0.499,0.535,98.0,96.63,80.52,7987,0.551,2002-03,2002,2003,2003-04,1610612758,0.671,-0.0489999999999999,0,SAC,12,19547.561666666665,9,6,11,0.147,0.3,0.1386177150653999,0.3979176601480645,0.6138737508352491,29.174039694805927,103.74839293255415,96.8486027967512,6.911999399413583,0.1578838001704731,1.7707763517308257,18.893293195903293,0.0451871533508399,0.1255418673275277,0.0871852485096819,10.8240258780784,0.5024143693284167,0.5396682726072315,0.1969032713969355,97.41017514290148,0.1106007787672068,15.197394184799007,6.607882978073055,3.7127904358403785,2.1197528728433905,1.3499381892217248,0.8213812174527821,3.78833996595041,0.0204776862800196,0.0527339356449044,3.360613327173376,0.0400367580391841
1610612759,San Antonio Spurs,82,60,22,0.732,3966.0,103.1,103.9,96.6,98.1,6.5,5.8,0.563,1.26,15.9,0.311,0.687,0.508,0.171,0.497,0.541,92.5,91.46,76.21,7558,0.549,2002-03,2002,2003,2003-04,1610612759,0.695,-0.037,0,SAS,12,19709.17166666667,9,5,11,0.206,0.276,0.1614702562757795,0.432840023802793,0.6448227191689012,29.007816580825352,102.82610976463324,96.794385659536,6.031999002494861,0.1436361245690775,1.3432756095026148,15.72905660757094,0.0512224442376785,0.1266302749236121,0.0907561940494201,12.304906641180503,0.5001971812953748,0.5410544085947125,0.1951167141896627,92.59408219252916,0.1108681667917212,14.289184992807492,6.347298715327373,2.9718143913201827,2.2777212943922973,1.1434270491496217,0.966250653354872,5.55016240670573,0.0483505832939492,0.0526039839209535,3.9401191762132974,0.0222736999280123
1610612760,Seattle SuperSonics,82,40,42,0.488,3971.0,100.7,102.4,100.9,102.6,-0.2,-0.2,0.615,1.64,17.2,0.314,0.688,0.497,0.147,0.472,0.512,90.7,89.17,74.31,7379,0.502,2002-03,2002,2003,2003-04,1610612760,0.451,-0.0369999999999999,0,SEA,9,12972.225,7,3,4,0.11,0.219,0.2344336971234053,0.5785805185052423,0.831396824112029,25.665721056590783,101.3462150093758,101.48769237094383,-0.1414773615680167,0.1013716874578827,1.2299646552538213,13.691380520046998,0.0562778039233824,0.1360547834572198,0.0949799002612633,11.764514607170318,0.482425056225898,0.519748370589214,0.1771276379598205,90.14855097332956,0.0866376011054387,12.457693263877244,6.602105652654036,2.2201280042552454,1.8010788434520677,1.132265282170175,0.6910148413244451,3.2354138556282472,0.0226014402988304,0.0430752868183534,2.918934319303021,0.0482716423998729
1610612761,Toronto Raptors,82,24,58,0.293,3961.0,97.4,99.3,104.3,105.6,-6.9,-6.3,0.556,1.34,15.3,0.318,0.678,0.491,0.157,0.458,0.497,92.4,91.01,75.84,7507,0.447,2002-03,2002,2003,2003-04,1610612761,0.402,0.109,0,TOR,13,19131.61833333333,12,6,0,0.13,0.274,0.1539312190962064,0.4145002195754306,0.6144787716599337,27.97023783752045,98.4494606964335,104.47391893402292,-6.042783085696445,0.1402247487165879,1.4799017237694914,14.759789845274458,0.0500456512173434,0.1245940207532539,0.0858623712874612,11.164087277509456,0.4610632961787255,0.4988685250620462,0.1955394940887994,91.96391634145606,0.0912421395611157,13.679971837196906,6.149401370558389,2.8827671051699677,1.9946038717233452,1.1102040418082773,0.6999930568689476,3.247918604212839,0.0227494424686661,0.036998885989703,3.2108079482884597,0.0227338287173662
1610612762,Utah Jazz,82,47,35,0.573,3956.0,102.4,103.7,99.8,101.1,2.7,2.6,0.727,1.53,19.5,0.353,0.673,0.519,0.184,0.486,0.537,92.0,90.78,75.65,7483,0.551,2002-03,2002,2003,2003-04,1610612762,0.512,-0.0609999999999999,1,UTA,12,19496.106666666667,9,5,7,0.164,0.272,0.150530054547643,0.4023288752352606,0.632508935117302,31.66498678710552,102.83901821765436,100.05909692738652,2.766809980180658,0.1790620209299907,1.4789548665442944,18.020707553234555,0.0575529175739703,0.124486172965816,0.0922874217450595,12.622609163675754,0.486005900579808,0.5343719798243477,0.1935304705281327,91.6458180205894,0.1107799995794031,14.109278570490652,6.233860025386264,3.785371164704337,2.3543162121941608,1.2833331509607386,0.8604794940254736,6.4743494718727765,0.04443234922422,0.0437612003293517,4.501887597087561,0.0514732487787888
1610612764,Washington Wizards,82,37,45,0.451,3966.0,100.2,101.5,100.9,102.6,-0.7,-1.1,0.572,1.47,15.9,0.305,0.686,0.496,0.148,0.46,0.513,90.8,89.46,74.55,7390,0.498,2002-03,2002,2003,2003-04,1610612764,0.305,-0.146,1,WAS,12,19260.85166666667,9,5,2,0.139,0.284,0.1572639873747361,0.4147330452936876,0.628858138931378,28.935265756247706,100.60963815982176,101.71610146003408,-1.1037943805011736,0.1491082725573488,1.6696721069187748,16.205830514071245,0.045982110777206,0.1251101030406148,0.0857565853569472,10.628188992335142,0.4638251804545506,0.5162169950774934,0.1960972047705401,90.28013284113172,0.1006687880104989,13.717150444455076,5.93057887454094,2.9755693565298382,1.869076228976029,1.1438746521333296,0.6971654334080588,6.285928404482511,0.0264911363371558,0.0611747176832445,1.2400187235437865,0.0281933229640236
1610612737,Atlanta Hawks,82,28,54,0.341,3981.0,98.2,99.1,103.1,103.9,-4.9,-4.8,0.583,1.22,15.7,0.308,0.686,0.5,0.176,0.465,0.514,93.5,92.68,77.24,7680,0.466,2003-04,2003,2004,2004-05,1610612737,0.159,-0.182,1,ATL,7,11402.205,6,4,2,0.111,0.245,0.2642689140682291,0.6903673456142913,0.9073838495858184,25.97916718739928,98.9988414960089,103.47717109687704,-4.478329600868136,0.1755478333649792,1.45548165756828,19.13038470775317,0.0354882926884171,0.0988266218390799,0.0675194701375742,12.838114937710149,0.4641945607596659,0.5053820123680756,0.1944056665647858,94.05996560022088,0.0866727236822468,13.699455500054595,4.799071758488819,3.596146534814977,2.409007731399321,1.3481602900491616,0.3630876659382988,2.154122519199894,0.023169855731822,0.0512296276455403,2.585255256850433,0.0345747124146668
1610612738,Boston Celtics,82,36,46,0.439,3941.0,99.9,100.7,100.2,102.2,-0.3,-1.5,0.592,1.26,16.1,0.279,0.658,0.473,0.172,0.486,0.532,95.8,94.47,78.73,7757,0.49,2003-04,2003,2004,2004-05,1610612738,0.549,0.11,0,BOS,8,12072.508333333337,6,3,2,0.137,0.299,0.256764784451726,0.6370005957060841,0.9083685315327316,26.13242387490587,99.3640340001146,100.78619267882056,-1.444816121477103,0.1504903291983646,1.1881249712673632,15.181825138520647,0.0421064451532787,0.1261820450182612,0.0850885822540331,13.291331006191063,0.485820948974288,0.5313627597413132,0.2013337848182613,95.67565919537572,0.0979477798386278,14.492431495525992,6.095170777130686,3.0535493521437487,2.534684520822448,1.505900803547454,0.6649819389922421,2.507434623786648,0.0273531682894887,0.0590168339104866,2.32560258135562,0.0421084846411805
1610612741,Chicago Bulls,82,23,59,0.28,3966.0,93.9,95.6,100.5,102.1,-6.6,-6.5,0.641,1.36,16.7,0.311,0.679,0.491,0.172,0.446,0.486,94.8,93.23,77.69,7694,0.446,2003-04,2003,2004,2004-05,1610612741,0.573,0.2929999999999999,0,CHI,10,13685.948333333332,10,4,0,0.114,0.264,0.2055911604712814,0.5612502312286483,0.7389036126956979,25.09941449679105,94.29804073983912,100.96638145523713,-6.649018853765947,0.1740671101953841,1.4414938618916795,16.42727661424997,0.0410511959407514,0.1139163883296846,0.0764503273369559,11.776587202762348,0.4462640003390338,0.4856750991193036,0.209114162835385,94.18801153348404,0.089928996760546,14.267480429136016,5.726457392003891,3.511630968454384,2.388435145585454,1.2021088783398155,0.7075870640556025,4.790807435963542,0.0173693737147547,0.0392481493527645,3.305574111875844,0.0381386706193594
1610612739,Cleveland Cavaliers,82,35,47,0.427,3971.0,98.4,100.6,101.3,103.1,-2.9,-2.6,0.619,1.49,16.9,0.34,0.688,0.514,0.16,0.451,0.498,93.6,91.71,76.43,7577,0.491,2003-04,2003,2004,2004-05,1610612739,0.512,0.085,0,CLE,8,12758.776666666665,6,3,1,0.154,0.276,0.2450756120035541,0.6479964249446069,0.8545951244541994,24.30176795946738,99.82860897322186,102.26462565768452,-2.4587167578500866,0.1529412203312073,1.3763544401984205,15.9602139755823,0.0610366974837974,0.1376098114683409,0.0988948107093862,11.440821991032058,0.4513610910450402,0.504835765079881,0.2045765795728065,92.67402248595936,0.1058882974151388,14.689182583596706,7.276873200748349,3.1799286922231054,2.2459833531584668,1.0834894568000644,1.131456437960484,4.513790148925961,0.0383660374134213,0.0554753325524188,2.385909779583699,0.0500437944823958
1610612742,Dallas Mavericks,82,52,30,0.634,3961.0,109.6,110.4,104.3,105.9,5.3,4.5,0.591,1.96,17.7,0.335,0.686,0.507,0.128,0.495,0.536,95.7,94.62,78.85,7814,0.527,2003-04,2003,2004,2004-05,1610612742,0.707,0.0729999999999999,0,DAL,12,19533.73833333333,8,5,11,0.14,0.242,0.1494770202290174,0.4371508338180359,0.6928243723274338,27.95039991918256,109.38294274274006,104.92536947399468,4.462648743716319,0.1469603255666285,1.921564511930341,16.851949153272674,0.0567138317865935,0.1278213044729533,0.0917570213347965,8.77890905504263,0.4926598147325102,0.5346822995052234,0.1958886703970216,95.49731745920285,0.1059608814424752,15.748137645268958,6.728665950014858,3.5974680729742547,1.7581888020581142,1.1997703460585245,0.7869461409631182,2.509765646473884,0.0234943665921261,0.0324519255281052,2.405908351614326,0.0462320820093704
1610612743,Denver Nuggets,82,43,39,0.524,3946.0,100.8,102.4,99.9,101.4,0.9,1.0,0.599,1.4,16.5,0.337,0.664,0.498,0.164,0.467,0.517,96.1,94.64,78.87,7786,0.505,2003-04,2003,2004,2004-05,1610612743,0.598,0.0739999999999999,0,DEN,12,19273.47,7,5,7,0.127,0.282,0.1551994356318123,0.4332266063142755,0.6619774920309281,26.283710457950743,101.69667123598742,100.04184656421496,1.6592653960772674,0.1527350532450392,1.5608454082217682,16.670079881827192,0.0536066977906244,0.1215731498617875,0.0871502034489205,11.43127244341574,0.4703058042134256,0.5190547740840994,0.1958313262565934,95.65329200796052,0.1033305582751834,14.664510334672478,6.30587019358735,3.317306120797137,2.205933856228276,1.3728716209380043,0.960076208383856,4.3568665088493255,0.0204359853297145,0.0525755187129962,2.195662846112062,0.0352450626202986
1610612765,Detroit Pistons,82,54,28,0.659,3956.0,99.1,100.3,92.5,93.9,6.6,6.5,0.62,1.37,16.6,0.332,0.686,0.512,0.168,0.461,0.511,90.5,89.34,74.45,7365,0.558,2003-04,2003,2004,2004-05,1610612765,0.659,0.0,0,DET,9,16498.16,7,4,9,0.137,0.248,0.1854350222489457,0.522269251035671,0.7819764951566316,27.564346266492745,99.95878064584171,93.02212704325817,6.955197104808455,0.1480331164202553,1.382899774883987,15.611797265068752,0.0556897671215052,0.1281326580257031,0.0924699451332754,11.781635457125722,0.464330088021937,0.5114471065258187,0.196218487698022,90.40490841908029,0.1149319384707143,13.779718465574344,6.539638359671624,2.961057475500298,2.144966468988057,1.1608567258409423,1.0626639576777046,2.9111065633393856,0.0217649984561159,0.0439458666638904,1.418534258608311,0.0447861875100959
1610612744,Golden State Warriors,82,37,45,0.451,3971.0,100.5,101.5,101.2,102.6,-0.7,-1.1,0.585,1.39,16.2,0.312,0.694,0.503,0.161,0.475,0.517,92.1,90.95,75.79,7535,0.491,2003-04,2003,2004,2004-05,1610612744,0.415,-0.036,0,GSW,12,19652.48833333333,9,7,4,0.138,0.252,0.1496239704335998,0.4167555372334953,0.6407826388057899,28.419383787956285,100.5394754845718,101.67154463815564,-1.097891988741375,0.1460533166580347,1.429076577495318,15.813116905552166,0.0510299324267079,0.1291087566264933,0.0898980180033181,11.330943799907274,0.4781266157729136,0.5184734932209178,0.1950428385107805,91.77982745526796,0.0996093582890648,13.894423717166264,6.41872916347404,3.0481636210105028,2.084621514849731,1.0514699029206902,0.7052542031785118,5.214697596762099,0.0249786957074405,0.0305573230094474,3.3399621272976674,0.0468709811439536
1610612745,Houston Rockets,82,45,37,0.549,3986.0,98.1,99.7,96.4,97.8,1.8,1.9,0.577,1.15,15.8,0.305,0.708,0.516,0.186,0.484,0.528,90.3,88.92,74.1,7384,0.513,2003-04,2003,2004,2004-05,1610612745,0.622,0.0729999999999999,0,HOU,10,18418.30666666667,6,6,7,0.158,0.249,0.1756842648582243,0.518602506346946,0.7782671660731749,28.320333374837933,98.82360020609929,96.65712673188196,2.131580708107079,0.1444097407977425,1.1843230792841617,15.56304837650656,0.045268777784856,0.131592513300173,0.0905625151570213,13.0540612220595,0.4823056314261245,0.5258902825304967,0.1977778440363319,89.8619121708981,0.1054863504462589,13.596038144657523,6.303511071955221,2.8849557650250874,2.370901993885793,0.9929251549002333,0.826786103391336,3.691156173131721,0.025209815729699,0.0389814335925123,1.9061094057799857,0.0336108843292734
1610612754,Indiana Pacers,82,61,21,0.744,3961.0,100.9,102.5,94.8,96.2,6.1,6.3,0.644,1.5,17.3,0.32,0.706,0.511,0.162,0.471,0.52,89.9,88.54,73.78,7311,0.539,2003-04,2003,2004,2004-05,1610612754,0.537,-0.2069999999999999,1,IND,11,19277.74,9,5,9,0.149,0.298,0.1446724737097467,0.4121474647270201,0.6310783836694549,27.60325354528073,101.14443127150795,94.90814570760544,6.2047515683892405,0.1605130808901873,1.751689236739715,18.106662909310604,0.0511236686285149,0.1323064651250613,0.0911846880564492,10.828412294871354,0.4774999401727934,0.5250840074268734,0.193377354831704,89.75930526261551,0.1091505471249914,13.591219717664002,6.254052601601641,3.2586807374723388,1.977617708299832,1.3314838772594717,0.7413732107601826,4.430018791492912,0.0245253732072706,0.0630040398464311,5.161221818221705,0.0416793312730579
1610612746,Los Angeles Clippers,82,28,54,0.341,3961.0,99.8,101.9,105.9,106.6,-6.1,-4.7,0.587,1.23,15.5,0.362,0.677,0.517,0.176,0.453,0.512,93.8,92.49,77.08,7624,0.464,2003-04,2003,2004,2004-05,1610612746,0.451,0.1099999999999999,0,LAC,12,18461.64,11,4,1,0.148,0.248,0.1449067724571959,0.4140925002690263,0.6096620704697235,24.211364754160527,101.0420734831792,105.78866554289507,-4.776505274359882,0.1416953844114968,1.2702319169189016,15.067149632065917,0.0601013106997356,0.1283041766603617,0.0935686393516502,12.439303667857606,0.455691423856891,0.5117430414271612,0.199594827617337,93.4816070258836,0.0959657728132495,14.58006980961605,6.680663256352092,2.905484019837892,2.347787087171021,1.091993994033033,0.7273459995970024,1.5622753772767533,0.0294903093353207,0.0367890989915875,3.18991421263082,0.0492832971241678
1610612747,Los Angeles Lakers,82,56,26,0.683,3971.0,102.7,104.2,98.7,100.1,4.0,4.1,0.643,1.72,17.9,0.313,0.701,0.506,0.146,0.481,0.522,94.8,93.39,77.82,7729,0.538,2003-04,2003,2004,2004-05,1610612747,0.415,-0.268,1,LAL,13,19584.52666666667,10,4,10,0.156,0.281,0.1448104949519671,0.3956658470854031,0.5852137861216287,30.143514063313244,103.14350614039176,99.0805911401484,4.051049765818526,0.1616226955872305,1.8386453965868972,18.155204636040896,0.0495083593204022,0.1266574306620975,0.0881660160112796,10.075086624508668,0.4775676780036212,0.5148094810563032,0.1958953383776784,94.4252308455076,0.1076450583096383,14.666884979604646,6.378504935358832,3.540345967003202,1.9650206846970004,1.2426136415857552,0.6874815117649,5.300189559111318,0.0357180140848657,0.0492236401126733,3.278332105231573,0.0413915727459056
1610612763,Memphis Grizzlies,82,50,32,0.61,3976.0,101.9,103.4,99.2,100.8,2.7,2.6,0.646,1.56,17.7,0.325,0.655,0.489,0.16,0.479,0.522,94.0,92.6,77.17,7670,0.522,2003-04,2003,2004,2004-05,1610612763,0.549,-0.0609999999999999,1,MEM,10,17743.896666666664,9,5,8,0.137,0.264,0.1381665695753788,0.3948143483703035,0.6040492045245981,26.181451593965924,102.53257730498504,99.69142838598589,2.8131730741593963,0.1624728686051485,1.665581680761967,17.69619816691899,0.0540417918349013,0.1245763869229025,0.0890090995608067,10.592712198316452,0.4878503164186595,0.5287758150267255,0.1894803503326683,93.83187418340466,0.1088961439135221,14.254817008439897,6.370641247722926,3.578920751905491,2.030895506041608,1.4344087140573594,1.0874725187195822,2.763270252723062,0.0163700812339998,0.0389552839167851,2.2736815080080506,0.0461754423357216
1610612748,Miami Heat,82,42,40,0.512,3951.0,99.3,100.6,98.9,100.3,0.4,0.3,0.573,1.38,15.6,0.307,0.707,0.504,0.154,0.463,0.51,90.5,89.3,74.42,7361,0.496,2003-04,2003,2004,2004-05,1610612748,0.72,0.2079999999999999,0,MIA,12,19422.091666666664,8,6,7,0.143,0.243,0.1545640252444488,0.4421622971435879,0.6706690963168661,26.71199617617567,99.87471229283148,99.17511454095872,0.6767470719554323,0.1447313775421545,1.448935825226514,14.940848535452112,0.0481550864543854,0.1308227635969521,0.0888721927907696,10.73076593621267,0.4623401335506688,0.5087512035049434,0.1953393015942755,90.19124993488944,0.1011942269348778,13.562493912645008,6.237227281133039,2.8674563458879083,1.957358695059878,1.080625112897641,0.5708962860591311,3.611358777087704,0.0237214043953025,0.0367398588469307,2.185559355255114,0.0335160442067348
1610612749,Milwaukee Bucks,82,41,41,0.5,3956.0,103.5,104.6,102.6,103.5,0.9,1.1,0.63,1.69,17.5,0.308,0.69,0.499,0.144,0.477,0.528,94.1,93.2,77.66,7682,0.51,2003-04,2003,2004,2004-05,1610612749,0.366,-0.134,1,MIL,10,16934.641666666666,8,5,7,0.123,0.254,0.1783501963677019,0.4613816747426502,0.6733215986756929,26.801118909611805,103.7725027249371,102.7689459721862,0.979444796834103,0.1573811773401366,1.6945557789088146,17.02728744875519,0.0504027620897401,0.1273173180024968,0.0886952622262945,10.01203585156068,0.4721442166131849,0.5214100744184627,0.1948973712168892,94.09670602911096,0.1032266283559784,14.519350621039615,6.3498243492013655,3.486344805051972,1.928118742793987,0.984254661426258,0.7249046210504405,3.352820075471236,0.0145074805280151,0.0359903885736867,1.8700398312131976,0.0285118648646467
1610612750,Minnesota Timberwolves,82,58,24,0.707,3951.0,103.3,104.2,96.6,98.5,6.7,5.7,0.623,1.81,18.2,0.303,0.691,0.507,0.14,0.486,0.528,91.5,90.24,75.2,7441,0.554,2003-04,2003,2004,2004-05,1610612750,0.537,-0.1699999999999999,1,MIN,13,19421.011666666665,10,4,9,0.222,0.291,0.1665749990538598,0.4728754689830353,0.6818710182193564,30.15003320716129,103.2080840879642,97.17840188895072,6.034337071523996,0.1612482037710531,1.8783244453365675,17.625506137811055,0.0475505261612272,0.1304232850211116,0.0913213330716465,10.242547071226207,0.489566012395338,0.5286174075037459,0.195197221274175,91.39391733369196,0.1117434195626781,14.191639690585982,6.482257575493623,3.4329828509620217,1.8332721596120083,1.0269289953741685,0.8434164131683153,3.3330788200564125,0.0593913054451936,0.0746132190368322,4.427072404979633,0.0425709462269176
1610612751,New Jersey Nets,82,47,35,0.573,3941.0,98.2,99.0,95.2,96.4,3.0,2.6,0.714,1.66,19.1,0.289,0.711,0.501,0.162,0.471,0.515,91.9,90.97,75.81,7475,0.533,2003-04,2003,2004,2004-05,1610612751,0.512,-0.0609999999999999,1,NJN,11,18995.38833333333,8,5,7,0.157,0.246,0.1651013890827712,0.4447140810405473,0.6807396146064576,28.130488777407635,98.53269934026972,95.13281014786658,3.407666202840637,0.1784450753090684,1.7651330520311377,18.82221727852717,0.0457721476783005,0.1313440597380083,0.0888142143799288,11.170244540933751,0.4709218708611116,0.5156232070538526,0.1948219449404956,91.9910326269543,0.1081468382720613,13.611303726088606,6.155599345911416,3.6994242374442994,2.1112492830496667,1.290629050051008,0.595091808687249,3.555805210374402,0.0335032030105202,0.0402969692917928,4.295009538333806,0.0346353304440262
1610612740,New Orleans Hornets,82,41,41,0.5,3966.0,99.1,100.7,99.5,100.6,-0.3,0.1,0.619,1.4,16.4,0.332,0.681,0.502,0.164,0.46,0.505,91.8,90.59,75.49,7476,0.491,2003-04,2003,2004,2004-05,1610612740,0.22,-0.28,1,NOH,11,19118.54333333333,8,6,5,0.136,0.295,0.146153830059926,0.430910618539104,0.6532550509862761,30.736991032963985,99.92647402704844,99.55409411421338,0.3919076906661126,0.156134282022532,1.482788458604674,15.793351864498742,0.0553408406463323,0.1269791260247686,0.0901490269569003,11.325918336177288,0.4647058062129211,0.5105416858815779,0.1956297386150235,91.4610512908672,0.1014568677913572,13.819253663502607,6.453002085409925,3.080569422740192,2.073170497822097,1.282315267045275,0.6402161392002843,4.416506737856038,0.0242721931734811,0.0532924037664108,2.32173775133256,0.0279970692587042
1610612752,New York Knicks,82,39,43,0.476,3976.0,99.1,99.7,100.3,101.3,-1.2,-1.6,0.588,1.31,16.4,0.307,0.701,0.508,0.17,0.474,0.518,92.1,91.29,76.08,7563,0.488,2003-04,2003,2004,2004-05,1610612752,0.402,-0.0739999999999999,1,NYK,7,9882.375,5,2,2,0.12,0.244,0.2572706459732605,0.6377874751767668,0.8776267513291761,31.13049983767397,99.1567645766664,100.11932888939484,-0.9857456667383432,0.095625052682174,0.9417704718417048,11.84541381331242,0.0529537246866264,0.134087813236528,0.0947617580119488,12.854867444988342,0.4729453650227467,0.5160208962926423,0.1816012011282712,92.21514407552166,0.0863554078177901,12.637043220885667,6.662770842029371,2.036352597427238,2.061852540507722,0.8524266686904717,0.9252836489204264,4.12178628261904,0.0187458611398798,0.0363098057688755,2.794379382283234,0.0205121654213652
1610612753,Orlando Magic,82,21,61,0.256,3966.0,99.3,101.4,107.5,108.8,-8.3,-7.4,0.545,1.41,15.2,0.315,0.657,0.481,0.148,0.461,0.504,93.6,92.14,76.78,7608,0.434,2003-04,2003,2004,2004-05,1610612753,0.439,0.183,0,ORL,9,14843.433333333332,6,4,0,0.153,0.325,0.1942794007675672,0.5326981852805842,0.7970192206205662,25.98744944453552,100.59936388256985,108.29188861292198,-7.694574727769631,0.1367190466940487,1.3681331935783052,13.954298960483086,0.0537094226852278,0.1298428703601817,0.0905660752341663,10.873490544640392,0.4645820890494787,0.5044010888091929,0.2065011513508779,92.93110822630882,0.0911203078577957,14.903560047877514,6.528947705270344,2.767284298556264,1.9814822716217948,0.9701259591783572,0.6548350224453912,3.561167097667916,0.0327260759976163,0.070169257212306,2.8874130272344187,0.0296213486063885
1610612755,Philadelphia 76ers,82,33,49,0.402,3971.0,96.1,97.8,99.1,100.4,-3.0,-2.6,0.611,1.25,16.1,0.313,0.681,0.498,0.177,0.456,0.505,90.7,89.26,74.38,7379,0.484,2003-04,2003,2004,2004-05,1610612755,0.524,0.122,0,PHI,14,19855.000000000004,9,7,0,0.127,0.339,0.1498959959707881,0.3970612775959035,0.6067699991605806,28.056439184084606,96.52688246453454,99.08785034835894,-2.573445672794426,0.1527545904474103,1.321100303869722,15.603927994627718,0.049478775287501,0.1245821566356081,0.0873226942835557,12.207778779484594,0.4602363635524218,0.5086480284563082,0.1930689207588349,90.43623653907495,0.0980655935532611,13.08184336439184,6.072223621254092,2.9735582976580206,2.188466381264165,1.1857970284563082,0.6491060186351045,3.5724149567720285,0.0231532095705529,0.0611039345188416,1.3072861852835862,0.0391591576592467
1610612756,Phoenix Suns,82,29,53,0.354,3946.0,98.8,100.3,102.2,104.2,-3.4,-3.8,0.536,1.27,15.3,0.297,0.661,0.479,0.162,0.475,0.515,95.3,93.72,78.1,7699,0.466,2003-04,2003,2004,2004-05,1610612756,0.756,0.402,0,PHX,7,14073.756666666666,6,3,0,0.137,0.273,0.2368854608115767,0.6088465600395251,0.8525513325392627,23.52398163295419,100.04143178307994,103.14243371883413,-3.0986526932988983,0.1213342083267509,1.2556750850933662,14.156330541454578,0.0471672748119608,0.1226302475032134,0.0849318415812693,11.881880187403173,0.485853206452577,0.5279260584771608,0.1982176850672658,94.64245999705834,0.0960473790816808,14.465220965641253,6.098158582155392,2.5937637593563623,2.17681751401604,1.3224614039321885,0.6983210121344052,1.9499911703210195,0.0305907043848536,0.0497805583963971,2.0100545203141627,0.0337191412449211
1610612757,Portland Trail Blazers,82,41,41,0.5,3996.0,100.5,102.1,102.2,103.5,-1.6,-1.5,0.61,1.46,17.2,0.344,0.67,0.507,0.166,0.478,0.515,88.8,87.54,72.95,7289,0.488,2003-04,2003,2004,2004-05,1610612757,0.329,-0.1709999999999999,1,POR,7,12462.565,5,3,2,0.133,0.272,0.2505782985551797,0.6425577987624003,0.9102284856020144,27.846519957970123,100.67819484458722,102.25350575904716,-1.5946246619375706,0.1608586252776481,1.7365238950943616,18.452271810284103,0.0589228347722425,0.1320645461026682,0.0956589270881769,11.338806511072692,0.4705700613530734,0.5077360341417143,0.1951917537307394,88.52714022755347,0.0998330401218903,13.25601912607878,6.55146031334641,3.3826102411501964,2.11738113301716,1.129462514337939,0.4766274037487467,4.237295317350073,0.0227654245623733,0.0537934600768172,2.6383238638937034,0.0254860325170631
1610612758,Sacramento Kings,82,55,27,0.671,3956.0,107.3,108.6,102.2,103.2,5.1,5.4,0.694,1.89,19.6,0.292,0.676,0.488,0.146,0.507,0.554,95.3,94.25,78.54,7765,0.544,2003-04,2003,2004,2004-05,1610612758,0.61,-0.061,1,SAC,11,19471.86333333333,8,6,8,0.138,0.286,0.1678826662539914,0.4639644998877868,0.7176533695884951,30.172500098004654,108.11595398591366,102.2977381894114,5.82223705178703,0.1721226646003232,1.89903466865609,19.98875147884323,0.0462785688717686,0.1248122733160787,0.0865109499022435,10.439720697847951,0.5080687148756008,0.5549297115718594,0.1959181808315211,94.99507148947735,0.1094753320132519,15.396985633458463,6.1639709536443945,3.945385127497642,2.026308387880701,1.2978727082958503,0.5879252439288895,3.989948600109378,0.0228276117368295,0.0419377935144485,3.725287836642852,0.0473619139799797
1610612759,San Antonio Spurs,82,57,25,0.695,3951.0,99.8,101.0,91.6,93.1,8.2,7.9,0.59,1.39,16.3,0.319,0.71,0.516,0.162,0.473,0.511,91.5,90.23,75.19,7428,0.566,2003-04,2003,2004,2004-05,1610612759,0.72,0.025,0,SAS,12,19138.32166666667,8,6,10,0.212,0.296,0.1372736184721178,0.4039564423665502,0.6450436745890203,27.80353057778578,99.8022087969574,91.7547714171732,8.056777000560743,0.1476205744443108,1.478194411509264,16.19381005457375,0.0537535194003863,0.1345109591201527,0.09469929486154,11.259987618210689,0.4754447711498213,0.5110206717011845,0.1950929181094162,91.44810423118778,0.1156434828445859,13.786161848221974,6.831947036804777,3.0341218530743683,2.08043321109749,1.196343148515374,1.0044767945081914,3.891349189942093,0.0434445521646424,0.0530242674314276,3.263798424934805,0.0220596837623962
1610612760,Seattle SuperSonics,82,37,45,0.451,3961.0,104.0,105.6,104.7,106.4,-0.6,-0.8,0.606,1.5,17.1,0.302,0.655,0.479,0.158,0.501,0.54,92.8,91.34,76.12,7542,0.491,2003-04,2003,2004,2004-05,1610612760,0.634,0.183,0,SEA,13,19801.45,11,4,6,0.14,0.273,0.1481530392976272,0.3743590326297653,0.5676573348584741,26.30818946760633,104.53480101204708,105.2662498453396,-0.7098918429374279,0.1522818732129885,1.6297423589349935,16.600605317624044,0.0468194861992429,0.1202871908370346,0.0835933248996075,11.407666080009292,0.501306864480463,0.5417175111755282,0.1950537113864557,92.32938716609137,0.0986254165730287,14.475303576253252,5.85957089001058,3.239762744647488,2.05075890906979,1.201730176325471,0.7035848384840504,2.8718363329021885,0.0263114889248245,0.0487728160037606,2.8818786538719623,0.0516557122586969
1610612761,Toronto Raptors,82,33,49,0.402,3996.0,94.6,95.3,97.6,98.8,-3.0,-3.4,0.593,1.35,15.9,0.27,0.673,0.471,0.159,0.454,0.495,89.1,88.24,73.53,7348,0.476,2003-04,2003,2004,2004-05,1610612761,0.402,0.0,0,TOR,8,12546.026666666668,7,4,0,0.131,0.315,0.2221037842525442,0.5932050731599485,0.8291322245980666,26.51904959020227,93.5189355567553,97.14361186861818,-3.6514524917317774,0.1602012893590746,1.5192751782237564,16.273984339796293,0.0355424766619338,0.1047058473758491,0.0698042734911026,11.06534565525128,0.4449575131090641,0.4872731281723191,0.1967905459045732,89.18347592916537,0.088942411249458,12.73454969010109,4.903863321402155,2.972733997058299,1.939737627424141,1.1076016629966248,0.6599699028218231,4.165851485023395,0.0333521719702519,0.0680922988545563,2.906682993644006,0.0426137626221888
1610612762,Utah Jazz,82,42,40,0.512,3956.0,98.3,100.0,100.4,101.3,-2.1,-1.3,0.621,1.22,16.3,0.373,0.691,0.529,0.188,0.456,0.509,89.4,88.26,73.55,7271,0.493,2003-04,2003,2004,2004-05,1610612762,0.317,-0.195,1,UTA,10,16205.698333333334,8,4,3,0.163,0.233,0.1793144983261546,0.4368869633202066,0.6672778371476124,25.222253715488357,99.5360467341786,100.27773910596676,-0.724834248117869,0.1662580281688982,1.293616059330571,16.76390300572258,0.0603839698772623,0.1264867557389021,0.0928601362339728,12.940165758567026,0.4579134380612416,0.5119336262275647,0.1934380734801205,88.97832174156025,0.1013437767106405,13.19313710537415,6.195598482385671,3.2233106482400893,2.3525058418237457,1.1218276205108513,0.9618838805568288,3.0819002845328174,0.0364416620208194,0.0422507631670639,1.9636356921189448,0.0527014415722677
1610612764,Washington Wizards,82,25,57,0.305,3966.0,95.9,97.2,101.9,102.9,-6.1,-5.7,0.557,1.07,14.5,0.333,0.667,0.496,0.186,0.454,0.5,95.0,93.9,78.25,7751,0.441,2003-04,2003,2004,2004-05,1610612764,0.549,0.244,0,WAS,12,18892.786666666667,11,5,1,0.112,0.273,0.1180393187099979,0.3368464613302149,0.546511931537892,24.504040607385253,96.5717088850136,101.92152796058322,-5.366495087366679,0.1352293765204215,1.0492593381318729,13.719974748740086,0.0555295387869373,0.1246289167505905,0.0891377252270531,13.094628364335174,0.4570608472969226,0.5009465701724609,0.1976842084880367,94.79317321019876,0.0895497970477621,13.911976281600246,6.469135663064352,2.696267146755835,2.503812742641107,1.2823941977149658,0.758384681561005,3.2696441690013267,0.0217776049745017,0.0466052262618718,2.31968852538264,0.0373022906929399
1610612737,Atlanta Hawks,82,13,69,0.159,3971.0,97.9,98.8,108.4,109.0,-10.5,-10.2,0.549,1.22,15.3,0.326,0.696,0.502,0.171,0.464,0.504,93.8,93.09,77.58,7695,0.422,2004-05,2004,2005,2005-06,1610612737,0.317,0.158,0,ATL,11,14212.166666666664,7,3,0,0.101,0.236,0.1791738299344458,0.4902955214428952,0.6863313123732014,24.954727404923013,97.55882423510376,106.55940451256554,-9.015817011246234,0.1138851166254265,1.1414079122348222,13.663854350146003,0.0600228787541191,0.1266233446694733,0.091917105414375,12.354468061402793,0.459438880419359,0.5060286042475345,0.1889375468202128,94.50123778335464,0.081858145954757,13.48590995977625,6.365531879962005,2.4519836290502277,2.2037456170182828,1.142401463534765,0.7193836267048188,4.5713711346272055,0.0200836833258671,0.0336111771475319,3.5365508484214594,0.0223180919898078
1610612738,Boston Celtics,82,45,37,0.549,3976.0,104.8,105.9,103.3,105.1,1.5,0.8,0.594,1.4,16.9,0.305,0.671,0.494,0.165,0.501,0.551,95.9,94.61,78.84,7839,0.505,2004-05,2004,2005,2005-06,1610612738,0.402,-0.147,1,BOS,10,17037.528333333335,6,5,7,0.146,0.261,0.1739268323055857,0.4816338285375314,0.7366449965306978,27.149598381690137,104.96977699327864,103.65908250384908,1.3280871726601189,0.1532759225541028,1.5064870510853634,16.983187340260717,0.0491291543951455,0.1209716814361863,0.0863454236368596,11.995875575457587,0.50483986341133,0.5549943263483935,0.1979515639837037,95.73811964118032,0.1044544850353391,15.359270128873346,6.072711837994497,3.395562951864007,2.324280800902556,1.2170779466544297,0.7987074024919694,4.651047827365228,0.0215182818495811,0.0371567263575917,2.0829236157333035,0.0224318384501407
1610612766,Charlotte Bobcats,82,18,64,0.22,3976.0,98.0,99.8,104.7,106.0,-6.8,-6.2,0.606,1.51,16.5,0.327,0.676,0.492,0.154,0.455,0.497,95.0,93.54,77.95,7743,0.46,2004-05,2004,2005,2005-06,1610612766,0.317,0.097,0,CHA,12,17402.726666666666,10,5,1,0.131,0.237,0.1493806143022032,0.4040318011468701,0.6243765823669778,24.82108273071384,98.46479336188312,104.4532556009422,-5.976850926425704,0.1499953972729943,1.5043990845878938,15.63699530418413,0.055122649937232,0.1307367003599819,0.090798147914752,10.985187713879316,0.4521637187888947,0.4962300070601962,0.1931635217891142,94.872912080061,0.0947082150728104,13.806112375493647,6.51001433108758,3.3098261613410003,2.0913964056973446,1.2825576375196377,0.8274565403352501,2.314227109772541,0.0278539806206703,0.0216630099263449,2.791419592257646,0.0360970357701166
1610612741,Chicago Bulls,82,47,35,0.573,3966.0,98.5,100.5,97.5,99.1,1.0,1.4,0.612,1.27,16.4,0.317,0.691,0.506,0.178,0.471,0.517,95.1,93.41,77.84,7707,0.498,2004-05,2004,2005,2005-06,1610612741,0.5,-0.0729999999999999,1,CHI,12,19606.72166666666,9,6,9,0.129,0.294,0.1426789605231471,0.365015807079086,0.5643653838781311,25.159547750333584,99.5666260966796,97.69319598134416,1.869991388157446,0.1529236799148727,1.4064424581263926,16.294794072746992,0.0499304342311858,0.1271917237906422,0.0889139099660805,12.731374248950168,0.4708305547935814,0.5165457358033593,0.1967978042904163,94.53560037701358,0.1017691273052362,14.154533568547455,6.508992281813559,3.178297782741684,2.399789255946494,1.0484159641510695,0.6591617007534747,4.900718754544002,0.0165721168216211,0.0537291577500064,2.9858643156975706,0.0420500730980432
1610612739,Cleveland Cavaliers,82,42,40,0.512,3971.0,103.2,105.3,102.5,104.7,0.7,0.6,0.619,1.62,17.3,0.354,0.674,0.51,0.152,0.47,0.518,92.6,90.72,75.6,7516,0.51,2004-05,2004,2005,2005-06,1610612739,0.61,0.0979999999999999,0,CLE,11,19339.111666666664,9,4,7,0.19,0.292,0.1749805467624461,0.4472821786798721,0.6730194518586557,26.749200131305585,104.79436825217844,103.47474736645522,1.2992638924211188,0.1580658583335481,1.7899142807921111,17.363233195733656,0.0564862881068218,0.1247117755408793,0.0899805582245375,10.179607000218128,0.4656322890391295,0.5095067686235502,0.1954330135984357,91.4939849563928,0.10413308143161,14.437891709434776,6.321696782521983,3.3637532644338117,1.9359731018324096,1.1895065500681823,0.8432652068558476,4.711125517346094,0.0494323920026073,0.0600204043476624,2.070076383896452,0.0483931553408348
1610612742,Dallas Mavericks,82,58,24,0.707,3946.0,107.5,108.5,101.0,102.6,6.4,5.9,0.526,1.46,15.3,0.319,0.674,0.5,0.142,0.492,0.545,95.3,94.18,78.48,7749,0.537,2004-05,2004,2005,2005-06,1610612742,0.732,0.025,0,DAL,10,18133.125,9,6,8,0.186,0.284,0.1669978745160215,0.434038534450074,0.6538470340881674,27.89067319247693,107.98837924148944,101.57138693229471,6.408600365353462,0.1299727102563219,1.5529185565091508,14.55359617642666,0.0518533008881076,0.1254304389526533,0.0896988333046105,10.528550704856444,0.4991780366042808,0.546536780156022,0.1968253263939153,94.9792080065258,0.1101377425751674,15.53709026987902,6.462206597042705,2.894592079412677,1.9118602005997312,1.2944266363354358,0.8417743770034123,3.144940384618667,0.0370041920093044,0.0494873184391297,4.80824667516218,0.0367630641758154
1610612743,Denver Nuggets,82,49,33,0.598,3951.0,103.4,104.7,100.7,102.6,2.7,2.2,0.645,1.6,18.0,0.313,0.678,0.497,0.157,0.483,0.535,96.1,94.68,78.9,7792,0.531,2004-05,2004,2005,2005-06,1610612743,0.537,-0.0609999999999999,1,DEN,10,17948.216666666667,8,5,10,0.142,0.286,0.1587511479784899,0.4311377267750835,0.6643610832273958,27.223272507110728,103.88496603655145,101.3742465964585,2.5033906525532243,0.1684585189986377,1.7548642399941312,18.5869956346638,0.0510242014759126,0.1264544275986565,0.0895164630097883,11.068222813222857,0.4896175408327475,0.5415173428557898,0.1972538354321181,95.48935130138275,0.1092337249847477,14.99112725219683,6.290095673386307,3.720703913945025,2.20634733441484,1.3518891849050927,0.9046024071100842,3.647381157789484,0.0208069253987788,0.0497597623872486,1.3653158656601705,0.0379886855871526
1610612765,Detroit Pistons,82,54,28,0.659,3991.0,102.8,103.9,97.9,99.6,4.8,4.3,0.627,1.58,17.2,0.34,0.693,0.518,0.154,0.472,0.519,89.8,88.59,73.82,7364,0.542,2004-05,2004,2005,2005-06,1610612765,0.78,0.121,0,DET,9,18091.873333333333,7,5,7,0.138,0.245,0.1682229516678022,0.4893867633386776,0.7862099041890263,28.24590285656801,103.94576819205382,98.1806746749277,5.765684242759456,0.154723038815586,1.6496578399288668,16.757982727788278,0.0561246790916437,0.1303707557831674,0.0936504108105996,10.0582061982894,0.4809971325062707,0.523810545784645,0.1959927779728725,89.31202529422973,0.1145717217970057,14.137839420351163,6.570463865728295,3.205638185247815,1.8843819748166857,1.0506374685355966,0.925277316039872,2.606021760312159,0.0203961011934188,0.0312126652110269,3.1548777286525427,0.0528397218616341
1610612744,Golden State Warriors,82,34,48,0.415,3981.0,101.9,103.4,104.0,105.5,-2.0,-2.2,0.598,1.63,16.6,0.303,0.666,0.477,0.142,0.475,0.512,95.8,94.45,78.71,7830,0.473,2004-05,2004,2005,2005-06,1610612744,0.415,0.0,0,GSW,8,14257.486666666668,7,4,1,0.122,0.267,0.1907727542442029,0.5380134787664772,0.8131444859612936,26.18690987144532,102.50365494526152,104.2602369491958,-1.7494351388720686,0.1286522935552455,1.4549312653515836,14.333710827013457,0.0535875492080651,0.1307088697961258,0.0908966770908196,9.933962273855652,0.4824688229295205,0.5160762287228745,0.1971876204922513,95.45374136886213,0.0967946634353039,14.93783616841304,6.799795943464556,2.7673881745403466,1.855867069605068,1.045345533083671,0.7852716444179269,3.3801260404724256,0.0201393153152758,0.049414225853612,2.0027080767808574,0.025361504628246
1610612745,Houston Rockets,82,51,31,0.622,3971.0,103.2,104.4,98.9,100.1,4.3,4.3,0.609,1.53,16.9,0.301,0.713,0.512,0.152,0.486,0.534,91.3,90.18,75.15,7467,0.527,2004-05,2004,2005,2005-06,1610612745,0.415,-0.207,1,HOU,9,12820.426666666668,6,5,9,0.161,0.304,0.2489003226101679,0.5909033708706521,0.8125694204665055,29.42036172483079,103.73089274459925,99.14136972300452,4.604540397511472,0.1486017718339067,1.4720827153958476,14.517326750435766,0.06104870833732,0.1521867088146832,0.1076017372536743,10.95053440759122,0.4872621097113772,0.5392051158983788,0.2112990897598831,91.29097588015792,0.1210333376840292,15.68278538831781,7.536722646776186,2.9849240586896744,2.089166039195784,1.0165028308990236,0.9715745289808349,4.537588960078162,0.0352871187869022,0.0707984995268946,2.964660789659476,0.0464384360268668
1610612754,Indiana Pacers,82,44,38,0.537,3981.0,102.4,103.7,101.9,102.7,0.5,1.0,0.558,1.27,15.1,0.296,0.687,0.494,0.16,0.476,0.534,89.6,88.71,73.92,7351,0.504,2004-05,2004,2005,2005-06,1610612754,0.5,-0.037,0,IND,12,18167.44166666667,11,8,8,0.157,0.358,0.1249698980731555,0.3417317518105878,0.5371895602618787,28.524577254273098,102.6278863975069,101.30845960241145,1.3181838114245583,0.1455079854850229,1.4023649018642783,15.198101484661438,0.04356314166414,0.1267555893257765,0.0856826315207654,11.343107986677635,0.4799561327888306,0.5366091036483306,0.197672012799454,90.01331573653052,0.1037877441925642,14.116682178237353,5.798064577979013,2.801935513760193,2.023179745084269,1.1294930996063013,0.6063594534728565,4.321210468342832,0.0251593463726294,0.0647576013416225,4.284053585782576,0.0263448857435458
1610612746,Los Angeles Clippers,82,37,45,0.451,4006.0,102.2,103.8,103.4,104.5,-1.2,-0.8,0.65,1.47,17.9,0.338,0.687,0.518,0.171,0.477,0.533,91.8,90.66,75.55,7564,0.518,2004-05,2004,2005,2005-06,1610612746,0.573,0.1219999999999999,0,LAC,12,19485.00833333333,11,6,4,0.148,0.272,0.1542051346312827,0.4240091420711906,0.6086458777496032,25.97486092940684,102.9928422834478,103.42962268855416,-0.4415447517129623,0.1587029795984177,1.5782233015895553,17.955875795109147,0.0539551027477962,0.1262856256583587,0.0912169758716209,11.73283525240131,0.4767926421210151,0.5276500802112393,0.1959629593862973,91.49170376456088,0.1055269178312728,14.241102454408324,6.2244777074340485,3.410622097929134,2.2041561012077238,1.078983372259271,0.7648957467728394,3.4757232053809743,0.0284166185888605,0.045298466589565,2.371550391735656,0.0475550812986196
1610612747,Los Angeles Lakers,82,34,48,0.415,3956.0,104.9,106.4,108.0,109.6,-3.1,-3.2,0.578,1.42,15.9,0.324,0.68,0.503,0.155,0.485,0.535,93.7,92.34,76.95,7610,0.468,2004-05,2004,2005,2005-06,1610612747,0.549,0.134,0,LAL,13,19544.4,9,4,2,0.148,0.312,0.1489843638075356,0.4269002032977902,0.6412631410190812,26.413632293649325,105.56308620372072,108.349153474482,-2.7978059614689283,0.146827298782942,1.4616372200391583,15.3627723968673,0.0514364339657395,0.124919060617534,0.0881938894687651,10.663517998335411,0.487572045871622,0.5334772260425833,0.1966864993723691,93.2064239364387,0.0949862723678734,14.816724995395097,6.435807699392152,3.0392337447043647,2.0445754282556634,0.924663842328237,0.6299502670841775,2.494609774255016,0.028602662236104,0.0528555566517544,2.4093631028145803,0.0360793949460283
1610612763,Memphis Grizzlies,82,45,37,0.549,3941.0,102.5,104.2,99.9,101.5,2.7,2.7,0.612,1.43,16.9,0.308,0.663,0.487,0.163,0.489,0.535,91.1,89.65,74.71,7355,0.515,2004-05,2004,2005,2005-06,1610612763,0.598,0.0489999999999999,0,MEM,12,19180.70333333333,10,6,9,0.156,0.257,0.1313065335977425,0.3694302311819987,0.5656833751838436,26.65634106917525,103.20911718391974,100.32567800346564,2.8825696433446737,0.152783324855484,1.4618704988398927,16.330266582160437,0.0478466562140317,0.1233324900668397,0.0859091754716676,11.220242531947472,0.4880295838126199,0.5337546800942823,0.1960123505203406,90.69140596512707,0.1037724365686277,14.082278178537422,5.863392913468067,3.149415271702758,2.102112696249755,1.281913367445163,0.861490828195212,1.7785762981287687,0.021980718422101,0.0343651324288998,2.8931532285645183,0.0405780673504612
1610612748,Miami Heat,82,59,23,0.72,3996.0,108.2,108.9,99.8,102.2,8.4,6.7,0.578,1.59,17.1,0.297,0.698,0.508,0.147,0.524,0.559,93.1,91.73,76.44,7647,0.556,2004-05,2004,2005,2005-06,1610612748,0.634,-0.0859999999999999,1,MIA,9,17858.945,8,5,9,0.161,0.302,0.1667270005777683,0.4755250100159892,0.7597079036117008,28.16644478905856,108.361556137088,101.01517158488366,7.303146621109664,0.1534346300971305,1.800703705248733,17.219505986122545,0.0483230500644541,0.1295534184690081,0.0910204859992196,10.11715413013852,0.5289049411000109,0.5624789943265592,0.2011916966539736,92.74173196587668,0.1145028504390003,15.620407588466172,6.349759182303322,3.372427654601098,2.017812362376389,0.9312980134044871,0.8345397782455795,3.981174259734223,0.0314850162191128,0.06740505447117,2.561384281294999,0.0480403045584963
1610612749,Milwaukee Bucks,82,30,52,0.366,3956.0,103.4,105.1,106.7,108.1,-3.3,-3.0,0.58,1.52,16.4,0.322,0.687,0.503,0.149,0.475,0.527,93.5,92.14,76.78,7584,0.478,2004-05,2004,2005,2005-06,1610612749,0.488,0.122,0,MIL,9,16459.271666666667,9,4,1,0.116,0.269,0.1752925883820497,0.4865476530300094,0.7319830778255376,26.525939229996304,104.70685164987556,107.169734201483,-2.469026576003818,0.1376934847157574,1.3582216122766873,14.960649200455707,0.0524255507255636,0.1294879623571841,0.0908812835278353,10.71409306993434,0.47406475468791,0.52643027177286,0.1979476583765401,92.80942491683764,0.096965219603176,14.678413777523367,6.3407422948949845,2.9943001730635506,1.9991164048064904,0.9251928219181024,0.5489914853462026,3.736473228728134,0.0140798516009079,0.0424904523763293,2.049264533928996,0.0268600991784079
1610612750,Minnesota Timberwolves,82,44,38,0.537,3951.0,104.9,106.6,103.7,105.0,1.2,1.6,0.63,1.78,18.3,0.321,0.682,0.508,0.145,0.489,0.534,91.7,90.39,75.33,7440,0.518,2004-05,2004,2005,2005-06,1610612750,0.402,-0.135,1,MIN,13,19701.099999999995,9,5,8,0.213,0.268,0.1584066371928471,0.4129332879889956,0.6066520820326446,29.64236650068609,105.45730636867992,103.77079642761066,1.6989341204298245,0.161632087548411,1.8637729018515043,17.383301076251243,0.0501855499608313,0.1277463378525395,0.0904102490047087,10.21557737892808,0.4912951105945015,0.53298371461492,0.1950232789032084,91.46722283950304,0.1035548735011412,14.44853333062621,6.415682373065464,3.502951611838933,1.885783027343651,0.8387348929755192,0.8149798742202212,3.360004080328974,0.0538030841431387,0.0535472224922131,2.7729666546815235,0.0539092427232407
1610612751,New Jersey Nets,82,42,40,0.512,3981.0,98.3,99.9,100.4,101.6,-2.1,-1.7,0.644,1.52,17.1,0.298,0.701,0.495,0.155,0.463,0.512,91.7,90.41,75.34,7501,0.49,2004-05,2004,2005,2005-06,1610612751,0.598,0.0859999999999999,0,NJN,12,15557.151666666668,9,4,4,0.159,0.281,0.1636541007774452,0.4475931808854042,0.6312475152103143,27.400451196561157,98.703557849225,99.9985814776934,-1.2769154722088696,0.1599394486415733,1.6780909155285602,17.75416367456297,0.0441815287309984,0.1265229019536674,0.0844908830247525,11.206617363868345,0.4488272174072996,0.4971595639133171,0.1794165634004768,91.6045961284044,0.0904673512964187,12.090902244209015,5.831401656537171,3.258179973176324,1.9322303107970389,1.2033051037298923,0.4836360897683606,3.6121456871948814,0.0380624470914606,0.0442935469753095,5.338903816661581,0.0344495128037915
1610612740,New Orleans Hornets,82,18,64,0.22,3986.0,95.9,98.2,105.1,105.9,-9.1,-7.7,0.634,1.42,16.6,0.329,0.675,0.494,0.165,0.446,0.493,90.4,88.97,74.14,7382,0.437,2004-05,2004,2005,2005-06,1610612740,0.463,0.243,0,NOH,9,11296.87,9,3,0,0.141,0.238,0.2501095436169487,0.5933593405370986,0.801982909130287,28.223192353280155,96.74481852052826,105.01968247251966,-8.256967578925254,0.1182492218346025,1.2773671483045008,13.80792917271185,0.0677152155124974,0.139038581335656,0.1019114433171902,11.111957427145748,0.4502759032664209,0.4926298260786689,0.1894218485592322,89.58580121455469,0.0912917989673245,12.810628076626534,7.10320646338322,2.3008142963493428,1.896100424276813,0.8572285951772481,0.7488799995042874,5.6863825468108535,0.0293811951652075,0.0373443683749012,3.9472768125694193,0.0519477347898829
1610612752,New York Knicks,82,33,49,0.402,3976.0,103.0,104.5,106.5,107.2,-3.5,-2.7,0.559,1.38,15.9,0.316,0.686,0.498,0.158,0.485,0.531,93.1,92.12,76.77,7634,0.475,2004-05,2004,2005,2005-06,1610612752,0.28,-0.122,1,NYK,9,16302.536666666669,9,5,2,0.144,0.243,0.2020858308144683,0.5421667507367463,0.7533456449824475,27.74557619969572,104.46843189638588,106.53572173123978,-2.1012979268461494,0.1568139917284856,1.6451778486006576,16.140289006148535,0.0437859924048629,0.1226203283088255,0.0824601426035743,10.656836829687649,0.4887315842054028,0.534057628046024,0.198599635721312,93.19865140312518,0.0998586022706895,14.954237183129578,5.684023406582329,3.369782330398071,2.0095032245493085,1.1328298397734011,0.4019006449098616,4.086803908546495,0.0261084411785248,0.0328038377052956,1.879405028646029,0.0367958251055082
1610612753,Orlando Magic,82,36,46,0.439,3941.0,102.1,103.4,104.2,105.7,-2.1,-2.3,0.522,1.2,14.8,0.328,0.682,0.507,0.168,0.478,0.529,97.4,96.15,80.12,7891,0.489,2004-05,2004,2005,2005-06,1610612753,0.439,0.0,0,ORL,11,17844.521666666667,8,4,1,0.138,0.28,0.1667098015983056,0.4480969089205995,0.6540974807114003,26.793430252590124,102.24692401860402,104.45766247773707,-2.2144059619418206,0.1375576638693873,1.1317240959013282,13.303740410338822,0.0549874627254882,0.1301047168257895,0.0930941699847563,12.410128542718944,0.4816555352702552,0.5320455596409468,0.197696460622415,97.24616720649932,0.1002141923482958,15.08429337743526,6.734167619884833,2.93938952132181,2.3563534391927754,1.1216887946842322,0.8372317442337345,4.40487627308614,0.0303974537034524,0.0571177836259334,2.195050576023164,0.0381500967790292
1610612755,Philadelphia 76ers,82,43,39,0.524,3971.0,100.8,101.8,101.5,102.5,-0.7,-0.7,0.58,1.34,15.9,0.281,0.703,0.491,0.16,0.475,0.528,97.5,96.56,80.47,7985,0.493,2004-05,2004,2005,2005-06,1610612755,0.463,-0.061,1,PHI,9,15782.146666666666,8,3,6,0.161,0.344,0.2012456480360508,0.540081999829343,0.7783816481239139,26.12591865407409,101.11404927170872,101.23607840420529,-0.1086680329080709,0.1618523447591836,1.5348627478644643,17.90256501861597,0.0400378085448451,0.124218457924186,0.0819083659721829,12.133655349800325,0.4976654373591763,0.5441403273403449,0.192682670861843,97.59053292496756,0.1026514193041757,14.7926644537583,5.91934684001585,3.350874954906853,2.2947448636053736,1.4347858043814912,0.6136047398706218,3.682102276480686,0.0316471139934434,0.0863203148716153,2.0634619597057657,0.0359338643298691
1610612756,Phoenix Suns,82,62,20,0.756,3956.0,111.9,112.7,103.7,105.7,8.2,7.0,0.575,1.71,17.4,0.304,0.656,0.49,0.14,0.534,0.571,98.6,97.35,81.13,8034,0.546,2004-05,2004,2005,2005-06,1610612756,0.659,-0.0969999999999999,1,PHX,8,17177.326666666668,6,5,7,0.152,0.283,0.188497511642285,0.5394449233272232,0.8545875784318785,25.30127068666874,113.35992981445696,104.78973647044027,8.547083374246439,0.1460969496029455,1.6217311114379844,16.010242494078433,0.0519146706569396,0.123368062123753,0.0898241383311877,9.63351510071998,0.5377704410930844,0.5711466992923617,0.2039838432367628,98.18639043269827,0.1147093690170647,17.31119200154933,6.76310128196122,3.669721210013665,2.011954518339873,1.1044791991303264,0.8928048175133189,2.9363131744529483,0.0318971229407978,0.0405933401152175,3.9315411571285503,0.0331355830945217
1610612757,Portland Trail Blazers,82,27,55,0.329,3946.0,100.1,101.9,104.5,106.1,-4.4,-4.3,0.595,1.32,16.6,0.331,0.65,0.496,0.175,0.484,0.524,92.6,91.05,75.87,7481,0.475,2004-05,2004,2005,2005-06,1610612757,0.256,-0.073,1,POR,13,19487.64833333333,11,8,0,0.138,0.273,0.1421050547487815,0.3390539939443694,0.5228542626444838,27.23048513892005,100.9564028719388,104.895122850893,-3.9276593746688615,0.1508105476041277,1.4146114568809356,16.00706604841751,0.0509415393802005,0.1198210089313838,0.0863183773927228,12.384653082392616,0.4881535369112863,0.525461684833017,0.1957605495241473,92.00018433128882,0.096361013116941,13.97131122970285,6.129420952023543,3.166313294686062,2.2537352505933463,1.0659059340920989,0.9883183271044592,4.19526553870296,0.023474291728833,0.0497805854616523,1.9147351830540376,0.0374498274803301
1610612758,Sacramento Kings,82,50,32,0.61,3971.0,107.5,108.8,105.0,106.5,2.5,2.3,0.626,1.87,18.2,0.315,0.667,0.491,0.137,0.496,0.541,95.7,94.52,78.77,7819,0.522,2004-05,2004,2005,2005-06,1610612758,0.537,-0.0729999999999999,1,SAC,9,12866.246666666668,7,3,8,0.14,0.246,0.2402185926276349,0.6002236083354016,0.8243522975102295,27.56635954956042,108.02501902911855,104.7944965172438,3.250214139114385,0.1495055734979949,1.9370795212486207,17.476454892050878,0.0499733133775869,0.1125873893811041,0.0816407394386448,9.20969079560628,0.5004767754076946,0.5474876634574081,0.1895106655035889,95.25507593641656,0.1032835805002961,15.341537055354657,5.94858795908882,3.449957174767881,1.7123875028044957,1.194754025649542,0.5260275335412503,1.965685621272208,0.0275217900887633,0.0394121061035103,1.843134203960892,0.0449946516724365
1610612759,San Antonio Spurs,82,59,23,0.72,3961.0,104.9,106.1,95.8,97.8,9.1,8.3,0.606,1.57,17.1,0.321,0.697,0.51,0.151,0.492,0.534,91.4,89.96,74.97,7435,0.565,2004-05,2004,2005,2005-06,1610612759,0.768,0.048,0,SAS,10,17773.331666666665,8,5,9,0.204,0.289,0.1539266836015269,0.425563336980808,0.6497254922848362,29.002392629631714,105.44433509417996,95.85132022236684,9.577506965257593,0.1614564067382226,1.7807268089578776,17.371167936156027,0.0467831847133519,0.1270862975512282,0.0872520170903992,10.188797448311837,0.4988366357686266,0.5365715573491706,0.1942244318477524,91.09368288200324,0.1173877449725942,14.496550496675775,6.0420860879675615,3.378544952976833,1.9181547185066312,1.1180796247261462,0.978319671635378,4.4240033094113205,0.0450639435241414,0.0562483802008482,5.315111180203316,0.0403470953881008
1610612760,Seattle SuperSonics,82,52,30,0.634,3951.0,108.1,110.3,106.1,108.0,2.0,2.3,0.516,1.34,14.7,0.357,0.681,0.517,0.151,0.495,0.546,91.0,89.24,74.37,7353,0.504,2004-05,2004,2005,2005-06,1610612760,0.427,-0.207,1,SEA,12,19610.13666666667,11,5,7,0.137,0.27,0.1564776618078983,0.4255333253669318,0.6246612933685146,26.41429610978404,109.43436384346124,106.7715863955393,2.66041379789806,0.1294069751511165,1.5232636565000992,13.948945987287868,0.0544511540035162,0.1250444417266512,0.0893215335402218,11.225309147089066,0.4937505970126674,0.5444211646663691,0.195024349311861,90.15450439917043,0.1023489602571187,14.842323893374193,6.1315227957785785,2.713290626395431,1.892694611511292,1.0096818975084485,0.6076449237732663,2.3970972942487894,0.02835013564288,0.0462369346807747,4.154219839995171,0.0463689793880022
1610612761,Toronto Raptors,82,33,49,0.402,3961.0,104.5,105.4,105.9,107.2,-1.3,-1.8,0.566,1.54,16.0,0.269,0.682,0.473,0.14,0.492,0.539,95.0,94.01,78.34,7762,0.479,2004-05,2004,2005,2005-06,1610612761,0.329,-0.073,1,TOR,10,18054.66,8,5,2,0.133,0.248,0.1669052938871921,0.4680441688369282,0.6994001364006117,27.320188342880268,104.97535070354874,106.24694646700632,-1.2890010852230578,0.1425466722534053,1.6020651962798893,15.321350222047938,0.0423446370632291,0.128964451467562,0.0853638284151201,10.213342824881035,0.4960946472175788,0.5437555069808385,0.1963147817977925,94.70766829080875,0.099743869172834,15.08818221999196,6.039659567114529,3.0567177670473997,1.9121933063264556,1.1026516145970071,0.5762501204675137,3.7532390667902313,0.021349242447348,0.0308657420936129,1.8955852550221548,0.0322698876474707
1610612762,Utah Jazz,82,26,56,0.317,3956.0,101.1,102.9,107.0,107.3,-5.9,-4.4,0.646,1.41,17.4,0.351,0.695,0.518,0.174,0.469,0.522,91.0,90.02,75.02,7409,0.475,2004-05,2004,2005,2005-06,1610612762,0.5,0.183,0,UTA,13,18384.68833333333,10,6,3,0.172,0.242,0.1406064086119491,0.363648898771106,0.5504033111611991,26.149741002771066,102.13534548178816,105.97342129723349,-3.827839525518201,0.1519155650630647,1.391427423345859,16.499877343582927,0.0574831870506734,0.1296728899311411,0.092727516185797,11.699539190810324,0.4664308211915115,0.5210520951628861,0.19744866874273,90.7777026081396,0.0981872458539547,14.100646978604388,6.146636698491762,3.1526234738998844,2.19900382682582,0.982991915464436,0.7088507438209678,2.9551107654203665,0.0394165729694051,0.0288417807922049,3.577319697310704,0.0494831664452843
1610612764,Washington Wizards,82,45,37,0.549,3956.0,104.0,105.4,104.2,105.9,-0.2,-0.4,0.527,1.33,14.6,0.338,0.667,0.497,0.15,0.474,0.523,96.2,94.8,79.0,7816,0.485,2004-05,2004,2005,2005-06,1610612764,0.512,-0.037,0,WAS,13,19473.57333333333,10,6,5,0.147,0.265,0.1683764767021016,0.4233960142908201,0.6223687417751784,25.52250126325044,104.47043615689776,104.95405541047768,-0.5184762358286582,0.1352976399469229,1.3683685385938416,14.99382364681572,0.0546316035646257,0.122356893239248,0.0873418316309693,11.400072131942231,0.475177385095562,0.5180759281124917,0.1955622677193982,95.68252342405228,0.0983371796855636,15.07026958928271,6.390814765720108,2.8561784243672457,2.0483143651772866,1.316245332135585,0.6156035050577947,2.685580411808458,0.0330867711642575,0.0599184877493616,3.923895257573695,0.0405757004654791
1610612737,Atlanta Hawks,82,26,56,0.317,3976.0,103.8,104.8,108.3,110.1,-4.5,-5.3,0.552,1.27,15.5,0.334,0.667,0.496,0.169,0.486,0.534,93.0,91.75,76.46,7607,0.462,2005-06,2005,2006,2006-07,1610612737,0.366,0.0489999999999999,0,ATL,10,19275.22666666667,8,5,1,0.125,0.257,0.1732617757370081,0.4503094472905462,0.694186648561677,23.35927809236311,103.86505801574664,109.0746867395247,-5.185241003650972,0.1439476128944786,1.3612527133273655,15.191697382546987,0.0559097703650004,0.1224493353990821,0.088408084176442,12.095779210897303,0.4857680550405977,0.5355031511086423,0.1972797304761482,92.58851144162938,0.0949061038279186,14.569789754309848,5.995260237320165,2.990159389392394,2.252424874208137,1.0589758736948705,0.7078515981135024,2.544971300989677,0.0239636839104628,0.0422004112057203,1.389876377007608,0.0408911449589934
1610612738,Boston Celtics,82,33,49,0.402,3976.0,102.5,104.0,104.0,105.6,-1.5,-1.5,0.581,1.26,16.4,0.289,0.694,0.497,0.176,0.504,0.551,94.7,93.27,77.72,7722,0.485,2005-06,2005,2006,2006-07,1610612738,0.293,-0.109,1,BOS,10,14829.738333333333,8,2,2,0.16,0.307,0.2079918694901674,0.5080780813956821,0.690718188666624,24.90320260764322,102.82061098403288,103.82955551137503,-1.0089445273421882,0.1415614391038367,1.36890139554047,16.672027715031607,0.0485855763020318,0.1397393344656676,0.0951276590292726,13.000136662334905,0.5046406373994237,0.5461195631345709,0.1903047991518843,94.30159015617603,0.0975120090340996,14.23760792362823,6.401461567708038,3.0125952997822054,2.2891840190931667,1.1360955683304368,0.8714921133133052,3.3255782777733764,0.0389300712742907,0.063651519154234,1.5649967946474976,0.0373615596128612
1610612766,Charlotte Bobcats,82,26,56,0.317,3981.0,99.5,101.2,104.2,105.6,-4.7,-4.4,0.58,1.47,15.9,0.305,0.678,0.479,0.149,0.464,0.509,96.0,94.57,78.8,7851,0.463,2005-06,2005,2006,2006-07,1610612766,0.402,0.085,0,CHA,14,18937.448333333334,13,6,2,0.136,0.243,0.127034449994979,0.3655284780094889,0.5758769506873902,25.538473900346823,100.23140475894807,104.1851668154166,-3.9332008122530406,0.1440964484039516,1.4005555843540691,14.744535487841596,0.0481462353824683,0.1251401813285475,0.0839712233318304,10.471093879332036,0.4648523802353166,0.5086377108707623,0.1951870979802013,95.66988057173135,0.0936178973953636,14.382930329666904,5.933006285869735,3.1746621266909507,2.02836196956841,1.4846773179315165,0.665348349905289,2.5508806525078924,0.0249059648327105,0.0176821308711203,2.5119751855637857,0.0414978926208101
1610612741,Chicago Bulls,82,41,41,0.5,3981.0,101.3,103.3,100.2,102.7,1.0,0.7,0.601,1.47,16.9,0.303,0.703,0.503,0.158,0.487,0.527,95.7,93.59,77.99,7762,0.501,2005-06,2005,2006,2006-07,1610612741,0.598,0.0979999999999999,0,CHI,11,19276.895,8,6,6,0.125,0.258,0.1532760678867974,0.4171012326760438,0.6450197676199062,24.396601475496965,102.43884067774748,101.70329213634596,0.7319096168409556,0.1529253425754856,1.5331659481467323,16.66255219871596,0.0457638035067369,0.1301822873963882,0.0882194015166861,11.82729959017432,0.4936765340061249,0.5314909062550444,0.1983230368099565,94.5648418542855,0.101774751673787,14.678712520870194,6.364510467064329,3.309246639565138,2.1831316713609743,0.9169526523851482,0.6312219888109575,2.577668791916909,0.0182576119929362,0.0437104056284385,1.681319555015865,0.0247904466801627
1610612739,Cleveland Cavaliers,82,50,32,0.61,3966.0,105.2,106.6,102.6,104.4,2.5,2.1,0.536,1.37,15.3,0.313,0.717,0.514,0.151,0.492,0.538,92.2,90.77,75.64,7510,0.51,2005-06,2005,2006,2006-07,1610612739,0.61,0.0,0,CLE,12,18388.2,9,7,10,0.192,0.329,0.1827594145520859,0.4347952309995903,0.6666009542351435,27.529906316732102,105.44516311185072,103.1447454345722,2.286750778579016,0.1400377520185046,1.495586919872527,15.608848101862424,0.052499591767184,0.1378140775062268,0.094711433963085,11.114563406604962,0.4879391143958263,0.5289045181148779,0.1966920582221207,91.9541891838244,0.1050089372532384,14.726400626488726,6.546807191568505,2.862270369041015,1.9871439292589808,1.004339739615623,0.7478709172186511,4.662716347228417,0.0508702561920936,0.0767190679871592,1.989273875956376,0.0463686295536745
1610612742,Dallas Mavericks,82,60,22,0.732,3976.0,108.7,109.9,101.9,103.2,6.8,6.7,0.5,1.32,14.6,0.347,0.69,0.522,0.15,0.495,0.55,90.3,89.3,74.42,7397,0.551,2005-06,2005,2006,2006-07,1610612742,0.817,0.0849999999999999,0,DAL,12,19198.32,10,5,10,0.205,0.293,0.1608983668015396,0.4073794825102753,0.599141400566994,27.83812368304449,108.99310854630338,101.83505178230874,7.165992354192103,0.1304121960497932,1.4371751417137888,14.761480700741869,0.0568890807459541,0.1293614078384636,0.0936477483446468,11.34648135878556,0.4912006500221547,0.5427691038417252,0.196004001739041,90.4244492886183,0.112080899960691,14.918805395472104,6.289300313777456,2.713362419211681,1.905166702086433,1.0688435238083331,0.8513244908929531,3.1379815465099226,0.0458453319249844,0.0660949061564551,2.641735905283812,0.0319631216464452
1610612743,Denver Nuggets,82,44,38,0.537,3986.0,102.8,104.4,102.1,104.1,0.7,0.3,0.624,1.58,17.6,0.3,0.682,0.494,0.154,0.488,0.535,96.6,94.9,79.08,7877,0.512,2005-06,2005,2006,2006-07,1610612743,0.549,0.012,0,DEN,10,17053.17,9,5,7,0.153,0.313,0.1724516126131779,0.4535822372028192,0.6492918911850408,27.978180987269035,103.82292524889311,102.8300267633525,0.9817459158619776,0.1535931191483265,1.603546580098207,16.669665473731083,0.0470247109481697,0.1263449032252263,0.0875159217709473,10.498923953728251,0.485845562731152,0.5336266444889719,0.1978366581306193,95.91724763391989,0.1062648903400365,15.193186955856303,6.189582347446253,3.3987815755076625,2.0139364118225527,1.251849362904375,0.9246374720946312,3.35666513810999,0.03048172068926,0.0651492916824582,1.4884230902743556,0.0239532038519614
1610612765,Detroit Pistons,82,64,18,0.78,3966.0,107.7,109.3,100.2,101.7,7.6,7.6,0.661,2.12,18.9,0.317,0.68,0.497,0.128,0.497,0.535,89.3,87.98,73.31,7268,0.557,2005-06,2005,2006,2006-07,1610612765,0.646,-0.134,1,DET,9,18267.471666666665,6,5,8,0.162,0.272,0.160096411809589,0.47693071555332,0.7837244033862376,28.932859619416405,109.08797063049136,99.7769988877315,9.299480734562518,0.1608443179009538,2.1542266677481274,17.72519427291662,0.0504343404391941,0.126610000398705,0.0880271964292084,8.382650655085182,0.5015056114771584,0.5352152941617628,0.1969520975489857,88.50650501077371,0.1153622342190576,14.664098288369225,6.061922636073611,3.4605774216337,1.533217103662311,1.0641866786345089,0.8927343804100604,2.361023580825135,0.0251903320114238,0.0478387235787003,4.444210672812221,0.0366206525588823
1610612744,Golden State Warriors,82,34,48,0.415,3966.0,101.9,103.5,103.5,104.9,-1.6,-1.4,0.576,1.47,15.9,0.296,0.686,0.485,0.148,0.479,0.521,95.8,94.43,78.69,7800,0.475,2005-06,2005,2006,2006-07,1610612744,0.512,0.097,0,GSW,12,19405.64666666667,8,5,5,0.127,0.275,0.1482451671283306,0.4145058981114431,0.645749415891663,26.19898503768834,102.69676482480872,103.70977462917148,-1.0161340582311609,0.1444715486592046,1.4300049762148266,14.496855468528578,0.047460404222551,0.1282308176108191,0.0867054895018529,11.132107123802797,0.4824094889734843,0.5223315302212723,0.1974908473375618,95.4020257703342,0.0955878123274771,14.76498077707279,6.313007863346991,3.0591095993709048,2.022091851615698,1.0963819122063097,0.6474404185448428,3.4822176543300154,0.0261454802309609,0.0523623989005049,2.5903815612285914,0.0350471650965377
1610612745,Houston Rockets,82,34,48,0.415,3966.0,98.9,100.4,100.6,102.1,-1.7,-1.7,0.583,1.32,15.8,0.291,0.705,0.501,0.162,0.471,0.519,90.4,89.07,74.23,7358,0.49,2005-06,2005,2006,2006-07,1610612745,0.634,0.219,0,HOU,11,17172.341666666664,8,6,3,0.183,0.338,0.1477460121192945,0.4274337464168399,0.6754448650713041,29.322673329836107,99.28513822372317,101.0941396266574,-1.8321437913000604,0.1451412243816486,1.400381221547634,15.42188285328976,0.0463681913891572,0.1339710234626319,0.0908732898493265,11.708105310817151,0.4758012164910532,0.5220527953623098,0.1980992777630307,90.00207887392564,0.1021725230639773,13.848781058300627,6.324821745820921,2.848999917988277,2.0314061225391025,1.052389962347399,0.6310146985389781,4.8852798479498265,0.0417001557791167,0.0702099939167402,3.383588045814626,0.0562584567539658
1610612754,Indiana Pacers,82,41,41,0.5,3946.0,101.6,103.1,99.9,101.0,1.7,2.0,0.585,1.3,16.0,0.304,0.699,0.506,0.168,0.487,0.533,92.0,90.85,75.71,7470,0.514,2005-06,2005,2006,2006-07,1610612754,0.427,-0.073,1,IND,11,17508.13,11,6,9,0.152,0.289,0.1661961233628796,0.3842196929845353,0.5879952151752738,27.929188516039886,101.08042183831172,99.66497373886686,1.4208553112182742,0.1539658864196233,1.3639089754302716,16.542534430195193,0.04925869029607,0.1303080745916326,0.0909155620845858,12.521257324454412,0.4878140243037568,0.5318486459338224,0.1907814223068559,92.06894503201276,0.1008570010998699,13.474197415714873,6.388574907771419,3.1130680432461952,2.257693997017386,1.0671613701748843,0.7957446055061278,2.578919209277512,0.0219390673566549,0.0499575296627009,1.826018749810705,0.0362074186624491
1610612746,Los Angeles Clippers,82,47,35,0.573,3961.0,102.9,103.8,100.7,102.2,2.3,1.6,0.571,1.44,16.5,0.286,0.719,0.513,0.154,0.487,0.54,94.1,92.99,77.49,7675,0.523,2005-06,2005,2006,2006-07,1610612746,0.488,-0.0849999999999999,1,LAC,11,17764.571666666667,7,6,7,0.176,0.272,0.1744373609533507,0.4914649879446385,0.7214625589527772,27.50598977759386,103.39670827038424,101.2906364943784,2.1247248573307385,0.148083032867947,1.5257952114991422,16.410477492514833,0.0446357304984274,0.1306532699962838,0.0900059492943961,11.431439326382108,0.4810388770983596,0.5320265011549675,0.1998919787258216,93.72661457453287,0.1060527404591704,14.827939842437331,6.2902726897533805,3.1998519900517355,2.093380054289704,0.9686695701359908,0.9301659679757736,4.7051655133936,0.0415419861933559,0.0527858078225361,3.5139308552849133,0.0493188300158181
1610612747,Los Angeles Lakers,82,45,37,0.549,3971.0,105.4,106.8,102.6,104.2,2.8,2.6,0.58,1.52,16.5,0.316,0.701,0.507,0.15,0.495,0.539,93.6,92.22,76.85,7632,0.518,2005-06,2005,2006,2006-07,1610612747,0.512,-0.037,0,LAL,10,18988.175000000003,9,5,9,0.181,0.378,0.1725863596685831,0.4882702875166606,0.6736818221515934,25.45205511675907,106.45562265287036,103.29334577967605,3.1406521690473146,0.1496766844803849,1.5971087944646252,17.38121502812496,0.0503115441584038,0.129471755798894,0.0897182264751615,11.016813297398686,0.4986734479046388,0.5358428137511899,0.1973337970429841,92.96575113195448,0.10524968750288,15.03272431394802,6.283068278020399,3.1927238926331776,1.9964003912961616,1.1394459973114843,0.6351321282851037,1.789376116162546,0.0409941938761639,0.084621773017704,1.5320725539623132,0.0379120968882786
1610612763,Memphis Grizzlies,82,49,33,0.598,3971.0,103.0,104.5,99.2,100.4,3.8,4.1,0.578,1.4,16.1,0.298,0.69,0.496,0.157,0.496,0.537,88.6,87.39,72.83,7232,0.516,2005-06,2005,2006,2006-07,1610612763,0.268,-0.3299999999999999,1,MEM,12,18399.816666666666,7,6,9,0.166,0.261,0.1703881107511035,0.457130188797171,0.6768619977191801,28.301575830918605,103.27735078882124,99.1229018314494,4.196192561701249,0.1451493627200996,1.4588936003891344,15.55021962175348,0.0474731115074516,0.1322176066065875,0.0902554350632117,11.109475764704175,0.4993800454533514,0.5367964259607659,0.1933033234026789,88.32325306683309,0.1058627067842161,13.650788187201142,6.032016623354037,2.8291586238631004,1.9350192800834067,1.0995761733133211,0.8550085191066216,3.468170060380978,0.0367607876229273,0.043879482162928,4.127913149125752,0.0517068925617751
1610612748,Miami Heat,82,52,30,0.634,3951.0,106.4,107.5,101.7,103.4,4.7,4.1,0.557,1.43,16.4,0.297,0.726,0.519,0.156,0.517,0.556,93.8,92.56,77.13,7622,0.538,2005-06,2005,2006,2006-07,1610612748,0.537,-0.0969999999999999,1,MIA,12,18870.353333333325,8,7,9,0.186,0.318,0.153276585882688,0.4073956573150195,0.6253275420032766,29.704323943059887,106.75094148563905,102.11707527645656,4.62805941983775,0.1405853522262257,1.521322443882874,15.939369170971188,0.0482985871488716,0.1366105112675862,0.0942480013622779,11.11425837106742,0.5209984728249215,0.5551999582767042,0.1951219491385606,93.61345590154998,0.109514664360639,15.07316768136827,6.488272786271799,3.058130337075476,2.073729055771081,0.9615082282508048,0.8279654187715263,4.4577813388208805,0.0402230002545727,0.0730294259195677,4.603315623536844,0.0326479734534722
1610612749,Milwaukee Bucks,82,40,42,0.488,3971.0,103.3,104.9,105.0,105.9,-1.7,-1.0,0.594,1.48,16.8,0.309,0.713,0.507,0.157,0.492,0.535,93.6,92.45,77.04,7646,0.486,2005-06,2005,2006,2006-07,1610612749,0.341,-0.1469999999999999,1,MIL,11,19506.568333333333,9,6,5,0.138,0.277,0.1604529619552935,0.4216390017687204,0.6683552147093017,25.934286835519764,104.05943019535044,104.60998226153056,-0.5379180824647014,0.1478503187088861,1.5344580368270826,16.353673202898065,0.048609898922081,0.1337409030001091,0.090184152500427,11.24449552505434,0.4908794865763592,0.5311696308106816,0.1970245273792819,93.38746688401795,0.0985245242606742,14.68120866296233,6.132703505596961,3.207534966213517,2.087296919900741,1.0888639988872124,0.4927570978015012,3.561571774852044,0.0195590908603632,0.0392286786202009,2.6959389450434648,0.0334037842735393
1610612750,Minnesota Timberwolves,82,33,49,0.402,3971.0,99.6,101.5,101.7,103.5,-2.1,-2.0,0.594,1.44,16.9,0.296,0.673,0.49,0.16,0.48,0.524,91.3,89.58,74.65,7409,0.503,2005-06,2005,2006,2006-07,1610612750,0.39,-0.012,0,MIN,8,12359.791666666666,6,3,2,0.214,0.252,0.2392756080705244,0.6127325501036628,0.832928818244644,27.275459065855344,100.89877469617542,102.3851496283311,-1.4928442698939774,0.1556971832723717,1.6332832012405816,18.000362317326005,0.0489431171641916,0.1342456472095335,0.0929572966103123,11.406834918333976,0.4637346907816002,0.5043091722824347,0.1886786911861378,90.04331417398484,0.1050741431051628,13.007986245722856,6.3903989751715065,3.27675426028621,1.9398385220894363,1.0806007382810523,1.039823351930824,2.978660248132856,0.0633436944752528,0.0493422678106951,2.3172869627002664,0.0615665522098652
1610612751,New Jersey Nets,82,49,33,0.598,3956.0,101.5,102.4,99.8,100.9,1.7,1.5,0.678,1.68,18.2,0.274,0.73,0.501,0.149,0.478,0.528,92.0,91.17,75.98,7513,0.513,2005-06,2005,2006,2006-07,1610612751,0.5,-0.0979999999999999,1,NJN,12,19146.67333333334,8,5,6,0.158,0.316,0.1597572563519302,0.4669240191768735,0.6948589154390962,29.02986619781817,101.4251870211744,99.5290439313914,1.8727014719006008,0.1718492858289394,1.7357965918187352,18.01835777564144,0.0423945207539969,0.1343948163667073,0.0881755913385824,10.60926367191376,0.4726759093224549,0.5183044965861779,0.1948110462879365,92.2636784362192,0.1029873300009296,14.050900400104316,6.091919884429009,3.4746506007483977,1.923467296842863,1.0284815360440334,0.5095402125556362,4.828175494055089,0.0484680548172105,0.0641811045797291,5.573318948193448,0.0528395337760192
1610612740,New Orleans/Oklahoma City Hornets,82,38,44,0.463,3961.0,100.6,102.3,104.4,105.1,-3.8,-2.8,0.537,1.39,15.1,0.297,0.709,0.497,0.147,0.464,0.515,91.3,90.32,75.27,7442,0.484,2005-06,2005,2006,2006-07,1610612740,0.476,0.0129999999999999,0,NOK,10,16984.81166666667,9,5,4,0.161,0.234,0.1653521425563839,0.4542107080571102,0.6968524918390322,26.450454214633133,101.47387876050436,103.81420667307958,-2.356863126830864,0.1464374488697598,1.4200394264012546,14.191570331414724,0.0443807731358418,0.1282789407830741,0.0848386817555724,10.186412527192187,0.4634436043692762,0.5166289713545053,0.1990047227488638,91.28581706872032,0.1016825703199339,14.219998710612728,5.786346173792331,2.999150123046208,1.8673153769637525,1.1678669383734706,0.565917373041228,4.692781498938764,0.0369406655673484,0.0321317305107615,2.5357869717772488,0.0333050334449345
1610612752,New York Knicks,82,23,59,0.28,3986.0,101.1,102.7,108.4,109.3,-7.3,-6.6,0.52,1.01,14.2,0.342,0.697,0.518,0.19,0.481,0.534,93.2,92.03,76.69,7633,0.444,2005-06,2005,2006,2006-07,1610612752,0.402,0.122,0,NYK,12,16787.00833333333,10,4,1,0.122,0.242,0.1522277396061736,0.3940427145793796,0.5796628444317804,25.573263054117746,102.00092317422056,107.84823563460036,-5.852254982896,0.1302577695747852,1.1156072309886464,13.429237818332728,0.0556662863791989,0.1292258896636834,0.092297840641647,13.698520403427056,0.4871919650165976,0.5360651357870496,0.2008082104166863,93.0927894537492,0.092042567838919,14.6899313506824,6.176204713863549,2.6527657052254203,2.54339541341742,0.9693210175924736,0.523261788257884,2.9623660783156565,0.0276024714782975,0.0312086832910525,4.753605386847846,0.0471440555348628
1610612753,Orlando Magic,82,36,46,0.439,3981.0,103.6,105.3,104.7,106.6,-1.1,-1.3,0.514,1.21,15.0,0.33,0.691,0.516,0.168,0.496,0.543,90.7,89.12,74.26,7395,0.495,2005-06,2005,2006,2006-07,1610612753,0.488,0.0489999999999999,0,ORL,10,15710.648333333334,8,6,4,0.138,0.244,0.1922651399173108,0.5272867478734433,0.7818290757998635,26.10631282031752,104.94267279867192,106.04319169302264,-1.0978188678612777,0.1182947591065889,1.1967200738267856,13.47275718199196,0.0507413217298798,0.1301263888006319,0.0914081037818405,11.785527978953551,0.503344194579706,0.5446818398858779,0.192410773308846,89.85200310532485,0.0983807175791281,14.039649753474,6.024194418456527,2.483920406849325,2.037089706355212,0.9532388277207742,0.614105783243191,4.147394171017356,0.0302669826226173,0.0359446983762744,2.5671680022849266,0.0344878372577642
1610612755,Philadelphia 76ers,82,38,44,0.463,3981.0,103.7,104.7,104.8,106.5,-1.2,-1.8,0.551,1.43,15.8,0.285,0.676,0.481,0.149,0.487,0.538,95.1,93.91,78.26,7780,0.492,2005-06,2005,2006,2006-07,1610612755,0.427,-0.036,0,PHI,10,18700.27166666667,8,6,3,0.163,0.35,0.1659434894127651,0.4856304672222675,0.7328033469745492,27.290752906174355,103.81965246850692,105.52721777749576,-1.7253215572714942,0.1484213418289912,1.5544709564379766,16.0157692272385,0.044617307609524,0.1270955538702958,0.0859777374891969,11.485864349742512,0.4963822590634378,0.5433769353439873,0.1970467594811233,94.88832546104722,0.1008689189274701,14.931119984620544,5.956277105778232,3.095570001968777,2.013660585857799,1.1916404423001696,0.7507912318207854,4.044455227689904,0.034007205603119,0.0831385304708901,2.507877739780569,0.0461762065430653
1610612756,Phoenix Suns,82,54,28,0.659,3991.0,109.4,110.2,102.9,104.7,6.4,5.4,0.635,2.0,19.5,0.256,0.69,0.48,0.135,0.537,0.568,98.1,96.92,80.77,8067,0.547,2005-06,2005,2006,2006-07,1610612756,0.744,0.0849999999999999,0,PHX,9,18434.123333333333,8,6,8,0.166,0.265,0.1770208944028981,0.4934348202436894,0.7412110005412065,27.88121286664568,109.7112657830035,103.52196151810492,6.214505192092127,0.1673218751746082,1.99027922582703,18.70551830780489,0.0401665540735415,0.1259552719892474,0.0845106044279838,9.065213226847238,0.5436488601663906,0.5754899078466256,0.1960042191681839,97.75999412864222,0.1138490119862855,16.27742174521634,6.104765491967161,4.130383562223463,1.8923601285080545,0.9998848150630794,0.76163101147383,3.210292774229721,0.0366136689529011,0.0322626436446478,2.7332165945228555,0.0344601210865301
1610612757,Portland Trail Blazers,82,21,61,0.256,3946.0,97.9,99.7,109.4,110.3,-11.5,-10.7,0.534,1.24,15.1,0.308,0.657,0.48,0.165,0.474,0.511,90.1,88.88,74.06,7308,0.424,2005-06,2005,2006,2006-07,1610612757,0.39,0.134,0,POR,11,17184.166666666664,11,4,0,0.114,0.284,0.1481054265069589,0.3635067164541002,0.5520511129431164,24.31439338538383,98.70808965617572,108.95186827020996,-10.232603947432228,0.1403962144415886,1.4134019581979531,15.584854090490277,0.0451417912807332,0.1217496041899034,0.082833887881286,11.729326705785365,0.4833389151835507,0.5198888528199408,0.1950204420736142,89.8334024421706,0.0884738679016536,13.35950729838514,5.599806022986276,2.859609136317346,2.0195334852819937,0.9343484797051548,0.7939867125745599,3.355503730258912,0.0145662904617683,0.0565485637485228,1.5281434945885417,0.0342802837369217
1610612758,Sacramento Kings,82,44,38,0.537,3966.0,103.9,105.3,102.3,103.5,1.6,1.8,0.618,1.52,17.3,0.289,0.694,0.495,0.156,0.492,0.544,94.4,93.26,77.72,7701,0.515,2005-06,2005,2006,2006-07,1610612758,0.402,-0.135,1,SAC,9,16422.87833333333,7,6,6,0.126,0.249,0.1928265315245693,0.510447265283481,0.7463487673242826,27.766951327147584,104.67253559998164,102.7115623661991,1.96499284991354,0.1586743560076303,1.5854531660964426,17.664980661631887,0.046535676196428,0.1296760512037729,0.088845616486026,11.51563624606202,0.4992695601369917,0.5508629235415188,0.1944835890014002,94.1974368743928,0.1052118437013731,14.798623911541288,6.170660096428488,3.406467420905816,2.141646505936281,1.076303412911683,0.5326715465122993,2.326419791722845,0.0215898361164251,0.0322519451636786,2.2314523129272787,0.0396268972341648
1610612759,San Antonio Spurs,82,63,19,0.768,3961.0,105.2,106.2,96.9,98.7,8.3,7.5,0.574,1.52,17.0,0.289,0.708,0.505,0.153,0.513,0.546,90.6,89.41,74.51,7382,0.554,2005-06,2005,2006,2006-07,1610612759,0.707,-0.061,1,SAS,12,19511.291666666668,10,5,10,0.172,0.274,0.1426742206969895,0.4230190637472745,0.6203859730796909,30.43411537336286,104.57110749117496,96.97268288661908,7.593279489868048,0.1498622041510151,1.615869958207961,16.49958697420938,0.0466925577710343,0.1310227270960619,0.0903392409096442,10.765188380232814,0.5133616229063941,0.5432695105184819,0.1938190157408851,90.89911237638036,0.111321775809307,14.234834102474853,6.149669742520891,3.1495608312280714,1.977931582352954,0.9834305348825788,0.8487392983977228,3.8470230023490593,0.0402353638567799,0.0607500601656943,3.2628521079825976,0.0321652873371742
1610612760,Seattle SuperSonics,82,35,47,0.427,3966.0,107.4,109.4,111.3,112.7,-3.9,-3.3,0.551,1.4,16.0,0.34,0.659,0.495,0.157,0.504,0.551,94.5,93.04,77.53,7689,0.467,2005-06,2005,2006,2006-07,1610612760,0.378,-0.0489999999999999,0,SEA,8,14348.375,7,3,2,0.137,0.269,0.2106317498206823,0.5940050121819834,0.8012369577275011,25.7724688916573,109.1050402687877,111.88400951327242,-2.785844947598596,0.138619725927152,1.492545515897561,15.168590589526689,0.0502342933142835,0.113238756653628,0.081208031339205,11.083218575854987,0.5025720432917782,0.5513472888044814,0.1971393616582598,93.8199862876458,0.0972457905511948,15.73139815484332,5.537351790708007,3.1337346563635253,2.012213926664169,1.179227612882992,0.6448116947041042,3.1535532852946715,0.0297684259947451,0.0465998911727441,2.1839543748032004,0.033210804766345
1610612761,Toronto Raptors,82,27,55,0.329,3991.0,106.7,107.9,109.7,111.2,-3.0,-3.2,0.529,1.49,15.5,0.286,0.697,0.484,0.139,0.5,0.548,93.5,92.33,76.94,7678,0.459,2005-06,2005,2006,2006-07,1610612761,0.573,0.2439999999999999,0,TOR,12,18158.965000000004,7,4,1,0.148,0.252,0.1729323963856603,0.4854813219439176,0.7096417664773293,25.79847355470608,107.18311856797274,110.06335841093735,-2.869052191759461,0.1307659692242005,1.4803240658264392,14.565919414092894,0.0470249795807929,0.1315587567903787,0.0878771862823679,10.33827657578502,0.5009906466769077,0.5474789524990366,0.1953947888366251,93.11940917429308,0.0945710774264943,15.04909558446751,5.84835093850338,2.8191034015429848,1.8456999063547956,0.97538598703175,0.5114828956386006,3.704463018325296,0.0344216487654706,0.043886582645909,2.746064388747216,0.0458637961267766
1610612762,Utah Jazz,82,41,41,0.5,3976.0,100.8,102.4,104.5,105.1,-3.6,-2.7,0.646,1.37,16.9,0.356,0.702,0.526,0.174,0.467,0.519,90.4,89.4,74.5,7398,0.497,2005-06,2005,2006,2006-07,1610612762,0.622,0.122,0,UTA,12,19255.29,10,6,2,0.152,0.231,0.15291866979585,0.4079545586347093,0.5987205767003941,26.438914535520716,101.82209699256671,104.24017782472592,-2.409503847167886,0.1621582121069067,1.457591132964846,17.30764556995333,0.0560792101806828,0.1308584595021246,0.0930704692061246,11.875476938198974,0.4672793659127786,0.5203169724614206,0.195239510718007,90.08892781498832,0.1011226008541029,13.790288279220931,6.261344285128917,3.2363054516447165,2.196798905651382,0.9441561254076152,0.9011549553395456,2.758553806802414,0.0362210279165354,0.0348938917763687,2.320027616962345,0.0413025700267728
1610612764,Washington Wizards,82,42,40,0.512,3966.0,106.0,107.7,104.7,105.8,1.3,1.9,0.512,1.33,14.5,0.329,0.679,0.499,0.148,0.484,0.538,94.9,93.68,78.06,7742,0.503,2005-06,2005,2006,2006-07,1610612764,0.5,-0.012,0,WAS,10,18605.44833333333,8,5,8,0.147,0.297,0.181895912389104,0.5041777636998626,0.7317473940653048,26.899964427982525,107.11298706498968,104.93398829679732,2.174330601546913,0.1296001617447363,1.3710922087427977,14.222972016530289,0.0521254622637867,0.1270184310706837,0.0883529834316453,11.28593897540228,0.482205290582893,0.5346331367630756,0.1974294525196876,94.45647578142211,0.1033950909899242,15.396135307677351,6.207214033810348,2.745647354730949,2.010378859454162,1.1938438462783618,0.6211083867996016,2.7015521799186537,0.0332412696022802,0.0653407745506383,1.3086964138828283,0.0318268108272542
1610612737,Atlanta Hawks,82,30,52,0.366,3976.0,100.1,102.0,105.5,107.0,-5.3,-5.1,0.556,1.2,15.3,0.328,0.676,0.499,0.173,0.471,0.523,92.5,90.98,75.82,7533,0.466,2006-07,2006,2007,2007-08,1610612737,0.451,0.085,0,ATL,12,18563.835,10,7,0,0.14,0.281,0.1425976008369678,0.3870640594108563,0.6051957116260371,24.396166435078385,100.97079432491545,105.90063359752982,-4.9347320385757225,0.1374127321572652,1.2272938179709816,14.54659046294403,0.052993729743881,0.1270714172655237,0.0896092454315968,12.524454061710133,0.4705963158115407,0.5225600155714952,0.1981480404417155,91.85123412987312,0.0964933058461968,14.203099736665404,6.0776235082891015,2.7653768739056344,2.284441765400307,1.1247675924721374,0.8513327122332213,3.176804101867679,0.0321754038824867,0.0478728674086419,2.2003753593248616,0.0533237601664199
1610612738,Boston Celtics,82,24,58,0.293,3971.0,100.2,102.3,104.5,105.8,-4.4,-3.5,0.57,1.21,15.6,0.309,0.705,0.502,0.176,0.479,0.53,94.5,92.91,77.42,7680,0.459,2006-07,2006,2007,2007-08,1610612738,0.805,0.512,0,BOS,13,19477.75833333333,12,5,1,0.146,0.302,0.119059559814164,0.3497585921720116,0.5351328502467131,23.72322679158408,101.56980722884352,104.80759835042618,-3.230244462594301,0.1427266826136307,1.2785928531303443,16.00846059030578,0.0478247739836591,0.1295379484548829,0.088163621498196,12.80958510369306,0.4776702659571966,0.5262228564974324,0.1969399296034665,93.81482788873294,0.0931122701919411,14.381326393223723,5.986520522767208,2.9941843923689038,2.3343548688653857,1.066447157035097,0.670919095327106,2.856288114723624,0.031745732639459,0.0484979720383486,2.816519331292109,0.0337860993787325
1610612766,Charlotte Bobcats,82,33,49,0.402,4001.0,100.7,102.4,104.8,106.3,-4.1,-3.9,0.62,1.5,17.1,0.299,0.682,0.485,0.158,0.48,0.524,94.5,93.11,77.6,7758,0.471,2006-07,2006,2007,2007-08,1610612766,0.39,-0.012,0,CHA,12,18826.175,10,6,2,0.14,0.229,0.1504411632562996,0.4143924615595042,0.6377025603979566,25.644515149784805,102.02740151234474,105.27825065367767,-3.250327252703572,0.1562904215363273,1.5226455949407318,16.658439681277088,0.0462969409169237,0.1260169041241781,0.0852531188624348,10.658770532693625,0.4830078581195242,0.5254468046040508,0.1961320439937126,93.96041207432384,0.0982645440014589,14.500449507135675,5.89158445621588,3.396122685569426,2.063297509982777,1.166461057543553,0.6769298596236357,3.272982638424898,0.0326144763920298,0.0242034242185265,2.169269352159968,0.0549117347032433
1610612741,Chicago Bulls,82,49,33,0.598,3956.0,102.5,104.0,97.0,98.8,5.4,5.2,0.601,1.4,17.0,0.319,0.707,0.514,0.168,0.493,0.534,96.0,94.47,78.73,7790,0.539,2006-07,2006,2007,2007-08,1610612741,0.402,-0.1959999999999999,1,CHI,12,19520.64833333333,7,5,12,0.145,0.286,0.1573399756445931,0.4412847797319573,0.6770509415286667,26.42761378571016,103.24609624902315,97.68074168301618,5.575551853682455,0.1512266626390227,1.5289273358321689,17.332039552306536,0.0499284513176603,0.1317797185527222,0.0910986904550386,11.950459210328486,0.4877244496404619,0.5244629736085439,0.1962163651668331,95.34699886760934,0.1088038647794229,14.788648157092462,6.489743467366052,3.3269386800592096,2.2923418954066506,1.1600024555195358,0.8188252627196724,4.580625265365594,0.0271967098553004,0.0541867447709235,1.7614447181057775,0.0478786349550967
1610612739,Cleveland Cavaliers,82,50,32,0.61,3976.0,102.6,104.4,98.9,100.6,3.7,3.8,0.574,1.45,16.2,0.327,0.721,0.518,0.155,0.484,0.522,93.2,91.59,76.33,7598,0.52,2006-07,2006,2007,2007-08,1610612739,0.549,-0.0609999999999999,1,CLE,11,19422.34166666667,10,4,8,0.181,0.303,0.164258772436039,0.413143025579219,0.6222871341037232,27.24044508879593,103.16567079750509,99.22148779691427,3.95201859885587,0.1472723071068069,1.527877936963488,16.705767782034517,0.0515019090986711,0.1349376141994549,0.0917824566296288,10.973702115390306,0.4801097569337029,0.5179216314888223,0.1952513358112929,92.78922476821153,0.1058782781513214,14.435334565305158,6.450303580798916,3.138035621348438,2.046303204943104,1.1269495911280865,0.6468838935916154,4.656725093723921,0.0387540930782941,0.0589913098076612,2.656728297088739,0.0339376752785814
1610612742,Dallas Mavericks,82,67,15,0.817,3951.0,108.5,109.7,100.6,102.1,7.9,7.6,0.542,1.43,16.0,0.32,0.719,0.522,0.152,0.509,0.559,91.9,90.68,75.57,7476,0.552,2006-07,2006,2007,2007-08,1610612742,0.622,-0.1949999999999999,1,DAL,10,18595.073333333334,9,5,10,0.201,0.283,0.1530575661438639,0.4367742925455882,0.6517076566158563,28.51555035545257,109.2889641467758,100.1902229031274,9.087795593528176,0.1351281261416554,1.4721735694508329,15.220432239937388,0.051837424231723,0.1380166915179325,0.0952574966093169,11.663342557401403,0.5142200072886689,0.5585628498014349,0.1949716269829176,91.86051540354238,0.1139991705688352,15.185957857654769,6.390724998485262,2.9349709475018653,1.934060670550372,1.031886223626975,0.7685906768853829,2.446288072822759,0.0456407176514219,0.0624771187012997,4.232458074967827,0.0509353193417693
1610612743,Denver Nuggets,82,45,37,0.549,3956.0,104.9,106.7,102.7,105.1,2.2,1.7,0.607,1.42,17.1,0.322,0.678,0.502,0.167,0.501,0.548,100.2,98.2,81.84,8093,0.514,2006-07,2006,2007,2007-08,1610612743,0.61,0.0609999999999999,0,DEN,9,13909.451666666666,8,3,8,0.142,0.328,0.1786949185991156,0.4722974342027142,0.6984693022286645,25.87139068865763,105.9172914436718,103.8840820228835,2.0332094207883347,0.0996424975295575,1.06943593870403,12.122503487137225,0.0644563295150264,0.1479916770023644,0.1069824885260873,12.174655279365794,0.5122256508793601,0.5519525859574383,0.1930042670026173,99.21402958491896,0.0992468419855036,15.805942985291416,7.769680832134409,2.241353631122051,2.23100095846098,1.2009100286843324,1.0275027616113792,4.140361477537624,0.0366120796988014,0.0699185154503886,1.61538414980025,0.0507955155246618
1610612765,Detroit Pistons,82,53,29,0.646,3976.0,106.2,107.4,101.1,102.6,5.1,4.8,0.601,1.77,17.3,0.307,0.678,0.493,0.137,0.488,0.535,89.7,88.56,73.8,7332,0.533,2006-07,2006,2007,2007-08,1610612765,0.72,0.0739999999999999,0,DET,11,18219.083333333336,8,4,9,0.146,0.255,0.1647053227156507,0.4554374762725895,0.6831182505523055,29.21074020372412,106.46629532221252,101.43830429631932,5.0228167260518966,0.1494057229370303,1.851655761129585,16.43950549103733,0.0478986580005397,0.122416771608524,0.0852777975474433,9.50850754474475,0.4888348011471488,0.5343354144235213,0.1961615437110356,89.52279070846045,0.1074518463698777,14.402700465171591,5.858692122271062,3.1931354028971457,1.705244958354107,1.0393497660420163,0.853610454239831,3.2200218534427663,0.0221146535460995,0.0315043752630587,3.225830155403239,0.0324789324120607
1610612744,Golden State Warriors,82,42,40,0.512,3951.0,104.7,106.2,104.5,106.5,0.2,-0.3,0.598,1.49,17.3,0.285,0.662,0.472,0.159,0.512,0.548,101.6,99.97,83.31,8228,0.489,2006-07,2006,2007,2007-08,1610612744,0.585,0.0729999999999999,0,GSW,8,13810.123333333331,7,5,4,0.141,0.263,0.1910127763763635,0.5243204441572692,0.7958572419218076,24.55610220232164,106.01048918945207,105.41466081524254,0.6009487967401691,0.1495087079840223,1.4237422378800866,15.7934705386411,0.0487033306726442,0.1252970721719357,0.0868404358928003,11.816308640255928,0.5275713205071545,0.556023402639175,0.19526198124709,100.68002184146556,0.1002026947864573,15.844029391965362,6.35273110039809,3.5269779149932767,2.3122168592749714,1.4128765927024065,0.9749369846322878,3.097084826679801,0.0199065970220468,0.0434203698255931,4.020536020589488,0.0292598040775812
1610612745,Houston Rockets,82,52,30,0.634,3971.0,104.0,104.7,97.5,99.7,6.4,4.9,0.586,1.47,16.5,0.287,0.725,0.508,0.153,0.499,0.54,93.0,91.7,76.41,7598,0.529,2006-07,2006,2007,2007-08,1610612745,0.671,0.037,0,HOU,11,19062.93,9,6,9,0.185,0.34,0.1594847521690876,0.4494330969408514,0.67673699688348,28.73551766001694,103.81584440761908,98.84172109604,4.983102684984243,0.1529888560327994,1.6200183007893685,16.094243994321268,0.0455810217352037,0.1362453646072945,0.0914227579390996,11.04942983581223,0.513417078242082,0.5489445365953713,0.1956216260214633,92.59433216544711,0.1080486145099415,14.622516056031262,6.45860840909556,3.1329916230086354,2.0225642123220307,1.0688808068854054,0.6269760209999199,4.481402961760296,0.0343815367278494,0.0816545842232661,3.9466722756706254,0.0460124935485288
1610612754,Indiana Pacers,82,35,47,0.427,3956.0,100.0,101.9,103.0,104.4,-3.0,-2.5,0.585,1.26,15.9,0.321,0.694,0.503,0.173,0.474,0.523,94.9,93.43,77.86,7697,0.485,2006-07,2006,2007,2007-08,1610612754,0.439,0.012,0,IND,9,12624.535,6,3,0,0.139,0.282,0.2206266078975054,0.5930407205757149,0.831868790942927,28.25703811401106,100.72122311831684,103.28946019265923,-2.5465165647685235,0.1546460739610079,1.2909757243864164,15.651801604309911,0.0556330453623308,0.1336127508854781,0.0938694949952612,12.544345831351412,0.4767340851233992,0.5238315475909938,0.194214464400735,94.4606829070008,0.1015682720195238,14.035526853068252,6.541547866911534,3.2251484906176744,2.321194404387964,1.2062226450320743,0.995204971905896,4.401689091276343,0.0239269088464245,0.0587732522661743,2.229834067470821,0.051455400787462
1610612746,Los Angeles Clippers,82,40,42,0.488,3946.0,102.4,103.8,102.8,104.2,-0.4,-0.4,0.612,1.42,17.0,0.307,0.712,0.513,0.164,0.481,0.537,93.2,91.92,76.6,7554,0.509,2006-07,2006,2007,2007-08,1610612746,0.28,-0.2079999999999999,1,LAC,11,18620.55,8,6,6,0.154,0.254,0.1652717025007317,0.4408716892537188,0.6680195626158554,28.023627211154707,103.14022708781424,103.1200377271348,0.0083806511264882,0.151535001203867,1.5249612703885402,16.367253589895753,0.0493526899044335,0.1325712616795243,0.0918282504186682,11.6198114627835,0.4823208045233179,0.536731255789974,0.1975660089703759,92.78943672089886,0.1044182244885355,14.608376229488387,6.23311341501728,3.161023707677808,2.180816356122671,1.0459411778921677,0.8990067425505691,3.936292105272941,0.0297835700086545,0.0435726612569103,2.684601327981026,0.0361607021757733
1610612747,Los Angeles Lakers,82,42,40,0.512,4006.0,105.6,107.3,106.1,107.5,-0.5,-0.2,0.596,1.45,17.1,0.3,0.69,0.496,0.161,0.511,0.554,96.0,94.58,78.82,7898,0.499,2006-07,2006,2007,2007-08,1610612747,0.695,0.1829999999999999,0,LAL,13,19898.976666666666,11,5,7,0.172,0.328,0.1577807267475899,0.3919418469257967,0.5816717878122042,25.537495311735466,106.36422179499016,106.43449458791264,-0.0383732463294176,0.1511915454446317,1.506720484621236,17.285402348160954,0.0462805614962109,0.128101372214618,0.0875743435215177,11.787496124172549,0.5149690590454149,0.551291735102626,0.1963102955210595,95.49915472453944,0.1002862840685442,15.29083656395731,6.084131964575063,3.323386981541597,2.2161943671140207,1.0782464022856788,0.7616472069836757,2.94711098081179,0.0353455934719772,0.059382087264236,2.260807105788291,0.026541068561429
1610612763,Memphis Grizzlies,82,22,60,0.268,3996.0,104.3,105.7,109.7,110.9,-5.4,-5.2,0.56,1.25,15.9,0.291,0.682,0.486,0.17,0.504,0.555,95.9,94.77,78.97,7883,0.462,2006-07,2006,2007,2007-08,1610612763,0.268,0.0,0,MEM,13,18936.778333333332,11,5,0,0.154,0.247,0.1446663710045012,0.3709435087823368,0.5910046121009496,26.245320855791476,104.87672721873584,109.9398827519676,-5.078062486341614,0.141353250601321,1.295607012350834,15.160786686084494,0.0454881600328531,0.1278421730834715,0.0868035343393063,12.408417816934191,0.5040900862492715,0.5550129233527666,0.1977637821533705,95.95202672629898,0.0940677681270494,15.318761982304803,5.843866261306152,3.0645128214786976,2.347812242261905,0.9885525230576444,0.7471175799262582,3.672606371103764,0.0300549814021199,0.028589653553993,2.4456747035923923,0.0415274721590358
1610612748,Miami Heat,82,44,38,0.537,3971.0,102.6,103.4,102.0,104.6,0.6,-1.2,0.576,1.4,16.6,0.279,0.693,0.493,0.16,0.506,0.541,92.1,90.61,75.51,7503,0.508,2006-07,2006,2007,2007-08,1610612748,0.183,-0.354,1,MIA,12,18390.481666666667,10,6,5,0.195,0.333,0.1350101488188319,0.3443326525161702,0.5445927689586524,29.559718437680957,102.2278887656468,103.53850946807722,-1.2898345330632544,0.1492356027651623,1.5245704657545225,16.116243357410706,0.0455638660542605,0.1310911578444247,0.0894733844654603,11.547317502740777,0.5081928855588249,0.5390599152333241,0.196762674242083,91.81075842766128,0.1034734447321436,14.266510511008008,6.158403137710097,3.108564584451251,2.1493727416419857,0.9963849958977876,0.8378247116782968,4.798309612674097,0.0357191707000372,0.0609727518045614,2.781786863377432,0.050953347920796
1610612749,Milwaukee Bucks,82,28,54,0.341,3971.0,104.0,106.0,109.1,110.3,-5.0,-4.3,0.567,1.43,16.7,0.306,0.657,0.479,0.161,0.504,0.541,94.8,93.33,77.78,7709,0.456,2006-07,2006,2007,2007-08,1610612749,0.317,-0.024,0,MIL,11,17664.91,8,6,1,0.134,0.287,0.1612197099598394,0.4430945303429228,0.6861770028831169,26.26662056774325,105.45770746449696,108.69083192800493,-3.22884595317308,0.1364163718732033,1.4524771104598513,15.870884529461703,0.0511938980536366,0.1272892427228141,0.0888208872844526,11.694983001139926,0.5068521888874611,0.5392111465611769,0.199419947983507,94.21381260646108,0.0946765183066316,15.22340051548522,6.083246390726021,3.071173303458665,2.170404491163555,1.0943729687838772,0.4361188367220665,3.567625815910912,0.0250993563577416,0.048001033101638,2.623269256357342,0.0339934110338139
1610612750,Minnesota Timberwolves,82,32,50,0.39,4001.0,101.1,102.4,105.3,106.5,-4.2,-4.0,0.617,1.45,17.5,0.292,0.698,0.5,0.166,0.49,0.537,93.3,92.19,76.83,7689,0.487,2006-07,2006,2007,2007-08,1610612750,0.268,-0.122,1,MIN,12,19723.198333333334,9,5,0,0.191,0.272,0.1531914321874266,0.4340482641464759,0.6516416919872445,28.182301146391147,101.56954601430006,105.57189559097031,-4.023976689379064,0.1556287174181266,1.5237113132175402,17.703452237589257,0.0444443576130612,0.1285086197564813,0.0875313261819689,12.175663683349532,0.4926393049504565,0.5364832820809404,0.1962244019077703,92.97017246611202,0.0979346121094795,14.222439751362163,5.924799721884187,3.338403786606956,2.2268193655880184,0.9546119083627326,0.5786079826978704,3.206516819072424,0.0456396539846155,0.0491225149345626,2.091111447817116,0.0261488268072686
1610612751,New Jersey Nets,82,41,41,0.5,3976.0,103.7,104.2,103.5,105.1,0.2,-0.9,0.674,1.62,18.5,0.275,0.714,0.496,0.158,0.504,0.546,93.6,92.69,77.24,7682,0.499,2006-07,2006,2007,2007-08,1610612751,0.415,-0.085,1,NJN,13,19836.99666666667,11,5,7,0.16,0.302,0.1575846746962199,0.4103674800234376,0.6019136129309897,28.59808818505624,103.01588522556926,103.727220325187,-0.6979924464372046,0.1707176505549647,1.569996225067,17.116560142924865,0.0438920377563875,0.1318157286578495,0.0881812377848192,11.926416834940907,0.4976319281531026,0.5362062820665562,0.1938455305482231,93.8363567804871,0.1001876455088379,14.501993665371725,6.061401431903587,3.5569900618356374,2.094268638448125,0.898321469698286,0.4936231106220884,4.638626398845894,0.0458558454841794,0.0642651813056562,3.312372200844276,0.0651092312242236
1610612740,New Orleans/Oklahoma City Hornets,82,39,43,0.476,3976.0,101.9,103.7,104.0,105.4,-2.2,-1.6,0.517,1.29,14.9,0.318,0.719,0.514,0.157,0.479,0.52,92.6,91.19,75.99,7551,0.485,2006-07,2006,2007,2007-08,1610612740,0.683,0.207,0,NOK,13,19615.13833333333,10,7,4,0.15,0.239,0.1312874588444996,0.3799663916041718,0.5901367166838742,26.853550357321808,102.85559965886893,104.39278608197428,-1.5357495566986823,0.130947116950403,1.3023538732796769,13.465002498495425,0.0514195623397336,0.1324821783481347,0.0909745029413082,11.410717241096863,0.490065389036682,0.526604655859764,0.1957880586788283,91.98812729504924,0.097987720113793,14.258579024381085,6.392409672019477,2.8061999392815906,2.024354828664221,0.950694289436144,0.6295137862482574,3.400952526352896,0.0293291653475617,0.0390567834355645,2.4108968536772912,0.044751908169456
1610612752,New York Knicks,82,33,49,0.402,4001.0,102.7,104.3,106.3,107.4,-3.6,-3.1,0.528,1.09,14.7,0.337,0.714,0.527,0.183,0.494,0.539,93.1,91.89,76.58,7661,0.471,2006-07,2006,2007,2007-08,1610612752,0.28,-0.122,1,NYK,12,19592.975,10,7,2,0.157,0.256,0.1453885895327279,0.3978211578384599,0.5829240667467124,25.94536630263313,103.54017495216183,106.45395632022873,-2.9040537573628646,0.1326185897411359,1.2358791658745036,14.989964915146034,0.0541554850654379,0.1306939176754253,0.0929243558809556,13.049794786141463,0.4965641027800355,0.539007312569939,0.195616507872507,92.88859591852012,0.0963370134788957,14.50070752399776,6.3243075643183335,2.8075368850314977,2.392286010674745,0.9774932086627988,0.4299500203516822,2.906804642057068,0.0268438822795031,0.0421553906681391,2.557682752368938,0.0574529777700196
1610612753,Orlando Magic,82,40,42,0.488,3956.0,102.0,104.1,101.7,103.3,0.4,0.8,0.53,1.1,15.1,0.333,0.697,0.519,0.186,0.5,0.544,92.2,90.54,75.45,7465,0.502,2006-07,2006,2007,2007-08,1610612753,0.634,0.146,0,ORL,12,19207.02,10,4,8,0.162,0.225,0.1574122378172147,0.396837631935268,0.6010115051684227,26.179523250700345,103.03377162794295,102.23015668229635,0.8183130178445173,0.1331531585847258,1.1676225515462575,14.485995094501906,0.0523104013532552,0.130699739036387,0.0925223675163212,13.538546765713786,0.5061916115392532,0.545785873689238,0.1959086809579691,91.48591457966933,0.1030186450058364,14.24479174801713,6.138380654573171,2.7627398732338486,2.449729317718209,1.0383703458423017,0.7797149167335693,4.401809202464895,0.0305993985131355,0.0334530074305841,1.3497565557325624,0.0469293914248383
1610612755,Philadelphia 76ers,82,35,47,0.427,3976.0,101.0,102.4,103.9,105.6,-2.9,-3.2,0.569,1.33,16.1,0.306,0.678,0.493,0.165,0.48,0.53,93.2,91.84,76.53,7606,0.489,2006-07,2006,2007,2007-08,1610612755,0.488,0.061,0,PHI,10,14860.79,7,3,2,0.13,0.251,0.2060160776558087,0.5305485105435176,0.7624820080224537,25.458483588916437,100.86670731053552,104.5683079208216,-3.6756978599388055,0.1184183484413233,1.0960105743593265,13.20698353407412,0.0460989523437179,0.1222364870911977,0.0842683870328113,12.309747362017768,0.502165347086752,0.5457059828806768,0.1894370562848049,92.69774826685976,0.0928981793700065,13.936540385807216,5.704945699387449,2.4975792000290697,2.122094451237115,1.031977438615309,0.799419142589324,3.209204290013292,0.0264301331293025,0.0408249429955931,3.571611092339109,0.0480454928619078
1610612756,Phoenix Suns,82,61,21,0.744,3981.0,111.4,112.9,103.4,105.5,8.0,7.4,0.626,1.78,19.3,0.262,0.683,0.484,0.149,0.551,0.59,98.1,96.45,80.37,8002,0.561,2006-07,2006,2007,2007-08,1610612756,0.671,-0.0729999999999999,1,PHX,9,19267.205,8,6,8,0.165,0.252,0.1562418281911327,0.4472221061643346,0.7220859659371108,27.856509372618746,112.69054181271578,104.30590018116276,8.363228086274061,0.1585358198036508,1.7819958577281965,17.779613251290645,0.0407688470296201,0.1264475197622073,0.0861419915343195,10.13207382700293,0.5514872250541789,0.5883392788419494,0.1957983755298186,97.32644614428162,0.1130805984400263,16.434973313461917,6.007098590584364,3.916291958278329,2.0908066323060357,1.008968348029722,0.7230939827546342,3.530262281901833,0.0349938350023507,0.0388468472586244,3.84570458968769,0.0441421804402047
1610612757,Portland Trail Blazers,82,32,50,0.39,3991.0,101.7,103.8,107.3,108.6,-5.6,-4.8,0.526,1.22,15.0,0.326,0.697,0.507,0.166,0.483,0.53,90.8,89.36,74.47,7431,0.459,2006-07,2006,2007,2007-08,1610612757,0.5,0.1099999999999999,0,POR,12,17979.283333333333,9,4,1,0.162,0.328,0.1474330178158751,0.4015263863872957,0.6114286164539372,24.248123812869814,102.98155176745088,107.5157513137806,-4.534511701893939,0.1322219023375978,1.2472338274514094,14.410261736424422,0.0525654868519972,0.1363383007479905,0.0931785303826533,12.193901684994858,0.4889571910077989,0.5328719987912015,0.1964586864326256,90.19053301160504,0.0957509884988,14.112242145358035,6.123047173737922,2.747161779714987,2.1264473834237,0.9651107710077432,0.728838839516221,3.280034770015297,0.0340099261195007,0.0601911794246277,2.9544232979381357,0.031639916102999
1610612758,Sacramento Kings,82,33,49,0.402,3961.0,103.6,105.1,105.2,106.7,-1.7,-1.6,0.566,1.39,15.8,0.267,0.692,0.477,0.151,0.491,0.545,97.2,95.83,79.86,7898,0.485,2006-07,2006,2007,2007-08,1610612758,0.463,0.061,0,SAC,12,19589.32833333333,9,6,3,0.127,0.237,0.1438704253685063,0.420797480124595,0.6326036191303819,27.70751234707128,104.22508619276296,105.98550340802056,-1.7595950073836977,0.1407949663409422,1.4376358003426528,15.902988200122913,0.0410418789243837,0.1269399166910351,0.0834418315516518,11.354728769414164,0.4913973680567745,0.542035943634957,0.1963725934282075,96.65235189448812,0.0973465364687933,15.13558785450956,5.785190695239934,3.032263229715976,2.0968559667308657,1.220256233049338,0.4851621167545561,2.757282791802448,0.0206967824289664,0.0363970763406161,2.803893397788017,0.0369962515717114
1610612759,San Antonio Spurs,82,58,24,0.707,3956.0,106.7,108.6,97.4,99.4,9.2,9.2,0.605,1.6,17.8,0.279,0.715,0.505,0.153,0.521,0.561,92.0,90.22,75.19,7440,0.569,2006-07,2006,2007,2007-08,1610612759,0.683,-0.0239999999999999,0,SAS,12,19387.103333333333,9,4,11,0.189,0.279,0.1406054987413454,0.3966029135175944,0.5969286971012173,31.19062044854217,107.2890437388704,97.7663786974537,9.521559271962754,0.1571704011653107,1.7536025048266626,17.807245160055714,0.0427372821382462,0.1343401965155186,0.0904571470278093,10.906453542741732,0.5204737922856276,0.5563472267044879,0.1946469771743449,91.5720010914472,0.1150733987938029,14.71968220798328,6.068364003493044,3.3312867265197434,1.9757464197419208,1.0695770091835963,0.76875847535071,3.859240607171316,0.0480106565880784,0.0645998955317926,4.382644142994067,0.0526426322808628
1610612760,Seattle SuperSonics,82,31,51,0.378,3966.0,104.1,105.9,107.5,108.9,-3.4,-3.0,0.556,1.34,16.2,0.312,0.676,0.492,0.165,0.499,0.544,94.3,92.92,77.43,7674,0.474,2006-07,2006,2007,2007-08,1610612760,0.244,-0.134,1,SEA,10,19093.4,9,6,1,0.134,0.287,0.1354300438895115,0.3829489945914993,0.6118705067370573,26.296027248508206,105.618703050967,107.93560296577176,-2.3278517445818974,0.1422959058278427,1.3801895742333303,15.739432159803911,0.047802872545836,0.1240372434104629,0.0855947081190358,11.446663899567389,0.4976937900880234,0.5416025858848257,0.1962474319223746,93.68080008449692,0.0974013963812975,14.92159594414824,5.803471356594425,3.1638157687996897,2.1173808750667766,1.1689903317376684,0.5373584589439282,2.527543164019325,0.0232827522830891,0.0434576688467996,2.142411535865069,0.030476351252628
1610612761,Toronto Raptors,82,47,35,0.573,3951.0,105.0,105.7,103.2,104.4,1.8,1.2,0.601,1.65,17.5,0.25,0.711,0.481,0.143,0.504,0.55,94.7,93.86,78.21,7719,0.514,2006-07,2006,2007,2007-08,1610612761,0.5,-0.0729999999999999,1,TOR,10,17670.666666666664,9,5,8,0.158,0.266,0.1504010412736739,0.4152478684071531,0.6181606051460047,26.39938004602731,105.25073740851128,103.0358843752358,2.248163708217008,0.1555484869463518,1.6368107777484342,16.109261865238057,0.0422388639364672,0.1367115857730325,0.0899943897608088,9.93673023089112,0.5113051469478609,0.5540403252093865,0.196368018561835,94.44267186769032,0.1076598195691541,14.984154531049573,6.134233758394325,3.3981739983399977,1.9394853995321808,1.0430845846223495,0.6172941975401796,3.722979785681411,0.0281021401315268,0.0461869454543786,2.8192463202252416,0.0323691498724441
1610612762,Utah Jazz,82,51,31,0.622,3961.0,106.7,108.6,104.7,105.6,2.0,3.0,0.659,1.58,18.5,0.352,0.721,0.534,0.167,0.502,0.551,94.1,92.81,77.34,7661,0.531,2006-07,2006,2007,2007-08,1610612762,0.659,0.037,0,UTA,12,19542.161666666667,8,6,11,0.181,0.262,0.1509403983540886,0.4181159760814588,0.6399822537544252,26.58465614986128,107.76192851234389,104.691937210631,3.0715399106734784,0.16520652227402,1.5836314491649974,18.07460031076398,0.0546462175755548,0.1327084339100323,0.0934958554994385,11.550805612855692,0.4959882463531627,0.547570180695636,0.1961828736619635,93.65678484988484,0.105970737031224,15.19422493093352,6.294697695077574,3.710132033329305,2.240079718236561,1.0518795387443065,0.6208115666494418,3.5201025235401606,0.0385528907062943,0.0398249399244555,2.458363559714304,0.0396010115052257
1610612764,Washington Wizards,82,41,41,0.5,3966.0,106.7,108.7,108.0,109.1,-1.3,-0.4,0.541,1.47,15.5,0.312,0.678,0.489,0.144,0.491,0.542,96.7,95.33,79.44,7870,0.485,2006-07,2006,2007,2007-08,1610612764,0.524,0.024,0,WAS,13,19492.09166666667,9,4,6,0.142,0.302,0.1509177012386647,0.4144012251122356,0.6288674338438963,27.355601994142067,107.98509870028484,108.2147459803142,-0.2294737737655142,0.1386139181232046,1.6039145815974083,15.207064232460084,0.0482736570515136,0.1266337896009962,0.0860612609985844,10.519569098749876,0.4960483090791948,0.542585501812487,0.1974486541764159,96.16534352692608,0.0984212936785046,15.74669385148079,6.098473269714939,3.0492366348574693,1.978032971491429,1.1617019038917915,0.6722726439055838,2.828329758389013,0.0285008583612514,0.0554884551546225,3.1568641513848674,0.0355433256001721
1610612737,Atlanta Hawks,82,37,45,0.451,3971.0,104.0,105.5,105.9,107.3,-2.0,-1.8,0.606,1.48,17.0,0.329,0.682,0.506,0.16,0.483,0.535,93.6,92.35,76.96,7634,0.498,2007-08,2007,2008,2008-09,1610612737,0.573,0.1219999999999999,0,ATL,8,16006.1,7,5,0,0.124,0.253,0.2088449611918789,0.5611164910044713,0.8618762013648964,23.717729698885638,104.42618320515304,106.46948128109491,-2.013222104905838,0.1393682398169031,1.3173948348858666,14.552862658611406,0.0579650499913574,0.1353389305743851,0.0968242184750397,11.507098335426289,0.4883099855680022,0.5432105189063338,0.2037893653044776,93.10182407332206,0.1051834925434678,15.370639943521534,6.697946407931976,2.926134411255709,2.1951630940703857,1.0773392644054456,0.9333941434827971,2.016178417673397,0.0209436910986923,0.0404576895457651,1.7551245284007655,0.0466025229341556
1610612738,Boston Celtics,82,66,16,0.805,3951.0,107.6,108.8,96.2,98.1,11.5,10.8,0.614,1.47,17.6,0.306,0.707,0.518,0.164,0.522,0.569,93.3,91.88,76.57,7575,0.581,2007-08,2007,2008,2008-09,1610612738,0.756,-0.049,0,BOS,11,18979.47333333333,8,4,11,0.197,0.256,0.1514097159703413,0.4122976190768904,0.6345208560406137,27.99909797286261,108.2877710076957,96.85657115178115,11.436154884522614,0.1541106874760487,1.5796271138187536,17.534564789469044,0.0461017601120649,0.132522550327178,0.0916743378197006,12.004414918784189,0.5275023508731013,0.5712571376234185,0.1957330480894974,92.82910650576537,0.1178093666807052,15.183772222692518,6.261290706696815,3.3611048567908983,2.1661296537557595,1.278433788643942,0.6866365452360639,3.963688642770071,0.0392844069626634,0.043307125043818,3.573474315001807,0.0439690290505091
1610612766,Charlotte Bobcats,82,32,50,0.39,3976.0,102.1,103.7,106.8,108.2,-4.7,-4.5,0.591,1.45,16.6,0.294,0.674,0.483,0.157,0.492,0.532,94.1,92.75,77.29,7678,0.469,2007-08,2007,2008,2008-09,1610612766,0.427,0.0369999999999999,0,CHA,11,17851.266666666666,8,6,0,0.12,0.256,0.1764194137484175,0.4951805474121351,0.7411834454324436,26.11977179957351,102.94089332596378,107.01627421396798,-4.0966651386082775,0.1558823758538142,1.596032576586535,17.18529207077742,0.0395376540040109,0.121151253132364,0.0803004610317101,10.772952311507304,0.4874073089117858,0.5287065524762014,0.1969608903569868,93.73039443979698,0.0958968018142503,14.596611258211366,5.624474827183131,3.363794912779298,2.046913571025772,1.151514925178045,0.6917156205535366,3.0030776940162154,0.0258237333916468,0.0456396337449914,2.3636691654764657,0.0339850532027908
1610612741,Chicago Bulls,82,33,49,0.402,3961.0,101.0,102.9,104.2,106.0,-3.2,-3.1,0.606,1.51,16.7,0.325,0.687,0.5,0.154,0.47,0.515,95.7,94.04,78.37,7754,0.48,2007-08,2007,2008,2008-09,1610612741,0.5,0.0979999999999999,0,CHI,9,15221.843333333334,8,3,0,0.117,0.252,0.1563219566268036,0.4466389637873468,0.6801413451239918,24.705354673426548,102.36355635202308,104.93748345852993,-2.6029588072228664,0.1648457462335376,1.657736319933219,17.94265373685579,0.0423641949409105,0.1232068686162188,0.0818703953507164,11.209015925140914,0.4777320620170182,0.523679419575334,0.2015731723687429,95.2045655015939,0.0985834261641111,15.252029265837932,5.907825880921563,3.599564047543082,2.2396761846408006,1.111560514024473,0.6693013307849489,2.0854318764334767,0.0114866030388296,0.0396753292932444,1.5605024972812471,0.0241968090801299
1610612739,Cleveland Cavaliers,82,45,37,0.549,3971.0,103.2,104.8,103.7,105.4,-0.5,-0.6,0.558,1.43,15.7,0.334,0.715,0.518,0.152,0.48,0.52,92.5,91.06,75.89,7540,0.49,2007-08,2007,2008,2008-09,1610612739,0.805,0.256,0,CLE,9,13398.116666666669,7,4,5,0.199,0.328,0.2259122239817287,0.5235142501371461,0.7547815799981838,26.743303225453325,103.8630593852121,103.47941250449378,0.4034125816190583,0.1697067208450939,1.7752171076283108,17.185803091728065,0.0541761954105489,0.1315247987590295,0.0915992313596313,10.43727022579044,0.4894417946800979,0.526399437109942,0.2018598530639256,92.01162378170064,0.1075552539100644,15.334394013088902,6.529275880814094,3.428541573629129,1.99371304673418,1.010291247401687,0.763092325165104,4.210294359477189,0.0552611082974106,0.076581648020151,2.7364865737451853,0.0657820989301009
1610612742,Dallas Mavericks,82,51,31,0.622,3946.0,108.6,109.5,103.1,104.7,5.4,4.8,0.569,1.66,16.7,0.3,0.716,0.514,0.138,0.502,0.554,92.5,91.38,76.15,7518,0.536,2007-08,2007,2008,2008-09,1610612742,0.61,-0.012,0,DAL,10,15383.936666666665,8,3,7,0.176,0.283,0.1799700813467554,0.5268094577439107,0.7420643957409255,29.731850278461447,108.38206938146088,103.26025193811464,5.107524482788431,0.1250539530302278,1.6481452211733405,14.25232566176711,0.0469569763352726,0.1400898054702513,0.0948557475860643,9.529507293430092,0.5062170503172031,0.5522363412182533,0.2064610541818402,92.51821311666863,0.1118909200960915,16.21457533301511,6.587390613715908,2.665377587574572,1.6825342278016833,0.7862746878183109,0.7230919004043395,3.269924902927741,0.0384142397300173,0.0596911999879148,3.740896989301088,0.0549810471270949
1610612743,Denver Nuggets,82,50,32,0.61,3971.0,107.6,108.9,103.2,105.5,4.4,3.4,0.612,1.68,17.7,0.292,0.686,0.494,0.144,0.51,0.557,102.3,100.58,83.82,8330,0.529,2007-08,2007,2008,2008-09,1610612743,0.659,0.049,0,DEN,10,18973.325,8,5,9,0.136,0.296,0.1804536983721444,0.4737048812828888,0.6907606688161757,29.2495856683001,108.60723287387248,104.64781009654344,3.968699529470981,0.1571995332921351,1.822563346171533,18.38219318437859,0.0445584696760671,0.1265403492359229,0.0867050361494361,10.1889053623091,0.5106460307651225,0.5529720281851845,0.1979403069836204,101.45551674521992,0.107936978802257,16.7009208981557,6.502392174276253,3.764442974544525,2.11939657387411,1.38510250575479,0.994237963034945,4.503417498047711,0.0259083447726491,0.0655245027019696,2.525043907306173,0.0332907940659916
1610612765,Detroit Pistons,82,59,23,0.72,3946.0,108.0,109.8,100.0,101.5,8.0,8.3,0.611,1.92,17.8,0.327,0.7,0.513,0.131,0.495,0.539,89.9,88.54,73.79,7279,0.552,2007-08,2007,2008,2008-09,1610612765,0.476,-0.244,1,DET,10,18141.601666666666,8,5,10,0.159,0.242,0.14849047231313,0.421148316470771,0.6764254828290152,28.55332040234228,109.2429936956136,100.69785273461248,8.531778092728123,0.1528629735099648,1.94921519792308,16.45300019908202,0.050731770835008,0.1320225050875239,0.0908642335052923,8.807297894774267,0.4971575097053631,0.5413170423853608,0.1968495487489574,89.25733651135727,0.1127691081300153,14.77576263249818,6.219076026087738,3.315914498912766,1.613308490494362,1.071570215088506,0.8691625077940105,3.8930887572813546,0.0218731117589162,0.0334196031120415,2.3834141681219885,0.0406230361248414
1610612744,Golden State Warriors,82,48,34,0.585,3956.0,109.1,110.4,106.6,108.5,2.6,1.9,0.539,1.69,16.3,0.301,0.672,0.481,0.131,0.511,0.548,101.4,99.96,83.3,8249,0.496,2007-08,2007,2008,2008-09,1610612744,0.354,-0.2309999999999999,1,GSW,11,19052.94333333333,8,5,9,0.122,0.253,0.1677542210013746,0.4787940900819699,0.7028354149306416,26.229106946380824,109.94636007245074,107.39885671207756,2.5484540533807296,0.137173730725419,1.6304430758992094,15.311243564642597,0.049207927716505,0.1246519161606352,0.085887689093706,9.454460334475009,0.5178301446163263,0.5534651712605034,0.1985917368322619,100.72639423515145,0.1009643667478848,16.784178402532035,6.452546351980964,3.3670388284714723,1.929150754135451,1.3698670879022543,0.661315145883847,3.355832801967169,0.0183576286532816,0.0382470396836424,1.544129232424691,0.0361410866536306
1610612745,Houston Rockets,82,55,27,0.671,3946.0,103.9,105.4,98.8,100.5,5.0,4.8,0.585,1.56,16.8,0.323,0.711,0.519,0.15,0.492,0.528,92.9,91.42,76.18,7525,0.535,2007-08,2007,2008,2008-09,1610612745,0.646,-0.025,0,HOU,10,16832.62,9,4,9,0.167,0.3,0.1726811789648115,0.4676989282318102,0.7093396631065159,28.285101982539462,104.8447308361186,99.37258418475557,5.470111654236437,0.1505071361439871,1.6838567782872382,17.134825040110613,0.0520610224868935,0.1331025520685431,0.0929865013091644,10.754767835706303,0.5065559660349964,0.5389981635855461,0.1912233366918914,92.24837375187782,0.1099350592282524,14.35926195684332,6.734780444161396,3.23158248686182,1.9355275649304744,1.06507483683467,0.8127077068216356,3.474960521475696,0.0294148504471131,0.0703830546783054,1.605934345465271,0.0413010782353666
1610612754,Indiana Pacers,82,36,46,0.439,3951.0,103.7,105.1,104.6,106.3,-0.9,-1.2,0.601,1.51,16.9,0.278,0.701,0.487,0.152,0.498,0.54,100.1,98.64,82.2,8111,0.485,2007-08,2007,2008,2008-09,1610612754,0.439,0.0,0,IND,13,19089.33833333333,9,5,4,0.12,0.246,0.1547050303734118,0.4156524370540869,0.5952890981117471,27.087489412720178,103.96046961816296,104.7644257095344,-0.816774136487881,0.145882274162986,1.646819754447575,16.64116068978469,0.0440766912385561,0.1335527170795076,0.0880881914625467,10.848705320063916,0.5000406475586766,0.5399998658064193,0.1943633027965087,99.844905039925,0.0966964349995368,15.437727324755366,6.536423516687283,3.345532405828979,2.157434651785993,1.1202064538119578,0.7694347359516479,2.185075815243988,0.0227898765261215,0.0355593164374312,1.657725662768468,0.0465057411436239
1610612746,Los Angeles Clippers,82,23,59,0.28,3961.0,98.8,99.9,106.4,107.4,-7.6,-7.5,0.614,1.47,16.7,0.267,0.703,0.484,0.153,0.465,0.519,94.3,93.38,77.82,7698,0.461,2007-08,2007,2008,2008-09,1610612746,0.232,-0.048,0,LAC,10,17156.246666666666,10,5,0,0.139,0.269,0.1574792777130351,0.4290689843971311,0.6635269291612734,28.447993772530666,99.14114920046616,106.49690470370946,-7.343287294384903,0.1435509215885214,1.741887412631434,16.718614182122973,0.0411232127501081,0.1326239408619678,0.0867758785235465,10.779572270469416,0.461382451659007,0.5125650323866486,0.1942163470487134,94.12031326199164,0.0928559634449959,13.95410107183506,6.01600116886483,2.9775743490126243,2.0039348155793206,1.0030165883213773,0.7239345668846761,2.914212444812417,0.027527817054625,0.0483317844231791,2.556459380276038,0.0455272055658144
1610612747,Los Angeles Lakers,82,57,25,0.695,3956.0,110.3,111.7,102.8,104.3,7.4,7.3,0.617,1.73,18.1,0.297,0.702,0.507,0.145,0.525,0.57,98.0,96.7,80.58,7974,0.551,2007-08,2007,2008,2008-09,1610612747,0.793,0.098,0,LAL,9,17010.166666666664,9,4,9,0.159,0.309,0.1876687471218193,0.4916157004144581,0.692634208953469,27.03403307825712,111.40216005134184,103.58904530623845,7.787221622363098,0.1610316141327245,1.875451946385005,18.887704510047914,0.0431469667159835,0.1288435991220936,0.0874710864091082,10.189012531721229,0.5292369241923948,0.5708223322326845,0.1979393582269427,97.47472085125564,0.1117609964628996,16.524705813190153,6.372424334466643,3.767158855978288,2.03172612457256,1.2084537678447205,0.7089877622206329,3.644573860573874,0.0304997182499758,0.0549934756748817,1.9850398454973608,0.0331455800074877
1610612763,Memphis Grizzlies,82,22,60,0.268,3961.0,102.4,103.9,109.2,110.2,-6.8,-6.3,0.514,1.26,14.9,0.277,0.706,0.489,0.157,0.5,0.539,97.5,96.33,80.27,7945,0.451,2007-08,2007,2008,2008-09,1610612763,0.293,0.0249999999999999,0,MEM,9,15464.78,7,5,2,0.119,0.248,0.1939711826916818,0.4908487759498249,0.7393264997411323,24.28916393680781,102.92315243626702,109.99888208346104,-7.083530738878922,0.1293223812430568,1.2931386404031182,14.886292045538312,0.0368050794558129,0.1273440283879456,0.0816672639377993,11.552286884563935,0.499414955682094,0.5369294289993133,0.1981267970403286,97.4023382863082,0.0904293723113638,15.252205333667858,5.833642638304586,2.900526227983845,2.204493048074399,0.9614103789384654,0.6168855942341243,3.211591277643781,0.0214976436153685,0.0310524300526134,3.580554114824622,0.0512869858756467
1610612748,Miami Heat,82,15,67,0.183,3966.0,98.1,99.4,107.1,108.8,-9.0,-9.4,0.585,1.37,16.3,0.264,0.681,0.47,0.159,0.482,0.522,92.5,91.24,76.03,7538,0.445,2007-08,2007,2008,2008-09,1610612748,0.524,0.341,0,MIA,14,16989.083333333336,13,6,0,0.139,0.317,0.1744292658520912,0.4004683399634078,0.5974847573687023,27.352851193658672,98.22508725701306,108.02839064301097,-9.80022269202282,0.150612584748049,1.629537031132737,16.182986653193964,0.0339630603966272,0.1215330490658216,0.0772027439188891,10.87306753846833,0.4782268472401395,0.5188231854769485,0.1918294974714154,92.3826069348454,0.0881323704928164,13.466294532273176,5.244544290696477,3.1022274107392493,1.9918673265675508,1.0595038971103994,0.5424659953205245,3.914380922119927,0.0248089783050358,0.0513565321902769,2.2827488070768567,0.0329005476321761
1610612749,Milwaukee Bucks,82,26,56,0.317,3971.0,102.4,103.9,109.8,111.1,-7.5,-7.2,0.582,1.45,16.5,0.332,0.694,0.506,0.158,0.482,0.522,93.8,92.61,77.17,7654,0.452,2007-08,2007,2008,2008-09,1610612749,0.415,0.0979999999999999,0,MIL,13,19596.511666666665,10,5,0,0.119,0.265,0.1388019143202953,0.3996756395504744,0.5798332135132553,25.96130323194426,103.1503204014116,110.0932986457539,-6.936960804333629,0.1463643764149521,1.482175990165597,16.33284944335757,0.0522090081168357,0.1289600954489604,0.0893001823368734,11.350596275340504,0.4811662529734246,0.5191812467984313,0.1965176850777949,93.399973879705,0.0907350713013804,14.446652792882274,6.17987538088199,3.203835512561888,2.1346656339431846,0.9865021044987006,0.6613421929600227,3.187259664699617,0.0253582759362653,0.0420997973900668,1.4712300547064496,0.0311314187434725
1610612750,Minnesota Timberwolves,82,22,60,0.268,3946.0,100.7,102.7,108.9,110.0,-8.2,-7.3,0.53,1.37,15.6,0.314,0.703,0.501,0.156,0.484,0.518,94.2,92.84,77.37,7632,0.435,2007-08,2007,2008,2008-09,1610612750,0.293,0.0249999999999999,0,MIN,11,18069.57333333333,10,6,0,0.147,0.273,0.1615294550397058,0.4173407894523243,0.6360688833825998,24.676665304032262,101.85639251397193,109.2575534342076,-7.387013740593763,0.133806417307031,1.4950588908943063,16.34458966195844,0.0485132731412953,0.1318425241363382,0.0883846306461395,10.917089962648078,0.4795538528672139,0.5139621570109015,0.1987084132405266,93.72707030344932,0.0894819626805429,14.61550835363757,6.156205127145595,3.042241174482629,2.0520683757151987,1.1415875527036978,0.5120209442318505,2.709882340840777,0.0305407390916312,0.049455974335923,2.6992517248015253,0.0448207633303521
1610612751,New Jersey Nets,82,34,48,0.415,3966.0,101.4,102.3,106.6,107.7,-5.2,-5.4,0.674,1.57,18.0,0.3,0.706,0.502,0.16,0.481,0.528,93.9,92.96,77.46,7679,0.475,2007-08,2007,2008,2008-09,1610612751,0.415,0.0,0,NJN,8,13083.763333333332,7,3,0,0.132,0.257,0.2445999863953516,0.6062498837617822,0.8307907842009781,27.053638874034466,101.90917297240424,107.3706579070395,-5.46148493463527,0.1450200380675387,1.3152168017917374,13.697880553734668,0.0492253872420498,0.1275919712447667,0.0883726511918461,10.743911983529715,0.4961560685011881,0.5414412601471188,0.2129332233411946,94.36793163103684,0.1002901418017089,16.330163925822568,6.201885339309868,2.89458002526796,2.0911414631213394,0.932759152629124,0.7263965082421495,4.338168437271227,0.0223791308282288,0.0447702894387994,2.650533108080526,0.0314687335467908
1610612740,New Orleans Hornets,82,56,26,0.683,3961.0,109.0,110.0,102.9,104.4,6.2,5.6,0.564,1.83,17.2,0.3,0.717,0.506,0.13,0.512,0.548,92.1,91.04,75.86,7517,0.526,2007-08,2007,2008,2008-09,1610612740,0.598,-0.085,1,NOH,11,18190.318333333336,7,4,10,0.182,0.259,0.1652301118791122,0.4759600597057536,0.7237307831611155,27.015583931049036,109.80496012026909,103.53200469920306,6.256965779689946,0.1484399635300499,1.893912415496485,14.850277175834652,0.0503557416211609,0.1358774057554975,0.0926060757961813,9.442387072023935,0.521397299992276,0.5532670682600295,0.1952502136896816,91.96388921634228,0.1061250600250627,15.161691782744134,6.364704447631527,3.332761906035912,1.6960670745087745,1.1399470652474375,0.6036178036466467,3.150868258932134,0.0433063538380044,0.0508042463221768,2.768146909251993,0.0508592887489919
1610612752,New York Knicks,82,23,59,0.28,3976.0,101.4,103.5,109.6,110.4,-8.2,-6.8,0.516,1.29,14.7,0.321,0.697,0.502,0.155,0.475,0.518,94.1,92.76,77.3,7676,0.44,2007-08,2007,2008,2008-09,1610612752,0.39,0.1099999999999999,0,NYK,13,19694.55,10,8,0,0.135,0.27,0.161953856946888,0.3955067941807929,0.5845858371986159,26.354477169233785,102.64861462519666,109.18773431397688,-6.53911968878023,0.1304380920948519,1.4300044860126278,14.825267091657336,0.0503359302446616,0.1297888067172559,0.0886190435086525,11.072563179492128,0.4764551310726403,0.515740248698244,0.1957423618039847,93.67703794196872,0.0890878703329939,14.418608193637327,6.299001500415089,2.7930569624591577,2.0527506340586608,0.9450330167482882,0.3856904575123575,2.474731100256273,0.0312710573834176,0.0490116522638712,2.964313882564191,0.0569389773479074
1610612753,Orlando Magic,82,52,30,0.634,3956.0,109.0,110.4,102.7,104.9,6.3,5.6,0.558,1.45,16.4,0.274,0.709,0.501,0.151,0.537,0.575,95.6,94.02,78.35,7757,0.529,2007-08,2007,2008,2008-09,1610612753,0.72,0.0859999999999999,0,ORL,8,16725.513333333332,7,5,7,0.155,0.246,0.1846117727527645,0.5494624579534579,0.7980963812969168,27.0701056708972,109.87967946773531,103.83316212118254,6.058240783441824,0.1514450791146619,1.6270699155422037,16.888864098640518,0.0395476364053798,0.1389092887831644,0.09154748294721,11.068143728124738,0.5369073086745321,0.5753557757270629,0.1995580940814173,94.8872687475063,0.112174357777559,15.940676658852922,6.4572009150092855,3.3835732794648656,2.1803815089681358,0.9621229363363836,0.6564820930259441,2.7545870859286565,0.0263947137256766,0.0391387665573272,1.7911534356390078,0.0329023920472613
1610612755,Philadelphia 76ers,82,40,42,0.488,3951.0,103.0,105.1,103.4,104.7,-0.4,0.5,0.547,1.43,15.9,0.351,0.688,0.515,0.156,0.482,0.522,93.1,91.56,76.3,7536,0.5,2007-08,2007,2008,2008-09,1610612755,0.5,0.012,0,PHI,9,18392.555,7,4,6,0.133,0.236,0.1762544681801957,0.4883462357459308,0.6976173239661373,25.765036088424544,104.34840036271922,103.78548003073344,0.5736312691013655,0.1441038678421785,1.3847226400392258,14.256510038980448,0.0568427750612498,0.1306139957172888,0.0928916400322485,11.401464976816252,0.4850820189654635,0.523764336983089,0.1991074592409809,92.4201726278196,0.1038059086951214,14.713127132146676,6.400415820422992,3.0925556563511702,2.08062447006411,1.3133574970959716,0.7261633851305596,3.783625890239388,0.0243652380292477,0.0389408484718935,2.0548516831253245,0.0331167673382551
1610612756,Phoenix Suns,82,55,27,0.671,3956.0,111.2,112.0,104.9,107.0,6.3,5.0,0.645,1.85,19.7,0.253,0.674,0.481,0.147,0.551,0.59,99.0,97.72,81.43,8058,0.556,2007-08,2007,2008,2008-09,1610612756,0.561,-0.1099999999999999,1,PHX,7,15897.508333333331,6,6,6,0.168,0.278,0.174861679057672,0.5096962259809058,0.8071350803925772,29.487030934092928,111.84503944800576,105.87763240675557,5.952178480799665,0.1732465031994007,1.9699287068571023,19.92784733037305,0.036795758349972,0.1141668202721495,0.0789813587139703,10.11292505481729,0.5454805312782245,0.5846468721251392,0.1973903362214519,98.74073776865454,0.1115590043722784,16.74602047176156,5.604651882029732,4.381818744132335,2.130899968076758,0.8899507836919938,0.8718347372046249,4.092299366238274,0.0371823875797145,0.0464914872633282,3.1618990226197283,0.0523586137339927
1610612757,Portland Trail Blazers,82,41,41,0.5,3981.0,104.1,105.9,105.5,106.8,-1.4,-0.8,0.59,1.64,17.0,0.303,0.684,0.495,0.143,0.489,0.532,90.4,89.1,74.25,7381,0.495,2007-08,2007,2008,2008-09,1610612757,0.659,0.159,0,POR,10,19477.698333333334,9,6,5,0.134,0.256,0.1433434255022774,0.403805583120319,0.6304840604455404,24.2164201639499,104.9194013084537,105.64380728078838,-0.7412294351343189,0.1496866559952027,1.7218072515241578,16.385668224488192,0.0467285545973561,0.126685760526633,0.0866974900097282,10.51153026379999,0.4985261118720479,0.5396643680263726,0.1960927625859968,90.02258775099968,0.1011513850156319,14.24459888698348,6.00502164056174,3.1697790438791578,1.8002127048036731,0.8150860398546406,0.6302592734476926,2.4517951384390395,0.0179741621780904,0.0504368546652515,2.303585589443521,0.0416831861244092
1610612758,Sacramento Kings,82,38,44,0.463,3966.0,104.5,106.2,107.2,108.6,-2.7,-2.4,0.515,1.19,14.9,0.29,0.689,0.493,0.166,0.503,0.556,97.2,95.81,79.84,7920,0.483,2007-08,2007,2008,2008-09,1610612758,0.207,-0.256,1,SAC,9,17786.13,7,7,2,0.129,0.255,0.141516638714174,0.416885142149154,0.6636032309070795,27.525260882121813,105.93589819707826,107.65130658927303,-1.7154083921947418,0.1280039347139222,1.214619894828161,14.685956725830744,0.0433058402811629,0.127208583879686,0.086013213667054,12.108193191361282,0.5100707724689594,0.5629020525169519,0.1984848946904132,96.57887014394552,0.1003215108251954,15.74912586380511,5.908199254137915,2.8154522653325933,2.2547906711578065,1.190140856948645,0.6193590173916417,3.311333306736775,0.0208631347927018,0.0389638909598335,2.867563072476665,0.0379266885742773
1610612759,San Antonio Spurs,82,56,26,0.683,3946.0,104.7,106.0,99.5,100.7,5.2,5.3,0.585,1.66,17.1,0.268,0.733,0.503,0.14,0.504,0.543,90.8,89.72,74.77,7377,0.533,2007-08,2007,2008,2008-09,1610612759,0.659,-0.024,0,SAS,11,18002.003333333334,9,5,11,0.177,0.281,0.1472495375977599,0.411661961326156,0.6617983813283003,32.12487897180332,105.0517848198747,99.4937830160014,5.562467455011025,0.1555859428422873,1.869021663514857,17.256571805619416,0.0411033755317232,0.1362518321571988,0.0894804533791702,9.425335365452847,0.5130607705512775,0.5473734863027282,0.1965288598435619,90.91159145898764,0.1105709424747357,14.676366574757145,6.063325174364854,3.231640330400265,1.7718028049100465,0.941895170556018,0.6039327845178714,3.4823601833148468,0.0469254109364761,0.0726219809787687,2.630990567856307,0.0476792121992723
1610612760,Seattle SuperSonics,82,20,62,0.244,3966.0,97.6,99.6,106.9,108.3,-9.2,-8.6,0.559,1.33,15.9,0.305,0.7,0.502,0.163,0.467,0.509,98.9,97.32,81.1,8030,0.45,2007-08,2007,2008,2008-09,1610612760,0.28,0.036,0,SEA,9,16093.149999999998,8,5,0,0.106,0.273,0.1719966776754913,0.4529937685702716,0.7056556153808712,24.499604697236613,98.76870544299904,107.68981860812416,-8.935423642978536,0.1446460246543819,1.378756583805325,15.76099918288216,0.0473400906596906,0.125799709089478,0.0865365357310408,11.790693535241187,0.4651199572488916,0.5074363680613595,0.1982773808525159,98.5510846115687,0.0896216785816739,14.732727899758595,6.446966566520539,3.3219102537414997,2.3600103149476643,0.9618999387938348,0.7046476295815302,3.613526113631346,0.0174856086008642,0.0366340456018474,2.413197830696791,0.0291075356073729
1610612761,Toronto Raptors,82,41,41,0.5,3966.0,107.7,108.9,104.3,105.6,3.5,3.3,0.62,2.04,18.7,0.269,0.709,0.489,0.127,0.511,0.551,92.4,91.35,76.13,7543,0.519,2007-08,2007,2008,2008-09,1610612761,0.402,-0.0979999999999999,1,TOR,11,18968.13,9,4,8,0.156,0.282,0.138858794549946,0.3976075483807137,0.6134513523473322,26.79182950559702,108.15098640017052,104.71327789472832,3.408616163006053,0.1549662367877065,2.067818530345374,17.43202231848896,0.0424681961268717,0.1339955388327684,0.0887049527286031,8.657996896197288,0.518748501741254,0.5562207212835425,0.1956340055661786,92.15335093566593,0.1059330963744625,15.027733361169496,6.020203362165907,3.528233937662806,1.651190707781948,1.019183229975754,0.6225178760373321,3.4957129405908023,0.031139847615349,0.0438297608097,2.9375719207093085,0.0344965388980676
1610612762,Utah Jazz,82,54,28,0.659,3941.0,110.8,112.1,104.0,104.9,6.8,7.2,0.66,1.8,19.6,0.327,0.71,0.521,0.154,0.528,0.573,95.6,94.64,78.86,7773,0.556,2007-08,2007,2008,2008-09,1610612762,0.585,-0.074,1,UTA,11,18241.59833333333,7,5,11,0.155,0.263,0.1676898926711374,0.4536469254932795,0.6896261557489617,26.03500067930816,111.23851349283262,104.00972438544538,7.25743411190485,0.1708883588325913,1.8183217177880695,19.128539640943373,0.0551255686750402,0.1337178095413605,0.0952049656832885,10.570225708474558,0.524211452962044,0.570474641979015,0.1974633962539284,95.53919426285653,0.1124804864047457,15.979520800397696,6.3053685262777135,4.097009408623641,2.1531008019308246,1.343961178840414,0.6473116984723286,2.8993656867439044,0.0310892621428972,0.0413134224967946,2.2365358083465363,0.0398151191784654
1610612764,Washington Wizards,82,43,39,0.524,3981.0,106.0,107.6,106.8,107.9,-0.8,-0.3,0.538,1.49,15.6,0.32,0.695,0.503,0.144,0.489,0.535,92.0,90.85,75.71,7533,0.488,2007-08,2007,2008,2008-09,1610612764,0.232,-0.292,1,WAS,12,19860.76333333333,10,6,6,0.136,0.286,0.1541117335369285,0.3997163418861543,0.6206785606931187,27.87083217177453,106.52314190172952,106.81307541217365,-0.2815551651338008,0.1331314786658922,1.6516741803646688,16.107545060789036,0.0512567204953015,0.1289366721218671,0.0889580626222993,10.32919809728696,0.4875664361843091,0.5336587681507374,0.1953368131704907,91.80442231827612,0.0978067653156668,14.680402515579717,6.171968214044811,2.907441120507453,1.868810346161586,1.140137446882287,0.7087340886025025,3.634648846957421,0.0262233271080929,0.0440813666567673,4.4067741267896325,0.0377007745039189
1610612737,Atlanta Hawks,82,47,35,0.573,3941.0,106.6,108.3,104.6,106.7,2.0,1.7,0.561,1.58,16.4,0.295,0.682,0.49,0.141,0.504,0.546,92.0,90.44,75.37,7428,0.507,2008-09,2008,2009,2009-10,1610612737,0.646,0.073,0,ATL,10,19143.16,8,5,7,0.125,0.262,0.1632114725747125,0.4327792973225597,0.6592662862348744,26.4712914865327,107.3549178401058,105.81617681372003,1.5231849565763091,0.143671942702598,1.665971514978022,15.652537111601916,0.045687757402644,0.1266755888265051,0.0865017396988445,10.084634294094254,0.5090463345654531,0.5518280852447212,0.1975378192524118,91.249259707732,0.1031031285674186,14.920420662001469,5.970801058968321,3.065324638147516,1.833553081100508,1.0850873105589671,0.6864070508735235,3.1601661387336817,0.0190707371737763,0.0428757327800384,2.2244149183750848,0.0261773466254519
1610612738,Boston Celtics,82,62,20,0.756,3976.0,108.1,109.5,99.4,101.6,8.7,7.9,0.606,1.45,17.8,0.314,0.715,0.524,0.169,0.528,0.571,92.7,91.15,75.96,7560,0.562,2008-09,2008,2009,2009-10,1610612738,0.61,-0.146,1,BOS,12,19093.13,10,5,11,0.17,0.251,0.1589813543754568,0.4479816387709437,0.6587780526294015,28.164553253796875,108.7847300311683,100.46978895899557,8.304582058223735,0.1517008059967119,1.5180692846065578,17.039695438446536,0.0488712258458059,0.1322886803612957,0.0927946816472731,11.990903848661798,0.5245661185463045,0.5666693593454819,0.196774101819171,91.96521558277767,0.1141344249650703,15.134867881798325,6.190079887373103,3.424058810682167,2.211685564388867,1.144495428460394,0.7014041176066995,4.167276302082017,0.0332283965013418,0.0341337263540472,3.352612340435713,0.0483875739624556
1610612766,Charlotte Bobcats,82,35,47,0.427,3986.0,101.6,103.7,103.4,105.0,-1.8,-1.3,0.607,1.36,17.0,0.321,0.686,0.504,0.173,0.494,0.536,90.8,89.18,74.32,7401,0.495,2008-09,2008,2009,2009-10,1610612766,0.537,0.11,0,CHA,6,10996.903333333332,4,4,2,0.139,0.215,0.2806515834306082,0.7681169941477465,0.97263472050162,24.979598499092624,103.11027895428744,103.40519050666082,-0.3056269780189635,0.1675794781318741,1.4688296296139127,16.735768978600337,0.0506186155132763,0.1423685198045146,0.0965512682206597,11.887714541457276,0.4950365666577047,0.5470767984381057,0.2024229207252587,90.01923776420695,0.1159292716040364,14.65285227265494,6.452361892181163,3.4798887323128245,2.252270411882618,1.1359561525047508,0.8347804578925402,2.0927830271487298,0.0235396435443497,0.0102289262062179,2.753253989455917,0.0526533780663891
1610612741,Chicago Bulls,82,41,41,0.5,3986.0,105.1,107.2,105.8,107.5,-0.7,-0.3,0.554,1.45,16.1,0.321,0.675,0.498,0.153,0.493,0.541,95.8,94.1,78.42,7816,0.499,2008-09,2008,2009,2009-10,1610612741,0.5,0.0,0,CHI,7,13830.96,6,5,3,0.113,0.243,0.2169081779813789,0.590979464428596,0.8515180194770766,23.638659692940088,106.28989541097172,106.45400383150071,-0.1943788669284948,0.152782166964549,1.563365788299101,16.85791271900143,0.0532069564706041,0.1201225159593646,0.0866131672470072,11.082195981575635,0.4967518968314564,0.5430770356263533,0.1963033219193268,95.08886226986414,0.1027566962090845,15.208488781689775,6.121917784448803,3.412344479341998,2.1135192351073244,1.0853910357632444,0.9448368009162056,2.526797515088549,0.0107932058663393,0.040232093966804,3.108187188453222,0.0310086464422271
1610612739,Cleveland Cavaliers,82,66,16,0.805,3956.0,109.7,111.2,99.4,101.6,10.3,9.6,0.55,1.59,16.4,0.306,0.707,0.512,0.141,0.519,0.56,91.2,89.61,74.67,7395,0.559,2008-09,2008,2009,2009-10,1610612739,0.744,-0.061,1,CLE,11,18933.04,9,5,9,0.226,0.33,0.1613086611201018,0.432785930486247,0.6412125751244034,26.717203629211163,110.4681958364848,100.23823443919557,10.205514161134891,0.1481932207752515,1.6559790715067415,15.975427761908987,0.0473530682341557,0.1321975938183549,0.0909085486711765,10.101000191552265,0.5161273969561501,0.5514384977267254,0.1958923914666283,90.52088056910038,0.1136816845930007,15.108825629692856,6.263336474227066,3.1069495442887147,1.7854501971157302,1.0819181705632062,0.7909981703941893,4.001017567358972,0.0536126967638809,0.0721693485781441,6.145660021336561,0.0405360198292395
1610612742,Dallas Mavericks,82,50,32,0.61,3961.0,108.1,109.0,105.3,107.0,2.8,2.0,0.569,1.71,17.0,0.297,0.707,0.504,0.136,0.504,0.55,93.9,92.68,77.23,7651,0.522,2008-09,2008,2009,2009-10,1610612742,0.671,0.061,0,DAL,11,18620.25,9,4,8,0.16,0.295,0.1638247785788769,0.4525938158725044,0.6404965024637156,29.834673451394764,108.57382193221537,105.94885199357331,2.61843693469923,0.145614048415032,1.706388194752129,17.411226075553948,0.0458218394847902,0.1335551868709245,0.0902827405647077,10.077972100267184,0.5184655036855037,0.5593751697748419,0.1987900636851456,93.61205230595723,0.1084714674435985,15.658436379747856,6.27961493535264,3.375679703548556,1.8463769283441411,1.0942925041285696,0.7308172554074194,3.94415758317999,0.0338898163413375,0.0671007023665585,2.9818259727423206,0.0451563654719374
1610612743,Denver Nuggets,82,54,28,0.659,3946.0,107.5,109.0,103.5,105.6,4.0,3.4,0.595,1.45,16.9,0.311,0.683,0.503,0.16,0.512,0.563,97.0,95.39,79.49,7848,0.529,2008-09,2008,2009,2009-10,1610612743,0.646,-0.013,0,DEN,9,16418.36333333333,8,4,7,0.131,0.313,0.1529037912629943,0.4283056837374574,0.6679525912956407,27.17652967439508,108.04535119111549,104.0893250727996,3.965930851004434,0.1236534976385181,1.1649522922402538,14.435572079961688,0.0545987747662221,0.1336621512619304,0.0954365015879577,12.05785809141756,0.5201338621044038,0.5611487807656023,0.1932998709371965,96.46591345990842,0.1036957099256137,15.346474851634625,6.764377042047838,2.762760153316135,2.212400789441254,1.3331414073144523,1.0020487222741856,3.544981171404228,0.0241090832488975,0.0571362298055096,2.887848773243965,0.0475525793696856
1610612765,Detroit Pistons,82,39,43,0.476,3981.0,104.5,105.8,105.2,106.4,-0.8,-0.6,0.567,1.74,16.7,0.311,0.711,0.508,0.133,0.483,0.524,89.1,88.02,73.35,7302,0.496,2008-09,2008,2009,2009-10,1610612765,0.329,-0.1469999999999999,1,DET,11,17825.58333333333,8,5,4,0.121,0.271,0.1715146301897554,0.4405411697606905,0.6643019630026135,28.30570846208866,105.21058235588362,105.6493189937683,-0.431814985016853,0.1344635594908067,1.7024421192387342,14.81605811871514,0.0539151840753224,0.1380861540763041,0.0955698902794204,9.221303744150491,0.4987776515962543,0.5321305631886754,0.1879279333542146,88.69931072662418,0.0983031415521698,13.624014174384191,6.496954283871027,2.8475926454019733,1.577283585857405,0.8138864085794293,0.7432014847573944,4.132456257787225,0.0196741707501842,0.0474495610819963,2.081687424206545,0.0258498575394391
1610612744,Golden State Warriors,82,29,53,0.354,3976.0,106.6,108.0,110.1,111.7,-3.5,-3.7,0.53,1.42,15.4,0.293,0.652,0.473,0.146,0.497,0.549,101.0,99.57,82.97,8247,0.478,2008-09,2008,2009,2009-10,1610612744,0.317,-0.0369999999999999,0,GSW,12,17291.716666666667,11,5,0,0.127,0.253,0.1373232655712802,0.3814961498906508,0.5873014343091056,25.10453309532599,107.2055546345408,110.5590264317308,-3.3632237979070903,0.1274682651520043,1.4496696433648864,15.221023264511045,0.0512551055755983,0.1277541446145216,0.0896831715185402,10.568951897006562,0.5069293140357185,0.5557892339588415,0.1937386757435882,100.18818102791026,0.0973060756450824,15.972503212038903,6.618429055144901,2.985475704648565,2.1089866728096207,1.188777285463271,1.0576162189410536,3.2605381678743965,0.0151965303309612,0.0410681039435116,1.794667180897377,0.0267196113472308
1610612745,Houston Rockets,82,53,29,0.646,3961.0,105.4,107.1,101.4,102.9,4.0,4.2,0.562,1.44,16.2,0.308,0.714,0.517,0.154,0.501,0.548,92.7,91.23,76.02,7532,0.53,2008-09,2008,2009,2009-10,1610612745,0.512,-0.134,1,HOU,10,17145.454999999998,9,5,9,0.161,0.258,0.1509966732680274,0.439105776623212,0.6741165515875782,27.932577272907984,106.47768377489348,101.74887325338796,4.709820367360718,0.1244782177939673,1.4968589712745055,15.283131321585415,0.0501648816941088,0.141567048040817,0.0971855917501168,10.906000074072107,0.5085861234556525,0.5518203766926375,0.197296757556643,91.89356579143956,0.1091102861759379,15.035821446558284,6.794570339486469,2.664496217802327,1.9737009020757976,0.9721526783628665,0.6781972248622156,3.114691781000697,0.0292377690052848,0.0582870636773258,2.76553960357498,0.0592660366809753
1610612754,Indiana Pacers,82,36,46,0.439,3966.0,105.4,107.2,106.5,108.2,-1.2,-1.0,0.551,1.49,16.3,0.291,0.707,0.498,0.148,0.501,0.545,98.9,97.34,81.12,8037,0.489,2008-09,2008,2009,2009-10,1610612754,0.39,-0.0489999999999999,0,IND,12,19333.50666666667,9,6,4,0.14,0.289,0.1405048609909014,0.3942924994465566,0.6056222426971344,27.06271547220612,106.21860829006364,106.77992011106107,-0.5613118209974671,0.1398821848493772,1.6013315354758892,16.640697307541387,0.0444219918200733,0.1334682012333682,0.0884736810118254,10.687882013816427,0.5036914149217974,0.5447730529829734,0.1968759127504374,98.53649645123872,0.0983560620663401,15.77158273753408,6.440838806272772,3.262315579239635,2.08922264834867,1.033439010546802,0.7597173266722437,2.9747031123432586,0.0269059743120253,0.0487562742033112,2.0067078375851746,0.0377650426041962
1610612746,Los Angeles Clippers,82,19,63,0.232,3976.0,99.5,101.0,108.8,110.1,-9.2,-9.2,0.583,1.41,16.4,0.287,0.679,0.479,0.158,0.481,0.52,94.6,93.3,77.75,7723,0.441,2008-09,2008,2009,2009-10,1610612746,0.354,0.1219999999999999,0,LAC,13,16935.41,11,7,0,0.15,0.246,0.158050597338161,0.4475268092121773,0.6494943631912857,27.047426368774055,99.9498397735868,109.34934411586924,-9.395377751901684,0.1430395281247988,1.4713400039719533,15.947799265956164,0.041468932550201,0.1206255847954079,0.0804881917040488,11.336853246147172,0.4902561425045706,0.5276362062290392,0.1906846805992099,94.259156151716,0.0880444437621134,13.85759187406741,5.692687688104391,3.1248136301394527,2.083209086759635,1.0501074376114896,0.9480727068314256,4.856473664596441,0.0263980512006342,0.0385874366804163,3.0445556185670277,0.0524024802842744
1610612747,Los Angeles Lakers,82,65,17,0.793,3956.0,109.8,111.4,101.9,103.5,7.9,7.9,0.577,1.73,17.3,0.326,0.698,0.514,0.14,0.513,0.555,96.9,95.49,79.58,7874,0.547,2008-09,2008,2009,2009-10,1610612747,0.695,-0.098,1,LAL,10,18514.675,9,5,9,0.159,0.317,0.1619986128120891,0.4537039762602728,0.6867460541435376,27.64859658622148,110.74703250259591,102.32319001908849,8.41740503141427,0.1498223549697739,2.028626718175357,18.143660087651195,0.0531527743083077,0.1293294468666972,0.0918528270142468,9.682537167589134,0.5121800097310198,0.551039256067597,0.1981754481242582,96.31500314750328,0.1119513960322465,16.18521524142336,6.595416878773191,3.569924937920866,1.9269039289104457,1.3105280000864183,0.7388733531644495,3.755284790008804,0.0350519024716033,0.0557911658859342,5.444620206796645,0.0427734277212968
1610612763,Memphis Grizzlies,82,24,58,0.293,3961.0,100.9,102.3,106.8,108.2,-5.9,-6.0,0.497,1.14,14.2,0.297,0.697,0.495,0.166,0.486,0.533,92.5,91.22,76.02,7528,0.457,2008-09,2008,2009,2009-10,1610612763,0.488,0.195,0,MEM,10,18269.783333333336,8,4,1,0.113,0.253,0.1707903852171207,0.4699965425607126,0.7183642936834681,23.573003693712845,101.4109573640264,107.09606890977544,-5.740825990456008,0.1147794816030476,1.1597437928017755,13.59442765695999,0.0468035761234169,0.130877417904062,0.08840171886731,11.728112977074169,0.4854344391969619,0.5282604099483027,0.1945666077047073,92.1318813605708,0.0911106395167977,14.07110283190733,5.838492884881868,2.3941170621435943,2.072930987139968,1.0916385616687665,0.679811017645712,3.1125004889660595,0.0230400419676272,0.0435742036626973,2.706276902553576,0.0437508521383772
1610612748,Miami Heat,82,43,39,0.524,3991.0,105.1,106.8,104.7,106.5,0.4,0.3,0.551,1.63,16.3,0.282,0.693,0.484,0.136,0.5,0.54,92.3,90.8,75.67,7547,0.505,2008-09,2008,2009,2009-10,1610612748,0.573,0.0489999999999999,0,MIA,10,16275.426666666666,7,3,5,0.195,0.352,0.1872787564401793,0.5059311297112947,0.7419667236578334,25.220292432681745,105.82984064114652,105.12570214237088,0.6854106231316414,0.155203436653376,1.7011210612399716,15.910428246837563,0.0409129983893919,0.1235984115521395,0.0814392286285172,9.90818375882824,0.5014666789073425,0.5379864708103915,0.2004682720043386,91.78745598169674,0.1020995681014404,15.1096499671898,5.55192818293755,3.227196501556129,1.8049296403494184,1.1855910382687356,0.7210870867082235,3.161463873609814,0.0502116517092588,0.0864115931405322,1.9834259629986648,0.026117866770997
1610612749,Milwaukee Bucks,82,34,48,0.415,3956.0,103.8,105.2,104.9,106.3,-1.2,-1.1,0.599,1.56,16.8,0.31,0.699,0.496,0.149,0.483,0.531,95.2,93.89,78.25,7736,0.485,2008-09,2008,2009,2009-10,1610612749,0.561,0.146,0,MIL,12,18675.365,9,8,2,0.137,0.279,0.1573540865198618,0.3868724921842223,0.60791011759788,26.73814808974283,104.37825025999048,105.24299808865852,-0.8407926788401011,0.1504482206014893,1.5713260062119268,16.352588708886458,0.0508188383466668,0.1307060036042133,0.0891891028635852,10.99215419172084,0.4806964893769591,0.5277207252263433,0.197815907212523,94.63616804544382,0.0981574146832828,14.925973334389983,6.130000672008285,3.275116711239647,2.041405884168797,1.1103397443637648,0.5860126428586537,3.4890287183404087,0.0281536081300949,0.0502193520045462,1.854054860151108,0.0296108765890044
1610612750,Minnesota Timberwolves,82,24,58,0.293,3961.0,102.6,104.9,109.1,109.9,-6.5,-5.0,0.561,1.44,15.9,0.321,0.717,0.511,0.152,0.481,0.526,94.1,92.76,77.3,7645,0.453,2008-09,2008,2009,2009-10,1610612750,0.183,-0.1099999999999999,1,MIN,12,18589.023333333327,10,6,2,0.156,0.285,0.1406025993476078,0.4015364264251288,0.6243668530550378,25.811114695464543,104.2130036865842,109.03359305948833,-4.817085387487633,0.1391819570223072,1.5165430306810093,16.854855715030396,0.0489786746909959,0.1339828970752811,0.089676312382917,10.819778204234144,0.483275771884734,0.5289447895505357,0.1943851909379496,93.55829883567488,0.0929058608422497,14.553750089434498,6.282417204274852,3.106349320486086,2.002472068193649,0.906341322934843,0.5906711613143742,3.61083365113476,0.0326762599525356,0.0463204020310025,3.679672769255204,0.0442167606099124
1610612751,New Jersey Nets,82,34,48,0.415,3966.0,105.4,106.8,108.2,109.5,-2.8,-2.7,0.559,1.52,16.0,0.288,0.703,0.493,0.143,0.497,0.543,92.3,91.12,75.94,7530,0.474,2008-09,2008,2009,2009-10,1610612751,0.146,-0.269,1,NJN,13,19668.76833333333,10,4,4,0.138,0.274,0.1497904334121582,0.4037803248313888,0.6023375807042994,26.266358569647767,105.8771879632185,108.24804082377295,-2.358319022009597,0.1429699092325811,1.5457838869930935,15.194966826002746,0.0442960485324407,0.1299309453455863,0.0865028251641921,10.203477094524048,0.5002845811138317,0.5414169631533444,0.1943568567799661,92.15193112329268,0.0954916770334966,14.618708966779058,5.933874354613461,2.9870706189787684,1.837634130793311,1.021314586636123,0.7083310842798918,4.032148632787543,0.0278419086959174,0.0529041978409943,3.0832389494628334,0.0351341904840775
1610612740,New Orleans Hornets,82,49,33,0.598,3951.0,106.2,107.6,104.1,105.8,2.0,1.8,0.553,1.56,16.3,0.282,0.707,0.496,0.141,0.501,0.548,90.0,88.74,73.95,7303,0.515,2008-09,2008,2009,2009-10,1610612740,0.451,-0.1469999999999999,1,NOH,12,18729.48,7,6,8,0.212,0.271,0.1602869736194847,0.4590324984996915,0.6848055400719437,28.365112734932666,107.3356764576486,104.64731648538384,2.68030299470852,0.1370064141307358,1.4219550044457543,12.739485435082376,0.0459118295507047,0.1360283647312507,0.0910768370682653,10.223156898465236,0.5056388373658356,0.5472977307253948,0.1968141672913503,89.56300559421119,0.103729406796131,14.523414424746443,6.09114615034694,2.810115390283126,1.7356595057631072,1.0725337809698934,0.6381383786415854,3.325207735061593,0.0533290478837037,0.0508347464834152,3.3325645606540206,0.0397308441796093
1610612752,New York Knicks,82,32,50,0.39,3961.0,105.3,107.0,108.4,109.4,-3.1,-2.5,0.551,1.48,16.0,0.277,0.696,0.48,0.146,0.503,0.544,99.0,97.82,81.51,8066,0.467,2008-09,2008,2009,2009-10,1610612752,0.354,-0.036,0,NYK,7,14289.038333333334,6,5,2,0.133,0.249,0.2033933237634489,0.592422186564223,0.8795271153657063,25.39626121328669,106.4242311851404,108.81143441773489,-2.387203232594496,0.1520603442755595,1.6698164338794437,18.608797664596743,0.0472338217769028,0.1300719440764791,0.0876791379592491,10.820002757358406,0.5033186100814109,0.5446033990157723,0.1835773363801132,98.67856631592772,0.0942453028387844,14.683143477231903,6.391752745665296,3.5851258009782088,2.023089260847155,1.0732702678964985,0.3879897212583585,2.274685959643378,0.0267625795449079,0.0370679748674679,2.0136542734387968,0.0386767649283475
1610612760,Oklahoma City Thunder,82,23,59,0.28,3961.0,99.9,101.4,106.9,107.6,-7.0,-6.2,0.555,1.25,15.6,0.309,0.716,0.508,0.17,0.471,0.521,96.1,95.1,79.25,7841,0.464,2008-09,2008,2009,2009-10,1610612760,0.61,0.3299999999999999,0,OKC,10,16383.715,9,6,0,0.148,0.277,0.1760828766044005,0.5142873070403547,0.7344913328061838,24.01772318834078,100.78217971320912,107.14493385657649,-6.327255682446462,0.1478029889232489,1.2139219961203347,15.714219943401115,0.0486960083025532,0.1263991638445045,0.0867053600684175,12.30529490208214,0.476439041043703,0.5243414307031913,0.2003262939245871,96.09019226612118,0.0953578551425404,14.921890425950403,6.088728960434187,3.2388258706892787,2.4521910934119644,1.0942573158773818,0.6394154195187111,4.016412172953517,0.0293628353025726,0.0537581712574724,2.224729783176214,0.049957784874772
1610612753,Orlando Magic,82,59,23,0.72,3946.0,107.2,108.3,98.9,101.3,8.3,7.1,0.544,1.39,15.6,0.273,0.717,0.502,0.149,0.52,0.559,94.6,92.99,77.49,7649,0.545,2008-09,2008,2009,2009-10,1610612753,0.72,0.0,0,ORL,10,17660.071666666667,9,5,9,0.173,0.258,0.1618886408822614,0.4810458960953631,0.6746898818738278,27.503708978908453,107.69051188259616,100.13212301988584,7.57533713292783,0.1323173847067249,1.3729946320527389,14.766677145421172,0.0458289370852874,0.1374897342338078,0.0929057148975329,11.057012773541974,0.5242256464040398,0.5618227400549433,0.1978819262058487,93.90068311444188,0.1121454907270572,15.474229389216331,6.676077097837372,2.837587578683854,2.0731512697711776,1.000901940469664,0.8683996469248001,3.62392299610014,0.0343156126875245,0.0410848250024224,3.894401301323868,0.0316514763889211
1610612755,Philadelphia 76ers,82,41,41,0.5,3951.0,104.7,106.3,104.7,106.1,0.0,0.2,0.55,1.42,15.8,0.342,0.68,0.508,0.154,0.485,0.532,92.6,91.3,76.09,7512,0.503,2008-09,2008,2009,2009-10,1610612755,0.329,-0.1709999999999999,1,PHI,11,19367.29,8,4,5,0.135,0.266,0.1687881990717338,0.4556615819766214,0.6598914974681538,26.6377551187251,105.15955954601806,104.8876065520783,0.2801987784558397,0.1400464135663792,1.4382031593819615,14.357936241983264,0.0551158659781518,0.1265502248894915,0.0903126326226677,11.334038104109217,0.484151452870622,0.5314389116047386,0.1958450322683246,92.19470884413876,0.1019653977574216,14.571166125978392,6.1712299449226,3.0056863918493506,2.02795538250318,1.2063639259803516,0.7602509179136576,4.381542983117259,0.0276358519745776,0.0451027020772411,2.9700393966093497,0.0273758040461031
1610612756,Phoenix Suns,82,46,36,0.561,3951.0,111.2,112.4,108.5,110.4,2.6,2.0,0.565,1.48,17.4,0.308,0.682,0.503,0.161,0.545,0.584,98.4,96.99,80.83,7984,0.525,2008-09,2008,2009,2009-10,1610612756,0.659,0.0979999999999999,0,PHX,9,15302.581666666663,6,5,7,0.137,0.245,0.1623244618092219,0.4692599255310841,0.7326167948349456,30.742147103936382,111.76725176764836,109.27132212658236,2.4832005253144107,0.1558314131961828,1.4375545030582528,17.425086300797393,0.050656222277962,0.1341895642009861,0.0946398639270998,12.257157741030408,0.5446333664395844,0.5840011233398634,0.2028052738159977,98.02108334770092,0.1097883809148107,16.818338604956526,6.549483099202542,3.8911081343681766,2.521927400267645,1.0562923532837434,0.8727939043836721,5.205864503672349,0.0274363215968155,0.03536354198651,1.857546108704678,0.0384770186275158
1610612757,Portland Trail Blazers,82,54,28,0.659,3966.0,110.7,112.1,104.5,106.1,6.2,6.0,0.552,1.58,16.4,0.355,0.708,0.528,0.145,0.511,0.553,89.2,88.02,73.35,7273,0.531,2008-09,2008,2009,2009-10,1610612757,0.61,-0.049,0,POR,11,19679.231666666667,9,5,8,0.159,0.272,0.1526387505474256,0.4143024215291603,0.6267585480767839,24.283903445078607,110.82981271541853,104.68053293747326,6.131484765792432,0.1394119030222979,1.6274195139224183,15.573091395251796,0.0564791649640115,0.1321072964484809,0.0935446797169164,10.371101658016968,0.5192904215687961,0.558556095728331,0.1945132926514153,89.09142325339768,0.1073817961558289,14.821310350954588,6.172192190091432,3.049509300795026,1.7927529182838184,0.9988194830438416,0.7280772055887345,2.8036505199400006,0.0280507731713178,0.0490708460816021,4.356184264067903,0.0452739114660138
1610612758,Sacramento Kings,82,17,65,0.207,3981.0,102.6,104.4,111.9,113.4,-9.3,-9.0,0.541,1.28,15.3,0.289,0.669,0.477,0.16,0.491,0.542,96.8,95.29,79.41,7901,0.44,2008-09,2008,2009,2009-10,1610612758,0.305,0.098,0,SAC,7,12963.546666666663,6,5,0,0.115,0.266,0.1776424867268834,0.5270034126463334,0.8295614317481019,25.43562834142097,103.94652286514184,112.50065378198973,-8.559726324894626,0.132919524595121,1.2945932658860844,15.097902078752112,0.0453894532206206,0.1198040093966054,0.0819037463770202,11.99434250760594,0.4843814244250031,0.5319773655049133,0.1990635641377977,96.38472571420785,0.0861168977934022,15.009781273848926,5.726210728339775,2.9019836135378587,2.2910396948983096,1.083036946679201,0.7136935776834734,4.458664140811409,0.0178103640162379,0.0294278136892903,2.050178108298574,0.0419149082111978
1610612759,San Antonio Spurs,82,54,28,0.659,3981.0,106.2,107.6,102.0,103.4,4.3,4.2,0.571,1.8,17.3,0.258,0.74,0.502,0.13,0.513,0.548,90.4,89.19,74.32,7395,0.523,2008-09,2008,2009,2009-10,1610612759,0.61,-0.049,0,SAS,11,18811.44666666667,10,5,9,0.167,0.313,0.1341746000750606,0.3974070574759977,0.6240556724859367,31.265358290714484,106.3830494695251,102.1194533594262,4.257319408714622,0.1489915550531821,1.8675472230205936,16.713130710840243,0.0380847384766083,0.1394589180984485,0.0897635041005175,9.08666734651278,0.5213166385927432,0.5514226517932167,0.1939335518941126,90.55060621954644,0.1047538724648857,14.467786812072225,6.056950431244522,3.1404283278585345,1.6343240658081586,0.8630915148471657,0.6047381789173046,4.2065613282485295,0.0408764947792131,0.0746745727462474,2.700906801917592,0.03360084808201
1610612761,Toronto Raptors,82,33,49,0.402,3961.0,104.3,105.5,107.1,108.6,-2.8,-3.0,0.601,1.67,17.5,0.276,0.706,0.493,0.143,0.494,0.542,94.4,93.26,77.71,7697,0.492,2008-09,2008,2009,2009-10,1610612761,0.488,0.0859999999999999,0,TOR,7,14612.213333333331,6,4,0,0.148,0.268,0.2003710822727289,0.5486979613401027,0.8336869568470576,27.133375071629576,104.72383084104987,107.94694083533776,-3.1969852730501245,0.1608076886139084,1.8524615036645145,18.00329962560999,0.0355803591470514,0.1224082850556064,0.0796550999346665,9.74554121848755,0.5016578178665154,0.5494034377406664,0.1993073530498688,94.26665196169232,0.1005989612798791,15.34880410542414,5.489106829355535,3.614236857569376,1.897043204041186,0.8918566751466355,0.524766496702302,3.603374287443396,0.032036318829857,0.0409893061320513,1.5088494742445453,0.0424608474385916
1610612762,Utah Jazz,82,48,34,0.585,3976.0,107.1,108.5,104.7,105.8,2.5,2.7,0.644,1.67,18.4,0.316,0.693,0.505,0.155,0.504,0.554,95.6,94.47,78.73,7827,0.535,2008-09,2008,2009,2009-10,1610612762,0.646,0.061,0,UTA,12,19268.07833333333,8,6,9,0.149,0.244,0.1351810122562819,0.3902277229341414,0.6063718341744337,26.388426297830943,108.13608851496782,104.94551751268745,3.176085437338631,0.1635144904175273,1.6285881250742271,17.599069609692094,0.0494259811586469,0.129494081791758,0.0898364660478596,10.64032688954365,0.5012729242935229,0.5517131898726797,0.1973684385754781,95.24872266884944,0.1086847134124342,15.528066412435008,6.0778245746181065,3.747960681427581,2.120605869102844,1.3190729018384209,0.661404826134279,3.2215764761215806,0.0248650745605901,0.0289453303302793,2.7085168708195053,0.0416429419722225
1610612764,Washington Wizards,82,19,63,0.232,3941.0,102.3,104.0,111.2,112.1,-8.9,-8.1,0.548,1.43,15.8,0.313,0.689,0.495,0.151,0.48,0.524,93.4,92.26,76.88,7576,0.448,2008-09,2008,2009,2009-10,1610612764,0.317,0.0849999999999999,0,WAS,10,15963.946666666669,9,4,0,0.132,0.255,0.1939188387833919,0.4856467197752268,0.7073677895858668,27.32675973610536,102.86238345613783,110.7247200775748,-7.863100091790167,0.123638950810827,1.376131467281274,15.022687382652244,0.0522672292398872,0.1351740628466144,0.0923702673566102,10.814097380681137,0.4782994787838596,0.5234822534486041,0.203754135568815,93.20920343737052,0.0951840313506434,15.246605684809772,6.361584771017359,2.690312170089936,2.0092775721291978,1.1523466210527722,0.7531972043671741,4.26900105143035,0.0263144751343075,0.0528112592969228,2.664553564376828,0.0391906726933572
1610612737,Atlanta Hawks,82,53,29,0.646,3971.0,108.9,111.0,104.0,106.0,4.9,4.9,0.562,1.83,17.1,0.32,0.685,0.502,0.13,0.506,0.545,92.5,90.77,75.64,7515,0.523,2009-10,2009,2010,2010-11,1610612737,0.537,-0.1089999999999999,1,ATL,10,19440.66,7,6,7,0.132,0.264,0.1484401764137637,0.4424335387790332,0.6959464510635612,27.22137194244777,110.14813646587444,104.9370884356121,5.2037965789227325,0.1436183204856899,1.953643339097884,16.831938507574677,0.0501031986568357,0.128652031703999,0.0891179886210996,8.96673352825127,0.5059874800203971,0.5451984252763709,0.1970164193671065,91.61302420802586,0.1057750852251586,15.219853646944085,6.164605522652009,3.285073654906778,1.692535129980155,1.0666304539043427,0.7536781158664366,3.4424474900593367,0.0256093069162435,0.0432250688908373,3.116541223308173,0.0318431185887158
1610612738,Boston Celtics,82,50,32,0.61,3956.0,105.4,106.9,101.1,103.2,4.3,3.7,0.635,1.58,18.5,0.274,0.697,0.493,0.16,0.522,0.564,93.8,92.22,76.85,7609,0.54,2009-10,2009,2010,2010-11,1610612738,0.683,0.073,0,BOS,11,18014.885,9,5,8,0.151,0.235,0.1644784299205906,0.4547818836108768,0.6886824423247775,29.71887164419868,106.0997653144423,102.01191878271774,4.067711090023612,0.1600680325371676,1.588275854476266,17.49933548470242,0.0435982450993534,0.1324067949920302,0.0898907797635122,11.617110082393902,0.5240316405942457,0.5648981041695983,0.1952377454347706,93.32283817705932,0.110033470562445,14.8637085388,5.971062263233987,3.573045290047647,2.154218580912396,1.2789423856993816,0.7793555162855605,4.349668187024463,0.0307490145499354,0.0263816869649232,3.7174390593732314,0.045145773132496
1610612766,Charlotte Bobcats,82,44,38,0.537,3976.0,101.5,103.9,100.2,102.0,1.3,1.9,0.58,1.29,16.1,0.315,0.698,0.51,0.172,0.49,0.538,92.8,90.91,75.75,7519,0.518,2009-10,2009,2010,2010-11,1610612766,0.415,-0.122,1,CHA,9,13982.896666666664,6,3,7,0.144,0.208,0.2230881345758354,0.6199306819831562,0.8084154713770563,26.58334944428539,102.51633723246186,100.66527910645124,1.8497951425896733,0.1490538624686492,1.5078271741024571,17.331096048529766,0.049399856348315,0.1369298241494549,0.0935426938242887,12.503992639579453,0.5102336988354107,0.5562936639976124,0.1788848049843749,91.99679940064878,0.1077880016038641,13.32084506095423,6.341175374010489,3.1512783831866984,2.087979386245435,1.1019176045783554,0.7569247096870011,2.5030182342353453,0.0232107972041522,0.0205649814825068,1.3450555184181114,0.0392200065216128
1610612741,Chicago Bulls,82,41,41,0.5,3981.0,100.8,102.6,102.6,104.2,-1.8,-1.6,0.553,1.45,16.0,0.303,0.709,0.509,0.151,0.477,0.52,95.5,94.02,78.35,7794,0.5,2009-10,2009,2010,2010-11,1610612741,0.756,0.256,0,CHI,8,15666.783333333333,6,5,1,0.137,0.268,0.1832507630262327,0.5108335363460059,0.7759342217664336,26.188350512283417,101.83732288163812,103.15600691271447,-1.2905597405125706,0.1513387172648714,1.5745321268884167,16.34821932177101,0.0507281627690006,0.1361706753247581,0.09401144044672,11.052800106807714,0.481392266440569,0.5227488312321078,0.1979077039851831,94.87803932311142,0.1043424035140164,14.694784187777325,6.859097857781911,3.29742225323854,2.10023967906622,0.8823764078352608,0.8961635392076868,3.9559792669244698,0.0254178160056091,0.0396435877901245,1.9138312998796865,0.0268727614750308
1610612739,Cleveland Cavaliers,82,61,21,0.744,3956.0,108.8,110.6,101.5,103.8,7.3,6.8,0.592,1.61,17.7,0.293,0.725,0.519,0.15,0.532,0.57,93.5,91.77,76.48,7573,0.552,2009-10,2009,2010,2010-11,1610612739,0.232,-0.512,1,CLE,11,18412.11666666667,10,5,10,0.218,0.328,0.1610749080994671,0.4135060517213754,0.6229855882946645,28.359697101636872,109.69389758736774,102.51001773288786,7.18490209798439,0.1601388698746387,1.7356311151985968,17.30435302115365,0.0433540109004306,0.1346545555598804,0.0912844459309856,10.351096017387102,0.5360383509228978,0.5710319745964387,0.1934970756576059,92.6834079967268,0.1128848984409723,15.246916206447386,6.227420892220431,3.480316856562753,1.953278954891118,1.016721778321703,0.7899146123884001,4.896997418328057,0.0495541045754429,0.070310129424172,3.7326015676033264,0.0350775200783267
1610612742,Dallas Mavericks,82,55,27,0.671,3976.0,107.1,107.8,103.2,105.0,4.0,2.8,0.611,1.81,18.0,0.279,0.697,0.493,0.137,0.506,0.552,94.8,93.6,78.0,7757,0.534,2009-10,2009,2010,2010-11,1610612742,0.695,0.0239999999999999,0,DAL,7,14369.706666666669,6,4,6,0.161,0.284,0.2114644186659342,0.5886740439146054,0.8622060714762908,32.048172637251696,107.6995338689354,103.67991589714656,4.019617971788799,0.185120636422177,2.0896936413918907,20.648199070173547,0.0344274016727782,0.1285430549266605,0.082830780702552,9.998082215549749,0.5277326915975088,0.5676304387563466,0.2003924100051218,94.34323475287825,0.1188727551153908,15.908466700317703,5.777153419044508,4.268980670447459,1.9265528964636716,1.1449085483535733,0.7190125894474301,3.756184745061344,0.0259371818405652,0.0550991505546077,2.2383928953391696,0.0315286433557902
1610612743,Denver Nuggets,82,53,29,0.646,3956.0,108.7,110.8,104.7,106.5,4.0,4.4,0.55,1.51,16.1,0.304,0.687,0.498,0.144,0.509,0.561,97.3,95.61,79.68,7876,0.524,2009-10,2009,2010,2010-11,1610612743,0.61,-0.036,0,DEN,12,19689.40333333333,9,6,9,0.14,0.327,0.1399019878882397,0.4001344377965745,0.618669331608322,27.920473635480068,109.93334361241013,105.41999789734616,4.518346213640129,0.1399408928254301,1.5155744579021444,15.949208762208976,0.0464027002849756,0.1272001177960192,0.0872635692701708,10.735187336809426,0.5184799371777138,0.5651386472520498,0.1964659034868332,96.4778602068693,0.1052077549836028,15.934459500296354,6.163518413711877,3.130211665462692,2.014890920175167,1.2341663984739,0.7587837857283978,3.87117789674022,0.0289738720449583,0.0683105925095483,3.873370791446973,0.0545794579580842
1610612765,Detroit Pistons,82,27,55,0.329,3956.0,102.4,104.5,108.9,110.3,-6.5,-5.9,0.541,1.45,15.5,0.346,0.697,0.51,0.149,0.474,0.515,91.0,89.46,74.55,7379,0.448,2009-10,2009,2010,2010-11,1610612765,0.366,0.0369999999999999,0,DET,14,19780.0,10,7,0,0.11,0.271,0.1263201887428378,0.3390390967307043,0.5198848163127738,27.3865710313448,103.4765533535558,109.13858704078194,-5.676645896528481,0.1367689680653859,1.489323062858106,15.010224747219414,0.0535693802662622,0.1297569708459723,0.0891660449949444,10.527724368048537,0.4817342221098754,0.5170746691944726,0.1951092269127064,90.38554631108865,0.0902400585608358,14.03053589484328,5.9969666329625895,2.895652173913044,1.8855409504550051,1.084732052578362,0.5696663296258848,4.007758913630452,0.017372082410193,0.0521214790868873,3.0960757742839347,0.0244420412236665
1610612744,Golden State Warriors,82,26,56,0.317,3946.0,105.4,107.0,109.4,110.3,-3.9,-3.3,0.552,1.53,16.5,0.254,0.659,0.453,0.144,0.514,0.557,102.7,101.52,84.6,8338,0.47,2009-10,2009,2010,2010-11,1610612744,0.439,0.122,0,GSW,12,16544.704999999998,11,6,3,0.127,0.291,0.1750537911273325,0.4608096668994702,0.6908571856272646,25.21088640343441,106.32021737468273,109.78708666408176,-3.466882929211088,0.1490826312708507,1.6473229138869503,17.38038825714934,0.035258483101794,0.1194244316635846,0.0767808942498521,10.719792042227407,0.5278866849947863,0.5662193692785699,0.2012446110905775,102.2020329485073,0.0974819788768269,16.824234702280883,5.524667862013859,3.5424022368485875,2.247728200653925,1.4513404741879654,0.6201379837234935,3.298904518011085,0.0179966592733377,0.0602046693334891,3.3684286838352784,0.0315585532576825
1610612745,Houston Rockets,82,42,40,0.512,3981.0,104.5,106.8,105.5,106.8,-1.0,0.0,0.579,1.51,16.5,0.309,0.699,0.498,0.151,0.494,0.537,96.5,94.91,79.1,7857,0.489,2009-10,2009,2010,2010-11,1610612745,0.524,0.012,0,HOU,9,16493.886666666665,7,4,6,0.128,0.254,0.1770003269898382,0.4983422140647666,0.7372954949369119,26.51671104000957,106.01004796524612,105.8040192366222,0.2060287286238982,0.1582439979782408,1.8187108516569572,18.705077921799717,0.0439154793917584,0.1331631511553977,0.0869946522610599,10.295365555642237,0.4906337978556095,0.5270168734234059,0.1914555137196286,95.44259069218778,0.0978755368150543,14.55593850327576,6.157190361034775,3.5685949097099816,1.994920946467843,1.097861308614141,0.5107346843254653,3.067011782760927,0.0172794303790135,0.0498791649334376,2.847497981374789,0.0261959131322942
1610612754,Indiana Pacers,82,32,50,0.39,3941.0,101.3,103.0,104.2,106.0,-2.9,-3.0,0.573,1.4,16.1,0.255,0.69,0.473,0.154,0.491,0.536,99.4,97.77,81.48,8024,0.476,2009-10,2009,2010,2010-11,1610612754,0.451,0.061,0,IND,13,19425.066666666666,11,6,3,0.147,0.282,0.1282321639393772,0.3684537333205206,0.5904841167426281,26.94980669307012,101.84831315036244,104.51972531196805,-2.699961364353962,0.1424664749327329,1.4554493592471582,16.340045139270224,0.0377569959433858,0.1289859196536434,0.0833921547244797,11.028629794492344,0.4914445613228269,0.5344612877347482,0.1962763456839273,98.94424964993684,0.0963252634911591,15.217245071659988,6.152874636208885,3.159834715281973,2.1386799187304377,1.0730465103508868,0.8061748393827907,2.8358166721807083,0.0270382486152921,0.04215725905699,3.050739308702099,0.0277238623764865
1610612746,Los Angeles Clippers,82,29,53,0.354,3941.0,100.9,102.3,107.1,109.1,-6.3,-6.8,0.603,1.41,17.1,0.305,0.697,0.5,0.168,0.491,0.529,95.0,93.44,77.86,7670,0.465,2009-10,2009,2010,2010-11,1610612746,0.39,0.036,0,LAC,9,13762.795000000002,6,4,0,0.118,0.267,0.1963460183778076,0.5691695134115804,0.820644232027966,27.19138941859799,101.65014528904436,107.63977714313602,-5.986007396511149,0.1458421731680713,1.401433768843223,14.478712960073397,0.0408281180046155,0.1195209050923159,0.0802034017557238,11.554352307555744,0.5013162947642539,0.5332369555021346,0.2066341903419085,94.67000518911068,0.0918424513334682,15.380596746518425,5.621241906168043,3.175517763651933,2.30970525972377,0.9364376930703394,0.8161132967540388,3.9477956917466734,0.0245277706004164,0.0422822055388553,2.470087673348283,0.0396649037836038
1610612747,Los Angeles Lakers,82,57,25,0.695,3966.0,105.9,107.6,101.1,102.7,4.9,4.9,0.55,1.58,16.2,0.314,0.708,0.512,0.141,0.496,0.538,95.2,93.73,78.11,7749,0.529,2009-10,2009,2010,2010-11,1610612747,0.695,0.0,0,LAL,11,19317.303333333333,8,6,8,0.16,0.319,0.1467794590376745,0.4154170242188738,0.6551388038806658,28.490390912051044,106.79664609846336,101.5889127122816,5.219066498412218,0.1379695871111064,1.665151657641655,16.54523211573182,0.0495107759174805,0.1330836734285375,0.0916343507056109,10.17658897696383,0.4971016211545055,0.536789041551866,0.1968898424573064,94.65852605634568,0.1070108274257052,15.27418164474648,6.643784475783455,3.115962873354821,1.9456131816880584,1.116304881064317,0.7398548210058995,3.885504712096744,0.0383375302218839,0.0554840763264181,3.299112800826293,0.0423067088033101
1610612763,Memphis Grizzlies,82,40,42,0.488,3981.0,104.8,107.5,107.6,109.0,-2.9,-1.5,0.479,1.24,14.4,0.355,0.698,0.523,0.16,0.494,0.536,96.1,94.29,78.58,7816,0.486,2009-10,2009,2010,2010-11,1610612763,0.561,0.073,0,MEM,11,19294.486666666668,7,5,3,0.141,0.243,0.1645420816240079,0.4840253156946734,0.7451060285615269,24.185133024183425,106.65595090549184,108.0218181843311,-1.330867453327773,0.1191206317832417,1.270611352534904,14.34470255406294,0.0536090685491157,0.1317770476229306,0.0917419814745006,11.345718586967678,0.4988178399321672,0.5375935877019101,0.1961616555921156,95.18837022182156,0.0986465619885196,15.30717064943941,6.394158193031309,2.8248484109277507,2.134495760965222,1.1754653229091698,0.6978159218540151,2.483816738093375,0.0257195173323854,0.0347579219396816,3.342214407476362,0.0490234194507153
1610612748,Miami Heat,82,47,35,0.573,3976.0,104.5,105.7,100.9,103.4,3.6,2.4,0.519,1.43,15.4,0.294,0.701,0.5,0.144,0.496,0.537,91.9,90.3,75.25,7485,0.522,2009-10,2009,2010,2010-11,1610612748,0.707,0.134,0,MIA,12,19134.101666666666,10,5,8,0.178,0.337,0.145940219647974,0.3813718804497485,0.5942412939689443,27.23248787657569,104.56413151876043,102.3118552817696,2.2605574723872146,0.132161812143258,1.4954949370064496,14.367254642474723,0.047790732619535,0.1349716406858574,0.0917306747525208,10.397429937700236,0.4993064825532701,0.5390749347086323,0.1956844292228334,91.17827392384328,0.1065824804422052,14.551192674231462,6.316052987767652,2.7713869678229823,1.8287767364045748,1.0912453776899729,0.8485373540313408,3.4046994851464496,0.0374481040015606,0.0732050983904722,2.7126639430570463,0.0331460045214292
1610612749,Milwaukee Bucks,82,46,36,0.561,3996.0,102.0,104.0,100.9,101.9,1.0,2.1,0.57,1.6,16.4,0.298,0.726,0.501,0.141,0.482,0.518,94.0,92.6,77.17,7698,0.495,2009-10,2009,2010,2010-11,1610612749,0.427,-0.134,1,MIL,11,17023.023333333334,9,5,9,0.149,0.256,0.1568887978574898,0.4217518548898579,0.642865045319995,26.537536125094896,103.078280904665,100.73512506689468,2.361904250459231,0.1519050797282973,1.684369226813803,16.60192022294512,0.047480309706051,0.1419961279890156,0.0923400899017742,10.27716827426072,0.4831114251737892,0.5143420450969638,0.1933725270501303,93.46433992727889,0.0997152129459181,14.09502855642368,6.568515933421149,3.2990614475650326,1.8927307663914767,1.067965404500219,0.7718957874110494,4.853984382299672,0.0288498150445112,0.0467467621832583,3.0704510751948866,0.0327139447367843
1610612750,Minnesota Timberwolves,82,15,67,0.183,3956.0,98.9,100.6,109.3,110.4,-10.4,-9.8,0.524,1.22,15.0,0.308,0.705,0.501,0.167,0.478,0.518,98.5,97.12,80.94,8002,0.432,2009-10,2009,2010,2010-11,1610612750,0.207,0.0239999999999999,0,MIN,12,18869.16833333333,9,5,0,0.146,0.242,0.1315361805824157,0.3860559655473244,0.5949704902203339,24.330737770548268,99.27414878998816,108.99970211547038,-9.710157036597884,0.1316250766572383,1.244151224294376,14.844547538352028,0.0471315467798836,0.1331790619459381,0.0888695949415188,12.044657779918056,0.4783766942210224,0.5191469248644681,0.197887185188607,98.38325602585734,0.0880439996428035,14.873787495138677,6.397102292355052,2.9705601757222837,2.36385617066147,1.0855804367283102,0.5151260420327659,2.5688295427976007,0.0293476300587843,0.0338808233373702,3.082360415327722,0.0325856321157793
1610612751,New Jersey Nets,82,12,70,0.146,3956.0,98.1,99.3,108.0,108.9,-10.0,-9.6,0.547,1.3,15.1,0.285,0.686,0.478,0.155,0.458,0.509,93.6,92.65,77.2,7628,0.429,2009-10,2009,2010,2010-11,1610612751,0.293,0.147,0,NJN,11,17319.735,11,5,0,0.126,0.247,0.1747547908017453,0.4400972840134871,0.6417977334333734,24.8612380616678,98.73697898187623,108.15344142582629,-9.418546983157269,0.1388617806989156,1.3626242626306542,14.270960852846,0.0443145530228955,0.1248089500214639,0.082929092929732,10.633934795576645,0.4644775910254977,0.5126908335106359,0.195510530905929,93.46980046076531,0.088567724140506,14.059337512958484,5.76590808115713,2.833068750763219,1.972547501448492,1.0122556725030722,0.6796870737340958,2.945611550027347,0.0236100619436535,0.0383291888757803,2.5747802066174783,0.0339738014001838
1610612740,New Orleans Hornets,82,37,45,0.451,3966.0,105.1,106.5,107.3,108.9,-2.3,-2.4,0.575,1.66,17.3,0.282,0.696,0.486,0.143,0.506,0.543,94.8,93.53,77.94,7721,0.484,2009-10,2009,2010,2010-11,1610612740,0.561,0.11,0,NOH,10,17943.176666666666,9,6,1,0.167,0.248,0.1643327556454607,0.4139650671295105,0.62677660384551,27.83258863675756,106.0208745181316,108.26623227994004,-2.226728851245775,0.1488769386431573,1.704248950343798,16.063633687680348,0.0433944128808109,0.1341747055937512,0.0880450843616877,9.791294982512383,0.5085109222577272,0.5434645116723108,0.1972076796880819,94.22314704865524,0.1005036069421375,15.141800420698454,6.016994761054017,3.37264694675952,1.871909340467955,1.1395975406064291,0.5437164322259548,4.053275829947551,0.0304076943650475,0.0410877948205955,1.460506124024925,0.0202434496751212
1610612752,New York Knicks,82,29,53,0.354,3976.0,105.2,106.4,109.1,110.3,-4.0,-4.0,0.567,1.54,16.6,0.268,0.691,0.476,0.146,0.509,0.547,96.1,95.03,79.2,7872,0.474,2009-10,2009,2010,2010-11,1610612752,0.512,0.158,0,NYK,6,13439.638333333334,6,5,0,0.159,0.262,0.2246325328943003,0.6016187439567755,0.9191215835049132,25.33071859696621,105.98881157888304,109.49044706436172,-3.501635485478714,0.1385982461333595,1.653621859616014,16.46574044713257,0.040882513827567,0.1439207910232703,0.0915893514247593,9.58774714051705,0.5149673147206466,0.5534761585226191,0.2046312661191403,95.67296389052136,0.1056885120792561,16.353118629308355,6.391243415156385,3.1286556198250874,1.8857650311274496,0.9884194552358366,0.4794771883122351,3.087175826772941,0.0298217668806267,0.0407443585122926,0.9186925407215184,0.0287736970231623
1610612760,Oklahoma City Thunder,82,50,32,0.61,3961.0,105.8,107.0,101.6,103.5,4.1,3.5,0.535,1.34,15.5,0.32,0.694,0.511,0.158,0.494,0.547,95.6,94.13,78.44,7774,0.532,2009-10,2009,2010,2010-11,1610612760,0.671,0.061,0,OKC,9,18123.596666666668,8,4,8,0.183,0.311,0.1787352179359541,0.5018305785146766,0.7274467595560041,23.17697498969576,106.7718221401602,102.88107705442576,3.904389893911786,0.1247038455759057,1.177616466488716,13.28403566510621,0.0534291619636205,0.1348795751358404,0.0951521414347667,11.35084723801144,0.4989296370348858,0.5456090808134294,0.1997053779244333,94.9800770937851,0.1085921412030246,15.670399492080216,6.699994611077015,2.7809049675386364,2.139310464313651,1.1898300539683166,0.91769863928775,3.062990520392886,0.0381194585556848,0.0676272999210105,2.597982932069687,0.0436090351723964
1610612753,Orlando Magic,82,59,23,0.72,3946.0,109.5,110.7,100.2,102.8,9.3,7.9,0.537,1.4,15.8,0.28,0.726,0.512,0.152,0.536,0.573,94.2,92.54,77.12,7614,0.551,2009-10,2009,2010,2010-11,1610612753,0.634,-0.0859999999999999,1,ORL,12,19730.000000000004,8,5,12,0.167,0.247,0.1440852339922284,0.3812395674945091,0.5818135664808243,28.454764402770746,109.7071747761446,101.69541409866532,8.007825029565806,0.1343192941375232,1.530862837472546,15.45959080925832,0.0438312170974826,0.1369221495184997,0.0925444204257475,11.165714901165735,0.539565998732894,0.5729237310356479,0.1955734483865517,93.43480009376584,0.1107448610407163,15.374353775975672,6.470146984287887,2.9467815509376583,2.038114546376077,0.9342118601115054,0.8320324379118095,3.548421244036926,0.0260483619637793,0.0388027556680736,3.059715823480697,0.0296767741374275
1610612755,Philadelphia 76ers,82,27,55,0.329,3961.0,103.4,104.8,107.6,108.9,-4.2,-4.1,0.558,1.45,16.4,0.31,0.693,0.498,0.156,0.496,0.534,93.9,92.72,77.26,7648,0.478,2009-10,2009,2010,2010-11,1610612755,0.5,0.1709999999999999,0,PHI,11,18498.28,9,5,0,0.128,0.249,0.1725932537151201,0.4127527892683355,0.6309182078910399,25.76846658175787,103.90540770997808,107.90568166337628,-4.010609923373057,0.1367688816653944,1.4643485844810076,15.643709883657651,0.0513528176673723,0.1338829424501449,0.0921325006072636,11.224413152646264,0.4996153257672245,0.5359712113774903,0.195546732813357,93.53496707892124,0.0969778613651287,14.551190705298009,6.268474690619885,3.0885033635559638,2.0784635112021226,1.231898317032719,0.8426729404031078,3.597749341399961,0.0234377184905784,0.0270217149664178,1.5319375206345724,0.0222961752559665
1610612756,Phoenix Suns,82,54,28,0.659,3946.0,112.7,113.9,106.9,109.1,5.8,4.8,0.573,1.58,17.5,0.311,0.673,0.503,0.152,0.546,0.585,97.9,96.43,80.36,7937,0.536,2009-10,2009,2010,2010-11,1610612756,0.488,-0.171,1,PHX,11,19359.268333333333,9,5,10,0.155,0.27,0.1465738073262238,0.4123404801541656,0.6510086770669105,28.863045530043703,113.17262238991296,107.99020394279708,5.174115077179655,0.1441823639856912,1.5014377910804306,15.82006227680264,0.0488404517870466,0.1260123522230221,0.0898761594898429,10.395719268316007,0.5483700920687342,0.5867100698795348,0.1962073650166358,97.32282011777131,0.1083626089174685,16.646910123411168,6.421110439693785,3.5369105289017027,2.1236339768694767,0.8870169938412787,0.7680042315648807,4.90820603646341,0.0253119231147917,0.0426464683376482,1.962840084717786,0.0352112022188504
1610612757,Portland Trail Blazers,82,50,32,0.61,3971.0,108.0,109.6,104.0,106.1,4.1,3.5,0.563,1.65,16.6,0.32,0.702,0.51,0.138,0.499,0.547,90.2,88.64,73.87,7339,0.525,2009-10,2009,2010,2010-11,1610612757,0.585,-0.025,0,POR,12,17434.72333333333,10,3,9,0.148,0.263,0.1675758357316443,0.4496697873228845,0.6582584141952735,26.48740272525116,108.38094679640264,104.87866433976488,3.497025839431158,0.1390566741619263,1.5819555706552653,14.3547056095145,0.049905454957033,0.1306509292662516,0.0900760168835486,9.837342366774964,0.5041433500426448,0.5539349358760497,0.2007300851920602,89.59879924296668,0.1074213846620642,15.18280473621893,5.94675338505515,2.927950104169515,1.7262103576062866,0.9333099062656,0.6049995631323468,5.199433121153869,0.0254291742287873,0.0472283520198554,3.3921225858838677,0.0392489709026819
1610612758,Sacramento Kings,82,25,57,0.305,3976.0,102.4,104.4,107.2,109.1,-4.8,-4.7,0.534,1.37,15.7,0.315,0.7,0.504,0.156,0.491,0.528,96.5,94.78,78.98,7855,0.467,2009-10,2009,2010,2010-11,1610612758,0.293,-0.012,0,SAC,12,17270.77666666667,8,5,2,0.131,0.261,0.154977396307018,0.4348669515538096,0.656928476291261,24.270326966573403,103.4034933866128,107.61666584961536,-4.2101732830776,0.1367785729767412,1.4374403544484489,15.541003174340936,0.0488585136974152,0.1332072459393352,0.0900403643302665,11.218716384690673,0.4927085931090149,0.5256836088050856,0.1924754243825746,95.87646455679568,0.0937346411558793,14.532756971168832,6.468035697294448,3.05579772227962,2.0886148142729737,0.998449596843068,0.6982893840134192,3.672323508935327,0.0217519125870602,0.0389587131639521,1.833632498194236,0.0243797798987795
1610612759,San Antonio Spurs,82,50,32,0.61,3956.0,107.2,109.3,102.0,103.9,5.2,5.4,0.581,1.64,17.4,0.303,0.72,0.515,0.147,0.515,0.552,94.0,92.26,76.88,7605,0.532,2009-10,2009,2010,2010-11,1610612759,0.744,0.134,0,SAS,11,18775.82833333333,10,5,10,0.18,0.263,0.1342313614747755,0.3853265417406795,0.5918587524367545,29.352395637760157,108.05046967745854,102.36713453476575,5.680414650148148,0.1510353916032288,1.7767540792918417,17.29528106926841,0.047478287464814,0.1355111055464308,0.0922798721618762,10.156638522028814,0.5150405466354481,0.5498722343097691,0.1961359323960585,93.47400423523256,0.1089920910724134,15.285184488531666,6.423152036701089,3.4148160529446687,1.9211935345595497,0.9452578967443692,0.6614887918393659,4.044386978699547,0.037193229324789,0.0477241063941555,2.363907463527384,0.0295113233285931
1610612761,Toronto Raptors,82,40,42,0.488,3956.0,108.6,110.2,110.2,112.2,-1.6,-2.0,0.564,1.64,17.1,0.288,0.692,0.495,0.142,0.521,0.564,95.4,93.94,78.29,7746,0.489,2009-10,2009,2010,2010-11,1610612761,0.268,-0.2199999999999999,1,TOR,12,19378.396666666667,10,5,4,0.167,0.285,0.1444539013289541,0.3920016430667896,0.6015497670171887,25.652076478979428,109.19698775388882,110.99166159085404,-1.7946738369651845,0.139946898771639,1.6524159781708812,16.70155748179373,0.0436040209036901,0.1299316329747954,0.0878462126811661,10.080606969720062,0.5228607395107853,0.5629385847023123,0.195454483420455,95.04467023759622,0.0983798350878358,15.552989506011766,6.033935728084832,3.2974864277557194,1.898609086854279,0.839697952307372,0.6873633680392204,3.164826301549512,0.0308838959526603,0.0401611539413667,2.9427939058886925,0.0348774481720704
1610612762,Utah Jazz,82,53,29,0.646,3951.0,107.8,109.7,102.9,104.0,4.8,5.7,0.678,1.76,19.8,0.313,0.718,0.52,0.16,0.524,0.565,96.0,94.68,78.9,7791,0.55,2009-10,2009,2010,2010-11,1610612762,0.476,-0.17,1,UTA,10,17267.649999999998,8,5,10,0.163,0.245,0.1622397952240171,0.4488843782062605,0.6905789149073557,26.62128855596061,109.43959198269596,102.910032556061,6.524892192433056,0.1693880925700177,1.659076009184805,18.151687307383067,0.0494610595535582,0.1411850516235079,0.0962522995312042,11.07306493163034,0.5295650502529297,0.5714714229595032,0.2003860696157265,95.49610868782568,0.1126976229152972,16.08649700451422,6.565108743807061,3.979927784035465,2.255778869736183,1.1654162552518723,0.7901480514140603,2.634923154090775,0.0346826094491175,0.0314001463210199,2.179650520171391,0.0327858893171751
1610612764,Washington Wizards,82,26,56,0.317,3966.0,101.4,103.1,106.7,108.3,-5.4,-5.3,0.518,1.28,15.0,0.317,0.691,0.501,0.159,0.481,0.524,94.1,92.6,77.17,7656,0.462,2009-10,2009,2010,2010-11,1610612764,0.28,-0.0369999999999999,0,WAS,8,11052.75,7,3,0,0.126,0.305,0.2041077258299216,0.5182452330867884,0.752563087617712,27.11115800743405,101.63559592258338,107.50806788657424,-5.853388779564664,0.1725849075267844,1.5334724721600204,18.148938318518013,0.0377387069582984,0.1164762596035677,0.0766943585683804,12.023989127894266,0.5034646302202317,0.5422521993772289,0.2074644880233426,93.53533928207912,0.0968293344793527,15.31817873379928,5.318857297957522,3.660989346542716,2.345117730881455,0.9022189047974486,0.7263350749813395,4.04953483621133,0.0266929038435847,0.0565130226245696,2.76869656661814,0.0488361413480109
1610612737,Atlanta Hawks,82,44,38,0.537,3946.0,103.2,105.1,104.6,105.8,-1.4,-0.7,0.607,1.61,17.7,0.274,0.71,0.494,0.151,0.501,0.542,91.6,90.22,75.18,7410,0.493,2010-11,2010,2011,2011-12,1610612737,0.606,0.0689999999999999,0,ATL,10,16193.745000000004,6,5,4,0.15,0.261,0.1669599383383316,0.4880243369687905,0.7450088496103484,27.30261869629292,104.36619057749355,104.7534837370849,-0.3678551090765806,0.1540289271155827,1.672042293696321,16.844099362644858,0.0467408142259043,0.1424389707260426,0.0953764106655584,10.880776641433672,0.4977006037413416,0.5454927552788644,0.2042130326658019,91.2024339727057,0.1064104846243616,14.954663050455592,6.382464340398098,3.265705369573252,2.00521868165764,0.9248015205871156,0.6980473015970055,2.8204633620665907,0.0315225969644574,0.0448443536912662,3.444541626706551,0.0245608425988689
1610612738,Boston Celtics,82,56,26,0.683,3956.0,104.0,105.5,97.8,99.8,6.2,5.7,0.635,1.61,18.8,0.257,0.709,0.497,0.159,0.519,0.561,92.5,90.92,75.77,7500,0.558,2010-11,2010,2011,2011-12,1610612738,0.591,-0.092,1,BOS,10,15835.176666666664,9,5,9,0.168,0.236,0.1825054893609228,0.5172566225447859,0.8025413041386971,30.836913934019893,106.11811972206183,98.403334727557,7.709756885145794,0.1701062239490855,1.7471183544315791,18.907689462679404,0.034963305640417,0.1331514298440624,0.087276461393021,10.543203012365089,0.5230508245040104,0.562617716400596,0.1991730556421537,91.85258873124876,0.1207034701012703,14.96819422917711,5.733564071382848,3.871633470882232,2.030163646211294,1.3140364921725958,0.622916953036836,4.652250647483756,0.0278152580815479,0.025570888118037,5.114662011801689,0.0557021496981313
1610612766,Charlotte Bobcats,82,34,48,0.415,3961.0,100.8,102.8,104.8,107.0,-4.0,-4.2,0.601,1.45,16.9,0.298,0.705,0.502,0.16,0.482,0.528,92.1,90.3,75.25,7444,0.48,2010-11,2010,2011,2011-12,1610612766,0.106,-0.309,1,CHA,10,15151.758333333331,7,4,1,0.124,0.27,0.1833632070205273,0.5240231194289331,0.7467963839180382,27.228690949510263,101.61738552896226,105.99586271340344,-4.40169220184016,0.1714701114447113,1.7251159364892192,18.30444534765217,0.040304966915281,0.1195667129942564,0.0799081879935827,11.0464269658472,0.4842019518086735,0.5291926114185868,0.1959644040213154,91.21558527475634,0.0978179781114513,14.006295198962055,5.426696901514731,3.5615668368522684,2.083718556317171,0.9480087844590096,0.6842770173538715,3.755939702860169,0.0172761778361382,0.042132684000059,1.828823873403061,0.0295279613219905
1610612741,Chicago Bulls,82,62,20,0.756,3966.0,105.5,107.2,97.4,99.5,8.1,7.8,0.601,1.57,17.3,0.332,0.717,0.528,0.154,0.501,0.541,92.9,91.2,76.0,7542,0.555,2010-11,2010,2011,2011-12,1610612741,0.758,0.002,0,CHI,11,19583.52333333333,9,4,11,0.165,0.314,0.1638070064681925,0.4144053410886056,0.5943365315434388,27.05674421541783,106.25455324093028,98.4597886369443,7.80722281502971,0.1561537808058713,1.6919547138010749,16.926013109319623,0.0512460144642,0.1354502761420017,0.0943163679092815,10.728978135871705,0.5047803927689554,0.5411360695734527,0.1951613865193138,92.01988547430264,0.1121804773979214,14.719108257162445,6.59574877316084,3.319933747025774,1.9835041600447452,1.0680407015625553,0.8364174168863384,3.788668506700944,0.0315051321788139,0.0675670339286247,1.5263822754097294,0.0277352175706216
1610612739,Cleveland Cavaliers,82,19,63,0.232,3951.0,99.5,101.5,109.1,110.9,-9.6,-9.5,0.596,1.48,16.4,0.283,0.699,0.485,0.151,0.472,0.518,95.5,93.76,78.14,7715,0.441,2010-11,2010,2011,2011-12,1610612739,0.318,0.086,0,CLE,12,15921.916666666668,12,6,0,0.135,0.252,0.1417115820436191,0.4069988433134621,0.639836912432025,27.114022913907984,100.620138488352,109.95034142664989,-9.341773132422292,0.13747881096811,1.4766391755598938,14.741557015225345,0.0447656622161276,0.1326693344080225,0.0875705579834923,11.046885917210554,0.4803766550300162,0.5247568000083743,0.1969372654046047,94.82139932797035,0.0889560830720757,14.56784411424504,6.240454719124059,2.871513584524476,2.0394529553079352,0.9428513108241784,0.6014351287271738,5.252092400321356,0.027859433259298,0.0439971883308113,2.588970431238378,0.0453846324266849
1610612742,Dallas Mavericks,82,57,25,0.695,3941.0,107.6,108.4,102.3,104.1,5.3,4.4,0.637,1.71,18.7,0.278,0.713,0.504,0.151,0.525,0.565,93.4,92.24,76.86,7581,0.538,2010-11,2010,2011,2011-12,1610612742,0.545,-0.1499999999999999,1,DAL,12,18659.986666666664,10,6,8,0.169,0.274,0.1421676614274108,0.4137810209224873,0.6448329009166853,31.732903524761365,107.1464265515731,102.6611671212341,4.470589850367882,0.1621157505292965,1.6334819969503374,17.937836441826683,0.0436029637213031,0.13570971611984,0.0916912322731206,11.15227512667033,0.5343508626122634,0.5681147422220382,0.1951327313381431,93.36773125507771,0.1092988996419433,15.07332266761177,6.270100943266127,3.6501633798952335,2.064310156706078,1.0070746745799748,0.6501612362709799,3.709945958105653,0.0317408881198188,0.0560617759123934,3.872038200010104,0.0616681751146369
1610612743,Denver Nuggets,82,50,32,0.61,3941.0,109.5,111.7,104.8,106.8,4.7,4.9,0.576,1.57,17.0,0.283,0.716,0.506,0.147,0.526,0.574,97.9,96.06,80.05,7888,0.524,2010-11,2010,2011,2011-12,1610612743,0.576,-0.034,0,DEN,9,13472.571666666665,7,4,8,0.132,0.219,0.1725203911205767,0.4986197265233822,0.7682147543471968,27.328340060787696,111.37849773298665,106.06401889616964,5.286709008661176,0.1325594685399706,1.7025664884815972,16.864424918627883,0.0451082298937483,0.1344841578748328,0.0912219980768333,10.306715310353392,0.5515647733920632,0.5857166489990836,0.181285781741991,97.1879375516404,0.1011657938851812,15.188191613504124,6.388980673449748,3.104975132809957,1.8490901823618675,1.127624359764029,0.6519913359773059,3.3915155855608026,0.0219524823477529,0.031254250222158,2.3874866253619635,0.0487762657466434
1610612765,Detroit Pistons,82,30,52,0.366,3976.0,104.6,107.0,109.0,110.7,-4.4,-3.7,0.566,1.62,16.8,0.317,0.681,0.491,0.144,0.495,0.533,91.5,89.79,74.83,7428,0.464,2010-11,2010,2011,2011-12,1610612765,0.379,0.013,0,DET,12,19681.23833333333,12,5,0,0.112,0.255,0.1301527182020982,0.3539854326578197,0.5478941323390645,27.95717300308763,106.21081103213102,109.9137587040382,-3.699278255103019,0.1440821738605031,1.7017195979284163,16.557358941590987,0.0490925773386718,0.1282289886400271,0.0868485353606222,10.048185153999878,0.4959985465006732,0.530156970559864,0.1948586591307813,90.47436621747124,0.0943914352272718,14.408239725430557,5.770978333595709,3.1607767228061445,1.8072033577155504,1.0828586920724754,0.5981330951143572,4.144231869916962,0.0160603871385979,0.0427580862861437,1.909655366668392,0.0336175751610168
1610612744,Golden State Warriors,82,36,46,0.439,3966.0,105.5,107.1,107.6,109.4,-2.1,-2.3,0.568,1.54,17.0,0.3,0.659,0.476,0.151,0.51,0.544,97.4,95.85,79.88,7916,0.472,2010-11,2010,2011,2011-12,1610612744,0.348,-0.091,1,GSW,9,17409.89,9,4,2,0.121,0.278,0.1853356530876032,0.5173919345077233,0.7537668723543534,25.470325487409745,106.78292245576124,108.58682320795825,-1.8090046806728817,0.1497144500434332,1.593967982183307,16.539978033558317,0.0468554583055952,0.1251960722707993,0.0852850939896805,10.71736150161393,0.5139984387226648,0.5453458261367533,0.2003795781210182,96.83052766463966,0.0976569561898438,15.903374461297574,6.062760879017616,3.4614808020039187,2.117417169206698,1.3130467797326693,0.7340655225277127,1.9751337219081648,0.0241783418352793,0.051996222554408,3.264597948525794,0.0351784332190431
1610612745,Houston Rockets,82,43,39,0.524,3976.0,108.0,110.2,106.2,107.9,1.8,2.3,0.617,1.76,17.8,0.315,0.69,0.501,0.141,0.503,0.55,96.9,95.14,79.28,7880,0.515,2010-11,2010,2011,2011-12,1610612745,0.515,-0.009,0,HOU,9,16124.320000000002,9,4,8,0.13,0.289,0.1614042225243193,0.4699457093384402,0.7066492313060849,26.88186085780155,109.64617314094484,106.55320540649156,3.0730992583459846,0.1473025767908352,1.803117612608366,17.22936279896868,0.0522805575676989,0.1349797333055492,0.0932405291096513,9.598293375059122,0.5087291471309591,0.5537954322001382,0.2016992547075887,95.97053287001664,0.108464618559625,16.463577998948175,6.675630352163688,3.4092600494160377,1.9133830139813648,1.0426486202208838,0.618444684799111,3.4566233465570755,0.0167424472391133,0.0517258667849151,3.3439914772198875,0.0242838956908559
1610612754,Indiana Pacers,82,37,45,0.451,3956.0,101.9,104.1,103.4,105.0,-1.5,-0.9,0.536,1.28,15.2,0.297,0.703,0.501,0.16,0.486,0.533,97.2,95.5,79.59,7864,0.492,2010-11,2010,2011,2011-12,1610612754,0.636,0.185,0,IND,14,19665.303333333337,12,5,4,0.118,0.263,0.1405011805055638,0.3746270716054722,0.5493813045684013,26.224990173047598,102.84719696670498,103.57953069119536,-0.7517435191693796,0.133182943105717,1.3070772829845323,15.018896835390796,0.0457596660514262,0.1316239678309903,0.0889433478524189,11.364709943452011,0.4895412332821038,0.5333939597677195,0.1953285722688233,96.72257213084772,0.0986888265644177,14.912355788731794,6.50424749783502,2.9107102509309546,2.185778641265132,1.061768519207518,0.8347697323424624,3.479190148859136,0.0185258323973934,0.0448019510803497,2.611898934119949,0.042911298292635
1610612746,Los Angeles Clippers,82,32,50,0.39,3971.0,101.8,104.8,106.3,108.0,-4.5,-3.2,0.601,1.35,16.9,0.33,0.692,0.511,0.174,0.496,0.535,95.5,93.35,77.79,7718,0.483,2010-11,2010,2011,2011-12,1610612746,0.606,0.2159999999999999,0,LAC,11,16549.876666666667,8,5,0,0.16,0.27,0.1880058320676307,0.4422224294521429,0.6771062543668502,23.83105684775496,103.70422895397206,107.13146915697055,-3.458802613433373,0.135393183796133,1.2704989020059163,14.63791562998556,0.0556220969823944,0.1383620855784826,0.0969182870043543,12.533014485707143,0.5122706601237512,0.5442248128535901,0.196190633142684,94.27292593419124,0.0998206954412349,14.956969467849005,6.804159467049402,2.890897676377447,2.30575736415357,1.048467027850963,0.7787369211009226,3.132821754889485,0.0343617382805738,0.0559348881019374,2.182701880226721,0.048464725748456
1610612747,Los Angeles Lakers,82,57,25,0.695,3966.0,107.9,109.6,101.3,103.3,6.6,6.3,0.576,1.68,17.0,0.325,0.692,0.513,0.141,0.502,0.545,93.4,91.78,76.48,7594,0.541,2010-11,2010,2011,2011-12,1610612747,0.621,-0.0739999999999999,1,LAL,10,19315.045,9,6,10,0.159,0.343,0.157239257445858,0.4377137959899481,0.681397497822725,30.472774288989054,108.82962345328902,101.94011396297547,6.859385408283196,0.1483912131708727,1.8853423044057107,18.270903812718704,0.0505615090033011,0.1294578846006657,0.0910288127726339,9.880169077179644,0.5017706137020821,0.5397991701978087,0.1956908009619789,92.59624857030704,0.110204843685324,15.179048249693436,6.523412189824046,3.3194848885933217,1.8545128939642648,1.101524744053146,0.7418051575857058,3.299931837604328,0.0443770439482812,0.0691702430812349,2.587704635053321,0.0514783647978062
1610612763,Memphis Grizzlies,82,46,36,0.561,3976.0,104.4,107.0,102.5,104.5,1.9,2.5,0.528,1.48,16.0,0.333,0.682,0.505,0.15,0.493,0.534,94.5,92.42,77.02,7656,0.518,2010-11,2010,2011,2011-12,1610612763,0.621,0.0599999999999999,0,MEM,10,18270.071666666667,8,5,8,0.162,0.247,0.1571822880096346,0.4478223630394443,0.6679158255445631,25.14708380545488,105.92611899989812,103.14141602984044,2.815670901856524,0.1341196124663988,1.5023879070717017,15.77583927558029,0.0497150494666003,0.1275704131976129,0.0880992073284149,10.452041375863969,0.4959188113018713,0.5364072434308094,0.2011499885559653,93.36153365754905,0.108003804674001,15.353634354472064,6.045296483511331,3.125110894018569,2.0196965109514715,1.4325066960602144,0.788174248176184,2.485315171512066,0.0293783741590023,0.0278907777811284,2.319636939498997,0.0294306345067338
1610612748,Miami Heat,82,58,24,0.707,3956.0,109.3,110.6,100.7,102.9,8.5,7.8,0.541,1.44,16.1,0.287,0.715,0.514,0.151,0.524,0.573,93.2,91.63,76.36,7564,0.556,2010-11,2010,2011,2011-12,1610612748,0.697,-0.01,0,MIA,12,17985.015,11,4,11,0.201,0.308,0.1703074290828596,0.4826771991386532,0.6566220081921903,29.19454112215085,109.5926080684392,101.52676498555417,8.079281798393456,0.1441371410217524,1.4009761450481597,14.7377423556963,0.0469349177634825,0.1372307326404787,0.0950917178365804,11.375133372606768,0.5255948061020056,0.5705865212418966,0.2000883694008595,92.69741593673028,0.1157670174309001,15.785141129990716,6.517425756942654,2.958462920381217,2.0016663872674,1.030858189442711,0.8447032154268427,3.4982662432632083,0.0557364983765447,0.0882217983980984,3.393897859785771,0.0314904917224045
1610612749,Milwaukee Bucks,82,35,47,0.427,3966.0,99.0,100.8,99.9,101.5,-1.0,-0.8,0.549,1.4,15.3,0.287,0.71,0.492,0.148,0.467,0.511,92.1,90.57,75.47,7477,0.488,2010-11,2010,2011,2011-12,1610612749,0.47,0.0429999999999999,0,MIL,13,19521.375,11,6,5,0.136,0.272,0.130836241470354,0.3596117930559023,0.5568139197845096,26.89240648605268,99.86461523159444,100.33160088193924,-0.4823017418940348,0.138961778648618,1.480875822869376,14.83138378657583,0.0437020452367383,0.1343330148789895,0.0876316538495196,10.464357889749056,0.4691626803952078,0.5120027133505367,0.1955678069978847,91.43484280521568,0.0994237825631305,13.71481260925524,6.096701692375665,2.808613635053883,1.877326776418157,1.1286090247229,0.7284322953685384,3.9198348408164096,0.0202604235496843,0.0426643927495631,2.5406267062116434,0.0259024975682806
1610612750,Minnesota Timberwolves,82,17,65,0.207,3956.0,101.1,103.2,108.3,109.9,-7.2,-6.7,0.534,1.18,15.0,0.336,0.698,0.512,0.174,0.483,0.526,99.2,97.49,81.24,8034,0.443,2010-11,2010,2011,2011-12,1610612750,0.394,0.187,0,MIN,12,17525.198333333337,10,4,0,0.184,0.279,0.1489594173874779,0.4069090421135508,0.6212086615472443,24.353808644486094,102.2076171748508,108.70215778822856,-6.466324984053912,0.1388468230364297,1.325519879518244,15.754918627169124,0.0526802319593339,0.1320730995055785,0.0914028285367003,12.345750799396564,0.4895063717300774,0.5307161583240284,0.1956756626339654,98.4587692464536,0.0915146560871065,15.186589899743408,6.704859925978964,3.1490656453816643,2.4670762166362548,0.9716295174595742,0.7641568297990731,2.6006599385432856,0.0424146245963898,0.0404973452911607,2.314506941070487,0.0484964375436421
1610612751,New Jersey Nets,82,24,58,0.293,4001.0,100.2,102.1,107.0,108.9,-6.9,-6.8,0.59,1.5,16.6,0.304,0.7,0.497,0.152,0.474,0.517,92.4,90.7,75.59,7563,0.452,2010-11,2010,2011,2011-12,1610612751,0.333,0.04,0,NJN,10,14005.225,7,4,1,0.138,0.27,0.2062626626848194,0.5217490853116129,0.7825359226050754,25.05455297338433,100.52003554625745,107.0888360951002,-6.55849938148084,0.1124191165559044,1.255126844921568,12.591934652959877,0.0488526086990153,0.1330926422103179,0.0903396460963676,9.985792397718232,0.4778020078220807,0.5139150363525041,0.1917085277101938,92.05924194601182,0.0896324057628492,13.960218418483102,6.27194493483682,2.3545498197993964,1.7582009571427806,0.7068790397869367,0.7968454630325468,1.797606266872093,0.0335407828989369,0.0459317408384169,3.086434427390204,0.0451414615946158
1610612740,New Orleans Hornets,82,46,36,0.561,3966.0,103.8,105.4,102.5,104.4,1.4,1.0,0.574,1.58,16.8,0.289,0.721,0.503,0.145,0.493,0.537,90.9,89.4,74.5,7387,0.507,2010-11,2010,2011,2011-12,1610612740,0.318,-0.243,1,NOH,10,16543.898333333334,6,4,6,0.169,0.257,0.1740607488823422,0.4793319067583728,0.7358563917673978,26.777152180678087,104.72354317135452,103.08409871957828,1.6071319949882827,0.140744583375603,1.60014668348522,14.966637155954473,0.0474316521932204,0.1407144819454584,0.093426908551078,10.737349167704224,0.5026317537613817,0.5413638445150825,0.1896865247096638,90.50438992764605,0.1024703941704993,13.874359922626056,6.192978095952596,3.0507924422085524,1.7886957114803352,1.19463983649964,0.7072093749770182,2.071139230338954,0.0388901043778481,0.0366753428472981,2.6572990926890294,0.0382631194857474
1610612752,New York Knicks,82,42,40,0.512,3956.0,108.3,109.9,106.9,109.0,1.4,1.0,0.56,1.56,16.4,0.273,0.676,0.473,0.141,0.513,0.561,98.1,96.47,80.39,7945,0.504,2010-11,2010,2011,2011-12,1610612752,0.545,0.033,0,NYK,7,10949.136666666664,5,2,5,0.137,0.307,0.2621221886291796,0.6742463104396968,0.8992684659155776,25.637192247425293,108.46249523173974,107.0046489053475,1.4317224249948477,0.1171689251907532,1.56164027544333,15.45106885139498,0.0474256404081782,0.1388916969404894,0.0928210183085972,10.434138338456515,0.5402114623344733,0.5731384786502193,0.1892606780869481,97.26908159882318,0.1006683166191794,15.512455928793168,6.615316093414975,2.6106167883556117,1.893847947220192,1.121184288198065,0.996242930568955,2.1986152263405905,0.0243056420461711,0.0754514361191192,2.2813807534202266,0.0377025442217207
1610612760,Oklahoma City Thunder,82,55,27,0.671,4001.0,108.6,109.9,104.0,105.9,4.5,3.9,0.545,1.45,15.8,0.306,0.697,0.507,0.148,0.501,0.561,95.3,93.84,78.2,7824,0.529,2010-11,2010,2011,2011-12,1610612760,0.712,0.0409999999999999,0,OKC,8,15660.076666666666,6,5,8,0.159,0.311,0.1939723368744682,0.517284185283895,0.7878924815821463,23.381054222169624,109.29934974775564,104.67039383374669,4.65601361466302,0.1652742937827252,1.5191518496184462,16.456664792828818,0.0442073907471291,0.1273418831708571,0.0868935516067077,10.496049529770293,0.5114492587626753,0.5684819433621334,0.2028380251650535,94.67462252526224,0.1152009745375874,16.26888586965198,6.078131162831686,3.494235766832134,2.1034379780601333,1.2735569834375016,0.9287310853948568,2.8864799501485967,0.0352131005633099,0.0840488649377357,2.642126233282123,0.0351466502245701
1610612753,Orlando Magic,82,52,30,0.634,3966.0,105.7,107.4,99.1,101.8,6.6,5.6,0.553,1.34,15.9,0.304,0.723,0.518,0.162,0.521,0.554,93.5,91.55,76.29,7575,0.534,2010-11,2010,2011,2011-12,1610612753,0.561,-0.0729999999999999,1,ORL,7,11900.631666666666,7,4,7,0.184,0.272,0.2466185618438461,0.6078614314450255,0.8546805428675425,26.637468683385013,106.61361277881748,100.54580310092784,6.059781784692381,0.1308889326462923,1.2385917652270275,14.41378132729369,0.0588794706835589,0.1509427908518581,0.1058708676388186,11.86575830218536,0.5298627267544201,0.5647757340331654,0.2051767140091583,92.51437256341715,0.1217785163784723,15.98133656490783,7.399271103116516,2.813296044929828,2.3171879251787617,0.9347402987992656,0.8742393085857207,2.250633980929535,0.0404988652084217,0.0469630089975503,2.7086231431087326,0.0526117697497562
1610612755,Philadelphia 76ers,82,41,41,0.5,3986.0,104.0,105.3,102.5,103.8,1.5,1.5,0.596,1.75,17.6,0.278,0.714,0.497,0.138,0.494,0.535,93.9,92.78,77.32,7709,0.51,2010-11,2010,2011,2011-12,1610612755,0.53,0.03,0,PHI,11,19679.786666666663,9,5,7,0.126,0.27,0.1473948057702522,0.4155797081811186,0.6288382868648984,25.0973772412167,104.18395167224034,102.6021823153232,1.5817693569171478,0.1489648038190116,1.74232984741027,16.86541249769645,0.0444888718305889,0.1333964009772463,0.088956455066586,9.56333057302789,0.4959113375382118,0.5358617348663671,0.1955541014502867,93.8151473440769,0.104181709117443,14.767843011848369,6.215921039794469,3.3878416026189986,1.8183123936302832,1.1305000596212424,0.6475679953170224,3.965537910279064,0.018476278461033,0.0311373867118301,2.8391871647229334,0.0338525988902701
1610612756,Phoenix Suns,82,40,42,0.488,4001.0,107.0,108.6,107.4,109.4,-0.4,-0.8,0.604,1.66,17.9,0.275,0.681,0.48,0.147,0.522,0.559,96.8,95.18,79.32,7930,0.494,2010-11,2010,2011,2011-12,1610612756,0.5,0.012,0,PHX,7,12886.831666666669,6,4,3,0.152,0.206,0.1971878528715165,0.5778627511106622,0.8537348008606718,30.730364290472743,108.50235700551686,108.32649937617198,0.2228194827821008,0.1588452966005738,1.5715790110809498,17.018903521540526,0.0429006135332721,0.1225971743248502,0.0835974454026002,10.225314574994448,0.5331680931659049,0.5753990221801351,0.1850701915482458,96.18446888483967,0.1025528832468389,15.02370830999448,5.855279400845747,3.849510980136183,2.011355519374493,0.9162841810483804,0.6006131064798834,5.508941017100301,0.0263112557298682,0.0209763722307889,3.523228926288905,0.0204332548502002
1610612757,Portland Trail Blazers,82,48,34,0.585,3961.0,105.6,107.3,104.2,105.7,1.4,1.6,0.588,1.62,16.9,0.331,0.682,0.499,0.145,0.486,0.533,90.5,89.13,74.27,7359,0.516,2010-11,2010,2011,2011-12,1610612757,0.424,-0.1609999999999999,1,POR,8,16594.903333333332,7,6,7,0.141,0.257,0.1935185521819852,0.5194085694182009,0.7810900173969076,27.13560107109191,107.13102256696884,104.76443511471696,2.3713039907232565,0.1585814549286316,1.785530646859247,17.469589508505724,0.0504703586703628,0.1214809565025085,0.0847218639015874,9.465764599211283,0.4845327142610653,0.5324342547139473,0.2023885322421281,89.75779443829241,0.1098851120153155,15.096442261087793,5.59689912826649,3.4167116771394275,1.8179075463129144,1.2083227962962926,0.6139234315114018,5.188420259379543,0.0200101035147847,0.0392257125115833,2.724209290280431,0.0428629916187052
1610612758,Sacramento Kings,82,24,58,0.293,3971.0,100.6,102.9,106.3,108.4,-5.7,-5.5,0.534,1.27,15.4,0.334,0.702,0.512,0.167,0.48,0.519,97.8,95.76,79.8,7923,0.462,2010-11,2010,2011,2011-12,1610612758,0.333,0.04,0,SAC,11,16979.908333333333,9,3,0,0.114,0.27,0.1609851643290182,0.4210857047225913,0.6381380150756606,25.08591202641946,101.68034528062331,106.80282739060723,-5.116512338847531,0.1407634069481136,1.4539483458145877,15.847831157313866,0.0504310625940756,0.1393267670761866,0.0934734605457724,11.810881939390132,0.4806332766814112,0.518581289062711,0.1926179447376286,96.74488147904214,0.0935028452744886,14.332232849706198,6.70180296418954,3.186589640992369,2.3385285256251382,1.1024794499773998,0.7696154621957618,3.677298495137485,0.0161053574519325,0.0417183273488562,1.1841344524250732,0.0384137073483119
1610612759,San Antonio Spurs,82,61,21,0.744,3956.0,109.4,110.5,102.8,104.4,6.6,6.1,0.583,1.67,17.5,0.276,0.711,0.5,0.143,0.527,0.567,94.6,93.34,77.78,7691,0.538,2010-11,2010,2011,2011-12,1610612759,0.758,0.014,0,SAS,10,18690.175,9,5,9,0.154,0.251,0.1352399500450549,0.3965546960724909,0.6268465472723861,29.649035745607875,109.43233913896827,102.70363395027957,6.685510658229076,0.1497951043797074,1.6705064051032157,16.364133472978892,0.0462649330463732,0.1351270375121331,0.0922704100773088,10.13393519143971,0.5307515791942379,0.5703378424760601,0.1966197968540511,94.65286530133254,0.1104086727384842,15.725053403726822,6.3870991042084935,3.3746072468556334,1.945407145732985,1.117164499529833,0.6837817195398116,4.222076964749117,0.0268917521774763,0.040478176617794,3.031628828774635,0.0318431062574395
1610612761,Toronto Raptors,82,22,60,0.268,3956.0,103.3,105.2,110.0,111.7,-6.7,-6.5,0.571,1.49,16.8,0.314,0.685,0.495,0.156,0.491,0.533,95.4,93.78,78.15,7723,0.459,2010-11,2010,2011,2011-12,1610612761,0.348,0.0799999999999999,0,TOR,11,16686.516666666666,9,6,0,0.118,0.279,0.1708580081123382,0.4378551145585607,0.6448728564279943,24.953027544194864,104.30136730154386,110.44681104804178,-6.1495490370968175,0.1264010318710415,1.4002639895884,15.054254582791891,0.0531249024411925,0.1276525938607118,0.0895431772758644,10.84902068636254,0.4985933703958584,0.5356431552021542,0.1945122246404532,94.96529157972856,0.0926609209431567,14.858223855388232,6.181038383285507,2.975096659878085,1.978363768751417,1.0506686536335226,0.6407568585814295,2.9178502300924904,0.0146126095918143,0.0539897783529046,3.2091733537930214,0.0360174269482575
1610612762,Utah Jazz,82,39,43,0.476,3976.0,104.9,107.0,107.3,108.8,-2.4,-1.8,0.627,1.63,18.0,0.314,0.679,0.496,0.154,0.498,0.544,93.6,92.03,76.7,7619,0.5,2010-11,2010,2011,2011-12,1610612762,0.545,0.069,0,UTA,11,16640.699999999997,7,5,5,0.134,0.244,0.1767000987538585,0.4592650349244123,0.6976926050787128,27.729127680926883,105.95088980631824,107.31964825197656,-1.3475095298475022,0.1217543841304752,1.5044609892212066,16.172231386500172,0.0511176115387774,0.1296524558261771,0.0904384979798526,10.718626329821864,0.4968952846534901,0.5368256371426683,0.1866874914116193,92.75211606583056,0.0933228042289887,14.018641042744596,6.128828715138185,2.7496439452667256,1.8172312462817068,1.1574032342389442,0.9432295516414574,4.023949452920358,0.0355597248411359,0.0468540249936578,3.1449363327817723,0.0449339313951263
1610612764,Washington Wizards,82,23,59,0.28,3986.0,99.6,101.3,107.2,109.1,-7.6,-7.8,0.522,1.27,14.9,0.317,0.671,0.488,0.16,0.471,0.513,96.5,94.76,78.97,7871,0.445,2010-11,2010,2011,2011-12,1610612764,0.303,0.0229999999999999,0,WAS,9,12764.676666666666,7,4,1,0.117,0.254,0.2041614580653955,0.5460809426430178,0.7925113914623247,23.31973534778136,100.91348763762916,108.0035780250864,-7.072913610816096,0.1213974470694256,1.005523863641408,11.611573553371112,0.0581640123799976,0.1372783470426068,0.0963362537189217,11.413387791778508,0.4749710893577928,0.5162001676240396,0.2037457851785251,95.87961772239692,0.0945153616634237,15.049029835721129,6.909693234167309,2.6595268244162336,2.23366409855531,1.1534957276630324,1.1534957276630324,2.4431975474462964,0.0239839973719769,0.0435003694549252,2.999251266913745,0.0412723930184139
1610612737,Atlanta Hawks,66,40,26,0.606,3233.0,102.4,104.2,98.6,100.4,3.8,3.8,0.61,1.61,17.6,0.279,0.703,0.493,0.151,0.5,0.535,92.5,90.88,75.73,6117,0.526,2011-12,2011,2012,2012-13,1610612737,0.537,-0.0689999999999999,1,ATL,13,15789.196666666669,11,7,12,0.147,0.278,0.1474847042038659,0.4204195315826707,0.6192779704435035,28.349598216839823,103.3338931746369,99.46078778759905,3.850135387930861,0.1541636889273868,1.7035157034588415,17.68955182224808,0.0418450591427598,0.1318691873494091,0.0873425752714039,10.779997589068811,0.5014906543693695,0.5369500262732387,0.1954928093238435,91.73961826535822,0.1065873994222632,14.270770372737982,6.076306605423666,3.324298322967244,1.9539942817441205,1.1947409610664168,0.6748918406024034,2.867126839676578,0.0257615296570664,0.0487815683716251,2.6096223229212603,0.0298111357797657
1610612738,Boston Celtics,66,39,27,0.591,3188.0,98.9,100.1,95.5,97.5,3.4,2.6,0.665,1.59,18.8,0.245,0.686,0.478,0.162,0.496,0.535,92.6,91.11,75.92,6055,0.535,2011-12,2011,2012,2012-13,1610612738,0.506,-0.0849999999999999,1,BOS,14,15439.418333333331,9,5,9,0.168,0.272,0.1343685119398388,0.3821470605919848,0.6042477204721983,29.9818615791981,99.26134208855666,96.47961073878967,2.7809351841946546,0.1677409744818754,1.4851759592411242,17.20149540391796,0.0340831199275534,0.1280073657783524,0.0835757507488138,11.447916561191692,0.4967678341940991,0.5335719318441509,0.1943039302754389,92.22401037020934,0.1070129687528168,13.745336476946292,5.7452941610170765,3.6024673209299443,2.100856347027754,1.140198394779769,0.7927759800104732,4.794672865191932,0.0368611757120081,0.0451550419858937,3.80627467283688,0.0499183115387994
1610612766,Charlotte Bobcats,66,7,59,0.106,3178.0,92.3,94.4,107.8,109.4,-15.5,-15.0,0.605,1.39,16.0,0.285,0.678,0.474,0.157,0.439,0.483,93.6,91.86,76.55,6080,0.411,2011-12,2011,2012,2012-13,1610612766,0.256,0.15,0,CHA,13,14477.786666666663,10,4,0,0.114,0.264,0.1264749031619934,0.3514612961097184,0.5516645500140905,24.226568471792188,93.69696049304036,108.45800564358824,-14.73814372178436,0.1446129166612944,1.351254080964494,14.227906176266352,0.0413529741885039,0.1216958788129677,0.0800571606709681,10.998586662418012,0.4409088425348625,0.4837109761943353,0.1987855117587034,92.74890834372474,0.0831320281230832,13.405087702171787,5.729052507105138,2.8620396856241377,1.9867677748164083,0.8877047504498846,0.8280271201675394,3.162948123203552,0.022986390617873,0.0424744696417446,1.5910910374079716,0.0446891083330727
1610612741,Chicago Bulls,66,50,16,0.758,3188.0,104.5,106.3,95.3,97.5,9.3,8.8,0.619,1.65,17.7,0.361,0.703,0.536,0.154,0.49,0.523,91.8,89.98,74.98,5982,0.561,2011-12,2011,2012,2012-13,1610612741,0.549,-0.2089999999999999,1,CHI,12,15697.62833333333,9,4,12,0.152,0.296,0.1356248401430492,0.3836398003647472,0.5814044945430716,27.635362433199838,105.02416242920772,96.47496153612168,8.541433095466546,0.15471724274272,1.7009483789324014,16.93301620828709,0.0579717072971851,0.1321901933805924,0.0957309318594518,10.655138637184791,0.4913784084368584,0.5242593237810766,0.1950034228100486,90.97379608193468,0.1124261579004981,14.388415574879309,6.992393861620498,3.401023318065989,1.9814458171335227,1.0251230095586628,0.8714692251281697,2.620044612906038,0.0237074529289479,0.0487243856615173,3.1682150791674304,0.0372917174898791
1610612739,Cleveland Cavaliers,66,21,45,0.318,3193.0,98.1,100.0,106.0,107.6,-7.9,-7.6,0.579,1.29,15.4,0.323,0.683,0.496,0.166,0.463,0.505,94.0,92.34,76.95,6140,0.439,2011-12,2011,2012,2012-13,1610612739,0.293,-0.025,0,CLE,11,12894.866666666663,10,6,0,0.138,0.275,0.1668097899422509,0.4293094668162525,0.6437453146730224,26.95703083397528,99.7648300615749,107.13793265278692,-7.3442196119386,0.1235257037684246,1.2299998423145126,13.153588133262332,0.0549080047357346,0.1323087803673813,0.0919506351364625,11.34274782471578,0.4709879875971316,0.5096718780858532,0.1975782048929031,93.51925536259908,0.0894760568805157,14.36385538431314,6.661255383279135,2.5433376589133663,2.088272852763115,1.0999725989153308,0.6532832186451457,6.095973037249101,0.0237251173684913,0.0452741359487406,3.039126880751278,0.0292702216074056
1610612742,Dallas Mavericks,66,36,30,0.545,3213.0,101.0,102.1,99.7,100.9,1.3,1.1,0.575,1.49,16.5,0.268,0.714,0.493,0.149,0.489,0.527,93.6,92.61,77.17,6195,0.51,2011-12,2011,2012,2012-13,1610612742,0.5,-0.045,0,DAL,11,15233.903333333334,11,5,7,0.152,0.284,0.1364820922455636,0.3937509121649934,0.5854971291008586,31.90310537614457,101.24204208113876,99.57944851516494,1.6266701836758408,0.1436551839088734,1.4717654437875516,16.18313489801585,0.0419064859936313,0.1346280542894347,0.088728498342841,10.846452386573718,0.4957169030436716,0.5285093270033004,0.1954969011006371,93.6505289298803,0.104465219791557,14.358499933591109,6.337968535531822,3.107542365482604,1.9661408730658,1.2713747472468755,0.7491185778387723,4.455217320296677,0.0250040938327693,0.0485825232354637,3.2820245578093985,0.0452269306013712
1610612743,Denver Nuggets,66,38,28,0.576,3208.0,106.5,108.3,103.4,105.1,3.1,3.2,0.615,1.56,17.9,0.316,0.705,0.515,0.16,0.516,0.556,96.7,95.03,79.19,6346,0.527,2011-12,2011,2012,2012-13,1610612743,0.695,0.119,0,DEN,11,14130.68,11,5,10,0.134,0.241,0.1503095864223566,0.4259728949114031,0.6462122370143074,27.22121782768652,107.24018320420532,103.83704745041756,3.3959358054012023,0.1583302794581246,1.587742010056605,17.10033084041249,0.0469157376007382,0.1243567262863499,0.0865575360374258,10.904377991717311,0.5174363384022095,0.5591497993491231,0.1945200603698241,95.92750860774804,0.1055962642986749,15.420913926293707,6.08633130181987,3.660970314238239,2.150214993192118,1.212680493790815,0.6598408569155907,4.552128229099666,0.0183275826046098,0.0252972857509502,2.7676403788464627,0.0348429083172367
1610612765,Detroit Pistons,66,25,41,0.379,3193.0,97.8,100.0,104.0,105.0,-6.2,-5.0,0.538,1.19,15.1,0.322,0.689,0.5,0.172,0.468,0.51,91.7,90.31,75.26,6000,0.448,2011-12,2011,2012,2012-13,1610612765,0.354,-0.025,0,DET,12,15649.93,9,5,0,0.145,0.24,0.1360066786241216,0.4024123430584034,0.6012395369606551,27.03977461880021,99.0409205877172,103.9307284761018,-4.895189893288127,0.136437161593268,1.3003348172590334,15.17582221347529,0.049188184654287,0.127190777211144,0.0868796267246349,12.236728257996466,0.4632058371294099,0.5020306778794964,0.1946680524023643,91.0885457070202,0.0897271741790538,13.47993249810063,5.923349177919645,2.808702658733937,2.1968149378303927,1.0328480702469596,0.6187887102370426,4.779280987357583,0.0279243823971153,0.0453559446805588,2.572013534224664,0.0538517259616429
1610612744,Golden State Warriors,66,23,43,0.348,3183.0,103.1,103.9,106.0,107.3,-3.0,-3.4,0.591,1.61,17.4,0.256,0.658,0.46,0.147,0.505,0.539,94.7,93.78,78.15,6212,0.472,2011-12,2011,2012,2012-13,1610612744,0.573,0.2249999999999999,0,GSW,10,12347.351666666666,9,4,2,0.134,0.256,0.1717775917129867,0.4445131351378858,0.6712814664305207,25.6220680791063,103.0643554468023,107.00341289110446,-3.940437578314702,0.1511026899020586,1.67563332811854,17.700380189490026,0.041666475712538,0.1269996884622087,0.0849639891739267,10.777322667438405,0.5197567122018473,0.548267086423796,0.1920934614723723,94.80846196168112,0.09650478111973,14.569278081359148,5.985737022419518,3.376270565982368,1.973864570958604,1.195398041496348,0.7084920099600306,2.4312686288378607,0.0240279186019296,0.0573339686185792,3.957633456218434,0.0485231565280881
1610612745,Houston Rockets,66,34,32,0.515,3213.0,102.7,104.2,102.1,104.0,0.6,0.2,0.564,1.47,16.4,0.309,0.692,0.499,0.154,0.492,0.529,94.3,92.82,77.35,6215,0.497,2011-12,2011,2012,2012-13,1610612745,0.549,0.034,0,HOU,9,14381.548333333334,9,6,7,0.132,0.246,0.1437421724063322,0.3913749898741779,0.6181863357549935,26.863202142467507,103.86513916153444,102.82325161094732,1.0318303812674785,0.1443551103503111,1.442002914846095,15.543197168501449,0.0458893344701294,0.1208880890084968,0.0828892236800186,10.749494763486872,0.4975054854432108,0.5342685538379097,0.1986795238435731,93.76496540416548,0.1010219421205111,14.891581562439558,5.839983154340476,3.236647329002244,2.1051975279898585,1.1389594235854763,0.6408211262371032,3.355470184828086,0.0176601743163453,0.0312057475551764,1.1681864008295195,0.0312543408370914
1610612754,Indiana Pacers,66,42,24,0.636,3198.0,103.5,105.5,100.4,102.1,3.1,3.3,0.522,1.33,14.7,0.333,0.689,0.511,0.151,0.474,0.526,93.4,91.68,76.4,6115,0.521,2011-12,2011,2012,2012-13,1610612754,0.605,-0.031,0,IND,11,15289.585,8,6,7,0.125,0.252,0.1348687140080431,0.3895920000444747,0.6382967010986018,26.45948750952582,104.33446151961178,100.92490518872812,3.3797602638222903,0.1294272650304112,1.434718502823981,15.025946954522746,0.051007934922149,0.1288843347721123,0.0902670907461953,10.719455782045973,0.4736760330643376,0.5251497420193768,0.195238695491081,92.69841261551574,0.1049494792261093,14.565208931439278,6.5056049591928105,2.792489135578238,1.9731078377863105,1.153726539994382,0.8335085615469616,3.120729307139925,0.0210005112230692,0.029042290420261,3.592615722428204,0.0361018252467202
1610612746,Los Angeles Clippers,66,40,26,0.606,3193.0,105.2,107.5,102.9,104.8,2.2,2.7,0.568,1.58,16.6,0.331,0.692,0.507,0.147,0.502,0.533,91.8,89.98,74.98,5989,0.517,2011-12,2011,2012,2012-13,1610612746,0.683,0.077,0,LAC,12,15019.108333333332,8,7,8,0.186,0.262,0.1592560144216284,0.4289921782973135,0.6606962352958149,27.87432265452954,107.06093581898172,103.38835865200608,3.659885867614201,0.1514124188464362,1.6552091119479464,14.956589477959469,0.0515832593257589,0.1314790198929919,0.0905829144317822,10.931277034311291,0.5080894729103427,0.5333750130528166,0.1944170855682178,90.77557603120027,0.1073819366773327,14.618977047572178,6.294381657144538,3.2550534236109225,1.8456488484391829,1.272778621456112,0.7070992341422844,3.979044912236841,0.0456545208665306,0.0545163990406505,4.730681555125833,0.0581317170940951
1610612747,Los Angeles Lakers,66,41,25,0.621,3213.0,103.3,104.5,101.7,103.2,1.7,1.3,0.611,1.49,17.3,0.327,0.719,0.532,0.162,0.491,0.534,92.9,91.72,76.43,6145,0.524,2011-12,2011,2012,2012-13,1610612747,0.549,-0.0719999999999999,1,LAL,10,13658.963333333337,8,4,6,0.165,0.346,0.1779032034886005,0.4959152585762365,0.72728311006521,29.81521596685351,103.2411793574378,102.0223981615003,1.213524659875359,0.1453983693003544,1.52498472065596,16.93839379952944,0.0574871644724624,0.1433428910783614,0.1021629081660418,11.236214912844774,0.4949991124265409,0.531642146219491,0.2021119794596417,92.72588617877052,0.1105236446689829,15.091628476441231,7.363955634505205,3.0599686799071377,2.129590605826845,0.846037852067348,0.8934792269496293,3.663050447971339,0.0430111770528588,0.077269798893812,2.296101341055161,0.0374011952077498
1610612763,Memphis Grizzlies,66,41,25,0.621,3188.0,101.0,102.8,98.9,100.6,2.1,2.2,0.532,1.35,15.4,0.335,0.688,0.508,0.157,0.473,0.515,93.4,91.82,76.52,6099,0.514,2011-12,2011,2012,2012-13,1610612763,0.683,0.062,0,MEM,10,14892.64,9,6,7,0.135,0.248,0.162638166682782,0.4677820722182232,0.6891085126612877,25.6831425903444,102.22472171936384,99.4581447614392,2.7561812300124977,0.1337609795845464,1.4455177356063127,15.030925578003632,0.0523001391962741,0.1301130640146184,0.0904287874189308,10.692288662945812,0.4769910155844318,0.5190830034164526,0.1972504766336481,92.73352985658236,0.1060229108696197,14.390195425391331,6.29223562780004,2.944273144318267,2.040202408706582,1.4358770506773817,0.7614499511167931,2.1012054343316025,0.0253803685781854,0.0360206471212275,4.247162260286483,0.0270391924190273
1610612748,Miami Heat,66,46,20,0.697,3208.0,104.3,105.6,97.1,99.2,7.2,6.4,0.538,1.31,15.9,0.299,0.693,0.504,0.163,0.505,0.549,93.7,92.07,76.73,6154,0.553,2011-12,2011,2012,2012-13,1610612748,0.805,0.1080000000000001,0,MIA,12,15518.045,9,4,10,0.22,0.311,0.149903869978467,0.3968395073821047,0.6039460297135797,28.56068177402501,104.9831553523656,97.9410889387162,7.038747202584689,0.1445463061444488,1.3399554529366724,14.918779169669888,0.0456017714645541,0.1272487191524447,0.0883405122874692,12.019431625139203,0.5051195538269586,0.5449867134251339,0.1962129520825593,93.10504593415816,0.1112044179319409,14.803153361135374,6.073445463007743,3.013523932943873,2.1574882660799086,1.3269712776319438,0.7817995114719669,2.94882165255662,0.0587502396401412,0.0799276506266841,4.646326965431437,0.0507611538623498
1610612749,Milwaukee Bucks,66,31,35,0.47,3173.0,102.4,104.5,102.4,104.1,0.0,0.4,0.62,1.67,17.6,0.314,0.675,0.49,0.148,0.481,0.521,96.4,94.68,78.9,6256,0.503,2011-12,2011,2012,2012-13,1610612749,0.463,-0.0069999999999999,0,MIL,12,13657.443333333333,9,6,8,0.136,0.255,0.1706981272483161,0.4044388005270874,0.6177676495332338,26.174357792197807,103.78417971347984,103.0690192136986,0.7077743687019997,0.1535322395626512,1.692191924403616,16.94432597560354,0.0508128411296111,0.1274542250831231,0.0880101149971212,10.2323534199788,0.4929000431510729,0.5290512609363441,0.1959917178251762,95.50132659773074,0.1046504846075388,15.077492541917929,6.492283938941233,3.450426177861987,1.984851727983252,1.2494285777743177,0.7512387018263302,3.3941216402648573,0.0210051209323966,0.0396659083648426,5.009239474001836,0.0365534847555443
1610612750,Minnesota Timberwolves,66,26,40,0.394,3188.0,101.5,103.1,103.6,105.3,-2.2,-2.2,0.548,1.29,15.1,0.311,0.693,0.502,0.16,0.477,0.524,96.0,94.44,78.7,6268,0.483,2011-12,2011,2012,2012-13,1610612750,0.378,-0.016,0,MIN,13,15551.166666666668,13,5,2,0.176,0.282,0.1379621035935138,0.3449062771281897,0.5263309290835628,24.731438477284662,102.423950035903,104.55605597650764,-2.1426150663937324,0.133477772514388,1.2129307393871842,13.879735057391192,0.0492999526294918,0.1296829131790755,0.0894409627359147,11.438549830130643,0.474540411759032,0.518915891519393,0.1970268957312955,95.22057946670668,0.0977093245951536,14.73921570728884,6.576741294865337,2.8589494893202008,2.1783574651419504,0.9815340756856398,0.6643874521740062,3.032392126830373,0.0394792567069136,0.0501522671753933,2.1427060353700824,0.0399166886958468
1610612751,New Jersey Nets,66,22,44,0.333,3178.0,99.7,101.8,106.9,108.1,-7.2,-6.3,0.58,1.32,15.8,0.314,0.677,0.489,0.165,0.473,0.516,92.7,91.26,76.05,6036,0.448,2011-12,2011,2012,2012-13,1610612751,0.598,0.2649999999999999,0,NJN,13,14609.631666666668,11,6,2,0.137,0.294,0.1479697354907076,0.3976042517156775,0.5969663392152597,26.52978759788491,100.48769133924094,106.780855118524,-6.2873095020990135,0.153935245686664,1.2726748198876563,14.359811375577689,0.0498286987385832,0.1248143595680429,0.0860585571459193,11.681528578349967,0.4705106081273553,0.5116305293574022,0.1947419746721883,92.5953409605695,0.0903188309903774,13.964212421965009,6.032184931881125,3.030877232930467,2.180753131010946,1.1063933964112032,0.5815341682695856,2.46730928946611,0.031720906982523,0.056471072755854,3.6901907669660496,0.0515056572144951
1610612740,New Orleans Hornets,66,21,45,0.318,3188.0,98.3,99.9,102.3,103.9,-4.0,-4.0,0.595,1.34,16.8,0.31,0.696,0.506,0.173,0.476,0.517,90.7,89.27,74.39,5924,0.482,2011-12,2011,2012,2012-13,1610612740,0.329,0.011,0,NOH,12,14604.415,11,6,0,0.135,0.262,0.1345965129951,0.3561586228091528,0.5512376451458914,26.081023900420977,98.89537272347668,102.9335027341618,-4.015370934063433,0.1495010507667259,1.3975400030287646,15.978047939612782,0.0492468015094522,0.1328832155664343,0.0916187600347794,11.713557772312916,0.477627928837501,0.5175105260977588,0.1940877979935062,90.14058211620711,0.0993064826629481,13.372668470459104,6.231540256833294,3.115770128416647,2.132231931234493,1.0624184535977648,0.7345723878703804,2.637156426745306,0.0220877562140554,0.034767799375907,3.2766961946274136,0.0320589921329589
1610612752,New York Knicks,66,36,30,0.545,3188.0,101.4,103.5,98.4,100.2,3.0,3.2,0.562,1.26,15.6,0.309,0.702,0.503,0.169,0.492,0.533,95.7,93.91,78.26,6242,0.52,2011-12,2011,2012,2012-13,1610612752,0.659,0.1139999999999999,0,NYK,14,15703.87,12,7,10,0.146,0.311,0.1312129855039978,0.3712753607868633,0.5781470851877063,26.81949131010381,102.49444356709525,99.1702876849252,3.315269760468809,0.1417395470033819,1.26596244428921,15.01037300571982,0.0462424011830629,0.1289346647248947,0.0871206471186189,12.100378781366205,0.504691640553146,0.5398106805307651,0.1959136105728502,94.80394788036322,0.1046115862947583,14.611939604696165,6.182679810772758,3.023713263036436,2.292428554235357,1.4121359894089798,0.6097859954266049,3.248222811910673,0.0319268304487753,0.0616649886018721,3.1998102378500453,0.0874313619640592
1610612760,Oklahoma City Thunder,66,47,19,0.712,3198.0,107.1,108.4,100.0,102.1,7.2,6.3,0.497,1.13,14.6,0.304,0.687,0.509,0.172,0.516,0.567,95.7,94.11,78.42,6273,0.542,2011-12,2011,2012,2012-13,1610612760,0.732,0.02,0,OKC,11,15116.028333333334,8,5,11,0.186,0.318,0.1684508838686352,0.451416636446721,0.6853095340189117,24.973472088181897,107.74225546679648,100.9748218144162,6.740157186350869,0.1316706120004847,1.0868407464174068,14.18683009436893,0.0509261338157939,0.12848353894106,0.0924524992620967,13.384603760004422,0.5224191734888034,0.5661271935738853,0.1977568383538135,95.08563251237624,0.111106698882654,15.632677763570392,6.608878853428982,2.779301485387972,2.40301216688643,1.1217232216090272,1.240802119869009,3.496601659065098,0.0483639462536935,0.0846687130823105,2.610827540305886,0.0608248951923195
1610612753,Orlando Magic,66,37,29,0.561,3193.0,102.4,104.0,101.7,103.4,0.7,0.6,0.581,1.34,16.1,0.306,0.72,0.51,0.165,0.506,0.533,91.2,89.75,74.79,5978,0.493,2011-12,2011,2012,2012-13,1610612753,0.244,-0.317,1,ORL,11,15295.249999999998,9,6,6,0.172,0.259,0.1353133598121421,0.3790567877826993,0.5986832513361992,28.203890205564903,103.57747594841534,102.18361817121873,1.3938577771966238,0.1418164483527021,1.4448677672262085,16.22141381583607,0.0468065410285328,0.1354761676555357,0.0909247322970639,11.291966318519364,0.5083722504263306,0.5350868241229575,0.1956740805151926,90.68762148815264,0.1016262027971647,14.26325166309802,6.366682466778902,2.989163302332424,2.075938608391494,0.9932495382553408,0.614308363707687,2.950458210900233,0.0330132100334073,0.0394585159373208,4.678729569142867,0.0445498605386286
1610612755,Philadelphia 76ers,66,35,31,0.53,3183.0,101.7,102.7,96.6,98.2,5.1,4.6,0.588,1.97,17.5,0.277,0.712,0.495,0.123,0.48,0.511,91.9,90.68,75.56,6016,0.532,2011-12,2011,2012,2012-13,1610612755,0.415,-0.115,1,PHI,10,15286.44,10,6,10,0.134,0.265,0.1445140268106897,0.4030022686773375,0.6283514452460263,25.108494303884136,102.04223248404033,96.8926846494889,5.153630668749558,0.1492836317677627,2.0192155520404578,17.151285714659526,0.0447046912165291,0.1326644589365912,0.0888378597850992,8.500844964556821,0.4860842005507276,0.515800824783272,0.1967288282948809,91.77831874415058,0.1093285440124275,14.238501573943966,6.419807358678672,3.3394302401343934,1.608484382236806,1.2104845863392653,0.7700942796360696,3.4026080501761045,0.0184688857081046,0.032314570491772,1.817812990124504,0.0258621251462384
1610612756,Phoenix Suns,66,33,33,0.5,3168.0,103.5,105.2,103.8,105.2,-0.2,-0.1,0.596,1.6,17.4,0.294,0.687,0.493,0.15,0.499,0.536,95.0,93.61,78.01,6173,0.502,2011-12,2011,2012,2012-13,1610612756,0.305,-0.195,1,PHX,13,15840.0,8,5,5,0.148,0.255,0.1334605429292929,0.3847841961279461,0.5785549242424242,29.41113204966329,104.11410628156564,104.18247552609428,-0.070524821127946,0.1455477668350168,1.4803684385521885,15.884392171717172,0.0459257380050504,0.1273494676978114,0.0875878651094276,10.181059522306397,0.5014488842592592,0.5375359826388888,0.1949916051136363,94.5625170675505,0.0996919840067339,14.754545454545454,6.254545454545455,3.3772727272727274,2.027272727272728,0.9795454545454544,0.8318181818181818,5.148257179119207,0.0263111217796668,0.0271742759708241,4.659420042358108,0.046933749575216
1610612757,Portland Trail Blazers,66,28,38,0.424,3193.0,102.8,104.4,103.7,105.3,-0.9,-0.9,0.562,1.44,16.1,0.303,0.691,0.493,0.152,0.488,0.531,93.7,92.24,76.87,6143,0.494,2011-12,2011,2012,2012-13,1610612757,0.402,-0.0219999999999999,0,POR,10,12324.328333333337,7,5,3,0.148,0.269,0.1807569770198429,0.4971977512770472,0.7733687177272811,27.355669551701062,103.44838012132374,104.24631059677762,-0.8097140790769263,0.1440968106848824,1.4168842237109067,15.187511286957225,0.0379896483878702,0.113592755088614,0.0748762489693488,10.936218674256352,0.4850774077343228,0.5273017883192282,0.2031825803353448,93.2891691163156,0.0969108527482971,15.11352139947586,5.231603561357029,3.099235833947408,2.0476572286495127,1.1947101376856644,0.5929734913207576,4.270123810052474,0.0277483647649882,0.0487056084365904,5.113708604065134,0.0375997818782086
1610612758,Sacramento Kings,66,22,44,0.333,3183.0,101.0,102.9,106.8,108.7,-5.8,-5.8,0.51,1.34,14.7,0.321,0.67,0.487,0.15,0.472,0.51,97.3,95.56,79.64,6333,0.451,2011-12,2011,2012,2012-13,1610612758,0.341,0.008,0,SAC,11,14704.846666666666,9,6,0,0.127,0.286,0.147051969713387,0.4007008800273107,0.6259812524396718,24.81319843752196,102.26069221168348,107.6766320016031,-5.401299401512517,0.1291701509298295,1.4481970740259331,15.077458565815263,0.0495386433815245,0.1216371121630192,0.083696386837537,10.425603021135435,0.4756125778484826,0.5122277492862898,0.1968569885348458,96.53337516043464,0.0907292960552235,15.044019500146664,6.181635351972388,2.905980658531178,2.041775795463355,1.2730496566438183,0.6903846214876093,3.318321817841676,0.0238569201774204,0.0515853573588352,2.231629089910354,0.0386042610391671
1610612759,San Antonio Spurs,66,50,16,0.758,3188.0,108.5,110.0,100.6,102.3,7.9,7.7,0.585,1.71,17.8,0.282,0.72,0.507,0.144,0.528,0.562,95.1,93.67,78.06,6220,0.546,2011-12,2011,2012,2012-13,1610612759,0.707,-0.051,1,SAS,10,13024.705,9,2,10,0.163,0.275,0.1476537600403745,0.3909180028773524,0.6124639035330679,27.96230739966855,109.10960300700349,100.59685484879184,8.523214703647156,0.153456953151722,1.93969631685836,16.240197634674512,0.0491748538642525,0.1386578786237385,0.0953062106461016,9.6398788046767,0.5370489079535135,0.5686244376872004,0.2031383795896592,94.83767271120536,0.1173769158943203,16.241135595777408,6.716466898866423,3.493668378669613,1.956896528558612,1.0834794338912088,0.7158703402495488,4.818082025792895,0.0308756126450532,0.0490773695481032,3.771758768903191,0.0447881289013073
1610612761,Toronto Raptors,66,23,43,0.348,3193.0,98.5,99.6,101.5,103.6,-3.0,-3.9,0.609,1.38,16.8,0.294,0.708,0.503,0.167,0.475,0.518,91.6,90.19,75.16,6008,0.478,2011-12,2011,2012,2012-13,1610612761,0.415,0.067,0,TOR,13,14258.888333333334,10,5,2,0.13,0.288,0.1546832835145049,0.3903056724969092,0.6067872518813704,25.90683401803296,98.92141810260335,102.80407081758244,-3.891602197132479,0.1475999630873514,1.4378832629892957,16.176609946100285,0.0468836824937147,0.1375350552690351,0.0928066747372662,12.582477455874596,0.4865893297198367,0.5249546268976322,0.1916600375461715,91.0878075534874,0.0967797368027638,13.368503598866344,6.417891623856137,3.065035574886448,2.125831922614818,0.9240552062672488,0.7523728182175959,3.1341553397195616,0.0256689955973174,0.0521202214275803,3.488173221880506,0.0466818679583172
1610612762,Utah Jazz,66,36,30,0.545,3233.0,103.7,105.5,103.6,104.9,0.2,0.5,0.57,1.54,16.6,0.34,0.703,0.519,0.15,0.481,0.525,93.9,92.53,77.1,6236,0.509,2011-12,2011,2012,2012-13,1610612762,0.524,-0.021,0,UTA,12,15590.53,10,4,4,0.154,0.258,0.1346637991139493,0.3969787001040589,0.5968951451083874,26.34997110425368,104.3854083215901,103.65699826540002,0.7477414280763174,0.1408223534842412,1.606827546380185,16.690267574824805,0.0525277919779934,0.1323333151599079,0.0920963111367392,10.74762747000904,0.4795799034200034,0.5241786031862505,0.1973995565470406,93.57489656434602,0.1029654369244235,14.801292836099863,6.497790645988302,3.2558226051327317,2.025075478511635,1.2168925623439355,0.8312738566296336,4.733606314181375,0.031968036877657,0.0406615493147028,3.272668309557793,0.0452602049325246
1610612764,Washington Wizards,66,20,46,0.303,3173.0,97.8,100.0,103.8,104.9,-6.0,-5.0,0.523,1.25,15.1,0.308,0.678,0.489,0.163,0.472,0.508,95.1,93.59,77.99,6182,0.46,2011-12,2011,2012,2012-13,1610612764,0.354,0.0509999999999999,0,WAS,12,12649.501666666669,9,4,2,0.128,0.275,0.188634176761377,0.4403043018427207,0.6329822479172762,23.82241434807511,99.09320145813388,103.69785550181756,-4.629719378932056,0.147848918158963,1.2904533749089724,15.291362215718385,0.0442695199718671,0.1194505230179687,0.0809773535215682,11.837877486873332,0.4677454886562726,0.5022219986004719,0.1907313380329476,94.513710360922,0.0882640928806022,13.341869462314788,5.854143661258856,3.247242546181991,2.248309913657996,1.249377281134,0.7940233745703553,3.48212528777909,0.0255844924241304,0.0527621927312072,3.8571028810003103,0.0384345059013464
1610612737,Atlanta Hawks,82,44,38,0.537,3971.0,102.7,103.7,101.8,103.4,0.9,0.3,0.651,1.65,18.8,0.254,0.701,0.482,0.157,0.517,0.546,94.7,93.56,77.97,7744,0.509,2012-13,2012,2013,2013-14,1610612737,0.463,-0.074,1,ATL,13,18786.251666666667,9,5,5,0.143,0.263,0.1467267153080297,0.4294490713998206,0.6253404639616329,27.77908303687688,102.89075479932086,102.16808305116037,0.733408261058996,0.1652235074213403,1.7073822274817818,18.16975984476591,0.0410031143342325,0.135236802959895,0.0890393996460709,10.966495844345747,0.5210362818518613,0.5508699457608671,0.1965202391358716,94.5476378612338,0.1048437585251838,14.71714554375802,6.247121676126451,3.6697049109761206,2.1462503917980444,1.2034332554010465,0.7032802623123949,2.6707745750668352,0.0246358375581687,0.046259221085602,3.67169166848221,0.0392364303416966
1610612738,Boston Celtics,81,41,40,0.506,3968.0,101.1,102.2,100.4,102.6,0.7,-0.5,0.614,1.56,17.9,0.246,0.69,0.477,0.154,0.503,0.542,94.0,92.46,77.05,7652,0.507,2012-13,2012,2013,2013-14,1610612738,0.305,-0.201,1,BOS,12,18561.869999999995,9,7,3,0.16,0.271,0.138732609735262,0.3806651305427022,0.6040180757649958,29.639094103485625,100.88385279428564,101.28007854273304,-0.374623551757806,0.1589568414532947,1.564050978340724,16.990383458132182,0.0344837667217796,0.1286953079978831,0.0836597768256467,10.793863414623637,0.5096487579107063,0.5463327897458607,0.1970489024902483,93.58960270795274,0.1058619382996792,14.3888519852795,5.752437658490228,3.411509723966389,2.0325538321300605,1.2276780302846644,0.6632952391111456,4.970099959271102,0.0325713064353642,0.0444804864074625,2.317827573609091,0.0473461343612481
1610612751,Brooklyn Nets,82,49,33,0.598,3971.0,105.0,106.9,103.6,104.8,1.4,2.0,0.567,1.38,16.1,0.343,0.701,0.52,0.162,0.498,0.536,91.2,89.88,74.9,7433,0.509,2012-13,2012,2013,2013-14,1610612751,0.537,-0.0609999999999999,1,BKN,12,19411.07333333333,9,4,8,0.148,0.282,0.1464195179315174,0.3986174901542453,0.6068979184046495,29.41048597347013,105.87811335179474,103.52429905988367,2.341646640869249,0.1433923786113836,1.470298783924365,15.747861272311582,0.0544133866373867,0.1320754203528502,0.0925602141698501,11.740799838992244,0.4952692088811163,0.5324897332656516,0.1948251072154347,90.82350968399136,0.103913306270888,14.490079717384685,6.394700481958581,3.0397082627407523,2.0474911055923064,1.0719654520220592,0.7195892653712092,3.1829694593940165,0.0313610082776369,0.0569921774030154,3.0457439701791755,0.0280836444278169
1610612766,Charlotte Bobcats,82,21,61,0.256,3961.0,98.3,100.4,108.9,110.3,-10.6,-9.9,0.562,1.38,15.3,0.305,0.679,0.486,0.151,0.46,0.507,94.0,92.49,77.07,7632,0.438,2012-13,2012,2013,2013-14,1610612766,0.524,0.268,0,CHA,12,17964.593333333334,9,6,0,0.125,0.265,0.1591296806421817,0.3995733830508826,0.6042161080555121,24.489751414727262,99.21260549918748,109.073792866264,-9.86937872979034,0.1466895368074015,1.3915647019006647,13.950494917966417,0.0441933984775237,0.1235833294677048,0.0824724162973909,10.904517432252849,0.4579668598120229,0.5020658065735973,0.1955095113016753,93.54745574071814,0.0888503485003278,14.123782002301567,5.917640217479644,2.881668348369701,1.9458275147892763,1.0701049360427124,0.8817344042299502,3.8102549269080894,0.0257209761389324,0.0562658790452477,2.8264423081160155,0.0299684944046748
1610612741,Chicago Bulls,82,45,37,0.549,3966.0,100.4,102.4,100.3,101.9,0.1,0.5,0.645,1.61,17.8,0.332,0.699,0.514,0.157,0.47,0.512,92.0,90.35,75.3,7460,0.514,2012-13,2012,2013,2013-14,1610612741,0.585,0.0359999999999999,0,CHI,11,19373.266666666663,9,7,7,0.139,0.255,0.1498391253927233,0.4065073348497414,0.6243245847370431,28.70011863426922,101.72240782831324,100.95034102835866,0.7697891768381859,0.1632291890199209,1.7018618345211098,17.970489299687884,0.0523437222770897,0.1290808286504771,0.0903654554902115,10.69385508036848,0.4720720097970055,0.5152860119959118,0.1957791337031441,91.13143664293408,0.1049822830601619,13.962745914473208,6.423903729882071,3.469316824903045,2.0477702951489856,1.0703409165207038,0.7562999184443168,3.302552769104762,0.0266808369330733,0.040318602383597,2.07128683208971,0.0345827482479646
1610612739,Cleveland Cavaliers,82,24,58,0.293,3946.0,100.8,103.2,106.9,108.2,-6.1,-5.0,0.566,1.47,15.9,0.326,0.695,0.5,0.15,0.473,0.514,94.9,93.25,77.71,7666,0.45,2012-13,2012,2013,2013-14,1610612739,0.402,0.109,0,CLE,11,15820.096666666666,9,6,1,0.164,0.292,0.1620825536464273,0.452118918784525,0.6916549603889905,24.333856683134467,102.49246443711152,107.4511279008198,-4.93713426529842,0.1383656348286114,1.3972116152261185,14.939980413099034,0.0515146118997587,0.1338952307286786,0.0903195874909318,10.67907929976829,0.4697608420639654,0.507442418704142,0.1970544243408542,94.15008743098704,0.0913121822475168,14.563754245918007,6.43535890741502,2.965089341004869,2.038925594428521,1.2333679377011812,0.6189595554515153,3.29113965351986,0.0315304313128747,0.0509526734888459,2.8858719610651247,0.0310221354826222
1610612742,Dallas Mavericks,82,41,41,0.5,3996.0,103.6,104.7,104.0,105.4,-0.4,-0.6,0.599,1.67,17.7,0.259,0.698,0.484,0.144,0.506,0.544,96.2,95.09,79.24,7917,0.502,2012-13,2012,2013,2013-14,1610612742,0.598,0.0979999999999999,0,DAL,13,18647.018333333337,10,5,5,0.144,0.251,0.1562306073777121,0.3956499390295731,0.5925541625913202,29.81767719611294,103.31004297291138,103.70435288537188,-0.379678520542739,0.1528930516237135,1.7032839941971056,17.587773711096432,0.0410815960657159,0.1339200503994785,0.0887676086909694,10.29258562427898,0.5078670345062315,0.5437077746388586,0.1975525793176406,96.61424155211228,0.1043928401958096,15.230531494266597,6.343963302086454,3.533004516986674,2.025203135693454,1.1950436043796455,0.8513961704869526,5.294062707011192,0.0239502174697436,0.0302124461370189,3.1426644729126614,0.0379758015459916
1610612743,Denver Nuggets,82,57,25,0.695,3981.0,107.6,109.3,102.0,104.2,5.6,5.1,0.6,1.6,17.8,0.345,0.675,0.513,0.157,0.515,0.549,97.8,95.92,79.93,7960,0.538,2012-13,2012,2013,2013-14,1610612743,0.439,-0.2559999999999999,1,DEN,13,19851.516666666663,9,6,11,0.121,0.236,0.1399836788289056,0.382849169374968,0.6044376122395351,26.49974174937096,108.26363224136526,102.91284963953218,5.3626236030664325,0.1482053545027206,1.5245735195715524,16.552075458550185,0.0548479112007394,0.1265573015831703,0.0914988440849607,10.841076089064565,0.5180599605739612,0.5507794595039339,0.1955514930429329,97.01886481553468,0.1082599321126597,15.755370496460808,6.688053221794137,3.6214865195018686,2.179783072829868,1.378232225749334,0.9665760214794672,4.185463802252883,0.0117306269610005,0.0262808606347347,3.078688824962118,0.0272572714203177
1610612765,Detroit Pistons,82,29,53,0.354,3961.0,100.9,102.7,105.6,107.2,-4.8,-4.5,0.585,1.4,16.6,0.324,0.695,0.506,0.164,0.487,0.521,93.2,91.68,76.4,7571,0.467,2012-13,2012,2013,2013-14,1610612765,0.354,0.0,0,DET,11,16632.836666666666,10,4,1,0.142,0.258,0.1615635416768958,0.4416324254972743,0.6797099753078799,24.9367950065042,101.6044119954684,106.37664502406986,-4.803957112146234,0.1433819216245134,1.274524981808074,14.558958323605257,0.0544000641502121,0.1346572044936813,0.0935114765951929,11.594794042948378,0.4820238370845141,0.5154969019115,0.1999943437188806,92.68017444609066,0.0934886832292186,14.352091876090087,6.584084374463286,3.0236574198307724,2.2617909833379795,1.097347395743881,0.7921679424896656,3.431733888446761,0.0298842121492781,0.0366066105978106,2.0845244189904544,0.0252391648339345
1610612744,Golden State Warriors,82,47,35,0.573,3961.0,104.2,105.1,102.6,104.2,1.7,0.9,0.589,1.49,17.1,0.285,0.712,0.506,0.157,0.506,0.545,96.8,95.64,79.7,7893,0.502,2012-13,2012,2013,2013-14,1610612744,0.622,0.049,0,GSW,11,19137.928333333333,7,5,7,0.141,0.257,0.1558452382123909,0.4611705185435867,0.6913996351224709,26.090206820539706,104.44368796622622,103.19200253911148,1.2614863399094831,0.150119054509296,1.4615108497027325,16.33290096620524,0.0462624574394459,0.1372592415741271,0.0933937586591791,12.032028797613672,0.4997325383616495,0.5378923961379658,0.1956251014455848,96.6697716645924,0.1013077950704695,15.14834808400108,6.809514474616157,3.3671356103764976,2.187697606071434,1.0157839271526865,0.6358054951437185,3.3621907351302043,0.0332448239164953,0.0497246127939563,1.7213436451820934,0.0517600725356022
1610612745,Houston Rockets,82,45,37,0.549,3956.0,106.7,108.8,103.5,105.3,3.3,3.5,0.609,1.41,17.3,0.305,0.71,0.509,0.169,0.525,0.564,98.6,96.89,80.74,7988,0.51,2012-13,2012,2013,2013-14,1610612745,0.659,0.1099999999999999,0,HOU,8,14896.608333333332,7,5,8,0.149,0.285,0.200348848982962,0.5627354772590852,0.8415450273076701,24.58962873540006,108.20222240744955,103.86874635333658,4.333476054112989,0.1722380145816189,1.5086628667711277,17.681633794717253,0.0448937661984579,0.136347292364649,0.0912477543825691,12.364326700764655,0.5318453136703937,0.5711688282511735,0.2004755732429026,97.57865116276469,0.1103679993152803,16.273771490490283,6.595058271094147,3.876318602724445,2.5254070697300786,1.273578493538518,0.6428308904767472,2.2448108326008915,0.0213719800939879,0.0464890038382505,1.855037576670132,0.0294511833811704
1610612754,Indiana Pacers,81,49,32,0.605,3918.0,101.6,103.4,96.6,99.0,5.0,4.4,0.578,1.34,16.0,0.336,0.701,0.522,0.165,0.479,0.521,92.8,90.9,75.75,7420,0.537,2012-13,2012,2013,2013-14,1610612754,0.683,0.078,0,IND,12,19248.983333333334,9,5,6,0.151,0.243,0.1543922233122268,0.4170044478539559,0.6532180487454315,26.02971853924753,102.4848065568831,98.1178057542433,4.375394432086889,0.1427811549354554,1.5046188119026198,16.160310509905717,0.0532590033759358,0.1321828739872841,0.0937769882218887,11.653230430351732,0.4803776775223627,0.5221680099122118,0.1953488776463518,91.79565046985168,0.1082157901845898,14.170722436423048,6.850647523375693,3.026029946170317,2.1563736266590703,1.067900555786929,0.9482059225638756,2.9045506151698333,0.0270952786945117,0.0354720293253478,5.09070089502947,0.0272730482554883
1610612746,Los Angeles Clippers,82,56,26,0.683,3946.0,107.7,109.8,101.0,102.8,6.7,6.9,0.62,1.64,18.4,0.323,0.697,0.512,0.159,0.526,0.557,93.6,91.83,76.53,7552,0.548,2012-13,2012,2013,2013-14,1610612746,0.695,0.0119999999999999,0,LAC,13,19686.27333333333,11,4,12,0.178,0.252,0.1319908694416854,0.3638888315073007,0.5705102133771044,29.33451777397516,108.78552927403555,101.78205572004316,7.004723705959582,0.1561217601367585,1.6343817570347663,16.859129127537592,0.0506033042143408,0.1306462203274633,0.0909104276042088,11.230620244359775,0.5273684312520974,0.5531004584073977,0.194602034971237,92.7551513685847,0.1099037796556043,15.117741939307283,6.233988420357872,3.565936468083852,2.066414466120386,1.4282032726017888,0.8430239547623876,4.3658274129507975,0.037174704094477,0.0450071330207032,2.36965824384994,0.0550623847579946
1610612747,Los Angeles Lakers,82,45,37,0.549,3951.0,105.6,107.0,103.6,105.9,2.0,1.1,0.598,1.48,16.8,0.309,0.702,0.51,0.157,0.512,0.548,96.8,95.08,79.24,7830,0.513,2012-13,2012,2013,2013-14,1610612747,0.329,-0.22,1,LAL,12,19343.153333333332,11,6,8,0.156,0.313,0.155745719501784,0.4272328227765689,0.5987760354826668,31.11230873077227,106.25096972296484,104.84706672266122,1.3968561744327794,0.1519977741478207,1.506729802414153,16.90731934262356,0.0475277026531006,0.1319442844203616,0.0910268965108412,11.100392946961769,0.5172817499077192,0.5476098711757788,0.1964265760873873,95.9318522729662,0.1044148217129713,15.397075899034732,6.688878373157359,3.351883681150919,2.1961258988107075,1.0664238474733352,0.7779496827990473,4.722762678951953,0.0313500455882762,0.0583634320716672,2.109456107586606,0.0326593790362534
1610612763,Memphis Grizzlies,82,56,26,0.683,3961.0,101.7,103.6,97.4,99.1,4.2,4.5,0.579,1.5,16.5,0.344,0.702,0.52,0.155,0.472,0.514,91.1,89.56,74.63,7394,0.531,2012-13,2012,2013,2013-14,1610612763,0.61,-0.073,1,MEM,7,14246.583333333332,7,4,6,0.146,0.227,0.1962610918407337,0.5727420024684282,0.8446535134154973,27.45111085113975,103.17399245433116,97.7765415333501,5.400764522487848,0.1596106275773723,1.634799494615668,17.446610918407337,0.0567616124333904,0.1308833540205546,0.092861425020034,10.539675056592516,0.479870013862973,0.5263701624366077,0.1951492508730163,90.22782016623869,0.1148695046180663,14.148234371983929,6.420907936990741,3.4593557519639213,2.0089027193654623,1.394860756087717,0.7429149679162841,2.7927506722289905,0.0297474801318279,0.0242338747635753,4.0611316654336616,0.0300972955259254
1610612748,Miami Heat,82,66,16,0.805,3976.0,110.3,111.4,100.5,103.2,9.9,8.2,0.6,1.65,18.4,0.264,0.678,0.485,0.151,0.552,0.588,93.0,91.26,76.05,7572,0.564,2012-13,2012,2013,2013-14,1610612748,0.659,-0.146,1,MIA,12,19497.271666666667,9,5,11,0.221,0.294,0.1475619281090867,0.39605319137387,0.6064805819412511,30.597241255037133,110.44072593746664,102.09142246654513,8.361564425723497,0.156087146210115,1.67382190995441,17.664436878903484,0.039609504423824,0.127748280165353,0.0867413829610177,10.894853408122144,0.5507529462882969,0.5828223265084183,0.194764159224671,92.30461624160576,0.1138250414181881,15.375074273212414,5.736802662047673,3.447251551349535,1.9701218025120264,1.305413415535148,0.7976500643722545,3.5915569650839334,0.0544125853358502,0.0687382543521131,4.836642317484363,0.0437370214499585
1610612749,Milwaukee Bucks,82,38,44,0.463,3966.0,100.9,102.5,102.3,104.2,-1.4,-1.7,0.6,1.62,17.0,0.315,0.678,0.491,0.146,0.476,0.51,97.3,95.65,79.71,7909,0.488,2012-13,2012,2013,2013-14,1610612749,0.183,-0.28,1,MIL,10,17180.913333333338,9,5,3,0.122,0.258,0.1790593592812488,0.4647930047956316,0.6906248096240128,26.62399874356699,101.77827704735913,103.3603762139925,-1.623611055601623,0.1478150830747453,1.5326960159665552,15.190228817870375,0.0527313416011643,0.1316066227755839,0.0907902384506528,10.176414360198937,0.4772707364800551,0.5124147314442343,0.1983848726319167,96.57614482563402,0.100750690009883,14.969169275828175,6.8622661503831575,3.304364494398241,2.022011247364808,1.3033067314620836,1.093771887175575,3.3246639890785348,0.0223155996921798,0.0410500600522081,2.561552734705407,0.0402025940036808
1610612750,Minnesota Timberwolves,82,31,51,0.378,3946.0,100.1,101.8,102.9,104.0,-2.8,-2.2,0.624,1.51,17.1,0.312,0.702,0.5,0.157,0.473,0.516,95.2,93.94,78.29,7712,0.494,2012-13,2012,2013,2013-14,1610612750,0.488,0.1099999999999999,0,MIN,12,18615.38666666667,12,6,1,0.144,0.273,0.1329074371451859,0.3501436804249387,0.5583157373756763,26.971325244206582,101.00771859694562,103.0852243466695,-2.063520902780066,0.1580002537327544,1.4673876440206453,16.276262799447625,0.0473988830207842,0.1326539475587936,0.0881996699504496,10.778594060898728,0.4763159239596779,0.5208489652645768,0.1968276227944768,94.78600243329176,0.1017840780816442,14.523469473997856,6.275453853944479,3.432644249846364,2.1427435655378995,1.2744296116331006,0.6652561250406475,3.603002740099215,0.021036723669729,0.0358346810166947,1.5195288497966202,0.0416187741590374
1610612740,New Orleans Hornets,82,27,55,0.329,3956.0,102.7,104.5,107.6,108.9,-5.0,-4.4,0.582,1.44,16.7,0.332,0.705,0.514,0.162,0.489,0.528,90.9,89.5,74.59,7379,0.464,2012-13,2012,2013,2013-14,1610612740,0.415,0.0859999999999999,0,NOH,13,19300.393333333333,10,6,0,0.135,0.281,0.1391273027596328,0.379460833095284,0.5821538524776179,24.40781560928465,103.64790192531484,107.42188580612694,-3.798017233845667,0.1470987502327241,1.410211813472541,15.573646858319645,0.0514496792638768,0.1325471112160408,0.0909403725450846,11.06502070424126,0.4900773202722293,0.5283322999634896,0.1964304153214149,90.66157966987892,0.0939567838686534,14.246756283723409,6.172102192045138,3.1634588448801915,2.042445421664982,0.9326234802123206,0.7983256990617463,3.0048880395586663,0.0301450502048847,0.047038739643391,2.401276411757925,0.0377933435337581
1610612752,New York Knicks,82,54,28,0.659,3946.0,108.6,109.8,103.5,105.4,5.1,4.5,0.527,1.6,15.6,0.291,0.708,0.494,0.132,0.515,0.55,92.0,90.68,75.57,7462,0.512,2012-13,2012,2013,2013-14,1610612752,0.451,-0.208,1,NYK,13,18381.42166666666,11,5,11,0.151,0.349,0.1456874980562348,0.4065303073674117,0.6353551906077632,30.730126242502283,109.2654866739089,104.31562646632428,4.95547328448389,0.1349846081002258,1.822094011045392,16.76933652121395,0.0451583241702469,0.1296873493553681,0.0864324959268203,9.657506605627985,0.5339439114838144,0.5641128892551202,0.1977682691935416,91.59323234066134,0.1051778288277121,15.327214897142976,5.938169635591299,2.969084817795649,1.7685247958241896,1.210352518072369,0.5033342995867295,4.477603705392935,0.0259881261845929,0.0814858407506548,2.884873612997045,0.0528743474226065
1610612760,Oklahoma City Thunder,82,60,22,0.732,3966.0,110.2,111.0,99.2,101.2,11.0,9.9,0.561,1.4,16.6,0.291,0.702,0.513,0.16,0.527,0.58,95.9,94.58,78.82,7808,0.57,2012-13,2012,2013,2013-14,1610612760,0.72,-0.012,0,OKC,9,18130.83666666667,7,6,9,0.202,0.322,0.1720172501691868,0.4669461843183923,0.7076957838496511,26.34420888096541,111.08392462491618,99.92455591771734,11.133344811629396,0.1488031052437183,1.390966053046642,15.866133397778482,0.0489029360843983,0.1322024615153814,0.094272409565214,12.230260921954144,0.5429430481329139,0.5881148903589851,0.1993679059855851,95.42781261243506,0.11928353490214,16.28959575500377,6.631795443894757,3.2166193470387743,2.2139077604618724,1.225095146372175,1.2092106063867984,3.0811225476209767,0.0476272546714197,0.0837524178869041,1.3065073619950167,0.0541809840223657
1610612753,Orlando Magic,82,20,62,0.244,3956.0,98.9,100.9,106.7,108.4,-7.8,-7.4,0.605,1.57,17.6,0.293,0.707,0.498,0.156,0.485,0.514,94.5,92.81,77.34,7646,0.459,2012-13,2012,2013,2013-14,1610612753,0.28,0.036,0,ORL,9,14253.358333333332,7,5,0,0.132,0.255,0.1795459900386049,0.4800860382026926,0.7365799755963945,24.578750271134933,99.47446498866056,106.94890572572662,-7.4537819800362834,0.1352701185627013,1.348680526168394,14.728480363984396,0.0490610341539391,0.1415183134033324,0.094925329176808,10.807755984993012,0.4850882523007736,0.5117761172074651,0.199680194316778,93.74027820577956,0.0938181601645928,14.305681175722912,6.781559667516953,3.030864655873499,2.0635136865405403,1.002711056984816,0.7122531941302722,3.422372908324744,0.0232965039048735,0.0300313170218836,2.8269360300052826,0.0257442138607242
1610612755,Philadelphia 76ers,82,34,48,0.415,3951.0,99.5,101.0,103.0,104.7,-3.4,-3.7,0.61,1.74,17.7,0.291,0.695,0.489,0.141,0.481,0.509,93.3,91.88,76.56,7566,0.474,2012-13,2012,2013,2013-14,1610612755,0.232,-0.1829999999999999,1,PHI,11,18813.711666666662,9,5,0,0.115,0.261,0.1555022768411726,0.4489208092643778,0.6623873704878543,25.811627370711093,100.04780398197168,103.281868029408,-3.245934751312141,0.1539545708993981,1.729884483187661,16.573401952317223,0.045140278185405,0.1304873970022041,0.0868208719580143,9.51503807462412,0.4872828763985699,0.5145348405024102,0.1969255889343827,92.9771600579967,0.0975367224631467,14.159885338946497,6.253311525361777,3.4021994773847126,1.8809685524573525,1.128963831078167,0.7022537728909952,3.003308700616816,0.0195557162226101,0.0370393919649901,1.8488736331480864,0.0308041573684445
1610612756,Phoenix Suns,82,25,57,0.305,3961.0,98.2,100.2,105.7,106.9,-7.5,-6.7,0.606,1.45,17.1,0.308,0.687,0.491,0.164,0.477,0.512,95.9,94.48,78.73,7793,0.458,2012-13,2012,2013,2013-14,1610612756,0.585,0.2799999999999999,0,PHX,11,18198.245,10,4,0,0.125,0.27,0.1418373951261051,0.3811015842461732,0.5891537892802301,27.430755731299,99.63613646993616,106.21103258400282,-6.59600934961952,0.1477745832084357,1.4921191668024398,16.54203008769985,0.0480787861686662,0.1306468062350701,0.0883338003197561,11.181271124404212,0.4834937605247099,0.5175446568245089,0.1961595375451497,95.26156709983115,0.094927616921302,14.383584790731195,6.280825431243508,3.3313102444768714,2.185925071346165,1.1829712150814544,0.7893068809657195,3.377111200523636,0.0190588590850368,0.0391538329320299,3.0434864024297683,0.0371490503659122
1610612757,Portland Trail Blazers,82,33,49,0.402,3971.0,102.7,104.5,106.9,107.9,-4.2,-3.4,0.593,1.48,17.0,0.294,0.702,0.495,0.157,0.498,0.536,93.7,92.46,77.05,7649,0.468,2012-13,2012,2013,2013-14,1610612757,0.659,0.257,0,POR,13,18995.57333333333,7,5,0,0.137,0.262,0.1667162103732238,0.4613366061426241,0.7100894734773295,24.554600352503176,103.43055827743724,106.8953302541364,-3.452545101735984,0.1420813222799978,1.453300524227399,16.039833096202063,0.0464105903972013,0.1337092915682811,0.0891914945271459,11.252786851041789,0.4987937117630213,0.5348729026692534,0.1949776877841013,93.40750257603877,0.0944606660113092,14.589083210965642,6.240822423189122,3.108092552089329,2.061954083337311,0.9835975820331474,0.6652076132825332,2.3685768699051413,0.0343350008652649,0.0429688837733864,2.9214851293173307,0.0586251285323039
1610612758,Sacramento Kings,82,28,54,0.341,3966.0,103.0,105.3,108.6,110.0,-5.6,-4.7,0.553,1.42,16.0,0.306,0.673,0.485,0.154,0.491,0.532,96.3,94.65,78.88,7804,0.454,2012-13,2012,2013,2013-14,1610612758,0.341,0.0,0,SAC,10,16213.916666666664,8,5,0,0.132,0.278,0.1411945499493747,0.4226236720512729,0.6778066167438467,26.017904886234565,104.48535806174736,109.1387358185098,-4.640293616080835,0.1425937579342848,1.622968945401841,16.459671280330166,0.0465815595655995,0.1261344934135798,0.085272893142208,10.492423905389916,0.4871431752558244,0.5290227089897054,0.2033548244049607,95.4983956683302,0.0948826564628123,15.573288378810384,6.010392307020203,3.170609610057204,2.100417850920248,1.1967497057568857,0.5639599726572337,3.511061286325537,0.0235875934485225,0.0494742869595475,3.415038933105647,0.034735680019779
1610612759,San Antonio Spurs,82,58,24,0.707,3976.0,105.9,107.0,99.2,100.3,6.8,6.7,0.641,1.71,19.1,0.243,0.715,0.493,0.153,0.531,0.568,96.4,95.31,79.43,7892,0.551,2012-13,2012,2013,2013-14,1610612759,0.756,0.049,0,SAS,14,19644.605000000007,9,4,11,0.178,0.276,0.1120187960002249,0.3284610032457595,0.5222621342263349,29.34001693255392,105.74690903685767,99.11561801149304,6.607465366021187,0.1650600405726321,1.7542292799134078,18.664634429317022,0.036546430517013,0.1332262731506521,0.0878043628263332,10.820479380131763,0.5358574193779919,0.5707227966660566,0.1956345726133629,96.44207258515335,0.1112943454449707,15.340394983762716,6.122597018367128,3.7457612408088634,2.090955761136454,1.266301867611998,0.8026631230304706,4.691719168769753,0.0365879401939615,0.0510629121294742,3.7865130616503566,0.0381884505400067
1610612761,Toronto Raptors,82,34,48,0.415,3996.0,102.9,105.0,104.7,106.4,-1.7,-1.4,0.592,1.57,16.9,0.296,0.688,0.49,0.148,0.488,0.532,92.9,91.26,76.05,7591,0.484,2012-13,2012,2013,2013-14,1610612761,0.585,0.1699999999999999,0,TOR,13,16058.23,10,4,3,0.123,0.238,0.1876325514497342,0.4582105250703221,0.6435740427182821,25.51497051667587,104.11642131999189,105.23054197131312,-1.0780784059015225,0.1274890142520896,1.429166509426423,14.57504991729059,0.0454737233389566,0.1247280604192782,0.084660752980455,10.970283628187332,0.4900153054435845,0.5337941605851536,0.1930676959208247,92.45307823257396,0.0907571357490831,14.128082609353582,5.862414475318886,2.766431916842641,1.910048616815178,1.055907157887264,0.710663628556821,2.9538776662125623,0.0225358973508761,0.0368463746265142,4.231450225999104,0.0473785448739955
1610612762,Utah Jazz,82,43,39,0.524,3976.0,103.6,105.4,104.3,105.6,-0.7,-0.2,0.61,1.54,17.4,0.329,0.697,0.51,0.159,0.492,0.533,93.4,92.05,76.71,7629,0.504,2012-13,2012,2013,2013-14,1610612762,0.305,-0.219,1,UTA,12,19612.54333333333,12,5,7,0.148,0.257,0.1314530343931256,0.3672039475417347,0.5656006198754098,26.78263001076012,104.36876997764864,104.49883967964038,-0.115608913887252,0.1507109056738009,1.5889422814957024,17.513706993296637,0.0502429293973941,0.1305226686560964,0.0896185929820762,11.06462177351467,0.4864153460973869,0.5267526677230201,0.1963621523334641,92.89451460655368,0.1014021831776704,14.58903086341173,6.211535032937254,3.388443756147214,2.1164006775935738,1.250016358578685,0.9214511189522758,4.060353060455535,0.0283165176340854,0.0396632828937801,2.935581168582817,0.0429703158171535
1610612764,Washington Wizards,82,29,53,0.354,3971.0,97.8,99.3,100.6,101.6,-2.7,-2.3,0.61,1.43,16.9,0.279,0.706,0.491,0.161,0.475,0.512,94.4,93.23,77.69,7699,0.481,2012-13,2012,2013,2013-14,1610612764,0.537,0.183,0,WAS,13,17989.230000000003,12,6,2,0.146,0.286,0.1223002133313469,0.3333444510965727,0.521240671965022,25.6013425810888,98.98827455835148,100.46966175502416,-1.480682701075403,0.1453755263566033,1.4361933269702671,15.757999934775787,0.0457493513248389,0.1362604577850191,0.0909712204654303,11.36953311323868,0.4808695873401289,0.5147332998688661,0.194231573928771,94.26011284807632,0.0965933821699613,13.854289483207452,6.591944179934328,3.077841575209167,2.1152656339376392,1.0946549685561862,0.7184298605332191,3.2057783982269186,0.0295243692294256,0.0435505989487362,2.862104686970877,0.041630346244195
1610612737,Atlanta Hawks,82,38,44,0.463,3966.0,103.4,104.9,104.1,105.7,-0.7,-0.7,0.667,1.63,18.8,0.256,0.711,0.485,0.159,0.515,0.554,96.9,95.41,79.51,7892,0.502,2013-14,2013,2014,2014-15,1610612737,0.732,0.2689999999999999,0,ATL,12,18556.271666666667,11,5,6,0.153,0.251,0.1369845038016347,0.4005138244814444,0.6069619049731882,28.17330528770911,103.99390751356928,104.36586639216227,-0.3641409108492789,0.1743332332473755,1.7386564596354348,19.02844485732272,0.0379656215962204,0.132299165340595,0.0854538231144313,11.054371320819389,0.5218524925490151,0.5596687302397222,0.1956182812585466,96.56545549065486,0.1035079013268021,15.194431568194869,5.988918571376092,3.8548691938206336,2.186430589550002,1.2590891327577207,0.5955937808268417,3.5385033710375358,0.0222892441800662,0.0460153820742753,4.546069657604438,0.0452485780452504
1610612738,Boston Celtics,82,25,57,0.305,3946.0,99.7,101.9,105.2,106.5,-5.5,-4.6,0.576,1.37,16.2,0.314,0.708,0.505,0.163,0.477,0.517,95.9,94.28,78.57,7745,0.461,2013-14,2013,2014,2014-15,1610612738,0.488,0.183,0,BOS,11,16566.68,10,5,1,0.132,0.234,0.1693338677393418,0.4293515659142327,0.6268150890824232,25.9943416544534,100.78701624787423,105.03861219226384,-4.254539292121294,0.1290004200197826,1.2268873485816107,14.86150867283004,0.0539039353891868,0.140680707198626,0.0955799601972151,11.544397157426838,0.4769330458285345,0.5146793024713865,0.1958618407550577,95.36537369487024,0.0933165432060014,14.40071275596559,6.860276168791816,2.8879654825227505,2.1686904074926296,1.040884474137244,0.6910256007842247,3.011845580543014,0.0182223316206142,0.0387616878143117,3.177765413308429,0.0416890412708889
1610612751,Brooklyn Nets,82,44,38,0.537,3976.0,104.4,105.4,104.9,106.7,-0.6,-1.3,0.585,1.44,16.7,0.26,0.686,0.475,0.155,0.514,0.555,93.7,92.42,77.02,7663,0.492,2013-14,2013,2014,2014-15,1610612751,0.463,-0.074,1,BKN,12,17836.708333333332,12,5,5,0.153,0.265,0.1443431500113296,0.3774233381065733,0.5874762953740064,30.872960584562268,104.91013959507664,105.04480715565514,-0.1343580210287304,0.1479762633707172,1.5530044136506873,16.82143212149102,0.0382307371735722,0.128964408418033,0.084149306042548,11.01927964100252,0.5196396598774532,0.5589762248733301,0.1970056111810615,93.22034142230092,0.1036399547749141,14.965765824692056,5.679523267792778,3.1626911729322256,2.0223462382119277,1.261443511858737,0.6075111953111678,3.880161490772613,0.0232100173882065,0.0341665016966742,2.556885260820183,0.0451969798939874
1610612766,Charlotte Bobcats,82,43,39,0.524,3981.0,101.2,103.0,101.2,103.3,0.1,-0.4,0.597,1.76,16.9,0.269,0.73,0.5,0.131,0.481,0.522,94.7,92.93,77.44,7712,0.508,2013-14,2013,2014,2014-15,1610612766,0.402,-0.122,1,CHA,10,16921.90666666667,9,4,5,0.17,0.293,0.1544722501719664,0.4507663832995965,0.6789981507206042,25.268070264737705,102.29954085158252,102.07023770174048,0.2078538234068187,0.1386334603350449,1.8485590158083047,15.70982406040927,0.0418816458232051,0.1436294631495426,0.0931170596024246,9.23338439797564,0.4945480756502617,0.5313128959857163,0.193757703426643,93.64106774512408,0.1032103589784602,14.306898434612965,6.746048317644269,2.9805151980509685,1.6168390795993832,0.8786243945717701,0.8318211580570511,3.0397540291305982,0.0340628055815959,0.0634033408440927,2.042480297520547,0.0412378050184326
1610612741,Chicago Bulls,82,48,34,0.585,3986.0,99.7,101.7,97.8,99.9,1.9,1.9,0.654,1.52,17.6,0.321,0.713,0.518,0.162,0.471,0.518,92.7,90.84,75.7,7549,0.528,2013-14,2013,2014,2014-15,1610612741,0.61,0.025,0,CHI,9,16706.576666666664,8,7,5,0.156,0.289,0.1687775452900485,0.4784884116494642,0.74737852737834,29.380087342848817,101.07884127667889,98.86187737842964,2.214166746309288,0.1453954552428754,1.5492271706172402,16.766179346935832,0.0533105449690172,0.1448982810761351,0.099126052654314,11.09448620333749,0.4689214279486343,0.5137622105107111,0.1903172590913798,91.63451707640884,0.1057368531314913,13.403104924946724,7.085113986049008,3.055563148484639,2.032014138942888,1.1032780902850037,0.8813295682159502,3.8657167292669294,0.0286931184605115,0.0372178173930832,2.874559946964097,0.0261784143069824
1610612739,Cleveland Cavaliers,82,33,49,0.402,3986.0,101.3,103.5,104.8,107.0,-3.5,-3.6,0.572,1.49,16.2,0.314,0.711,0.508,0.149,0.479,0.518,95.7,93.69,78.08,7784,0.469,2013-14,2013,2014,2014-15,1610612739,0.646,0.244,0,CLE,10,16200.634999999998,8,5,3,0.131,0.274,0.1600932103381544,0.4531545625629283,0.6921741030521336,25.057854007985902,102.68237495011768,105.5437703522115,-2.8712065710181527,0.1563277923982609,1.6246112678093585,16.82142317261021,0.0471771966551516,0.1299230339839559,0.0873867457458714,10.59673361568852,0.4815623901984911,0.5217833539652406,0.1943567596784529,94.72098056958878,0.0964444239377036,14.608316278960668,6.381972064675242,3.370978977058615,2.026587229451191,1.099956884406074,0.4822033210426628,3.489706677693772,0.0251707640290531,0.0514233477831965,3.6298695900127327,0.0307990348771643
1610612742,Dallas Mavericks,82,49,33,0.598,3966.0,109.0,109.5,105.9,107.2,3.0,2.3,0.596,1.74,18.0,0.276,0.694,0.487,0.141,0.526,0.564,95.7,94.94,79.12,7852,0.521,2013-14,2013,2014,2014-15,1610612742,0.61,0.012,0,DAL,12,19359.123333333333,10,4,9,0.161,0.26,0.1561307786492398,0.4193838322913038,0.6457189779771364,31.29475534102181,107.87963031039456,105.48540597654474,2.380467107928613,0.1476234236329916,1.8032834682424492,17.15214184113365,0.0444421549219601,0.1316756741911694,0.0884212476391406,10.15205557689682,0.5318945831224796,0.5667266611762894,0.195234191475957,96.43419575903664,0.1060483471445074,15.763730347982357,6.105028516270624,3.4718514285340403,1.932112284010106,1.2942734838027272,0.6452771535625667,4.816370408895167,0.0259183233881748,0.0466845139176466,3.772742481821418,0.0469088933736024
1610612743,Denver Nuggets,82,36,46,0.439,3951.0,103.3,105.1,105.4,107.3,-2.1,-2.2,0.584,1.41,16.4,0.31,0.703,0.505,0.16,0.497,0.536,100.7,98.95,82.46,8146,0.481,2013-14,2013,2014,2014-15,1610612743,0.366,-0.073,1,DEN,11,17287.521666666667,10,5,4,0.13,0.236,0.1437436617336608,0.3982380161875912,0.6172494553634206,25.90562287075466,104.52872354076584,106.29421602074636,-1.778342808536369,0.1388644725728471,1.331237241158435,14.65003715107419,0.0500102910451883,0.1356095230731453,0.0922474164168316,11.454518302363178,0.4989041879243727,0.5386493875688562,0.1980365688623383,100.08420003040727,0.0967128976362815,15.915988729057268,6.969882804678095,3.20901983926171,2.3156587029584825,1.0703674220509534,0.8517125984802333,2.71205459069622,0.0254678431621297,0.0171344441947076,2.931837527078863,0.0355315593226194
1610612765,Detroit Pistons,82,29,53,0.354,3956.0,102.9,105.2,107.3,109.0,-4.4,-3.7,0.539,1.44,15.6,0.347,0.693,0.511,0.152,0.482,0.514,97.4,95.57,79.64,7874,0.464,2013-14,2013,2014,2014-15,1610612765,0.39,0.036,0,DET,11,19059.30833333333,9,6,0,0.135,0.241,0.1432516132755779,0.4274991616082605,0.6875554683035455,25.160398702821062,104.37771376803198,108.05271163652758,-3.669466983980269,0.1350428360245672,1.3842087020471625,14.008352235587424,0.0562648262419456,0.1318150767101114,0.0918252618471202,10.260792290031514,0.4931538811525603,0.522677485148333,0.195978061550852,96.56989869604398,0.0944145454736246,15.176836165355777,6.801715871990808,3.1373646385383878,2.08339144871032,1.2504126373945892,0.7272037241645268,3.4409520996311045,0.0252568633042895,0.0419911812721084,1.2693152037689603,0.0476252779555127
1610612744,Golden State Warriors,82,51,31,0.622,3966.0,105.3,106.3,99.9,101.4,5.4,4.9,0.591,1.53,17.4,0.284,0.724,0.508,0.155,0.517,0.55,98.5,97.37,81.14,8045,0.528,2013-14,2013,2014,2014-15,1610612744,0.817,0.1949999999999999,0,GSW,9,17677.118333333332,8,6,7,0.164,0.275,0.1622316646444353,0.4526727631228733,0.6927268782779548,26.83239802188724,106.8685518878407,99.84560203110028,7.012396364377264,0.1455437816929249,1.5194246818698107,16.880796954933547,0.0477859864225607,0.1408276324449941,0.0958463103573348,11.107589444018544,0.5247919068822587,0.5562013243862994,0.1974200827981861,98.2194948648776,0.1093320990949599,15.893088155111256,7.009739803932976,3.449883564166897,2.181124732717088,1.187297590265231,0.7779548533127242,3.519680212737481,0.0310322404118009,0.0535929859575609,4.999742948253095,0.0435087559064477
1610612745,Houston Rockets,82,54,28,0.659,3966.0,108.6,109.8,103.1,105.2,5.5,4.6,0.563,1.33,16.1,0.306,0.7,0.513,0.165,0.531,0.571,98.8,97.27,81.06,8040,0.534,2013-14,2013,2014,2014-15,1610612745,0.683,0.024,0,HOU,10,18125.605,10,6,10,0.156,0.27,0.1535164389455322,0.4389618994786657,0.6669313934624527,25.390329499806125,109.38856920913814,104.18893836463204,5.197894378330176,0.1420345293301934,1.472549951665981,15.743730071354864,0.0497825946591392,0.1366659031059469,0.0952531430904881,11.517099751061185,0.5330921821184268,0.569800346986119,0.1964938430101137,98.05025311798788,0.1111061691458023,16.254574674886715,6.981284210927028,3.211589351086488,2.305909237236495,1.1241555799102982,0.8739018642412212,2.3760408040477445,0.0314186268346467,0.0433843779271193,2.0510275315573687,0.0322405246381287
1610612754,Indiana Pacers,82,56,26,0.683,3956.0,101.5,103.6,96.7,98.9,4.8,4.7,0.56,1.33,15.9,0.296,0.721,0.517,0.162,0.49,0.535,94.9,92.89,77.41,7656,0.545,2013-14,2013,2014,2014-15,1610612754,0.463,-0.22,1,IND,10,17575.75833333333,8,5,8,0.157,0.278,0.16490374289208,0.4621418421490586,0.7376719164796589,27.77213415637353,103.00082774996432,97.90718450744896,5.113756001993276,0.1441588504241875,1.4879033071593404,16.26476798772552,0.0449836313369124,0.1376162137148184,0.0933829517076314,11.766617523852696,0.4950009256120292,0.5395724961132544,0.1973591337690028,93.64726252304902,0.1125180441242222,14.634930403666797,6.753165226156672,3.0724136606718253,2.1834619748507773,1.0528137477235455,0.8479861703454238,3.808758796890062,0.0319267317676521,0.0478311427956359,3.826100468124636,0.0288276333540728
1610612746,Los Angeles Clippers,82,57,25,0.695,3951.0,109.4,111.3,102.1,104.0,7.3,7.3,0.628,1.77,18.3,0.288,0.69,0.496,0.143,0.526,0.567,98.4,96.66,80.55,7954,0.548,2013-14,2013,2014,2014-15,1610612746,0.683,-0.0119999999999999,0,LAC,12,18658.32166666667,9,7,11,0.179,0.286,0.1538420792223809,0.4236565400264206,0.6468067465517842,28.563131035454877,110.78604268890568,102.94115013738733,7.844892551518346,0.1647686509495808,1.8165349768418797,17.200540563089234,0.0448081551279219,0.1279651109205696,0.0883341153496031,10.456815783627558,0.545297778212099,0.574320915252024,0.1960386571925503,97.67454705956496,0.1124149118270998,16.353882490145374,6.409579711215542,3.8125615621197806,1.995034744550533,1.2772853006696836,0.7312554818033384,3.5971489240273256,0.0418864508881876,0.05926626273676,2.7473020659637544,0.0468544843682766
1610612747,Los Angeles Lakers,82,27,55,0.329,3941.0,101.9,103.2,107.9,109.3,-6.0,-6.0,0.639,1.62,18.1,0.235,0.676,0.459,0.152,0.505,0.542,101.0,99.72,83.1,8177,0.46,2013-14,2013,2014,2014-15,1610612747,0.256,-0.073,1,LAL,13,17573.848333333328,13,5,1,0.136,0.263,0.1454440494867895,0.3801236287745362,0.5720755148582995,26.90020436616568,102.45024099730009,108.1732717430796,-5.717385055767998,0.1458334320437688,1.4771408093218816,16.092847781680142,0.0393597436304266,0.127590964471925,0.0839745574603324,10.39094907973581,0.5053165524644622,0.5407848870893294,0.1957733629581607,100.68190478105302,0.0928505438336452,15.59521823573266,6.338054015678031,3.398458827411071,2.112001839096332,1.0693161590769011,0.8849513040636424,3.6345159966366665,0.0237750094813753,0.0446558622980934,3.1045820649698763,0.0345967516386002
1610612763,Memphis Grizzlies,82,50,32,0.61,3961.0,103.3,105.5,102.1,103.8,1.2,1.7,0.574,1.59,17.1,0.326,0.718,0.521,0.15,0.494,0.529,92.2,90.58,75.48,7476,0.518,2013-14,2013,2014,2014-15,1610612763,0.671,0.061,0,MEM,11,17130.171666666665,10,4,8,0.131,0.258,0.1579088086585628,0.4157059916601341,0.6290637484368468,29.26239764283351,104.42052911904076,102.54204778839052,1.878353739011956,0.1491101297583805,1.7363015801651336,17.091050751291363,0.0545669552056444,0.1429551950393959,0.0985311829430002,10.408502940669113,0.4964117102153968,0.5273433739669665,0.1985325152900297,91.62693817137269,0.1085038880229163,14.5406598863623,6.767007491557538,3.3687928599275567,2.002782030886439,1.1621599822457511,0.7292396271957968,3.5656766706577425,0.0217391401709298,0.0421919016450433,2.153054683957474,0.0445545651066609
1610612748,Miami Heat,82,54,28,0.659,3976.0,109.0,110.0,102.9,105.0,6.1,5.1,0.588,1.52,18.1,0.244,0.686,0.476,0.159,0.554,0.59,93.3,91.9,76.58,7615,0.539,2013-14,2013,2014,2014-15,1610612748,0.451,-0.208,1,MIA,11,18655.018333333333,10,5,9,0.2,0.303,0.1555543901457793,0.4080059422795171,0.6197508427357036,30.98429278770476,108.82342065955264,103.76414423250364,5.061786109206897,0.1547623151625599,1.569393180262219,17.592224085190303,0.0367847480003369,0.1295883162269741,0.0855301666370201,11.384055237683588,0.5498221533062014,0.5823093089071386,0.1974563279710883,93.0321686916952,0.1108813550705882,15.426626490405486,5.4979308070009045,3.4137731125253072,2.1594189445538827,1.3489131744800391,0.6599832699172725,3.964762265045587,0.0477420499751189,0.0653528862572547,3.287999860708664,0.0533179790767024
1610612749,Milwaukee Bucks,82,15,67,0.183,3976.0,100.2,101.9,108.9,110.2,-8.7,-8.3,0.596,1.42,16.5,0.31,0.678,0.49,0.161,0.479,0.519,94.3,92.96,77.47,7685,0.449,2013-14,2013,2014,2014-15,1610612749,0.5,0.317,0,MIL,11,15924.961666666664,10,6,0,0.118,0.263,0.154498749709183,0.4243199120207197,0.6337319283971066,23.788341510398197,100.84190672567814,108.60187022951494,-7.763633413246311,0.1445834389763575,1.4504278723015245,16.245158905144407,0.0518190177747157,0.1262690726518755,0.0880451308255373,11.708949754667122,0.4763934619622841,0.5151940715294239,0.1919491757018358,93.957653821668,0.088960745902371,13.87783560337194,6.261867506326808,3.085721713406532,2.13400827652437,1.0104890885660949,0.8160773176115442,3.0212964235293938,0.0198428790757813,0.0398651426342707,3.1008456322010174,0.0304620003155712
1610612750,Minnesota Timberwolves,82,40,42,0.488,3971.0,105.6,107.7,104.1,105.2,1.4,2.6,0.616,1.72,17.3,0.317,0.715,0.508,0.14,0.486,0.535,99.8,98.33,81.94,8139,0.519,2013-14,2013,2014,2014-15,1610612750,0.195,-0.293,1,MIN,12,18483.725,9,5,7,0.191,0.281,0.1512952611013202,0.4351799578638324,0.6429494956599207,26.882585806342245,107.3880375212969,104.19051933525304,3.1934563063812447,0.159001120805826,1.7062028207698032,16.854015897769525,0.0484711741455433,0.1371082941885361,0.0911457006997597,9.596488559530076,0.4849043930088046,0.5308107171759662,0.1985848282746037,99.39918793515196,0.1061287419067314,16.24542671999286,6.733058406787594,3.743401289512801,2.0236180748198755,1.3321990020950865,0.5511875988200431,2.637303892135168,0.0398290717528389,0.0509832765072173,3.918795446703037,0.0454676513223418
1610612740,New Orleans Pelicans,82,34,48,0.415,3971.0,104.7,106.2,107.3,109.1,-2.6,-3.0,0.563,1.55,16.5,0.305,0.694,0.497,0.147,0.495,0.537,94.5,93.07,77.56,7703,0.483,2013-14,2013,2014,2014-15,1610612740,0.549,0.134,0,NOP,15,19525.48,14,7,6,0.164,0.266,0.1207535828397902,0.3308740681407064,0.520096048855137,24.645475552969764,105.19211229805022,107.74860022220538,-2.542678916642937,0.1436104383434705,1.5333359854234911,15.872745663614932,0.0473481455172079,0.1308235296477559,0.0887642822779943,10.45155745210873,0.4990916295015538,0.5398462570446413,0.1959023658658668,94.14104578735068,0.0980410807655774,14.95276940694928,6.154419763304155,3.1915220522107526,1.9285569420060356,1.1726216205696351,0.9384660453929942,2.4327509864536765,0.0314707733445206,0.0503067675045436,3.669694074272978,0.0350370025261409
1610612752,New York Knicks,82,37,45,0.451,3971.0,105.4,107.0,106.5,108.1,-1.0,-1.1,0.542,1.54,16.0,0.291,0.705,0.492,0.141,0.505,0.541,92.6,91.24,76.04,7556,0.49,2013-14,2013,2014,2014-15,1610612752,0.207,-0.244,1,NYK,14,19046.87,10,6,7,0.162,0.318,0.1565470687134771,0.3895787076826796,0.5910677187380393,28.774333350659017,105.93744030734008,106.69436826103188,-0.7557177723513975,0.129612981030479,1.5928950583481694,16.32998767426529,0.0456350896499004,0.1334502674192662,0.0882920646979442,10.248350253873737,0.5135084976341695,0.5437445168156237,0.1966003666219174,92.2006146189199,0.0992982560039173,14.833303319653046,6.084149259169617,2.8823633489386973,1.8220316513946917,1.126484298995058,0.676646609127904,4.0529923418186655,0.032154096966707,0.0657490384187584,3.491736983348773,0.0518882021348053
1610612760,Oklahoma City Thunder,82,59,23,0.72,3961.0,108.1,109.4,101.0,103.0,7.1,6.4,0.562,1.43,16.6,0.294,0.722,0.518,0.158,0.52,0.566,97.9,96.33,80.27,7954,0.543,2013-14,2013,2014,2014-15,1610612760,0.549,-0.1709999999999999,1,OKC,12,18947.40166666667,9,5,12,0.206,0.33,0.1647564516541889,0.4256578364614813,0.5904271306857288,26.294655793173398,108.59689528229949,101.81900378424798,6.786251984770822,0.1506131260214131,1.458112619839431,16.417532140070918,0.0486443728739938,0.1350635087959729,0.0939445304769581,12.056031209556348,0.5157274923624092,0.5559448336847593,0.19781024715702,97.29997523407124,0.1101153760660762,16.049271839472095,6.748788158376333,3.345894129195023,2.260996032789368,1.23309783637,0.9233983797778428,4.888713988807081,0.0533406308721824,0.0808599379765916,2.780334037684836,0.0452143336397386
1610612753,Orlando Magic,82,23,59,0.28,3991.0,99.3,101.0,104.8,106.6,-5.5,-5.7,0.571,1.41,16.4,0.267,0.714,0.49,0.156,0.487,0.525,95.9,94.27,78.56,7837,0.466,2013-14,2013,2014,2014-15,1610612753,0.305,0.0249999999999999,0,ORL,12,18256.76166666667,9,5,1,0.134,0.24,0.1398025407390156,0.3953504167451382,0.6034460109163207,24.856246868169485,99.98551262787844,105.70025637076746,-5.748851160807362,0.1481256429467183,1.4474333902041956,16.173495080407193,0.0369941925626277,0.1323143667227585,0.0845382895122784,11.24267261892101,0.4901113772732788,0.5264545264827452,0.1953490315049483,95.39343114245251,0.0940100873128558,14.372976149384654,6.05167564857477,3.2535890583735325,2.1592000114660714,1.1338264900392614,0.6171959850126761,3.770471872503696,0.0237607852251634,0.0354069996667397,2.140558384257898,0.0331407254445258
1610612755,Philadelphia 76ers,82,19,63,0.232,3971.0,96.8,99.0,107.5,109.0,-10.7,-10.0,0.576,1.29,16.0,0.29,0.684,0.479,0.168,0.475,0.51,101.6,99.74,83.11,8236,0.426,2013-14,2013,2014,2014-15,1610612755,0.22,-0.012,0,PHI,7,12679.363333333333,6,3,0,0.104,0.271,0.2143334483934393,0.5868409796601248,0.8633819416274582,23.675700330905155,98.19119796761612,108.29299684868508,-10.09267222670749,0.1485098615624496,1.2814827913283762,15.23724094716638,0.0387045581152996,0.110754217548778,0.0728817411704951,11.947753462384677,0.4807845701506042,0.513515075020854,0.2020027596022828,100.85586679036724,0.0810502924831399,15.167323070112088,5.471252631244102,3.2992192825665008,2.512744462195657,1.5928244556969078,0.4145318547803004,1.8326046364163049,0.0201536100135547,0.0577069748324502,2.3881446109001594,0.0287619283866927
1610612756,Phoenix Suns,82,48,34,0.585,3951.0,107.1,108.2,103.8,105.6,3.3,2.6,0.493,1.24,14.7,0.298,0.699,0.5,0.158,0.519,0.558,98.2,96.83,80.69,7973,0.509,2013-14,2013,2014,2014-15,1610612756,0.476,-0.1089999999999999,1,PHX,12,19402.711666666662,9,6,10,0.141,0.244,0.1375062093983942,0.3859253521865973,0.6160686989885521,26.598627751945664,107.47605778814248,104.57419592639413,2.909982779898376,0.1272123872376258,1.2416865804066728,13.99431825122038,0.0466649770689268,0.130698136523357,0.0889539215609639,11.600460219177268,0.5157972536828399,0.5532617242418091,0.1963731550581375,97.71218007242456,0.1029430912878414,15.804388853894732,6.399311711326947,2.8814529103191497,2.2246375012702257,1.267245549097218,0.6846465704493022,2.8900903665097686,0.0228002706878757,0.038777646450474,3.1150280714432044,0.039215868579198
1610612757,Portland Trail Blazers,82,54,28,0.659,3971.0,108.3,110.4,104.7,106.2,3.5,4.2,0.594,1.69,17.2,0.32,0.713,0.517,0.142,0.504,0.548,97.5,95.9,79.91,7930,0.524,2013-14,2013,2014,2014-15,1610612757,0.622,-0.037,0,POR,12,19410.89,6,5,8,0.155,0.296,0.1522845337505561,0.4468034867712574,0.7096718216767323,26.039770458747643,109.4529114928098,105.21471752883735,4.236418603165543,0.148980632521229,1.6587474479531852,16.681770542205946,0.0501529923838285,0.1351820799218033,0.0928390197461322,10.04003373879302,0.5105800851995969,0.5533979753117967,0.1975966307229258,96.86452249141249,0.1058227539626811,16.062941987719267,6.945585699573797,3.4459007289207246,1.9714706538443112,0.8234552872124874,0.7084682876467797,2.4578162683476337,0.0251128194173354,0.0510645187888236,3.668369847474513,0.0412166754065417
1610612758,Sacramento Kings,82,28,54,0.341,3966.0,102.9,105.1,106.3,107.8,-3.4,-2.7,0.511,1.24,14.6,0.316,0.725,0.518,0.159,0.484,0.532,96.7,95.04,79.2,7840,0.473,2013-14,2013,2014,2014-15,1610612758,0.354,0.0129999999999999,0,SAC,6,10950.545,6,3,2,0.182,0.323,0.2280512065837819,0.6376060126078961,0.9181132080640736,24.37323423933086,104.87188445871872,106.46508651700287,-1.623912691103502,0.1530077005299736,1.3623348076891757,13.96087126257186,0.0483412679460246,0.1416418675965442,0.0946326936239246,11.095753072868368,0.480936407122507,0.5238633136524254,0.2143543164594395,95.91735668863969,0.103036254816541,16.463838101208662,6.739390596541085,3.1691573341783443,2.367005477809552,1.055289942190092,0.6607890292218332,2.5017113457560622,0.0519292827055611,0.0687166428617451,2.309949754929841,0.0420349421535231
1610612759,San Antonio Spurs,82,62,20,0.756,3951.0,108.2,109.5,100.1,101.4,8.1,8.1,0.621,1.75,19.0,0.261,0.725,0.503,0.15,0.537,0.571,97.1,95.87,79.89,7887,0.555,2013-14,2013,2014,2014-15,1610612759,0.671,-0.0849999999999999,1,SAS,13,19136.825000000004,9,4,13,0.154,0.263,0.1127751512245805,0.3224626690512489,0.5260830014034894,29.691780811776944,108.141993556054,100.0315489899709,8.115434300099414,0.1584896032474909,1.806366533285084,18.71790710667348,0.0415631344279942,0.1364975414329876,0.0912999357695612,10.830510277087935,0.542216805208457,0.5752130126949829,0.1959018459610375,97.11935483724876,0.1125112825664654,15.860311206273767,6.476936482410222,3.794359827191815,2.101289006927743,1.0986148433713534,0.7712878181202995,4.841246363889492,0.02448513992451,0.0424852575497223,2.8087243278970813,0.0280252680395574
1610612761,Toronto Raptors,82,48,34,0.585,3991.0,105.8,107.9,102.4,104.6,3.5,3.3,0.581,1.5,16.4,0.312,0.701,0.505,0.151,0.498,0.545,94.4,92.48,77.07,7696,0.512,2013-14,2013,2014,2014-15,1610612761,0.598,0.013,0,TOR,8,14374.358333333334,6,5,7,0.138,0.278,0.2098616575928316,0.5677323567486781,0.8719525451281014,25.37084832192509,107.43398806787316,104.30655180550087,3.092124564400846,0.1407284945472928,1.4829717790301369,13.9420099216023,0.0512304913320768,0.1329387943693718,0.0921639532895091,10.52870160581081,0.5131107021009054,0.5613909796553237,0.2010334396375954,93.45882041691137,0.1092181744924266,15.928363179110024,6.479037035276357,3.0053515432283064,1.9534785030983992,1.0042883073621258,0.6386372029360151,2.5491510976362357,0.0234968001194532,0.0477620040500956,1.4238363793924285,0.0275504036867142
1610612762,Utah Jazz,82,25,57,0.305,3956.0,100.6,102.4,109.1,110.1,-8.4,-7.6,0.564,1.39,16.1,0.297,0.708,0.497,0.158,0.484,0.523,93.6,92.32,76.94,7605,0.451,2013-14,2013,2014,2014-15,1610612762,0.463,0.158,0,UTA,12,19180.775,8,7,0,0.118,0.232,0.1459604734428092,0.3792676955614845,0.6083669716161104,24.906060191346103,101.40159709396517,109.3491221287982,-7.9389799334663635,0.1400554544850247,1.4681043501457405,15.466171691880714,0.0460924338736747,0.1338017660913075,0.0888241034751376,11.111686649783442,0.4867835645327156,0.5224585285700569,0.1962524895370494,93.24456812789542,0.0916802455409995,14.29055916666558,6.173056093927382,3.0386676242226915,2.066444134817284,1.0210223518079953,0.6681690390508204,4.097713216239976,0.0220769403100257,0.0339256677914087,2.489664239625238,0.0413901951308105
1610612764,Washington Wizards,82,44,38,0.537,4011.0,103.3,104.9,102.4,103.6,0.9,1.3,0.601,1.59,17.6,0.286,0.719,0.498,0.153,0.506,0.538,95.5,94.18,78.48,7872,0.504,2013-14,2013,2014,2014-15,1610612764,0.561,0.024,0,WAS,12,18600.24,9,6,6,0.135,0.267,0.160205728528234,0.4493157077543084,0.7013088720002179,26.50646640401773,104.49543670762672,102.42517185262128,2.0599084026155934,0.1501558226309624,1.538853224474523,15.866611407523056,0.0432886195733675,0.1350720498767758,0.0885121297718022,10.404015378296195,0.5138479218547719,0.5451365731481602,0.1989360474201766,95.25419231328917,0.1022927051837323,15.25915794634908,6.174113882401518,3.38511761138566,2.0554573489374333,1.1670817150746444,0.6793460729538975,3.589279065754557,0.0246095945004013,0.0454638764426806,2.751040579152288,0.0424670558965434
1610612737,Atlanta Hawks,82,60,22,0.732,3946.0,106.2,108.2,100.7,102.3,5.6,5.9,0.676,1.81,19.5,0.264,0.697,0.487,0.15,0.527,0.563,96.2,94.66,78.88,7775,0.54,2014-15,2014,2015,2015-16,1610612737,0.585,-0.147,1,ATL,13,19337.946666666667,11,5,12,0.145,0.267,0.1250278381848193,0.3684714716350443,0.5968519753217508,28.43951339887172,106.85110013403695,100.74340612515908,6.108733338458547,0.1739707298292958,1.8533856300496572,18.792362615541396,0.03843986529766,0.1303466596936179,0.0859553040274527,10.321328626065783,0.5311284404721356,0.5668281174802425,0.1946812564898307,96.0034526088947,0.1085312470265715,15.345372759327772,6.085651285969004,3.890795713574554,2.029170970237447,1.3571244378927512,0.7036941529814265,3.6990949777704616,0.0256377567707716,0.0446384075691956,4.239372151306107,0.0608291928523478
1610612738,Boston Celtics,82,40,42,0.488,3976.0,101.7,103.8,102.1,103.5,-0.4,0.3,0.629,1.77,18.0,0.289,0.71,0.495,0.142,0.489,0.523,98.4,96.71,80.59,8007,0.498,2014-15,2014,2015,2015-16,1610612738,0.585,0.0969999999999999,0,BOS,9,14076.953333333337,7,4,3,0.127,0.231,0.1724482996557493,0.4699833249903032,0.7213872746138723,24.651477971322397,102.09011064420662,102.22698029355782,-0.1240243509130528,0.1510517662912855,1.7158807492909214,17.536450015462623,0.0469597274362871,0.1334423156431102,0.0896504160701439,9.96906979872065,0.4884134233828058,0.5197090716362395,0.1938491929835196,97.89785464941988,0.0970673860300263,14.781607573229625,6.672182380373025,3.534287485502308,1.9896350678153367,1.1994072581046182,0.5754085993039213,2.670216057701417,0.0226609272632544,0.0229536899982913,2.910270143284644,0.0411450520102023
1610612751,Brooklyn Nets,82,38,44,0.463,3986.0,101.9,103.4,105.0,106.3,-3.1,-3.0,0.559,1.51,16.3,0.278,0.701,0.491,0.146,0.491,0.529,95.0,93.69,78.07,7777,0.48,2014-15,2014,2015,2015-16,1610612751,0.256,-0.207,1,BKN,12,17730.013333333336,10,4,3,0.13,0.257,0.1574095450952847,0.4030334438552781,0.6260526406823532,28.943339110104077,102.40210491475472,105.1930284974405,-2.7945017149827303,0.1408740144771464,1.4851993314913845,15.55600893513147,0.0417491786056186,0.1240839069682971,0.0830618125122673,10.481238602189434,0.4950601760216763,0.5335083324810435,0.195930328685596,94.73287941595834,0.0960895132810578,14.663948363265003,5.98375184527028,3.143144844410721,1.9817243980263972,0.9786794670581184,0.6335020616641762,3.6261263292008135,0.0204152398441278,0.0355281947648299,3.2338428820181235,0.0322610411197576
1610612766,Charlotte Hornets,82,33,49,0.402,3981.0,97.6,99.6,101.0,103.0,-3.4,-3.4,0.568,1.69,15.8,0.27,0.746,0.502,0.126,0.456,0.498,95.3,93.45,77.87,7753,0.482,2014-15,2014,2015,2015-16,1610612766,0.585,0.1829999999999999,0,CHA,12,17676.04,10,6,2,0.142,0.265,0.1309713601010181,0.365938864134727,0.5684244510271154,25.930600028814894,98.51780159281527,101.77048899715848,-3.241902475516764,0.1360919648858002,1.751094349563967,14.854037084475175,0.0407737143047877,0.1447813807089521,0.0915417056082697,9.115184104207351,0.4623137507043431,0.5022073402753104,0.1890000792032604,94.39747115586977,0.0972565509582463,13.52746429630166,6.814648529874338,2.839097444902817,1.5682245570840527,0.936861423712551,0.8777984209132814,3.353239831002534,0.024209719501278,0.0485021446364462,3.7891164307586784,0.0397788210538911
1610612741,Chicago Bulls,82,50,32,0.61,3976.0,104.7,106.3,101.5,103.3,3.3,3.0,0.593,1.56,16.6,0.312,0.709,0.516,0.147,0.489,0.536,95.4,93.8,78.17,7775,0.529,2014-15,2014,2015,2015-16,1610612741,0.512,-0.0979999999999999,1,CHI,12,19688.425,10,6,10,0.169,0.305,0.1361583434598416,0.3678741019998637,0.5569400125539076,29.07327825020708,105.3694473698802,102.27475996683329,3.0603140847139034,0.1502598479394195,1.6892374952965172,16.978879730941742,0.0471521467562793,0.1312286926624823,0.0905156060815766,10.078898472918308,0.4903579932540736,0.5343736289215618,0.1954845873484886,94.68784145591466,0.1070086564398455,15.04477884848585,6.774538847063694,3.249218766864287,1.95647950508992,0.928870643538018,0.8593881938245441,4.037795226476046,0.0368877898282838,0.0544088433480597,2.817801035693398,0.0373012734278877
1610612739,Cleveland Cavaliers,82,53,29,0.646,3956.0,107.7,110.1,104.1,105.3,3.7,4.8,0.587,1.55,17.1,0.311,0.711,0.513,0.152,0.52,0.557,94.8,93.23,77.69,7682,0.514,2014-15,2014,2015,2015-16,1610612739,0.695,0.0489999999999999,0,CLE,10,14929.203333333331,7,4,7,0.171,0.318,0.1828539187511903,0.519455045714652,0.7588631096859154,27.38957236164198,109.2194188973245,104.44680393751754,4.770179007095935,0.1661615377556426,1.6734906517673076,17.020687373137346,0.047667402993819,0.1377036272978173,0.0930714331485872,10.32872216222299,0.5179581454558526,0.5550296924752179,0.2006169469636803,94.16318086073358,0.1091212758394565,16.004336913713413,6.590304774021209,3.600192106700938,2.0617309117409928,0.993489047528993,0.549794909797598,4.55747810316965,0.0430611182462067,0.0721440244113383,5.662796901144054,0.037069195631141
1610612742,Dallas Mavericks,82,50,32,0.61,3976.0,107.2,108.2,103.7,104.9,3.5,3.2,0.567,1.74,17.0,0.269,0.681,0.477,0.133,0.515,0.55,97.4,96.4,80.34,7976,0.521,2014-15,2014,2015,2015-16,1610612742,0.512,-0.0979999999999999,1,DAL,10,16150.561666666666,8,4,8,0.141,0.273,0.1671301008416941,0.4499354356819582,0.6896376256057968,30.599377090807064,106.87256702217891,103.24163920202156,3.618486405581148,0.1304074148298454,1.69959287071234,15.083574668249414,0.0409621464145158,0.1330028041336436,0.0874348216166269,9.448539251008508,0.5283512757089873,0.5633126358763374,0.1976574380230532,97.87518225320753,0.1064571016467229,16.10693209121623,6.366094388667805,3.042618641642701,1.743097273087613,1.188070136260483,0.6441881226628136,3.9677133894870193,0.02143199540754,0.0529296240779512,2.055350639610232,0.0610889849423969
1610612743,Denver Nuggets,82,30,52,0.366,3976.0,101.6,103.9,105.5,107.1,-3.9,-3.3,0.577,1.53,16.2,0.303,0.7,0.494,0.146,0.479,0.518,98.7,96.87,80.72,8011,0.465,2014-15,2014,2015,2015-16,1610612743,0.402,0.036,0,DEN,10,14366.009999999998,8,3,3,0.125,0.214,0.1855359746141529,0.502746993308047,0.7002343262557478,26.013156633841504,103.47496800897862,105.97357678529622,-2.516391549683361,0.1495297347697795,1.638483455044233,15.430118708442128,0.0499041354094375,0.138523080753343,0.0925343588790485,10.186346962958634,0.4741555143007697,0.5124274123434412,0.1980235912175104,98.13283370144762,0.0950440549138789,15.128208876368596,6.966443709840102,3.4506449598740363,2.03229706787062,1.2028392016990106,0.6565497309273766,2.767405001920746,0.0270482009497379,0.0108457249584568,3.453877792814449,0.0396216354678776
1610612765,Detroit Pistons,82,32,50,0.39,3966.0,102.3,104.3,104.2,105.4,-1.8,-1.1,0.582,1.61,16.4,0.316,0.712,0.505,0.142,0.482,0.515,95.2,93.68,78.07,7741,0.478,2014-15,2014,2015,2015-16,1610612765,0.537,0.147,0,DET,8,12346.198333333334,6,4,3,0.15,0.25,0.209522391440604,0.5852700406157415,0.8352117568174493,25.232522858925936,103.55376954768398,104.28363164153498,-0.7298620938510222,0.1138571083757361,1.2939209910635108,11.82115815948202,0.0600943232322932,0.1492784961200607,0.1025948064444669,9.24069866851051,0.4915250180251167,0.5226770997927972,0.1988817340398576,94.70158747112302,0.1011935998112239,15.331683072751543,7.604608112159762,2.463916355358512,1.7611899155462023,1.227584361663827,0.7989503921517541,4.543359859732184,0.0332129428156859,0.0396749754681472,2.19392807557972,0.0356301499236783
1610612744,Golden State Warriors,82,67,15,0.817,3946.0,109.7,110.4,98.2,100.4,11.4,9.9,0.659,1.9,19.7,0.273,0.703,0.498,0.145,0.54,0.571,100.7,99.28,82.74,8170,0.569,2014-15,2014,2015,2015-16,1610612744,0.89,0.073,0,GSW,12,19250.03,9,5,11,0.178,0.281,0.1357504377915254,0.392611422770077,0.6205032754061507,27.237084652162444,109.64195770950312,98.88164389873675,10.76420364020212,0.1688534883668579,1.934664915673724,20.058055312121585,0.0430980026178314,0.1314786736263095,0.0894441373164959,10.321895524318665,0.5388299920398392,0.5673476998910304,0.1964081436063562,100.30694167316447,0.1150210917420215,16.65161041307468,6.680093485568593,4.166642857179962,2.120723967702907,1.402595216734727,0.8864401769763475,2.872509815394293,0.028304475709989,0.0582350108514308,6.094859225287227,0.034905145444202
1610612745,Houston Rockets,82,56,26,0.683,3961.0,104.2,106.0,100.5,102.6,3.7,3.4,0.6,1.33,16.5,0.305,0.686,0.496,0.17,0.512,0.548,99.3,97.36,81.14,8037,0.509,2014-15,2014,2015,2015-16,1610612745,0.5,-0.183,1,HOU,9,15077.896666666667,8,6,8,0.184,0.308,0.1976976673802203,0.527126130987766,0.7504953719230069,27.556590673898143,105.65361090373123,101.7000490674097,3.956337333965016,0.159405925649665,1.468338663062863,16.83677646020035,0.0454938304834295,0.1325973461373591,0.0887537477044212,11.96283431663435,0.524988564496949,0.5543074117985952,0.1948160429759323,97.80114564056127,0.1087959590517598,15.822631317498086,6.55396453395688,3.4357577283657377,2.363724913886088,1.437335755716591,0.7234430797045299,4.015413002084181,0.0427308877201368,0.0626267486807181,2.490295696607582,0.0421239590476611
1610612754,Indiana Pacers,82,38,44,0.463,3971.0,100.8,102.9,100.9,102.7,-0.1,0.2,0.586,1.53,16.6,0.286,0.735,0.511,0.148,0.484,0.523,95.5,93.67,78.06,7753,0.505,2014-15,2014,2015,2015-16,1610612754,0.549,0.086,0,IND,13,19462.926666666663,13,6,6,0.151,0.24,0.1223332633427175,0.3186929920440194,0.5095463546249811,29.086730190286552,101.51816426888864,101.57457509816098,-0.020125433345242,0.1470489997393334,1.5836463520902473,16.360595708627578,0.0422105845506619,0.1389496895636456,0.0909852922085373,10.72921515058201,0.4862242981442665,0.5233985565377457,0.1941226183352349,94.87138172607816,0.1013988912767144,14.36454058468082,6.682859275360779,3.1777338043370658,1.9717486818529173,0.908188182729627,0.6880774011719374,3.160863177295117,0.0272797790122789,0.036256296864201,2.8883214054276456,0.0318075154559187
1610612746,Los Angeles Clippers,82,56,26,0.683,3946.0,109.8,111.6,103.0,104.7,6.9,6.9,0.629,2.01,18.7,0.272,0.716,0.497,0.129,0.533,0.565,97.0,95.4,79.5,7844,0.54,2014-15,2014,2015,2015-16,1610612746,0.646,-0.037,0,LAC,10,17828.518333333333,7,6,7,0.173,0.278,0.1602625232177174,0.4535633966965472,0.7130920675685238,30.001106653936745,112.03687592846327,103.69467771251507,8.358015804454118,0.1642803573787352,1.8952392145879384,16.662530481360807,0.0431378011315391,0.1388520494926153,0.0920016512869689,9.369662584598776,0.5550883876964537,0.5755130451577066,0.1985282589850661,96.31903583780704,0.111891594842757,16.452741305573067,6.60492351626528,3.822415229682108,1.7890437894867128,1.1489457293656202,0.7895215820421047,3.5480150672768462,0.0389784390709402,0.0524731742396752,6.171478927232885,0.0488816819562779
1610612747,Los Angeles Lakers,82,21,61,0.256,3986.0,100.8,102.3,108.0,109.4,-7.2,-7.1,0.562,1.58,15.9,0.29,0.72,0.497,0.138,0.473,0.513,96.3,95.03,79.19,7892,0.45,2014-15,2014,2015,2015-16,1610612747,0.207,-0.049,0,LAL,13,18831.82,13,7,0,0.121,0.337,0.1191899313679364,0.3199678345835222,0.5075090989612263,27.6158775413104,101.39250900868848,108.40488256932504,-7.023906540454755,0.1440313221628782,1.6858531977613778,15.975416068831017,0.043093786120159,0.1338097371895015,0.0867595473158374,9.406849975201547,0.4733566584819381,0.5115087151250738,0.1973949753661621,96.00692973736297,0.0908252513564806,14.725501836784762,6.371556227703961,3.165705704493777,1.881071505568766,1.0628818669677174,0.6576103637354223,3.5615122405577275,0.0235030049761617,0.0520086373695858,2.7056371464562514,0.0376650748677187
1610612763,Memphis Grizzlies,82,55,27,0.671,3981.0,103.1,104.8,99.9,101.2,3.1,3.5,0.574,1.62,16.9,0.288,0.716,0.503,0.142,0.489,0.531,94.2,92.82,77.35,7696,0.53,2014-15,2014,2015,2015-16,1610612763,0.512,-0.159,1,MEM,10,16813.63666666667,8,5,8,0.151,0.245,0.1598125410505084,0.4368505643534186,0.6671804691866186,30.148842080763416,103.75271427498036,99.81045833629884,3.942255938681519,0.1539799687396599,1.6651721886064312,17.057627816389513,0.0447611915605805,0.1397186230383234,0.0924568397953169,10.580531487239227,0.4933452539813418,0.5325556705856418,0.1987139644189607,93.96924361891963,0.1106035891303309,14.80798026839722,6.5496835802526165,3.425790692515262,2.031922104498115,1.3489050851778843,0.6423357548466117,3.285988831306815,0.0300052826575358,0.0380144916780735,2.789568505316997,0.035164090814014
1610612748,Miami Heat,82,37,45,0.451,3946.0,101.5,103.2,103.8,106.1,-2.4,-3.0,0.564,1.34,16.1,0.284,0.687,0.489,0.161,0.5,0.54,93.3,91.49,76.24,7526,0.492,2014-15,2014,2015,2015-16,1610612748,0.585,0.1339999999999999,0,MIA,12,15382.825,12,5,2,0.173,0.338,0.1573544954627428,0.439437597883787,0.6148391685749095,29.400849107148183,101.88261992406032,104.25001117588393,-2.361355841119343,0.1394447720103427,1.2409236231533107,14.870633536644492,0.0432733807563521,0.1371414438938664,0.0912385539283801,11.638738105647043,0.5004897010139555,0.5422584380090567,0.2030642139312295,92.89724265969784,0.1056955908077135,14.91689595376662,6.297672891682769,2.845771176620679,2.188154646496986,1.1982194427876545,0.7652690581866465,3.872770795460506,0.0332448738092846,0.0665982905400429,2.16167717779209,0.039528027351821
1610612749,Milwaukee Bucks,82,41,41,0.5,3986.0,100.5,102.0,99.3,101.4,1.2,0.6,0.627,1.41,17.8,0.29,0.686,0.491,0.175,0.499,0.536,96.5,94.82,79.02,7867,0.511,2014-15,2014,2015,2015-16,1610612749,0.402,-0.0979999999999999,1,MIL,12,16436.416666666668,10,3,6,0.116,0.232,0.1545707955403905,0.4044905367654142,0.6134248645031105,25.15709608237805,101.2473588119876,99.82258388639046,1.4506768202720586,0.1376265822335565,1.4178865030394905,16.65046732611021,0.0494513439162023,0.1342826544715241,0.0924959275389505,11.982671456166944,0.5061781569380998,0.5407785067710419,0.188936222716833,95.5770388162464,0.1013358730866926,14.179733011554626,6.553253192859351,3.088264372303371,2.209970745853973,1.3360576362447207,0.7884930312263926,3.557267187582843,0.0169988699080864,0.0250547224076403,4.572848768967971,0.0338743315135197
1610612750,Minnesota Timberwolves,82,16,66,0.195,3961.0,99.8,101.8,109.6,110.9,-9.8,-9.1,0.593,1.44,16.3,0.311,0.682,0.489,0.156,0.468,0.517,97.0,95.45,79.54,7873,0.453,2014-15,2014,2015,2015-16,1610612750,0.354,0.1589999999999999,0,MIN,11,14208.933333333332,11,5,0,0.124,0.262,0.2089387427627689,0.4971201216136327,0.6792834554787129,23.931614852627927,100.70523902802933,110.36966851839688,-9.63866454906303,0.1364215804376589,1.335192984225886,15.06794656178742,0.0482938061266621,0.1302154979965655,0.0879647320465059,11.055498430564809,0.4707401145523474,0.5238565393132959,0.1963840348090872,96.30890075375116,0.0930985959537192,14.829262342000808,6.258034851314197,2.9744667673857763,2.14344027700883,1.0995899293402274,0.6283371024801299,3.80176050736024,0.0175737399418569,0.0414380939053251,3.3296268572250503,0.0347778394680546
1610612740,New Orleans Pelicans,82,45,37,0.549,3956.0,105.4,107.1,104.7,106.3,0.7,0.8,0.581,1.66,17.1,0.309,0.712,0.511,0.143,0.501,0.537,93.7,92.29,76.91,7608,0.508,2014-15,2014,2015,2015-16,1610612740,0.366,-0.183,1,NOP,10,16069.353333333334,7,7,6,0.192,0.272,0.1673879844988576,0.4457318962845632,0.6732748631660349,25.756529302361475,107.04810617768068,105.24274022850122,1.792807188258561,0.1474855435999706,1.5520877587689692,15.441632000955856,0.0542620020386632,0.1454638430793523,0.1000483577849845,10.060072454689111,0.505594997185118,0.5399901861846339,0.2032496917527899,93.23198440053386,0.1101715775328855,15.650660906080851,7.103957305064755,3.313387844273344,1.958012830219677,1.061897118448658,1.005889886462969,1.9239580277539208,0.0409159797466619,0.0552930138936823,2.9587389934516737,0.0434994294013102
1610612752,New York Knicks,82,17,65,0.207,3971.0,97.1,98.9,107.2,109.0,-10.1,-10.1,0.606,1.45,16.7,0.289,0.691,0.484,0.158,0.47,0.508,93.7,92.06,76.72,7618,0.441,2014-15,2014,2015,2015-16,1610612752,0.39,0.183,0,NYK,12,14397.305000000002,11,4,0,0.14,0.319,0.1295086128966497,0.3702571418748161,0.570643834615807,26.4546724774764,96.84214718194366,107.70178145608966,-10.865981434256852,0.1512000681145996,1.6871542961223185,17.48231014994357,0.039924040992394,0.1290394554165982,0.0832576193947408,10.647200546676384,0.4669861799366849,0.5043471418204079,0.194359180416057,93.48932770866956,0.0899193248319737,13.787580383967692,5.928609555746718,3.143088237694485,1.9228598685656797,0.9676811042066552,0.6851282236501901,4.002312488189283,0.0232947384551111,0.0527616339546232,3.455174718579286,0.0241828707224641
1610612760,Oklahoma City Thunder,82,45,37,0.549,3966.0,104.5,106.7,103.1,104.6,1.3,2.1,0.528,1.4,15.3,0.318,0.73,0.524,0.151,0.492,0.532,98.3,96.61,80.51,7988,0.505,2014-15,2014,2015,2015-16,1610612760,0.671,0.122,0,OKC,11,13369.076666666666,9,4,8,0.194,0.368,0.172175191355773,0.4654937526226568,0.6941305844357738,25.66025215403807,105.85227756940584,102.93037175591536,2.917184756962772,0.1430703819485913,1.3324334988978297,13.618068712299504,0.0525495278532075,0.144081073163118,0.0985162167768753,10.628073442120035,0.5111043439050766,0.5447456247913407,0.2008941799271603,97.63672597434427,0.1111564250385778,16.509442312520715,7.4482331489858575,3.0859274001221237,2.1326828105556035,1.1794382209890837,1.0097929974221609,3.503309047029603,0.0472303219640912,0.0881449072002848,4.672919500631321,0.0432571695196618
1610612753,Orlando Magic,82,25,57,0.305,3951.0,99.6,101.0,105.2,106.8,-5.6,-5.9,0.55,1.39,16.2,0.269,0.716,0.491,0.157,0.494,0.524,95.9,94.51,78.76,7773,0.455,2014-15,2014,2015,2015-16,1610612753,0.427,0.122,0,ORL,14,19546.838333333337,9,5,0,0.146,0.254,0.131621712394579,0.3883041443275182,0.6051603571353354,24.78781734778421,99.79821283970648,105.66869869747904,-5.870117392386476,0.1361772555203514,1.3623656869316374,15.696189324053512,0.0418343917170577,0.1353080796613058,0.0880603379762268,11.575475266545665,0.4932591212747705,0.5228670935956139,0.1961728184003841,95.5010598414765,0.0915003995957402,14.383911873898109,6.25819878969344,3.0848978730831407,2.147457265680562,1.1750237868818172,0.5746197829265313,4.34677181952732,0.0276019805929109,0.0428627019911237,2.0817199984613697,0.0362624818090975
1610612755,Philadelphia 76ers,82,18,64,0.22,3961.0,93.0,94.9,102.1,103.9,-9.1,-9.0,0.609,1.16,15.5,0.293,0.686,0.48,0.183,0.459,0.494,98.3,96.45,80.37,7950,0.426,2014-15,2014,2015,2015-16,1610612755,0.122,-0.098,1,PHI,10,13717.373333333331,9,5,0,0.111,0.3,0.1684897400182542,0.4507812720219517,0.682209081816441,23.823098785676173,93.53628217695712,102.35533999220452,-8.818153621247216,0.1160540744923955,1.067791006878868,12.769888404291205,0.0467515846085207,0.130759973605248,0.0870256847034855,12.333956415854155,0.4710456867106725,0.5046592572873524,0.1850140483649445,97.60672642502986,0.0853707726357718,13.457970087567784,6.563647267747081,2.314728864515364,2.21762572620803,1.4775423477575396,0.97365579221678,2.896830813981687,0.0212483145101371,0.0407212577478705,2.8833510285638835,0.030881746490019
1610612756,Phoenix Suns,82,39,43,0.476,3976.0,102.9,104.2,103.4,105.3,-0.5,-1.1,0.522,1.34,15.4,0.281,0.698,0.489,0.154,0.501,0.537,98.7,97.2,81.0,8058,0.491,2014-15,2014,2015,2015-16,1610612756,0.28,-0.1959999999999999,1,PHX,9,14534.601666666667,8,4,3,0.13,0.277,0.1926143830796417,0.5341537280978116,0.7792931144426501,25.846703401228403,103.14626313001814,104.38300948736013,-1.211696387505632,0.1249651068295531,1.2472245025405466,13.814570758217087,0.0425433059110323,0.1381463420451495,0.090447919625363,11.3633318124416,0.4989092867010116,0.5345633662016424,0.1987707108359007,97.75499259296294,0.0981677711383215,15.289583099456577,6.675105532647898,2.845898425607582,2.204394777015447,1.2953915375045828,0.6538878889124471,3.094567948051316,0.0197744026743831,0.0472743204961153,3.824877015208748,0.0157436187428443
1610612757,Portland Trail Blazers,82,51,31,0.622,3971.0,105.5,107.1,101.4,102.8,4.2,4.3,0.567,1.61,16.8,0.282,0.728,0.51,0.142,0.508,0.544,96.5,95.06,79.22,7868,0.522,2014-15,2014,2015,2015-16,1610612757,0.537,-0.0849999999999999,1,POR,12,18117.45333333333,9,5,10,0.156,0.297,0.1614225214875674,0.4314208251490827,0.6335480188900722,27.4585051136694,106.0667386291966,101.75377530064934,4.328958411373489,0.1460905380189563,1.694604535111263,17.45620038393917,0.0448973941517902,0.1383848534819831,0.0927696387976529,10.237482521458132,0.5115801840067293,0.5458694866239479,0.1976434985527767,96.15521082709196,0.1086314897825963,15.622063145004192,6.900969893487607,3.399815573785573,1.9572287201512504,0.9458282952202997,0.7014230844806004,3.5489817394355043,0.0292157841156276,0.060031542356046,2.443489741170281,0.0312254367861509
1610612758,Sacramento Kings,82,29,53,0.354,3971.0,102.5,104.5,106.5,108.2,-4.0,-3.7,0.554,1.25,15.5,0.313,0.715,0.519,0.168,0.49,0.542,97.9,96.16,80.13,7952,0.485,2014-15,2014,2015,2015-16,1610612758,0.402,0.048,0,SAC,12,18484.25,11,4,2,0.18,0.334,0.144452980239934,0.3836528395796421,0.5760176005698544,26.01313226124944,103.534220241557,107.12242213415928,-3.581629026513563,0.1291064356591873,1.2210111617548272,14.00778646685692,0.0476425225079008,0.1368076683302451,0.0933215444680381,11.776253801659973,0.4955289834138072,0.5426996829733421,0.1970242403667987,97.1994120508,0.0990201358814486,15.411390778635866,6.738709982823214,2.757807322450194,2.267011104048041,0.995225665093255,0.6154428770439698,3.369194235674976,0.0373102348251171,0.0619225287097603,3.328622310796053,0.0348391624354953
1610612759,San Antonio Spurs,82,55,27,0.671,3991.0,106.2,107.6,99.6,101.4,6.6,6.3,0.623,1.75,18.4,0.272,0.73,0.507,0.146,0.517,0.555,95.9,94.45,78.71,7860,0.545,2014-15,2014,2015,2015-16,1610612759,0.817,0.1459999999999999,0,SAS,14,19556.805,11,4,12,0.156,0.242,0.1181935563264721,0.3360052932981639,0.5373119484496571,30.50542841737186,106.53471794941284,99.67343095323255,6.8608147649884526,0.1584774186444735,1.9287154207107615,18.242855901053364,0.0421774150566345,0.1365757829563673,0.0906637540402603,10.149605341976873,0.5206858709794365,0.5576575957405449,0.1946633953415874,95.76929089132912,0.1101047598691776,15.302499564729514,6.431725427542996,3.646607919851939,1.991736380252296,1.192832878376606,0.808107459270571,5.128412668746126,0.0255017659808067,0.0328786188736794,4.190620121720115,0.0376527884214921
1610612761,Toronto Raptors,82,49,33,0.598,3971.0,108.1,110.2,104.8,107.1,3.2,3.1,0.547,1.61,16.1,0.301,0.689,0.494,0.137,0.508,0.553,95.4,93.46,77.88,7736,0.506,2014-15,2014,2015,2015-16,1610612761,0.683,0.085,0,TOR,10,19271.106666666667,9,7,9,0.134,0.282,0.1252860067541528,0.3461639117075442,0.563467553843993,26.65145082482722,109.23307979026286,105.72776356728863,3.4841321083099883,0.1392272685602557,1.6883197903182172,15.361260709469718,0.0444774715411604,0.1288969556669639,0.0866425181082836,9.56769531658102,0.5193991686517917,0.5598774722676365,0.1971259785807146,94.50319036426208,0.104040156662859,15.693753619408122,6.1684054816433305,3.104751638549732,1.8139072449048077,1.1021681508690384,0.6575647272981382,2.0605128053385475,0.0212791966575617,0.0524520866267701,2.872222101820503,0.0417896718717739
1610612762,Utah Jazz,82,38,44,0.463,3941.0,102.5,104.2,102.1,104.1,0.5,0.1,0.563,1.3,15.8,0.332,0.715,0.524,0.168,0.494,0.531,92.8,91.1,75.91,7486,0.507,2014-15,2014,2015,2015-16,1610612762,0.488,0.0249999999999999,0,UTA,10,17283.923333333336,10,5,7,0.16,0.257,0.1514418890618391,0.415702009786744,0.6457119978739395,23.65116803148668,102.83657716988256,102.28075609569356,0.5523091015022246,0.1511636719440821,1.509663137825382,17.545814241249627,0.0465873900736657,0.1313732451177655,0.0891712081381214,12.050956997224976,0.4966191952560154,0.5299922201305761,0.1920357845064884,92.1455311110884,0.1027943058645828,13.99682209498345,6.338144290927774,3.2242679468801163,2.145346243725142,1.1580703995254165,0.9477014960145044,2.4307981674404577,0.0395901548400322,0.0479047668298031,2.583806078683172,0.0560231392412471
1610612764,Washington Wizards,82,46,36,0.561,3991.0,101.8,103.0,100.0,102.4,1.9,0.6,0.627,1.6,18.1,0.288,0.726,0.514,0.157,0.499,0.534,96.0,94.29,78.58,7844,0.525,2014-15,2014,2015,2015-16,1610612764,0.5,-0.061,1,WAS,12,18471.443333333333,10,5,6,0.151,0.253,0.1535631667837543,0.4004390200152199,0.5957209082921331,28.80381545712093,102.4294144763638,100.8459427101257,1.5887112142292434,0.1475981439277529,1.459497077741443,15.380985703517482,0.0454123703200959,0.1377124212275056,0.0931222179353246,10.533950911253465,0.5012555814533894,0.5352649930983556,0.1967126657490941,95.50621978917728,0.1056345880208242,14.804257310338318,6.712198812112319,3.3444056799026534,2.0873301184007818,1.095312349711708,0.7289089302351937,5.203651713276375,0.0271061240028758,0.0338117453262233,4.614857993734902,0.0319725635168079
1610612737,Atlanta Hawks,82,48,34,0.585,3966.0,103.0,104.6,98.8,100.8,4.1,3.9,0.663,1.71,19.0,0.234,0.698,0.474,0.152,0.516,0.552,99.4,97.63,81.36,8059,0.528,2015-16,2015,2016,2016-17,1610612737,0.524,-0.0609999999999999,1,ATL,12,18944.483333333334,10,5,11,0.141,0.286,0.1397196545344335,0.4053297837805025,0.6342881700829354,28.86799279297667,103.22376047908406,99.14177686732025,4.086927390471633,0.1708264266026433,1.775036760041842,18.52521925028306,0.0341267952235875,0.1314287202342986,0.0845393511215666,10.741890224858777,0.5240674471635981,0.5576540470444782,0.1952807116231726,99.09013846247235,0.1075209332708114,15.417047530987473,6.267154290299111,3.840484784928594,2.1701304425474786,1.3549063095764906,0.8893354177865324,3.7616090571052414,0.026266702377966,0.0528320883726726,2.581720187601804,0.0224625571621813
1610612738,Boston Celtics,82,48,34,0.585,3956.0,103.9,105.8,100.9,102.5,3.0,3.3,0.616,1.76,17.4,0.29,0.707,0.495,0.138,0.488,0.531,101.1,99.43,82.86,8191,0.52,2015-16,2015,2016,2016-17,1610612738,0.646,0.061,0,BOS,12,19048.143333333333,9,5,9,0.142,0.289,0.1388273537770872,0.39314680363423,0.6128699682541238,25.716811419765676,105.09724750076252,101.46722813579557,3.643902100344687,0.1560248746028265,1.741308417985795,17.13178614258642,0.0433670230851895,0.1305592523190799,0.0861293996632742,9.831277011600257,0.4923216169974921,0.5317432653541211,0.1962440665695676,100.50894411843817,0.1043285164450848,15.87367307714855,6.63938725086592,3.6230302760916495,2.0014549099536034,1.3872218167194947,0.610453197275745,2.059047394682688,0.0233449859013114,0.0449797619533599,2.736878062839877,0.0479715397780377
1610612751,Brooklyn Nets,82,21,61,0.256,3951.0,100.9,102.4,108.5,109.7,-7.6,-7.4,0.583,1.51,17.0,0.279,0.716,0.494,0.153,0.492,0.527,97.4,96.12,80.1,7903,0.46,2015-16,2015,2016,2016-17,1610612751,0.244,-0.012,0,BKN,14,17024.03833333333,10,4,1,0.127,0.272,0.1442988018021184,0.4099259449114257,0.607624532487053,26.69211976046029,100.98549157402236,108.2707088594236,-7.311494658092779,0.1419427097350482,1.47862352185728,16.45218054901388,0.0465932913684894,0.1406277726113359,0.0929234084000633,10.96891361362262,0.490225134498542,0.525212852160127,0.1970038710948235,97.2136363806355,0.0945103149732491,14.821630159628208,6.620990730460253,3.303094066106329,2.154835373471414,1.201125114947756,0.6640022642492877,2.695405299892532,0.022374754444271,0.0387233908980645,3.876869934390539,0.0301036241674699
1610612766,Charlotte Hornets,82,48,34,0.585,3971.0,105.1,106.4,101.8,103.7,3.3,2.7,0.586,1.73,16.7,0.244,0.754,0.499,0.129,0.502,0.545,97.8,96.24,80.2,7966,0.511,2015-16,2015,2016,2016-17,1610612766,0.439,-0.1459999999999999,1,CHA,11,17377.346666666668,9,4,8,0.135,0.261,0.166029374641775,0.4414295891739513,0.6613300572929814,26.51329288092313,105.24568063133536,102.216949432633,3.030403548374474,0.1552901461366177,1.7693140926386153,16.19587360287455,0.0382739001773189,0.1452003975865897,0.0919742876933264,9.261285545319154,0.5040403625102721,0.5486283035346402,0.2009486631445844,97.24778266877722,0.1085114016255646,15.887580842798403,6.819913435192639,3.362308476706456,1.84792308146775,1.0751929139930072,0.8597399986649287,2.544470165144571,0.0174983003117147,0.0374829833058943,2.525785825204757,0.0312139872260854
1610612741,Chicago Bulls,82,42,40,0.512,3981.0,102.1,104.1,103.9,105.5,-1.8,-1.4,0.591,1.64,17.0,0.29,0.714,0.506,0.142,0.487,0.526,98.2,96.6,80.5,8008,0.494,2015-16,2015,2016,2016-17,1610612741,0.5,-0.012,0,CHI,13,18737.301666666663,12,4,3,0.165,0.266,0.1320160738192381,0.3662430582987715,0.5688399103357199,27.82834063353661,103.1315522930596,104.50081298614586,-1.3678189878104998,0.1512925934461747,1.6347211591565878,16.277726986836683,0.0452771088259684,0.1347203216115873,0.0909615764667644,9.970074568723476,0.4899153382188345,0.526528638639804,0.1986546888955284,97.60705182825592,0.1015423264876008,15.356960416125371,7.006985441962871,3.3814900953810403,1.990468033417476,0.8857198488469656,0.8665068369413915,4.1321720595151445,0.0343981852916534,0.0469392845959443,2.910151540410842,0.0424304211977172
1610612739,Cleveland Cavaliers,82,57,25,0.695,3971.0,108.1,110.2,102.3,103.9,5.8,6.3,0.587,1.67,17.4,0.294,0.742,0.519,0.143,0.524,0.558,95.5,93.82,78.19,7764,0.528,2015-16,2015,2016,2016-17,1610612739,0.622,-0.0729999999999999,1,CLE,11,18477.676666666663,10,5,8,0.189,0.305,0.1465865207079606,0.4056225142302342,0.6294926508617698,28.41275661821121,109.45778888507448,102.87705065914676,6.555674171157523,0.1559579041593072,1.6980644491199566,16.524701888025966,0.0448026703573663,0.139893217545568,0.0927135005068278,9.922630677053014,0.5289827488232197,0.5592805089312275,0.1964658415749599,94.81601879781785,0.1074601801489112,15.730549096811057,6.606674756909375,3.4562786843872697,1.9327105157340312,1.003372898793373,0.57279928591311,3.5268816762034803,0.042932415065783,0.0665815158802502,4.473126087277469,0.0363262987722956
1610612742,Dallas Mavericks,82,42,40,0.512,4001.0,104.8,105.5,104.3,105.9,0.6,-0.4,0.592,1.73,17.0,0.241,0.723,0.484,0.132,0.502,0.544,96.4,95.34,79.45,7950,0.503,2015-16,2015,2016,2016-17,1610612742,0.402,-0.1099999999999999,1,DAL,13,19127.235,8,6,7,0.134,0.249,0.1382479833947074,0.3764163159669096,0.5912998751082771,31.016648860468678,104.18489246703284,104.23945712313706,-0.0422078953561939,0.151318150793881,1.7784683689688203,16.808760030744985,0.0349292633427326,0.1342560097334159,0.0847592487884422,9.645940112793788,0.4988425621023286,0.542466504524395,0.1956661848929027,96.627164141428,0.1007966294309309,15.122938574237208,6.175278340021441,3.3351396581889645,1.816258335300424,1.0182339475622064,0.5307615031655124,3.777781514901356,0.0211102542960973,0.0316714800559243,2.788047902499757,0.0294064060832558
1610612743,Denver Nuggets,82,33,49,0.402,3966.0,102.7,104.9,106.4,108.2,-3.7,-3.3,0.601,1.55,16.9,0.304,0.732,0.513,0.151,0.489,0.531,98.2,96.34,80.28,7963,0.479,2015-16,2015,2016,2016-17,1610612743,0.488,0.0859999999999999,0,DEN,12,16943.954999999998,10,6,1,0.145,0.266,0.1439236982550217,0.404857956716717,0.6156268317127457,24.55610806331816,104.1837033227091,107.55946854399303,-3.3696731862976104,0.1481117373914965,1.5804024571988458,16.291284935148457,0.04934710697709,0.1448353489489319,0.0957902315801318,10.319449197860436,0.4930357236548374,0.5335286045475609,0.1991071902437575,97.27195152096034,0.1000915959900349,15.599191570090928,7.026222626299469,3.3187056976957274,2.103405019666306,1.1069434497435813,0.7287554765106494,4.049270456129331,0.0300510628830319,0.0377119646597495,3.1403257330444467,0.0509402049445255
1610612765,Detroit Pistons,82,44,38,0.537,3976.0,103.3,105.3,103.4,104.9,-0.2,0.3,0.512,1.44,14.8,0.313,0.753,0.521,0.14,0.491,0.522,97.4,95.75,79.79,7942,0.486,2015-16,2015,2016,2016-17,1610612765,0.451,-0.086,1,DET,10,16793.751666666667,8,4,4,0.14,0.283,0.1700901456305524,0.494865600311068,0.7396758973153804,25.377000632477294,104.47978516017514,103.96916136765547,0.551487373627354,0.131587167389935,1.4222613370786417,14.25135973687039,0.0480290673584848,0.1449118382422192,0.0937631064371064,10.107754213347802,0.4920042111892607,0.520650872829587,0.1971872250899665,96.6719326731738,0.0975362908288013,15.12776924671686,6.984026102565329,2.943237519589379,2.015035155436282,1.0718272103384483,0.538057259589901,4.002903606760413,0.0271389880125339,0.0476434023997674,2.798490087232324,0.0277758386605338
1610612744,Golden State Warriors,82,73,9,0.89,3976.0,112.5,113.5,100.9,102.8,11.6,10.6,0.68,1.91,20.4,0.267,0.72,0.507,0.15,0.563,0.593,101.6,100.24,83.54,8303,0.567,2015-16,2015,2016,2016-17,1610612744,0.817,-0.073,1,GSW,12,19233.131666666664,9,5,10,0.197,0.314,0.1459979779683998,0.4250159815367215,0.6211992344113834,27.9706169362781,112.6906910289094,101.19505865702752,11.49747134263713,0.1724326047959428,1.940197937084089,21.115553906587756,0.0404899290538488,0.1337979990951378,0.0905253996164084,10.616828893959807,0.5602185463989702,0.5874301222742458,0.196009882685945,101.32984222104928,0.1142987017454862,17.17723383408093,6.76832053438342,4.346250077665459,2.2255346004927783,1.2540859397225916,0.8928343182801138,2.706404467872713,0.0388602654288855,0.0688743879441162,6.665629997997672,0.0411696176540007
1610612745,Houston Rockets,82,41,41,0.5,3966.0,105.5,107.3,105.6,107.3,-0.2,0.0,0.589,1.39,16.4,0.297,0.692,0.492,0.161,0.516,0.553,100.1,98.42,82.02,8139,0.49,2015-16,2015,2016,2016-17,1610612745,0.671,0.171,0,HOU,11,17033.489999999998,9,4,7,0.174,0.319,0.1834406806825847,0.4851278275914097,0.7029065486090441,28.20465682605268,106.52374417495572,106.14375451928326,0.3674414344916986,0.147004219139276,1.4509264249428624,15.26479877778032,0.0476783348568026,0.1378399804346222,0.0922615286121634,11.062445511753609,0.5319974198867445,0.5581089647512049,0.196455207456996,99.37539311282262,0.1038059440549176,16.2526880868219,6.777941572748743,3.193473562963315,2.2508599235975715,1.509027216383724,0.8453933985342991,3.979048985108775,0.0398653675203687,0.0625162423527504,3.550283792587331,0.0389107228534246
1610612754,Indiana Pacers,82,45,37,0.549,3976.0,102.4,103.8,100.2,102.2,2.2,1.6,0.554,1.43,16.1,0.271,0.714,0.494,0.151,0.497,0.536,99.0,97.35,81.13,8068,0.518,2015-16,2015,2016,2016-17,1610612754,0.512,-0.037,0,IND,12,18868.685,9,4,8,0.151,0.296,0.1493974452026377,0.4280804412178167,0.6090453574268688,27.522550900252632,102.84729235238171,101.15923648097362,1.6899195766247967,0.1385102509793342,1.4697065870426758,15.79814821930269,0.0419271371234049,0.1351883130700417,0.0890695226862214,10.939902471564215,0.5031780269796224,0.5386908682295558,0.198068583475743,98.35235380472989,0.1052082316105582,15.419834503570332,6.60332185311271,3.113730501092153,2.1502293350066526,1.3393620170139042,0.7250107784405749,2.891114559282072,0.0215908268404265,0.050940835131269,2.3524396075967315,0.0320909624059592
1610612746,LA Clippers,82,53,29,0.646,3966.0,106.5,107.2,100.9,102.7,5.5,4.5,0.596,1.76,17.4,0.234,0.697,0.472,0.133,0.524,0.556,98.0,96.81,80.68,7995,0.533,2015-16,2015,2016,2016-17,1610612746,0.622,-0.024,0,LAC,11,17667.491666666665,9,5,8,0.184,0.289,0.1470317188018107,0.4043624377918201,0.6173323038216612,30.45647424955156,106.60798792886558,101.30941227744556,5.287140506174476,0.157143250857625,1.6633555716030242,15.791290038814225,0.0369786359033233,0.1313035968603353,0.0854560661554012,9.71037843044122,0.5384955505379703,0.5582503951938094,0.1956892021551823,97.98477223752288,0.1105704041179209,15.860995170508549,6.284083903629029,3.496591432758565,1.8236884220972704,1.3020524041565984,0.8028304338618151,4.449811675051305,0.0461628612243374,0.0554019660854111,5.278291471480281,0.0537207330208821
1610612747,Los Angeles Lakers,82,17,65,0.207,3946.0,98.6,100.7,109.3,110.3,-10.7,-9.7,0.513,1.31,14.1,0.271,0.712,0.484,0.142,0.46,0.509,98.0,96.55,80.46,7930,0.424,2015-16,2015,2016,2016-17,1610612747,0.317,0.11,0,LAL,15,19730.0,12,5,3,0.11,0.314,0.1293682209832742,0.3597421017063693,0.5515607366109139,26.957198090893737,99.7807303936476,109.2687846342288,-9.502121794222,0.1296273117925325,1.3606816159824298,13.976789128231124,0.0411415730697753,0.1338499879202568,0.0856344439939179,10.275256918398378,0.4637687393140733,0.5110629977192095,0.1955829256631187,97.442894086839,0.0851198643351917,14.564216928535227,6.428180435884441,2.69680689305626,1.9468829194120632,1.0820070957932084,0.6149011657374558,5.377981755587254,0.0192691728713941,0.056576002679927,5.985403343842212,0.0475338446691787
1610612763,Memphis Grizzlies,82,42,40,0.512,3966.0,102.6,104.7,105.4,107.1,-2.9,-2.4,0.562,1.56,16.0,0.298,0.709,0.495,0.14,0.477,0.524,95.7,93.95,78.29,7763,0.483,2015-16,2015,2016,2016-17,1610612763,0.524,0.012,0,MEM,8,12208.95,7,5,2,0.13,0.247,0.1793891639603187,0.4912464489848294,0.7681198355850967,32.14459296936537,104.25989646939335,105.615596631979,-1.4001533847437055,0.144096373562018,1.6672088563444578,15.016760109045688,0.0524685998113405,0.1489693555410852,0.0989358896547205,9.880488302979918,0.4732885541617692,0.5189994875344179,0.2039641113008626,94.8166230347409,0.1025411273423731,15.265194795621245,7.006007887656186,3.0990380008108804,1.8959861413143635,1.2974088680844789,0.6781909992259776,4.231107919667383,0.0252221827370271,0.0311609214438614,1.809627547879233,0.0119608350827271
1610612748,Miami Heat,82,48,34,0.585,3966.0,104.2,105.5,101.5,103.7,2.6,1.7,0.543,1.48,16.3,0.28,0.729,0.512,0.148,0.508,0.545,95.7,94.14,78.45,7779,0.525,2015-16,2015,2016,2016-17,1610612748,0.5,-0.0849999999999999,1,MIA,11,18033.66333333333,9,6,9,0.172,0.31,0.1327472011140646,0.3889688525108321,0.6305998282101678,28.555234571493056,103.97454228656444,102.6849824374748,1.2996841370185646,0.1331505792223025,1.5043854567171504,15.098117308019688,0.0447734043314179,0.1410801926175472,0.0944864281596325,10.487621982518249,0.5092931551714673,0.5441939280593571,0.1970135719327871,95.25453365825652,0.1078093901793664,15.19358518208262,6.759358747409244,2.9824223179649763,1.9643263459689,1.0101109055490485,1.0440474379489173,4.466004506678346,0.0365004690056274,0.055383885674421,1.2365830448176909,0.0462519280442486
1610612749,Milwaukee Bucks,82,33,49,0.402,3966.0,102.2,103.4,105.7,107.8,-3.5,-4.5,0.603,1.52,17.6,0.286,0.689,0.49,0.159,0.499,0.537,96.6,95.05,79.21,7858,0.483,2015-16,2015,2016,2016-17,1610612749,0.512,0.1099999999999999,0,MIL,13,19442.906666666662,9,7,0,0.146,0.231,0.146685886472393,0.4157498227288375,0.6196024874195765,23.786663156674795,102.80675965459211,106.75548345652022,-3.9487238019281072,0.1517533201482906,1.5344222580231488,17.284324446001907,0.0455706496730941,0.1304670458223667,0.0884817083248184,11.20291133595937,0.4985964188824992,0.5332898067195715,0.1960557005194011,95.92028310238938,0.0976951160594643,14.83667051154217,6.232401465350174,3.467999983541556,2.184858505381225,1.2257426530189588,0.8739434021524902,2.6688152479053566,0.0324967290491192,0.0318955504555393,2.2464190655481,0.051662041776255
1610612750,Minnesota Timberwolves,82,29,53,0.354,3976.0,104.3,105.4,107.1,109.0,-2.8,-3.5,0.619,1.56,17.6,0.279,0.702,0.494,0.155,0.498,0.549,97.6,96.2,80.17,7965,0.497,2015-16,2015,2016,2016-17,1610612750,0.378,0.024,0,MIN,11,18139.581666666665,9,5,2,0.154,0.267,0.1568167365858952,0.4296513085702363,0.678474668976655,24.445659395489557,104.58404491871322,107.79223441297664,-3.223871167922009,0.1523245645411337,1.6711042307204993,18.063945566918164,0.045403502138831,0.1362976969608542,0.091704239504237,10.929416123065684,0.4959263709591245,0.5452563746187091,0.1955708836174005,97.23208739837716,0.1029270060344096,15.327145085760431,6.390445057121402,3.5405447148772,2.1473483080140863,1.2344275855681714,0.7382750190214787,5.128573999489606,0.030258195386098,0.056131344880106,3.5571431952818062,0.0462246461220485
1610612740,New Orleans Pelicans,82,30,52,0.366,3956.0,103.2,104.8,107.3,108.4,-4.1,-3.7,0.577,1.65,16.8,0.252,0.748,0.493,0.137,0.498,0.537,98.9,97.64,81.37,8041,0.472,2015-16,2015,2016,2016-17,1610612740,0.415,0.0489999999999999,0,NOP,14,18043.198333333334,12,7,2,0.165,0.29,0.1199488006514735,0.3404794549081699,0.5324012677353304,27.36166075138748,103.59562500883295,107.1119292782442,-3.5163042694112154,0.1349069856332751,1.5283877544252824,14.909616661643229,0.0388281167631126,0.1426170767581024,0.0892104774661624,10.40555709866294,0.5045504031574594,0.5395536400189214,0.1963907089088696,98.66611484253669,0.0940985980959214,15.442938377794992,6.468476255918781,3.00079836178342,1.9034319395886847,1.1193137506386293,0.6584198533168408,2.0805802588923665,0.0367559866762097,0.0688037779146912,2.7961709291199,0.0256964666174684
1610612752,New York Knicks,82,32,50,0.39,3961.0,102.0,103.9,104.8,106.7,-2.8,-2.8,0.557,1.53,16.0,0.28,0.718,0.502,0.142,0.483,0.527,95.8,94.12,78.43,7763,0.487,2015-16,2015,2016,2016-17,1610612752,0.378,-0.012,0,NYK,12,19435.458333333336,9,5,1,0.143,0.291,0.1301641544342278,0.3663234080321405,0.5762366465073501,27.635858428859624,102.81995333271875,105.43470081101768,-2.6055310161195924,0.1398526847192953,1.7790806331211635,16.75137261577315,0.0417080651129486,0.1347080520783533,0.088860686245715,9.950781882770109,0.4885497789049654,0.5297201878010767,0.1954556053261757,95.3166008768338,0.0993645334665377,14.760855909838334,6.597837715001147,3.0822015602925066,1.8763642912117244,0.8501986275085701,0.8446417737340043,4.231347816269747,0.0244272355852796,0.0498975810871372,2.223230525708181,0.0333048343496605
1610612760,Oklahoma City Thunder,82,55,27,0.671,3966.0,109.9,112.1,103.0,104.8,6.9,7.4,0.558,1.44,16.7,0.347,0.72,0.541,0.162,0.524,0.565,99.4,97.54,81.28,8061,0.546,2015-16,2015,2016,2016-17,1610612760,0.573,-0.098,1,OKC,11,18567.805,7,5,9,0.194,0.311,0.1480771870090909,0.4215566496237259,0.6459241322996084,25.724455852482293,111.42747927573204,103.59879749742451,7.831623285574143,0.1455532209290938,1.2519679511570343,13.975490964063871,0.0568240305374455,0.1393988111859928,0.1001736613455387,11.254319281860903,0.5267732796095177,0.561134280277071,0.199087169431174,98.58144151215866,0.1118667621186241,16.82912977597514,7.478105247227663,3.422052310437341,2.320791283622378,1.1148329056665558,0.9073770432207794,2.848546297552824,0.0586390293598822,0.0760847331468657,4.2461635713658525,0.0536684806676551
1610612753,Orlando Magic,82,35,47,0.427,3981.0,102.6,104.4,104.6,106.0,-2.0,-1.6,0.596,1.67,17.6,0.271,0.726,0.495,0.144,0.5,0.533,98.2,96.68,80.57,8018,0.488,2015-16,2015,2016,2016-17,1610612753,0.354,-0.073,1,ORL,11,16367.21,8,4,1,0.14,0.265,0.1567822697535703,0.4332038467969393,0.6714815781064701,23.931322646519067,103.48996690130248,104.86539549705375,-1.3711219668267631,0.1552352965675477,1.710394499123553,17.62627441288609,0.0411511140261535,0.1329449361457043,0.0865024158057482,10.369890429299394,0.4999008813964017,0.5336063181609245,0.2008200182967449,97.783013687122,0.0995893641412718,15.51101256719991,6.288426677485045,3.660000696514556,2.089543666880305,1.2295314839853586,0.7852285148171253,2.9889077917492872,0.0225570297289297,0.0349736617278926,1.5200267383816588,0.0398265084272008
1610612755,Philadelphia 76ers,82,10,72,0.122,3961.0,96.6,98.4,106.7,108.6,-10.0,-10.2,0.594,1.31,16.3,0.25,0.693,0.466,0.165,0.487,0.519,100.2,98.44,82.03,8119,0.428,2015-16,2015,2016,2016-17,1610612755,0.341,0.219,0,PHI,11,16730.925,9,6,0,0.133,0.272,0.128734663504857,0.3697363813815832,0.6009428647848221,23.469865035356182,97.07128907497145,107.2590234251842,-10.20428056627672,0.1271454244161634,1.2575145675846773,14.698217582112166,0.0395297223554585,0.1309878286267296,0.083816453164823,11.791099256815349,0.4967411012839996,0.5286655819487964,0.189493424701065,99.67595324725522,0.0864333849841934,14.51324418703688,6.203362934207164,2.7929119280613595,2.222710340283039,1.2415332684833624,0.957508326646614,2.3113356584322733,0.0241676729534274,0.0324961377681335,2.726320162657945,0.02383891060397
1610612756,Phoenix Suns,82,23,59,0.28,3941.0,99.4,101.5,107.0,107.9,-7.6,-6.5,0.558,1.21,15.4,0.297,0.733,0.508,0.173,0.487,0.526,100.9,99.39,82.82,8152,0.45,2015-16,2015,2016,2016-17,1610612756,0.293,0.0129999999999999,0,PHX,11,17351.076666666668,11,4,0,0.139,0.27,0.1463654608945496,0.3756337502975319,0.5777117961748003,26.38570680436161,100.66241302412934,106.81305834431409,-6.168233441037184,0.1368827011311305,1.2652645993341811,15.160344113131885,0.0455996746023253,0.1390327797141503,0.0910107939507308,12.24909513780413,0.4953655040234775,0.5339311555690205,0.1955999025420708,100.2118893765094,0.0938244099357522,15.370112479091114,6.761770595215705,3.031281632282953,2.400542675257616,1.15358835561213,0.576794177806065,4.800602131001851,0.0218600825720139,0.0499860408040495,2.8011862125791347,0.0348129446526625
1610612757,Portland Trail Blazers,82,44,38,0.537,3961.0,106.1,107.6,105.6,106.8,0.6,0.8,0.552,1.46,16.0,0.294,0.728,0.51,0.15,0.511,0.548,98.3,97.06,80.88,8012,0.493,2015-16,2015,2016,2016-17,1610612757,0.5,-0.037,0,POR,10,19063.26833333333,10,5,9,0.143,0.304,0.1458176855123042,0.4089756032565595,0.6286898512768141,24.72440280221274,107.2986918734904,105.82731492090244,1.4836565275926368,0.141188936384728,1.431481357560146,15.093322900821224,0.0463147108999584,0.1377179499912615,0.0917299079792281,10.749735490442747,0.5186426194319076,0.5516477805790736,0.1960800055184661,98.0640443091212,0.1002181626602853,15.876186323768724,6.82296433778713,3.149932055197601,2.0716279763499807,1.0292044185148037,0.7081681778771585,1.7981013600574989,0.0243704923025134,0.0597679810585754,1.052632429423851,0.0308842259309435
1610612758,Sacramento Kings,82,33,49,0.402,3961.0,103.3,105.3,106.3,107.6,-3.0,-2.3,0.612,1.52,17.6,0.281,0.717,0.5,0.16,0.51,0.546,102.2,100.66,83.88,8302,0.494,2015-16,2015,2016,2016-17,1610612758,0.39,-0.012,0,SAC,12,19557.515,10,5,3,0.156,0.351,0.1297040208499563,0.3661627427274545,0.5757625649270882,27.05245962996833,104.40411393437935,106.39058821293672,-1.994271034263129,0.1530272791984735,1.421790189943184,16.2627851152528,0.0427756738692688,0.1347045672724781,0.0890289401115973,11.08750384869107,0.516289978046802,0.5484003558223016,0.1966350800872878,101.71489718572802,0.0995560367289334,15.946197663660236,6.610042226734839,3.675927130824136,2.334038859231349,1.3308439236784428,0.6681830488178074,2.528756238820205,0.0309136277083064,0.0613869855856825,2.6137687226559465,0.0397213476022632
1610612759,San Antonio Spurs,82,67,15,0.817,3941.0,108.4,109.3,96.6,98.2,11.8,11.1,0.611,1.88,18.8,0.266,0.746,0.516,0.138,0.526,0.564,95.7,94.54,78.78,7767,0.578,2015-16,2015,2016,2016-17,1610612759,0.744,-0.0729999999999999,1,SAS,13,18801.945,10,5,13,0.181,0.258,0.1265594242155975,0.3564497360955653,0.5501797819321351,30.758535353656228,108.08501975017298,96.54767396848214,11.544306453401491,0.1533378154050906,1.9498181668616372,19.087011902226077,0.0426364842396181,0.1438594507997266,0.0953010726638476,9.844978564717636,0.5248334041150174,0.5591451777994244,0.1964942513482868,95.81091676685575,0.1180166317013124,15.683271065839197,6.676543304429408,3.689618281512896,1.893633876707968,1.2445520928818798,0.9152244621500591,5.153130040923927,0.0320720291746852,0.0417552965053067,2.3711919681214324,0.0388225034652195
1610612761,Toronto Raptors,82,56,26,0.683,3956.0,107.0,109.3,102.7,104.8,4.3,4.4,0.511,1.43,14.9,0.3,0.736,0.52,0.139,0.504,0.552,95.3,93.35,77.8,7707,0.525,2015-16,2015,2016,2016-17,1610612761,0.622,-0.061,1,TOR,11,18906.646666666664,10,6,9,0.145,0.291,0.1508017286337045,0.4073356741914749,0.6097725068115376,26.971585036937636,108.10174334634348,103.79774233717455,4.30783683833234,0.1325279811650012,1.452050524030879,13.99896687126256,0.0421598183108092,0.1375656895969918,0.0901025497382402,9.95868113576989,0.5082502630468227,0.5508170251061622,0.1955685731508179,94.34203951996425,0.1067698834836567,15.491694807857698,6.420599175528043,2.831385223609193,1.810791760357998,1.1443594615932249,0.8016228507999128,3.620129223809231,0.0289696792953404,0.0572538386660686,2.972613744937098,0.030878362827572
1610612762,Utah Jazz,82,40,42,0.488,3991.0,103.1,105.0,101.6,103.2,1.6,1.8,0.526,1.27,15.1,0.303,0.731,0.517,0.161,0.501,0.54,93.3,91.66,76.39,7625,0.508,2015-16,2015,2016,2016-17,1610612762,0.622,0.134,0,UTA,12,18781.178333333333,10,5,9,0.14,0.25,0.1540348861675079,0.3949259662177745,0.5846960968991385,24.57885248059072,103.5606244354388,101.56289520172987,1.984142652746229,0.1257037924581764,1.2784517593722151,14.647670730989812,0.0470885943702325,0.1389994101364069,0.0930399680282751,11.728972818265664,0.5074129197786401,0.543096071359385,0.1937918712413057,93.0293610455929,0.1034994053000046,14.533273427022284,6.484577156900078,2.649035066756106,2.0394886476327763,1.1405035200578026,0.799310870359838,2.1064297194507784,0.0235407635379712,0.0458580219975417,1.8724202532352945,0.0256369569363907
1610612764,Washington Wizards,82,41,41,0.5,3951.0,102.9,104.5,103.6,105.1,-0.7,-0.5,0.619,1.69,18.1,0.25,0.737,0.49,0.145,0.511,0.544,100.6,99.16,82.63,8163,0.497,2015-16,2015,2016,2016-17,1610612764,0.598,0.0979999999999999,0,WAS,11,17617.850000000002,9,5,5,0.144,0.28,0.1580224034147185,0.4152495906140646,0.6450657524423618,27.803306589623595,103.83818244942866,103.82406735214572,-0.0039933646841129,0.1668186460512113,1.7457505768297497,17.586368077451752,0.035379630885721,0.1335084390736289,0.0838137081615142,10.130302458396836,0.5194455530423218,0.5514461309599828,0.1953721896637028,100.0672811334338,0.1013871783446901,15.601222623645906,6.048411128486166,3.876295915789952,2.10877036641815,1.3179814790113438,0.5803205271925916,3.9256595484965366,0.0295140047823141,0.050614420268055,2.988266565076252,0.0394428532114375
1610612737,Atlanta Hawks,82,43,39,0.524,3976.0,102.3,104.5,103.1,105.2,-0.8,-0.7,0.621,1.5,17.4,0.282,0.717,0.502,0.16,0.504,0.541,99.8,97.76,81.46,8091,0.506,2016-17,2016,2017,2017-18,1610612737,0.293,-0.231,1,ATL,11,17263.43666666667,9,6,3,0.151,0.272,0.143935612665767,0.4070089559224495,0.6454468026933996,27.71096958098919,103.67231531342448,104.11483772736638,-0.4425224139419131,0.1608094214921671,1.5182132593915736,16.870351751128734,0.0435869318990367,0.1366023147959532,0.0904428942402545,11.499815293633114,0.5080044612592588,0.5419059613661321,0.2014565039290168,99.02400136048618,0.1040233366048591,15.783879262356225,6.737708270137793,3.5888566799465003,2.3564253621961333,1.2616259682554518,0.7569755809532711,3.722489279801741,0.0263809915025599,0.0430948727261009,2.244470564562251,0.0461696131871979
1610612738,Boston Celtics,82,53,29,0.646,3951.0,108.6,110.6,105.5,108.0,3.1,2.6,0.653,1.9,18.8,0.259,0.705,0.485,0.136,0.525,0.567,99.3,97.21,81.01,8005,0.514,2016-17,2016,2017,2017-18,1610612738,0.671,0.025,0,BOS,12,19376.851666666666,10,5,7,0.161,0.332,0.132604187247137,0.3769507275476726,0.5848148189880521,26.60088898170677,109.65912548056696,106.64387534232212,3.0011552530334518,0.1676273172516587,1.9924810506281931,18.93275295582504,0.0370147322694579,0.1317318677759054,0.0853211951098694,9.626613112501676,0.5243883002665294,0.5615914854933004,0.1963134490974669,98.32032320352006,0.1035054143212635,16.23978990050929,6.274084257409893,3.817957698838416,1.9024762450659551,1.122163722675622,0.6168184700799777,3.202824662447287,0.0273593458921239,0.0590051133846114,3.407508066735821,0.0535768635046178
1610612751,Brooklyn Nets,82,20,62,0.244,3951.0,101.9,103.6,108.0,110.1,-6.1,-6.5,0.566,1.29,15.9,0.241,0.716,0.483,0.162,0.507,0.551,103.6,101.75,84.79,8371,0.46,2016-17,2016,2017,2017-18,1610612751,0.341,0.097,0,BKN,12,16648.055,11,2,0,0.131,0.286,0.1334709470065221,0.3446501708457835,0.548699732991832,26.49924040175664,102.27487831661614,108.4652032624832,-6.192774120860765,0.149947970398544,1.4331399103378744,17.257895361750464,0.0360857048065574,0.1363965518294279,0.0869993523767991,12.170360922041642,0.5019947259104243,0.5449568936631536,0.1941959793501402,103.11311277703813,0.0937010673819454,15.610472214321732,6.660237487201958,3.4101280900381457,2.4370414441807164,1.1352677535003337,0.7503579246945064,3.777336817070152,0.0259915459803256,0.0470257957561897,2.6975588503423045,0.0289235757618259
1610612766,Charlotte Hornets,82,36,46,0.439,3966.0,106.4,108.4,106.1,108.4,0.3,0.0,0.611,2.01,17.6,0.247,0.749,0.496,0.119,0.501,0.547,97.8,95.92,79.93,7934,0.505,2016-17,2016,2017,2017-18,1610612766,0.439,0.0,0,CHA,10,17827.051666666666,9,6,5,0.137,0.286,0.153660200494922,0.4322624483334363,0.670583311074714,27.06127120852195,107.91474381022624,107.20013011125135,0.7389739806479497,0.161426693196884,2.1226257136742843,17.170473328408857,0.0320213020829486,0.1423113653772062,0.0868139690513415,8.014942655969191,0.4985683663712947,0.5451914585614316,0.1997838159067431,96.93468506242992,0.1037090034798238,16.02598148824572,6.359099761401937,3.5824207611073478,1.61754173035343,1.060186527385207,0.6239954989752933,3.020199240661308,0.0190415533435959,0.045923758198655,2.848563054434577,0.0299371774309013
1610612741,Chicago Bulls,82,41,41,0.5,3956.0,104.6,106.5,104.5,106.2,0.1,0.3,0.584,1.66,16.8,0.311,0.733,0.519,0.14,0.487,0.53,97.7,96.02,80.02,7919,0.504,2016-17,2016,2017,2017-18,1610612741,0.329,-0.1709999999999999,1,CHI,12,16720.945,12,4,5,0.164,0.289,0.1679903059705457,0.4139966371517877,0.6215870773651448,27.22717436125769,105.66054270058702,105.09587246215251,0.557748799484718,0.1589145877620354,1.7025959537573985,16.995703801429883,0.0479810248962204,0.1381647390941919,0.0923984313286918,9.951564509860736,0.4864672511033318,0.5254942477832443,0.1974659253210071,96.89891881011108,0.1033191038744122,15.426161619453923,6.880950807505198,3.672998146934877,1.9958202123145552,1.2745691107769328,0.729863054988818,3.7153022989557054,0.033676719829026,0.0499925954155454,2.854769098335574,0.046672604236316
1610612739,Cleveland Cavaliers,82,51,31,0.622,3976.0,110.9,112.8,108.0,109.7,2.9,3.1,0.567,1.66,17.1,0.264,0.722,0.499,0.14,0.547,0.58,98.4,96.74,80.61,8019,0.51,2016-17,2016,2017,2017-18,1610612739,0.61,-0.012,0,CLE,11,16825.998333333333,8,6,8,0.183,0.295,0.1660867274938317,0.454985583322,0.6821273309290514,29.39242119264048,112.7395531954072,108.7837376761894,3.979480068493212,0.1571310169906709,1.6253935095876928,15.547890868090144,0.042348382795315,0.1420070359371444,0.0931833284978929,9.58214262472192,0.5462080791838108,0.5747751424160171,0.2038163542351474,97.56349931688057,0.1073078793046356,17.20836970644337,6.831570865681175,3.5131347827900057,1.9940570143485292,0.984191230257858,0.6012124689183871,4.061689207043617,0.0476793050669462,0.0743435317329058,4.448110278371173,0.0431171228120018
1610612742,Dallas Mavericks,82,33,49,0.402,3956.0,103.7,104.7,106.3,107.7,-2.6,-3.0,0.574,1.75,16.8,0.216,0.733,0.465,0.127,0.505,0.541,94.2,93.11,77.59,7668,0.479,2016-17,2016,2017,2017-18,1610612742,0.293,-0.109,1,DAL,10,15011.27166666667,8,4,1,0.134,0.254,0.1867603266567578,0.4881228694482135,0.6923744968086758,28.57466483796676,103.766389323223,105.89306064787094,-2.132081092841013,0.1225854632790937,1.6901768781969724,14.33478940214148,0.0302159720423419,0.1347900130157749,0.0810437103763027,8.681831552578878,0.5141582255467363,0.5494323402314462,0.1938809672242957,94.35052347330556,0.0971605787784135,14.911994464603984,5.580606484260771,2.6452122699353806,1.4676971071626954,1.1271530071347498,0.5180107437044807,4.64488497734184,0.0226270990334616,0.0489412014527274,2.4406445405356583,0.0421024935160221
1610612743,Denver Nuggets,82,40,42,0.488,3951.0,110.0,112.2,110.5,111.7,-0.5,0.4,0.615,1.69,18.2,0.314,0.753,0.532,0.15,0.53,0.568,100.7,99.18,82.65,8167,0.503,2016-17,2016,2017,2017-18,1610612743,0.561,0.073,0,DEN,11,17847.098333333335,10,7,5,0.167,0.231,0.1230835003150372,0.3572290322824653,0.5712703624370684,25.863524313336097,111.89887879999915,110.94631560555273,0.9434381910261976,0.1551660413704973,1.793455243284647,18.001745419119956,0.0443881784144369,0.1382576283408909,0.0910454407201021,9.905605878602678,0.5320683083963511,0.5708678150201636,0.1969806670720236,99.966046855049,0.1015420429221968,16.962085059765556,6.626287242398603,3.8386071909541983,2.0776486635222406,1.0267215240124472,0.5123521946938341,4.715559568197709,0.0280225197808282,0.0259331902363828,3.1692895755783006,0.0465906854956092
1610612765,Detroit Pistons,82,37,45,0.451,3961.0,103.3,105.3,105.3,106.7,-2.0,-1.4,0.53,1.78,16.1,0.286,0.775,0.519,0.123,0.492,0.521,97.1,95.52,79.6,7890,0.482,2016-17,2016,2017,2017-18,1610612765,0.476,0.0249999999999999,0,DET,12,19333.93666666667,10,6,5,0.136,0.261,0.1327429264707428,0.3961959118172346,0.6219459358251062,25.787200864938526,104.22846093940862,105.73798894379333,-1.4941596046744057,0.1349010013653022,1.8699047400417337,15.5700556586079,0.0411382313758829,0.1448901804098872,0.0904925964379387,8.799556272468049,0.4915820739904497,0.519149551884674,0.1948127660154053,96.4824614180144,0.0954199958587499,14.996635449824756,6.651102784551035,3.191486610504052,1.690705859006814,1.05576015645029,0.5530172248072949,2.794805569295625,0.0245426982644442,0.032032132456086,3.579019471088956,0.0367971030710814
1610612744,Golden State Warriors,82,67,15,0.817,3956.0,113.2,114.8,101.1,103.4,12.1,11.4,0.705,2.06,21.2,0.272,0.709,0.504,0.146,0.563,0.597,102.2,100.37,83.65,8279,0.579,2016-17,2016,2017,2017-18,1610612744,0.707,-0.1099999999999999,1,GSW,13,19147.603333333333,8,5,10,0.186,0.286,0.138348385115561,0.4051933566620435,0.6176430087594948,28.559036544347325,113.84786088981372,102.16965866572338,11.68059126982124,0.1764881791994507,2.19416178543494,21.986849833773803,0.039787841332971,0.1313544055383084,0.0889202382334708,10.1450017939582,0.5581350702550938,0.5901303096070684,0.1970700220793516,101.5765487386498,0.1162264566270347,17.560422270428624,6.576697762522412,4.570598130558028,2.145229315905681,1.4401802418788356,1.011510404870514,3.5205311040013263,0.0342482260748616,0.0646141228730554,6.631240418319115,0.0408964254394826
1610612745,Houston Rockets,82,55,27,0.671,3956.0,111.8,114.1,106.4,108.4,5.4,5.7,0.626,1.67,18.1,0.281,0.717,0.499,0.15,0.545,0.583,102.5,100.55,83.79,8289,0.516,2016-17,2016,2017,2017-18,1610612745,0.793,0.122,0,HOU,9,17448.805,9,5,9,0.19,0.333,0.1688780406451903,0.4609367231738792,0.7001711578529303,27.84393582635984,114.03386974064986,107.14705475054978,6.870925019411549,0.1674380061175154,1.762830641792757,16.620967290692207,0.0462512124278233,0.1400687472102912,0.093140137486015,9.447998396833862,0.5547109498329542,0.5848450155564617,0.1986812074905225,101.2991933430398,0.1088863722568202,17.712387753774543,6.915774461345634,3.8932179023148,2.18284289382568,1.225528051921034,0.6581539538094442,3.32550712349151,0.0394004067079378,0.066028644240971,1.4370317204189345,0.0385967858267788
1610612754,Indiana Pacers,82,42,40,0.512,3971.0,106.2,107.9,106.3,108.1,-0.1,-0.2,0.572,1.63,17.2,0.255,0.713,0.488,0.141,0.516,0.558,98.1,96.59,80.49,7989,0.505,2016-17,2016,2017,2017-18,1610612754,0.585,0.0729999999999999,0,IND,12,19275.91833333333,8,5,5,0.136,0.287,0.1395184717096487,0.4091829260880004,0.6288508001045519,27.77465258680715,106.76481439578625,106.87426120035263,-0.0823126801308472,0.1428957551611678,1.5748618790406093,16.320873428339038,0.0378080607659764,0.134593882556914,0.0871804227053255,10.03565968452346,0.5177363935362872,0.5574030210925531,0.1965540056846405,97.70695985863534,0.1020024123364291,15.738394132713609,6.219158948847314,3.352369463417696,1.9759369873514887,1.2251556367699212,0.7489137352816134,3.438318765051439,0.0256893360543641,0.0492659499646556,3.278249614737867,0.0342660436963319
1610612746,LA Clippers,82,51,31,0.622,3951.0,110.3,111.8,105.8,107.5,4.5,4.4,0.57,1.74,17.2,0.256,0.733,0.501,0.133,0.537,0.574,98.2,96.77,80.64,7968,0.527,2016-17,2016,2017,2017-18,1610612746,0.512,-0.1099999999999999,1,LAC,12,19444.43,9,6,5,0.182,0.276,0.1321872124819292,0.3561690931541834,0.5685628223609537,30.47885564143562,110.75152965827915,106.32607329365445,4.422190845056056,0.1462322163725035,1.6453532999767373,15.686257315505436,0.0392137325016298,0.1365390680004505,0.0894241784579611,9.652405007500862,0.5464738484662873,0.5750538545828634,0.1954967411404362,97.84833201504664,0.1063241855551092,16.322206410781906,6.426313345261342,3.401076812228489,1.8569842366168612,1.1219665477465783,0.6294861819040208,3.5558666467203324,0.0424399820907097,0.04799968666535,6.969944790476244,0.0579508200799235
1610612747,Los Angeles Lakers,82,26,56,0.317,3941.0,103.4,105.3,110.6,112.0,-7.2,-6.7,0.532,1.38,15.6,0.284,0.717,0.494,0.153,0.501,0.537,100.8,99.26,82.72,8143,0.446,2016-17,2016,2017,2017-18,1610612747,0.427,0.1099999999999999,0,LAL,12,16863.405,11,6,1,0.114,0.264,0.1421157233666629,0.4037098873764422,0.603363812547545,24.714104496294397,104.34922695031044,111.41229463049326,-7.044280035180715,0.1221780940247041,1.3733717992698786,14.372252262616398,0.0497374068285734,0.1430992508136207,0.0945535553663885,10.853981041590751,0.5008923087201745,0.5315811647568607,0.189011653043973,100.05137577988154,0.0860286580122262,14.939331647434194,6.987200983431283,2.8414190372584898,2.0942389748689547,1.1506572960798842,0.6276312524072096,4.377241953197606,0.0180745829516911,0.040937131921622,2.68706640225116,0.0382600846986743
1610612763,Memphis Grizzlies,82,43,39,0.524,3981.0,104.7,107.0,104.5,106.5,0.1,0.5,0.584,1.65,16.5,0.295,0.731,0.507,0.137,0.491,0.535,94.7,92.84,77.37,7702,0.501,2016-17,2016,2017,2017-18,1610612763,0.268,-0.256,1,MEM,14,19059.996666666662,12,4,9,0.16,0.28,0.1327929578161871,0.363273935514854,0.5580954980929517,30.01556471066189,105.70130301701695,105.08217581884853,0.6115033073632927,0.1523852677308967,1.7096631032988987,16.11978208635573,0.0441486617958485,0.1376202336691559,0.0895426150826539,9.886686496447444,0.4913587156101286,0.536668294625445,0.1965373472433275,94.14888460018967,0.1021447694377001,15.108292253986054,6.404827982656171,3.2316899670671506,1.8434420852469544,1.174816574819268,0.5987409231795948,5.200086245101182,0.0400603539285023,0.0530319109496732,3.298007902605611,0.0552786259087438
1610612748,Miami Heat,82,41,41,0.5,3956.0,105.2,107.4,104.1,106.4,1.0,1.0,0.544,1.58,16.3,0.284,0.718,0.499,0.14,0.512,0.541,97.6,95.51,79.6,7875,0.5,2016-17,2016,2017,2017-18,1610612748,0.537,0.037,0,MIA,13,19272.736666666664,11,8,9,0.163,0.262,0.1304109898940143,0.3710058647612923,0.5811889541374595,27.0589426756726,106.54047600228373,105.25105486662422,1.2798967487924655,0.1400740384387548,1.757344807111808,15.888893646136744,0.0429979701896686,0.1341505647615171,0.0882993466072367,9.50946365340608,0.5129965464167777,0.5396779997166984,0.194894677559198,96.5561326872624,0.1013860356451713,15.46827547929969,6.477959106655153,3.216564469913545,1.8884707776321683,1.0703202330200123,0.8648486350580553,2.749977272225382,0.0351690236982951,0.047059738666865,2.0968324920443533,0.0427714538433669
1610612749,Milwaukee Bucks,82,42,40,0.512,3956.0,106.9,108.5,106.4,108.7,0.5,-0.2,0.624,1.73,18.5,0.26,0.706,0.487,0.146,0.527,0.565,96.7,94.99,79.16,7828,0.504,2016-17,2016,2017,2017-18,1610612749,0.537,0.025,0,MIL,13,19164.89833333333,11,6,6,0.176,0.28,0.14845039181441,0.3739489356365836,0.5724933404725429,25.765146853983666,108.11433394854951,107.5600859696708,0.5493718768314189,0.1587640249243865,1.845084643896276,18.56667077719084,0.0381359768062079,0.1326198483181796,0.0863790268823932,9.974748435486092,0.5305870497269358,0.5643325548557132,0.1965526449875071,95.83990417811594,0.1021184064895031,15.60415269617484,6.003475625012013,3.6328916954859927,1.981748055190136,1.219103779922652,0.7851854853739115,4.479746992152293,0.0402190037849211,0.0579830530009207,2.923400428078949,0.0371131948490551
1610612750,Minnesota Timberwolves,82,31,51,0.378,3961.0,108.1,110.0,109.1,110.9,-1.0,-0.9,0.6,1.69,17.7,0.309,0.71,0.507,0.146,0.511,0.555,97.1,95.48,79.57,7870,0.501,2016-17,2016,2017,2017-18,1610612750,0.573,0.1949999999999999,0,MIN,11,19323.33166666666,9,5,3,0.17,0.286,0.1577558355835635,0.4518844619531191,0.6701653156947833,24.30212733328682,109.26433391101726,109.99987013971624,-0.7166018385890839,0.1478506942255213,1.6896738433391276,18.116603710247,0.0483686421742834,0.1344198898067871,0.0909245279389794,10.254072938940224,0.5041479448980459,0.5479031002158962,0.1968782189820785,96.2089252448616,0.1013636118133182,15.861860950652146,6.336174429547562,3.5695707753640487,1.999034155514417,1.1737106411687634,0.672554827717339,3.0133297119901776,0.0345615100089768,0.0633520747629897,1.3587708116242192,0.0446592930597762
1610612740,New Orleans Pelicans,82,34,48,0.415,3981.0,103.3,104.7,104.9,106.8,-1.6,-2.1,0.582,1.77,17.1,0.228,0.728,0.48,0.129,0.504,0.539,100.1,98.56,82.13,8173,0.493,2016-17,2016,2017,2017-18,1610612740,0.585,0.1699999999999999,0,NOP,10,14252.226666666666,8,3,4,0.192,0.321,0.1899816590062652,0.5102267060959832,0.7535754646993171,26.812109242345286,104.6426863124078,105.65398423123592,-0.9874688118909136,0.1552964327445442,1.842758262568562,18.13715165677036,0.0350611318512101,0.1323199102456037,0.0847559198936867,9.75700049676448,0.5086280159030121,0.5430143837173512,0.1902963245743121,99.58514971578708,0.1010929761150772,15.153000653932905,6.39563221466213,3.632274535815222,1.8919149007827547,1.1745533095647276,0.8941760679266959,1.9104690789744785,0.0488504265742302,0.0771962147192507,2.8013622893897576,0.0309773823425024
1610612752,New York Knicks,82,31,51,0.378,3971.0,104.7,107.1,108.7,110.7,-4.1,-3.6,0.551,1.57,16.3,0.305,0.698,0.5,0.143,0.496,0.534,98.6,96.63,80.53,7990,0.482,2016-17,2016,2017,2017-18,1610612752,0.354,-0.024,0,NYK,13,18031.68833333333,10,4,3,0.133,0.286,0.1407566475795897,0.3971844751457457,0.6035405447798241,27.927618443567816,106.10701982703964,109.69212251616663,-3.571583378261954,0.1252972708323762,1.6146007108042109,15.287084653655558,0.0490472585623106,0.1351542115717949,0.0917834441089959,9.721236539784172,0.4987756406245192,0.5330913337473575,0.1981289898625687,97.46561021046928,0.0977447289322972,15.82214569850318,6.93978276946335,2.916864967257179,1.8906715427738183,1.0301863950066423,0.8904324266917878,3.876784632230269,0.0239454367286564,0.0540500307355898,2.46783088237086,0.0303247662081073
1610612760,Oklahoma City Thunder,82,47,35,0.573,3961.0,105.0,107.9,105.1,107.1,-0.2,0.8,0.532,1.4,15.5,0.323,0.742,0.528,0.152,0.5,0.54,100.5,98.18,81.82,8099,0.499,2016-17,2016,2017,2017-18,1610612760,0.585,0.012,0,OKC,9,15366.996666666666,8,4,7,0.23,0.402,0.1823224403640789,0.4924156726352297,0.7432211325613615,24.710972367404693,107.67442102653328,105.1463572691172,2.512515078309597,0.1643758673078387,1.3492620961068298,14.261603785515236,0.0521912962172829,0.1476848941855695,0.09922144177381,10.972297948482234,0.5027353304126441,0.5333481122639666,0.2083889208236092,99.3580020353142,0.1078244242694137,16.963366730302322,7.4075632649103635,3.5351084651327445,2.452788974813773,1.2556780234003653,0.7004621809640097,2.148739437554938,0.0655452462821695,0.1032063844371956,2.730060793988643,0.0545326226219181
1610612753,Orlando Magic,82,29,53,0.354,3961.0,101.2,103.7,108.0,110.3,-6.8,-6.5,0.58,1.67,16.8,0.267,0.726,0.491,0.137,0.489,0.524,99.1,96.9,80.75,7989,0.46,2016-17,2016,2017,2017-18,1610612753,0.305,-0.0489999999999999,0,ORL,11,16995.913333333334,9,4,0,0.142,0.241,0.1419265690144336,0.4085569393740534,0.6413276014979287,25.47024225823698,102.3222548302788,108.9955308766382,-6.656381239882372,0.1573595649660094,1.7546325959926838,17.343546831061744,0.037930203123339,0.1353573873837122,0.0855245831645019,10.19133092582648,0.4848064467066004,0.5212183469006472,0.1967434100825022,97.84631994965848,0.0923798672975111,14.979600978588186,6.386241084621519,3.5881566823710958,1.980476090919111,1.073905217214962,0.6036745303871087,3.501143727256512,0.025020040875791,0.0333089600404836,4.085629899822878,0.0276458616042819
1610612755,Philadelphia 76ers,82,28,54,0.341,3966.0,100.7,102.7,106.4,108.2,-5.7,-5.5,0.631,1.43,17.4,0.273,0.709,0.49,0.167,0.501,0.539,101.0,99.07,82.56,8179,0.47,2016-17,2016,2017,2017-18,1610612755,0.634,0.293,0,PHI,10,16055.89,10,5,1,0.174,0.356,0.1362560198573026,0.4017299362829881,0.6375121528610371,24.82529028288061,101.16915706115742,106.5844505038338,-5.3983473147029954,0.168870952445904,1.5500593551649893,18.690804786696138,0.0351692753666515,0.1298186774448504,0.0823848026072259,12.233172021814632,0.4926083433140942,0.5313026772937117,0.1947682997745168,100.43016234644524,0.0933897374525277,14.863330528547468,6.078516980372935,3.8542864954854577,2.526923141600995,1.284762165161819,0.7847587396276382,2.92069573619991,0.0255662004126425,0.0482478848203711,3.5207722619736166,0.0319219704559139
1610612756,Phoenix Suns,82,24,58,0.293,3966.0,103.9,106.1,109.3,111.3,-5.4,-5.2,0.491,1.27,14.4,0.299,0.718,0.503,0.152,0.493,0.538,102.9,100.85,84.04,8320,0.462,2016-17,2016,2017,2017-18,1610612756,0.256,-0.0369999999999999,0,PHX,13,17970.51166666667,11,4,2,0.141,0.28,0.1519463320790253,0.3870135584156525,0.5708122575252216,24.54036561934287,105.26461905601462,110.48279005596852,-5.233563689106608,0.1311105624241639,1.2397413800219188,13.314111618227898,0.0456247496941053,0.1342645278974155,0.0888128627760274,11.354274442380463,0.5064383908749769,0.5469219989748019,0.2047047120806335,101.89562735692832,0.0945444990575764,16.791508533377872,6.652899050268184,3.0269588873698363,2.333823364517445,1.1538903501820157,0.7692602334546771,4.896364969911991,0.0261070604474843,0.0550640301588184,4.035918123126318,0.054309168825779
1610612757,Portland Trail Blazers,82,41,41,0.5,3986.0,107.8,109.4,107.8,110.0,0.0,-0.6,0.534,1.54,16.0,0.269,0.72,0.496,0.139,0.52,0.559,99.1,97.38,81.15,8088,0.493,2016-17,2016,2017,2017-18,1610612757,0.598,0.0979999999999999,0,POR,11,17501.806666666664,9,6,5,0.159,0.304,0.1597309382536127,0.4423979467262618,0.6707161851100325,25.240440796397785,108.05715723252952,108.8868185703495,-0.8422647604761566,0.1318019227348339,1.519732988518138,14.497728872562112,0.0355236602240302,0.1271983534271319,0.0815767490289574,10.203999825160908,0.520389718432878,0.5573132058557002,0.1942473998874783,98.37545731945391,0.09701275801622,16.128392078379722,5.971269251822004,2.949638342098778,1.861522105717848,1.003782085735149,0.6191360815702456,1.6606746528970804,0.0329684716955223,0.0650359863618777,2.773539617356992,0.0402484807988284
1610612758,Sacramento Kings,82,32,50,0.39,3976.0,104.6,106.6,109.1,110.8,-4.5,-4.2,0.594,1.54,17.3,0.258,0.723,0.492,0.152,0.516,0.556,97.1,95.42,79.52,7911,0.478,2016-17,2016,2017,2017-18,1610612758,0.329,-0.061,1,SAC,11,14576.311666666665,11,5,1,0.125,0.246,0.141552955725997,0.3789590347901225,0.5886513129121487,28.162400136202724,105.0814060186922,109.84188529860148,-4.783200654212137,0.1379960209412829,1.6748543990380742,17.39724210068231,0.0348042814214432,0.1181437556162756,0.0767659581693448,10.573473890914563,0.5247729649715915,0.5609951267964793,0.1751261600585516,96.51422237930105,0.0882128819281787,13.86523591301732,5.3988966344595415,3.153884264503584,1.842441394925351,1.1385596287675428,0.5507566100111975,3.454328207698229,0.0205019419592383,0.0325895548404019,2.4517505875326595,0.0151473244599588
1610612759,San Antonio Spurs,82,61,21,0.744,3961.0,108.8,110.3,100.9,102.9,7.9,7.4,0.606,1.77,18.1,0.282,0.73,0.511,0.141,0.524,0.564,96.4,94.86,79.05,7832,0.551,2016-17,2016,2017,2017-18,1610612759,0.573,-0.171,1,SAS,13,19224.18666666667,10,5,12,0.174,0.306,0.1287170189774825,0.3441662724872972,0.5200461883432953,30.04095977359077,109.37561853505376,101.32443596226696,8.063328791022974,0.1516348493113536,1.836275025766153,18.27595929502696,0.0438087121501109,0.1400136349938341,0.0929720867254722,10.221263127560146,0.5279287227756146,0.5635034201707017,0.1960886951264171,96.19434339658238,0.1112479525791815,15.84067015578986,6.617913267592075,3.558017885802191,1.9157117353556008,1.2134713631578,0.8932497534356028,4.624301434945789,0.0332091578552897,0.0571459628185516,1.9292660511095867,0.043608370739974
1610612761,Toronto Raptors,82,51,31,0.622,3956.0,109.8,111.4,104.9,107.1,4.9,4.3,0.472,1.46,14.5,0.291,0.717,0.505,0.132,0.517,0.561,97.1,95.41,79.51,7867,0.516,2016-17,2016,2017,2017-18,1610612761,0.72,0.0979999999999999,0,TOR,11,16800.245,10,5,9,0.155,0.337,0.1559644913908497,0.412478607702844,0.6436720615284678,26.56112901924942,110.53480906578048,106.5091079822546,4.016911896225324,0.1316890454077703,1.5318345784044616,14.628422720422623,0.0474227271685621,0.1356191642840128,0.0916020190975389,10.04939815857844,0.5273095808027402,0.5679053043571684,0.1972804676360374,96.26499170795822,0.1067984280387974,16.240477445418204,6.524904845137674,2.976385165811569,1.8471159200356897,1.2085538038284558,0.7221323260464355,2.756553063427395,0.0350399146014848,0.0729686387444861,3.5310177270985426,0.0459728355070172
1610612762,Utah Jazz,82,51,31,0.622,3951.0,107.4,109.0,102.7,104.7,4.7,4.3,0.544,1.48,16.2,0.27,0.743,0.514,0.148,0.526,0.563,93.6,92.09,76.75,7579,0.534,2016-17,2016,2017,2017-18,1610612762,0.585,-0.037,0,UTA,14,19702.46666666666,12,4,11,0.161,0.269,0.1392590437068794,0.3670322159323537,0.5414368590058098,27.40680667733651,107.33436525714212,103.19418179449616,4.119840248429131,0.1366070717879656,1.552137764476191,16.49821282952727,0.0416229097371902,0.1401268418167607,0.0923680068823869,10.866979202265709,0.5338976888680607,0.5642738562345833,0.1939821317635355,93.45404802190588,0.1073390711653701,15.048674108487264,6.446299448123248,3.013023749987312,1.9331589614836724,1.003123128406934,0.7454904123679946,4.395466618537156,0.0355817970595803,0.0405971546870381,3.3777109933783827,0.0628930102953156
1610612764,Washington Wizards,82,49,33,0.598,3971.0,108.5,110.4,106.9,108.8,1.6,1.7,0.577,1.68,17.6,0.286,0.716,0.501,0.143,0.528,0.564,99.7,97.94,81.62,8109,0.511,2016-17,2016,2017,2017-18,1610612764,0.524,-0.0739999999999999,1,WAS,11,18278.849999999995,8,5,8,0.153,0.299,0.1551237267844166,0.4444791840478659,0.7141795025398207,26.5137116576444,109.92597408115572,107.66736123990296,2.267394876227626,0.1484666989444084,1.676819095110834,15.511977476701215,0.0440292954243109,0.1370505639942702,0.0907770192508464,9.917337916043222,0.5363936172133367,0.568403184463647,0.1966833698509479,98.85609887839408,0.1038840918146747,16.459022312672843,6.493406313854537,3.5490197687491283,2.014787582369788,1.2722901057779894,0.6381145422168244,3.5653238740818263,0.0284171525204558,0.0594180205050353,4.079718508092518,0.0433176173990918
1610612737,Atlanta Hawks,82,24,58,0.293,3941.0,102.4,104.4,108.2,110.1,-5.8,-5.7,0.622,1.53,17.6,0.263,0.719,0.489,0.157,0.512,0.547,100.6,98.76,82.3,8114,0.468,2017-18,2017,2018,2018-19,1610612737,0.354,0.061,0,ATL,13,16169.491666666669,12,4,0,0.119,0.299,0.1523869798009523,0.3915635360625127,0.597314799115,24.915384888929204,102.9351120293928,108.44796041310312,-5.51168276265127,0.1678825574293976,1.5559400352206496,17.598182874229707,0.0382401348424167,0.1396524393933225,0.088546272481252,12.057188274832388,0.5154346114776852,0.5493206373731602,0.1979730630575379,100.1972991327804,0.0952172995543562,15.582679109165976,6.516716924207575,3.7759999670160735,2.420113186407118,1.1733207444678482,0.7102264088904053,2.8000269062362557,0.0186677410695502,0.0470971093133671,1.9032939575154708,0.0430094654387328
1610612738,Boston Celtics,82,55,27,0.671,3961.0,105.3,106.8,101.5,103.2,3.7,3.6,0.586,1.6,17.0,0.263,0.739,0.504,0.144,0.518,0.552,98.2,96.75,80.63,7987,0.519,2017-18,2017,2018,2018-19,1610612738,0.598,-0.073,1,BOS,12,18793.46166666667,9,7,10,0.165,0.298,0.1299873173977084,0.3656421466437307,0.5784589800158334,25.25083945418252,105.74796550254136,101.71512373496562,4.020806269769175,0.1475222543265712,1.6991770896917433,16.599678647103953,0.0359749532572365,0.1380728120249622,0.0876864247202284,10.23274772777802,0.5113415699449374,0.5444300681877217,0.1933282146796266,97.84385239121724,0.1034162146108083,15.4987944832232,6.495663341071545,3.3388207618660286,1.936630975471345,1.0803757370581986,0.6666148164827183,3.887258566458896,0.0333102189066085,0.0464710050602435,4.418238350589194,0.0488347636778969
1610612751,Brooklyn Nets,82,28,54,0.341,3971.0,104.3,106.1,108.5,109.7,-4.2,-3.6,0.619,1.56,17.3,0.251,0.731,0.489,0.151,0.514,0.551,101.1,99.66,83.05,8238,0.474,2017-18,2017,2018,2018-19,1610612751,0.512,0.1709999999999999,0,BKN,10,16835.321666666667,9,7,0,0.119,0.295,0.1369754047863455,0.3969595472534779,0.6283279608656127,25.216819637046832,105.19115650002924,108.60844812092986,-3.404344338337065,0.1659282223396781,1.73876796928838,16.97737014825872,0.0349171915634123,0.1330612482109786,0.0837224429827249,10.52624335561156,0.5190152957180404,0.5585196169402961,0.1945519051066542,100.84981211328208,0.0975368424303941,16.041986327753563,6.357348087498179,3.737855518650124,2.129807835569521,0.979369466557069,0.6949674162249944,3.106787989808769,0.0158228463625323,0.0365006922837915,2.387596415589768,0.0425213651571232
1610612766,Charlotte Hornets,82,36,46,0.439,3956.0,107.0,109.0,107.0,109.0,0.0,-0.1,0.554,1.7,16.1,0.271,0.763,0.512,0.128,0.508,0.549,100.5,98.66,82.21,8143,0.5,2017-18,2017,2018,2018-19,1610612766,0.476,0.0369999999999999,0,CHA,13,19295.763333333336,10,5,6,0.136,0.267,0.1417864785171321,0.3734018296589803,0.5780158304180416,27.120208943966794,107.8669605884124,108.06335266342576,-0.2146090359386317,0.1396954479126592,1.7647843602628484,15.730859399360376,0.0385415446119519,0.1426160146726509,0.0896103393335566,9.297467121020864,0.5075054718401913,0.5465601259792952,0.1964555557014329,99.60877107738158,0.0997300647516924,16.231542364481044,6.658663758486534,3.225785833125026,1.8563660520297285,1.0149378214112286,0.6753814179243837,3.392096480233777,0.0269353079472189,0.0467266299167727,3.6401487023198182,0.0445771236855536
1610612741,Chicago Bulls,82,27,55,0.329,3971.0,101.3,103.4,109.1,110.5,-7.8,-7.0,0.607,1.68,17.3,0.256,0.767,0.5,0.141,0.497,0.529,100.3,98.65,82.21,8160,0.453,2017-18,2017,2018,2018-19,1610612741,0.268,-0.061,1,CHI,14,18226.78166666667,13,6,0,0.133,0.29,0.1242635722214261,0.3500391228328936,0.5352669226940686,24.871844992931187,102.40255207789929,109.46828344810189,-7.047592814200424,0.1555492674744462,1.7978450373712895,17.832501751772053,0.0366763921295668,0.1421015224940515,0.0869726296533059,10.081905436039223,0.498118802560591,0.5288699056306247,0.1926650865132617,99.54021761018517,0.089699247782727,15.074081921026652,6.484304369330515,3.594710311355936,1.977090671245765,1.1455670223002434,0.5174802755907996,2.689032941582233,0.0211782503774709,0.0410590019299561,3.4425227816644286,0.034106385028789
1610612739,Cleveland Cavaliers,82,50,32,0.61,3946.0,110.6,112.0,109.5,111.1,1.0,1.0,0.579,1.7,17.5,0.243,0.73,0.492,0.139,0.547,0.584,100.1,98.72,82.27,8114,0.502,2017-18,2017,2018,2018-19,1610612739,0.232,-0.378,1,CLE,8,12981.47666666667,7,3,6,0.191,0.31,0.2330696584851799,0.5467431414453876,0.7951648027715387,31.719427656278445,111.59276730972825,109.99964385150842,1.593123458219828,0.1695288731918787,1.669760001622825,17.245170862688195,0.0357015851817577,0.1528791081291984,0.095730213537597,10.065687390982482,0.5675544456550012,0.5990160488932563,0.1988543338546744,99.38125734411828,0.110528655574109,17.387852383511582,6.813708661289946,3.796486429509945,2.099298924133695,1.009438320191103,0.524131435483842,3.4436596320958315,0.0523093694062719,0.0721390049639379,3.5403313560944127,0.0383199286081851
1610612742,Dallas Mavericks,82,24,58,0.293,3961.0,104.1,105.4,107.4,108.4,-3.3,-2.9,0.594,1.85,17.3,0.224,0.749,0.478,0.127,0.513,0.544,97.5,96.53,80.44,7959,0.475,2017-18,2017,2018,2018-19,1610612742,0.402,0.109,0,DAL,12,17606.239999999998,10,4,4,0.133,0.28,0.1496327438453639,0.4002778749655425,0.6245985324899961,28.186315855439123,103.78123062240054,107.12447829103012,-3.328964427763489,0.1564365979523926,1.938432662699891,17.083485542625795,0.0332155485782313,0.1448425366044463,0.0875498361187094,9.06309178829021,0.5227214459191741,0.5502827933921912,0.1949638404717115,97.73914057459172,0.098580517664949,15.323203591453938,6.314124992048273,3.508755986513872,1.7707358300239004,1.0448568234898534,0.5847926644189787,5.5831949656843145,0.0221273276940613,0.0506494953227926,3.668030117424941,0.0526481179588842
1610612743,Denver Nuggets,82,46,36,0.561,3976.0,109.6,111.4,108.8,110.0,0.8,1.4,0.617,1.68,18.2,0.3,0.736,0.517,0.151,0.536,0.57,99.1,97.69,81.41,8095,0.511,2017-18,2017,2018,2018-19,1610612743,0.659,0.0979999999999999,0,DEN,11,17986.903333333332,9,6,6,0.169,0.238,0.1491586192991159,0.4275402417796207,0.6861063355170828,25.516684546960175,110.833120829952,108.5958409183274,2.228361033425987,0.152345117957121,1.711846117295343,17.73496697875176,0.0478783129428801,0.1436938579014249,0.0956757520425509,10.406392864363715,0.5408541752879085,0.5718584062366858,0.1946658872724246,98.54663805943248,0.1059265026349727,16.53803295027067,6.856989094472626,3.658662015381191,2.0915217757512825,1.1468344282349137,0.778566479203109,3.838773701970109,0.0302030129487013,0.0341944226319096,2.5817439131233906,0.024679423160715
1610612765,Detroit Pistons,82,39,43,0.476,3961.0,104.9,106.6,104.8,106.7,0.0,-0.1,0.582,1.7,17.1,0.269,0.74,0.499,0.138,0.512,0.543,98.4,96.75,80.62,7981,0.489,2017-18,2017,2018,2018-19,1610612765,0.5,0.024,0,DET,11,15138.106666666668,7,4,9,0.156,0.266,0.1733934362553485,0.4334101006026292,0.6638626318747037,26.23272615333666,105.59123945927188,104.8109127693644,0.7670405281858235,0.1508780451848668,1.9637827958229916,18.059820977171963,0.0443743301672248,0.146260969887912,0.0942468513235472,9.780354874850048,0.5238078957254012,0.5507906254018557,0.1834429922103865,97.83885354883658,0.1000405460216073,14.620586634347934,6.922662279210611,3.498191759779735,1.840652904194096,1.2199676225472496,0.6420882223932892,3.5096275315436984,0.0292260501293617,0.0411046802623324,1.5556768456253232,0.0557509615322499
1610612744,Golden State Warriors,82,58,24,0.707,3946.0,112.3,112.8,104.2,106.8,8.1,5.9,0.685,1.9,20.9,0.243,0.712,0.497,0.153,0.569,0.603,101.8,100.35,83.63,8251,0.554,2017-18,2017,2018,2018-19,1610612744,0.695,-0.012,0,GSW,15,19639.971666666668,9,5,13,0.168,0.293,0.1275061242026571,0.3623307161933277,0.5279763217581015,29.36680933772562,111.44525659957247,105.67223937780628,5.795464479200284,0.17119701106154,1.9173193325211004,21.29214764651306,0.0379611994518322,0.1335181263414925,0.0899489998415646,10.83379998087234,0.560922722817913,0.5918130694859285,0.1936831159719086,101.53347061006453,0.1102495869181074,17.008374842360176,6.512636686593997,4.3991916824727255,2.245420754595454,1.2006127300081813,1.116294889427454,3.9019385406490503,0.0361201304963257,0.0601391876513786,3.994857468899511,0.0493004654510033
1610612745,Houston Rockets,82,65,17,0.793,3951.0,112.2,114.1,103.8,105.7,8.5,8.4,0.557,1.56,16.4,0.254,0.75,0.503,0.141,0.551,0.59,99.7,98.02,81.69,8078,0.531,2017-18,2017,2018,2018-19,1610612745,0.646,-0.147,1,HOU,11,18649.59666666666,9,8,10,0.194,0.353,0.1367742716151681,0.3807681989190473,0.6053356113688966,30.25734184778616,113.95252497864566,104.19273440944836,9.76143900520458,0.1489771264937097,1.5075203333262437,14.13401863561303,0.0384410585108274,0.1443472708703798,0.0917585920982384,9.951825714193284,0.5591470794095815,0.5905706879451728,0.1964732827108504,99.08837714095336,0.1098261040140457,17.216672603643442,6.590169331633446,3.2603386060717314,1.9612220389395376,1.2913952205221957,0.7180852347298307,3.061053233144514,0.0482264593064824,0.0773001481673002,3.9560687451264895,0.0313848012573214
1610612754,Indiana Pacers,82,48,34,0.585,3951.0,107.2,108.5,105.6,107.3,1.6,1.3,0.544,1.67,16.8,0.271,0.721,0.496,0.136,0.525,0.557,98.2,96.84,80.7,7977,0.509,2017-18,2017,2018,2018-19,1610612754,0.585,0.0,0,IND,12,19186.81,8,6,6,0.148,0.295,0.1358762434540534,0.3973318997095748,0.6177061220703182,26.707414624942867,107.28141926667332,106.097749295827,1.2038316774214513,0.1384365429514686,1.8555526001108749,16.976499385081038,0.0390477168950961,0.1368462397692303,0.0879840903725007,9.68635622596982,0.5249894305862552,0.5554869806393038,0.1956383257560793,97.9447428815247,0.1030658419334254,15.93156965644628,6.287444343275407,3.3585572588668997,1.9307013516056084,1.3340414586895897,0.6191753605732272,3.090878137620141,0.0234125858874877,0.0454739120027681,3.594944312024573,0.0392171561873293
1610612746,LA Clippers,82,42,40,0.512,3941.0,107.7,109.4,107.7,109.2,0.0,0.2,0.555,1.52,16.5,0.284,0.718,0.504,0.147,0.527,0.564,101.1,99.54,82.95,8167,0.497,2017-18,2017,2018,2018-19,1610612746,0.585,0.0729999999999999,0,LAC,13,16361.54,12,7,7,0.152,0.285,0.1582424392813879,0.4320570272317479,0.6019424210679435,27.270708523362305,107.98534765064902,107.92258688159347,0.0508196559329583,0.1376116689912237,1.5468759236599976,16.591303141391336,0.04133043517501,0.1280557298803576,0.0854524139129527,11.00055019270802,0.5264608146095456,0.5573248247618093,0.1859900316025671,100.76779259063224,0.0947248797077373,15.55159233177317,6.308208151555416,3.329026485281948,2.0836669408869826,1.1683496785754883,0.6710859735697251,3.2056565653541456,0.0386054352755444,0.0532558108161622,2.242750695557896,0.0584968961640085
1610612747,Los Angeles Lakers,82,35,47,0.427,3981.0,104.2,106.0,105.6,107.3,-1.4,-1.3,0.584,1.51,17.0,0.279,0.729,0.505,0.155,0.517,0.548,102.6,100.9,84.08,8361,0.491,2017-18,2017,2018,2018-19,1610612747,0.451,0.024,0,LAL,10,15654.388333333334,8,5,1,0.135,0.251,0.1570106060781891,0.4503014224020037,0.6901458834812347,23.200451353736486,105.28948288515048,106.78458266175204,-1.4696560272289994,0.144697253049278,1.5751628920239933,17.1849506309892,0.0398205906693043,0.1430183577916862,0.0920134902534784,10.949730187477778,0.5180321900153023,0.5463668850896228,0.195703228370575,101.66590668346136,0.0995324914749676,16.120719291385065,6.986411584483284,3.518502213383616,2.2674792041805527,1.078547410507788,0.7588926342592113,2.910502022679138,0.0166118977230872,0.0388643061823428,1.2850143353940249,0.0473768072826867
1610612763,Memphis Grizzlies,82,22,60,0.268,3941.0,101.8,103.6,108.4,110.4,-6.6,-6.8,0.586,1.44,16.6,0.276,0.721,0.493,0.156,0.5,0.539,97.3,95.65,79.71,7865,0.46,2017-18,2017,2018,2018-19,1610612763,0.402,0.134,0,MEM,15,17641.416666666668,14,5,1,0.16,0.277,0.1365159638539988,0.3638479524981459,0.5423469392575236,26.218772112972783,102.27081067752496,108.8796042173484,-6.614188807588205,0.1545472998672631,1.449202536644355,16.218003949040373,0.0375716652574198,0.1370537535250854,0.0863046244396472,11.441022168476646,0.4975808453591691,0.5364612714398409,0.19937615525964,96.8617266867268,0.0931839590546866,15.182454167985377,6.105632106265087,3.330344785235502,2.230433119033336,1.089708403992499,0.7060657449089974,4.236308094979342,0.0345153449216938,0.0395972972685359,3.7212991426179087,0.0307834133958141
1610612748,Miami Heat,82,44,38,0.537,3986.0,104.5,106.2,104.0,105.8,0.5,0.4,0.585,1.58,17.1,0.261,0.741,0.501,0.148,0.52,0.551,97.8,96.1,80.08,7985,0.505,2017-18,2017,2018,2018-19,1610612748,0.476,-0.061,1,MIA,10,18212.675,10,7,7,0.176,0.25,0.1476705096862487,0.3908959923057248,0.6096716526631408,26.972263638738777,105.23171278610457,104.64392668841892,0.602248717811451,0.1496410587681381,1.6932844342378774,17.3329172128751,0.0376132105799944,0.1418807605143121,0.0897809971169345,10.36053234903714,0.5262503382031104,0.5571713153065104,0.1947348032803162,97.2058484901312,0.1047449785199959,15.609568610871277,6.507116609723723,3.433433034960543,2.039898038042188,1.1365710967773817,0.7748449911943194,3.709191545328324,0.0248859595084432,0.0333270005000259,2.29307262427673,0.0331337188124401
1610612749,Milwaukee Bucks,82,44,38,0.537,3966.0,107.8,109.0,107.1,109.1,0.7,-0.2,0.585,1.68,17.7,0.244,0.709,0.48,0.142,0.531,0.571,98.5,97.03,80.86,8013,0.502,2017-18,2017,2018,2018-19,1610612749,0.732,0.1949999999999999,0,MIL,10,15480.2,9,5,4,0.186,0.307,0.1926309091613803,0.5033175712630759,0.7233096686950642,25.587952136707965,108.42164222684464,108.169715518318,0.2293239536095571,0.1415046497030615,1.824185486406291,17.174953596637426,0.0373591417854205,0.1368448275862069,0.0881145381411954,9.575247412824124,0.5302999594105158,0.5640789182310305,0.191847443831475,97.76769265685628,0.1006642117026911,15.734680430485394,6.099921189648712,3.225539721709022,1.832534463379026,1.188356739577008,0.8511517939044715,3.857835537403856,0.0465739860440902,0.0709680429139355,3.1560510199429355,0.0335579273208641
1610612750,Minnesota Timberwolves,82,47,35,0.573,3961.0,110.8,112.5,108.4,110.2,2.4,2.3,0.553,1.82,17.0,0.289,0.72,0.503,0.128,0.523,0.566,98.3,96.75,80.62,7985,0.518,2017-18,2017,2018,2018-19,1610612750,0.439,-0.1339999999999999,1,MIN,9,18922.161666666667,9,5,6,0.165,0.245,0.1574187656678055,0.4557228618259523,0.6922316926968438,27.805802666837664,111.8725083735588,108.82400154774425,3.0096194523934323,0.1400054953199938,1.8593074848654088,17.05561121143928,0.0438873063921431,0.1373244852134142,0.0904270287300684,9.081600375644186,0.5302863074048005,0.5720572313047038,0.1949731202310659,97.49948664163372,0.1074179262640623,16.470211252290856,6.358258750739983,3.447386252645377,1.7807690576578767,1.2651831445966752,0.6506656172211472,5.035671208723124,0.0326517542397058,0.0424002182722827,4.206524252723685,0.0463776922770325
1610612740,New Orleans Pelicans,82,48,34,0.585,3991.0,107.7,108.5,105.6,107.4,2.1,1.1,0.627,1.79,19.0,0.24,0.726,0.494,0.145,0.541,0.573,102.7,101.48,84.57,8443,0.525,2017-18,2017,2018,2018-19,1610612740,0.402,-0.1829999999999999,1,NOP,9,16014.828333333337,7,5,7,0.188,0.318,0.1827514646061873,0.5145124357145258,0.7443937634048944,27.77761818031768,108.20209969989271,106.00290418348744,2.214162343503109,0.1687714905259157,1.8306686979785505,18.858808976722298,0.0358625106502858,0.13758617373045,0.089244614964652,10.18084746875734,0.5510328631891881,0.5803753023890255,0.2074782490643827,102.37079137803224,0.1145516325130761,17.92039190346197,6.59988342054244,4.237322972657528,2.306362530475662,1.2273625162180424,0.9621083460463776,2.530932715466791,0.046616397641516,0.0658181906132923,2.7233965904506605,0.0326118249647787
1610612752,New York Knicks,82,29,53,0.354,3966.0,104.1,106.3,108.4,109.7,-4.3,-3.4,0.573,1.58,17.2,0.289,0.727,0.509,0.15,0.51,0.544,99.2,97.64,81.37,8059,0.481,2017-18,2017,2018,2018-19,1610612752,0.207,-0.147,1,NYK,13,17193.991666666665,11,4,2,0.161,0.305,0.1343479965627527,0.3503917792988733,0.5457559544782843,27.035858844102023,105.7629741203201,108.80532026933824,-3.025281098678365,0.1441184799535108,1.7048503086591775,17.800830416051337,0.0434325721339673,0.1401675679343413,0.0920462131393766,10.633092286598174,0.5090226810819088,0.5429725815073965,0.1974940820897222,98.51148374310984,0.0995814031936543,15.908347828868507,6.741889972223822,3.546820376691663,2.1167859509063,1.0133772504833325,0.8040017855074372,4.33120256864563,0.0363987151880811,0.0546079272542796,2.3810251468401176,0.054341255851137
1610612760,Oklahoma City Thunder,82,48,34,0.585,3966.0,107.6,110.1,104.7,106.4,2.9,3.7,0.535,1.53,15.8,0.32,0.725,0.515,0.143,0.514,0.546,99.2,97.34,81.11,8036,0.508,2017-18,2017,2018,2018-19,1610612760,0.598,0.013,0,OKC,11,18989.645,9,5,8,0.186,0.326,0.1534339723921467,0.4373717886774608,0.6550674503569357,27.798042477009616,108.9635796860166,105.27259137809052,3.659784529937237,0.1434921476064104,1.405241752369076,13.802329866268344,0.0480520194909734,0.137605895915028,0.0911818166339251,9.748539576876416,0.5224656441269263,0.5481530981753476,0.1958986948764269,98.31468899848664,0.1025697796527177,16.187980344024336,6.756524411067189,3.2303921426651208,2.037952789533453,1.321351715632388,0.7545164746365717,3.8657482827196215,0.0441200115685402,0.0754670433873644,3.591394682584189,0.052291475520257
1610612753,Orlando Magic,82,25,57,0.305,3946.0,102.8,104.7,107.7,109.4,-4.9,-4.7,0.604,1.61,17.5,0.248,0.714,0.48,0.147,0.512,0.545,100.3,98.58,82.15,8096,0.472,2017-18,2017,2018,2018-19,1610612753,0.512,0.207,0,ORL,14,17826.5,11,5,2,0.139,0.265,0.1138331510204845,0.3239862003197487,0.5171355379163979,26.006165633560524,103.47190892771997,108.00589528697914,-4.5552507222393634,0.14069435138698,1.5767322104731718,16.419075010050584,0.0359639025233968,0.1368360963546779,0.0862281971596593,10.585590132667658,0.5097961841453267,0.5447649003823896,0.1947003830439701,99.53501261604914,0.0947136043717686,15.56401985807646,6.385549603118952,3.253358763638404,2.033601660449331,1.1107059714470031,0.7633579221944857,2.969411719317808,0.0233876921541997,0.043138406071915,3.5996450939651443,0.03564064351331
1610612755,Philadelphia 76ers,82,52,30,0.634,3956.0,107.4,108.5,102.0,103.9,5.4,4.6,0.663,1.64,19.1,0.286,0.736,0.52,0.163,0.535,0.568,102.2,100.75,83.96,8299,0.542,2017-18,2017,2018,2018-19,1610612755,0.622,-0.012,0,PHI,11,17474.22,10,5,6,0.177,0.33,0.1563190421851924,0.4333806220439786,0.6638909586045423,26.05904469555723,107.21521499481332,102.33627066997364,4.870681628898649,0.174686056754846,1.7581068234614576,19.73205644276731,0.0443878133043992,0.1413763129341395,0.0952201887504373,11.233848520849572,0.5373323578963753,0.5678451460685131,0.1959050338155294,102.1614300771842,0.1121948876688058,16.57413034744899,7.194140854355732,4.208943231800905,2.433069973938751,1.2567084539395752,0.7890480948505857,3.952319789596512,0.0366273802086731,0.0558885910768543,5.040014187663378,0.0239483968333972
1610612756,Phoenix Suns,82,21,61,0.256,3941.0,100.8,102.8,110.6,111.7,-9.7,-9.0,0.553,1.35,15.6,0.271,0.724,0.493,0.155,0.495,0.532,102.6,101.14,84.28,8293,0.442,2017-18,2017,2018,2018-19,1610612756,0.232,-0.0239999999999999,0,PHX,12,16862.98,11,5,3,0.129,0.301,0.1270099749075588,0.3659118969482262,0.5748760499824666,23.645172442830383,101.78597401922238,110.53018134991564,-8.763366913795782,0.1223419725734518,1.2758296941979808,14.64066767360613,0.0407328199602521,0.1342709677253565,0.0868077922763355,11.557224879588306,0.5089656005838431,0.5418409667211845,0.1917405291551868,102.22545301304989,0.0872726121559376,15.618591731710527,6.6308564678366455,2.8222769640953143,2.1882253314657314,0.9841676856640996,0.7194457919062942,4.132138393749464,0.0253576387096366,0.0604680459014341,3.7784746744546585,0.0519660030110658
1610612757,Portland Trail Blazers,82,49,33,0.598,3951.0,106.1,108.4,104.2,105.7,1.9,2.7,0.496,1.44,15.0,0.279,0.746,0.513,0.139,0.511,0.549,98.8,97.11,80.93,7992,0.51,2017-18,2017,2018,2018-19,1610612757,0.646,0.048,0,POR,10,18591.09333333333,10,5,8,0.165,0.295,0.1572618644626961,0.4131908684588749,0.6340493153710881,25.998254450876832,107.53196503773847,104.62375217129062,2.9174897011615597,0.131198389443834,1.5117621708818272,14.684159798383742,0.0398913062850167,0.136339681295416,0.088264984236179,10.383003375451471,0.5133706319585293,0.5472866384225564,0.1974220223375781,98.15291121841857,0.1026358278552023,16.062530301248195,6.607034766468818,2.980136724969376,1.96545729424556,1.0553440643978622,0.7823100954435529,2.266053531181382,0.0337563675137027,0.0650722441141809,2.284673216330231,0.0356589861253555
1610612758,Sacramento Kings,82,27,55,0.329,3951.0,101.1,103.1,109.0,110.4,-7.9,-7.3,0.556,1.57,16.6,0.264,0.731,0.489,0.143,0.502,0.529,97.1,95.5,79.58,7860,0.451,2017-18,2017,2018,2018-19,1610612758,0.476,0.1469999999999999,0,SAC,12,17883.203333333335,12,5,0,0.124,0.27,0.1216311730877447,0.3491828738363615,0.552687149077132,26.67646847759005,102.04459556183164,109.14368631011484,-7.0990907482831656,0.1410915336570014,1.6350404411141104,16.489309801133686,0.0388174363243274,0.138986597852249,0.0870149894845461,10.12723345053207,0.5048318192806993,0.5294412526018363,0.1981681933009391,96.60857559076383,0.0923312486334942,15.013417618506452,6.230427397328703,3.249082332564952,2.007022977427049,1.1816674902203388,0.632101519470505,5.631092090809208,0.0211159469848919,0.0406727352107039,2.939658800811614,0.0282916083362505
1610612759,San Antonio Spurs,82,47,35,0.573,3946.0,105.5,107.1,102.4,104.1,3.1,3.0,0.583,1.73,17.3,0.277,0.741,0.508,0.137,0.507,0.543,97.2,95.7,79.75,7867,0.525,2017-18,2017,2018,2018-19,1610612759,0.585,0.012,0,SAS,13,19254.015,10,4,11,0.159,0.288,0.130290660588627,0.3424875279259936,0.5296177619750132,29.58854867413368,105.4070440719334,102.83360940562268,2.589940955172207,0.1458492629545924,1.820504510357969,17.843867716248617,0.0429902172784914,0.138851685825874,0.0908072177846196,9.85602616735609,0.5078963813521492,0.5414370495365946,0.193697505256263,97.07391043634274,0.1051316482995018,15.339346105214938,6.622618710954573,3.4122753098509584,1.894046514454258,1.1255834172768642,0.8339039935307,5.474374103410021,0.0337549431000846,0.0454696834137923,2.1500998543154397,0.0315159007002578
1610612761,Toronto Raptors,82,59,23,0.72,3966.0,111.0,113.0,103.4,105.3,7.6,7.7,0.59,1.82,17.9,0.274,0.725,0.502,0.135,0.539,0.575,99.8,98.02,81.68,8104,0.538,2017-18,2017,2018,2018-19,1610612761,0.707,-0.013,0,TOR,12,19494.69,11,3,11,0.151,0.286,0.1391005277163508,0.3752061886253812,0.5499443694667626,26.435453278131977,111.79894031827811,104.31133052983488,7.49730219699142,0.1496391943139388,1.8372267961173017,17.214973137129476,0.0404773344262805,0.1382644654347756,0.0903483686241399,9.791248933256526,0.547066738173318,0.5789508397756861,0.1948121298671587,99.09669642947216,0.1085903861513058,16.725169777000815,6.588871123367441,3.6508403057447953,1.9075963762439927,1.1412338436774323,0.9177883823748928,3.4442849125466446,0.0285166421288622,0.0474325495227991,2.6428419476939427,0.0405140726724977
1610612762,Utah Jazz,82,48,34,0.585,3951.0,106.2,107.4,101.6,103.0,4.6,4.4,0.586,1.53,17.1,0.256,0.756,0.509,0.152,0.527,0.564,97.8,96.58,80.48,7951,0.532,2017-18,2017,2018,2018-19,1610612762,0.61,0.025,0,UTA,11,16895.611666666664,9,5,10,0.147,0.283,0.1561417279259989,0.4421887853127938,0.6771279958592799,26.85162863295765,106.50642860221993,101.276724251968,5.229704350251895,0.1510469933662261,1.6137169000589606,18.038053707634344,0.0419303269774094,0.148222088635047,0.0958412202103366,11.095830958867326,0.541961394512007,0.5777100902038963,0.1888006468543558,97.81630270069142,0.1098349472797029,15.313562190261043,6.771462451739195,3.4943984961775585,2.1392537135135785,1.3466218595025712,0.841638662189107,3.4275786824470744,0.0172592565477373,0.0511651969681264,2.744375098876603,0.0419372369836839
1610612764,Washington Wizards,82,43,39,0.524,3971.0,106.9,108.1,106.2,107.7,0.7,0.4,0.631,1.73,18.4,0.274,0.732,0.504,0.148,0.525,0.56,98.9,97.67,81.39,8087,0.509,2017-18,2017,2018,2018-19,1610612764,0.39,-0.134,1,WAS,11,19241.905,8,6,7,0.13,0.281,0.1546989067177427,0.3969926574317876,0.6070679245809255,27.1884910390456,107.3527618670466,106.6017396926136,0.7442882950865138,0.1568510752097224,1.7793958680286592,18.071219291090635,0.0418476091634378,0.1380803321362065,0.0902653210098826,10.597561814522347,0.5297058980560051,0.5643061836479635,0.1935719906630866,98.42785679830904,0.1030571792830976,15.889694913263527,6.422856780552654,3.736220504154864,2.093555705633096,1.186161141529386,0.6248861534239983,3.3504122534123377,0.019843348563259,0.0474139909133698,3.2375846673859083,0.035367280073608
1610612737,Atlanta Hawks,82,29,53,0.354,3971.0,105.5,107.5,111.2,113.1,-5.7,-5.5,0.624,1.52,17.7,0.284,0.718,0.496,0.162,0.522,0.555,106.4,104.56,87.13,8642,0.464,2018-19,2018,2019,2019-20,1610612737,0.299,-0.0549999999999999,1,ATL,13,17991.37166666667,10,5,0,0.136,0.277,0.1391378997135941,0.3603444910583526,0.5533156032294367,25.060769685616894,106.47147318673036,111.70743234048396,-5.2463317369817,0.1524623749736331,1.467116592833435,16.67978962693506,0.0451729682830371,0.1365862565787322,0.0899908394051482,11.293400225274652,0.5226136282178966,0.5521388669364935,0.1950343041289329,106.02126798280992,0.0922567974481841,16.900101094756256,6.945329256440796,3.751798431525927,2.449174016100125,1.2245870080500625,0.8023846245556783,5.763116565892175,0.0230155688671648,0.0428108218275398,2.3099373679260986,0.0399780330828019
1610612738,Boston Celtics,82,49,33,0.598,3956.0,110.1,111.3,104.9,107.0,5.1,4.3,0.624,2.05,18.8,0.257,0.728,0.495,0.127,0.534,0.567,102.0,100.43,83.69,8282,0.53,2018-19,2018,2019,2019-20,1610612738,0.667,0.069,0,BOS,12,19165.01333333333,9,7,11,0.157,0.286,0.1280821789149116,0.3583783922926221,0.5703892022685783,26.502864507964507,110.18140169134588,105.70228704945676,4.460178678021617,0.160003969733737,2.095322744361948,18.925366275073465,0.0373547402523765,0.136174618541008,0.0870009092958279,9.061604461880536,0.5333081077950376,0.5661924494704238,0.1957017587082294,101.6757252373422,0.1061501732149416,16.903927712720957,6.5669664722383,3.98977024800748,1.867152366534574,1.2885981121154102,0.7288280867358297,3.693890317726734,0.0250691796634725,0.0415337022970942,2.649812119868468,0.0305794133979557
1610612751,Brooklyn Nets,82,42,40,0.512,3996.0,106.9,108.9,107.0,109.0,-0.1,-0.1,0.592,1.58,16.9,0.282,0.72,0.501,0.146,0.52,0.556,103.4,101.52,84.6,8452,0.492,2018-19,2018,2019,2019-20,1610612751,0.486,-0.026,0,BKN,13,19542.455,13,7,8,0.141,0.311,0.1252634328696164,0.3498765465580792,0.5349843882630578,25.96675213016993,107.93556237773946,107.89443178113152,0.0316719589904817,0.1557111085412076,1.5600696185134704,15.96368076579938,0.0413999631400797,0.1336010579701134,0.0877253245135612,10.406018699629431,0.5282192462513026,0.5627601333438744,0.193837276841625,102.680563843352,0.0988582813674126,16.59034138750735,6.823298301057876,3.5387570292473485,2.12214893164651,0.970809450501485,0.6171179618937334,3.684425498427233,0.0299022456578312,0.0592027423750596,1.9288657976964405,0.0563942085111445
1610612766,Charlotte Hornets,82,39,43,0.476,3966.0,108.3,110.7,110.2,112.0,-1.8,-1.3,0.578,1.9,17.0,0.268,0.731,0.495,0.122,0.514,0.554,101.1,99.18,82.65,8202,0.486,2018-19,2018,2019,2019-20,1610612766,0.354,-0.122,1,CHA,14,19763.081666666665,11,5,4,0.14,0.308,0.1448460846482359,0.3778111864976523,0.5715864656397632,27.306794512225608,109.45145719092898,110.76049599720824,-1.276965754918957,0.1482824923812067,1.9951593657500613,16.86159468719833,0.0383543271633835,0.1370062559406853,0.0863887856052138,8.736731948602145,0.5199501197055216,0.5573878628408913,0.1940640439088067,100.35181925912532,0.0978901522527399,16.510785387805157,6.534001234119273,3.46282028047414,1.7341425076335513,1.0729095976850438,0.7377391970499877,4.167104714591559,0.0232499013198605,0.0597871811704738,2.49811682072126,0.0309455009576963
1610612741,Chicago Bulls,82,22,60,0.268,3981.0,102.5,104.5,110.9,112.8,-8.4,-8.3,0.55,1.55,16.3,0.242,0.727,0.483,0.141,0.505,0.541,101.1,99.3,82.75,8232,0.453,2018-19,2018,2019,2019-20,1610612741,0.338,0.07,0,CHI,10,13819.136666666664,8,4,0,0.125,0.298,0.1570904935933045,0.4207414307840263,0.6404115693672132,24.517908137531997,103.96685632315187,111.04176978253103,-7.046731476954301,0.1459842396087937,1.852958837756628,17.785108283416644,0.0374613369479666,0.1390107776872699,0.087985133297039,10.050373154039292,0.5090289767257531,0.5463617531823624,0.1960713506946044,100.09067949613834,0.0948586181577672,15.758147940259656,6.497077362044567,3.44652499999397,2.034569935748519,1.047243424034449,0.7085826152670899,2.8396734156152825,0.0198501445734151,0.0602478722877857,2.095214750040827,0.0411734763957175
1610612739,Cleveland Cavaliers,82,19,63,0.232,3951.0,105.0,106.8,115.1,116.8,-10.1,-10.0,0.532,1.54,15.6,0.282,0.732,0.496,0.138,0.503,0.54,98.9,97.37,81.14,8021,0.436,2018-19,2018,2019,2019-20,1610612739,0.292,0.0599999999999999,0,CLE,10,13700.811666666666,9,6,0,0.148,0.266,0.1901364237909505,0.5301448685461092,0.7486086894851849,24.91440421960402,106.23353124942597,115.93081653191597,-9.700490640031424,0.1292656393714873,1.5339354639208118,15.062848052676197,0.0513304658227669,0.1503006658851233,0.0985230187700558,9.846678353727706,0.5129967722106975,0.5467169760137082,0.2013052601384808,98.45663529301852,0.0944383105283178,16.37771582145924,7.160159732628979,2.9481465027558587,1.9601758387307224,0.9380466145132278,0.3757441621159427,3.3725228518741863,0.0237327853646564,0.0468924635457595,3.927720554309692,0.0237066074521338
1610612742,Dallas Mavericks,82,33,49,0.402,3956.0,106.6,108.7,108.3,110.1,-1.7,-1.5,0.603,1.64,17.0,0.273,0.734,0.503,0.142,0.519,0.555,101.4,99.6,83.0,8216,0.492,2018-19,2018,2019,2019-20,1610612742,0.573,0.1709999999999999,0,DAL,10,12529.23,8,1,4,0.149,0.296,0.1849866272707899,0.4761312812785249,0.723027539069307,27.276499699768724,107.75767869746716,108.82737288458004,-1.098167165899261,0.1727254481453901,1.8219958834927072,17.62717182141281,0.0416785472850286,0.1420729794781217,0.091568652795636,9.723076078897106,0.524974053074291,0.5592223630928105,0.1926305694763365,100.87908786892729,0.1008671624938909,16.193812389109308,6.953340309021384,3.910535603544672,2.0486494381538214,0.991281986203462,0.7413065288130236,6.058437742392096,0.0305275302110463,0.0594570516075641,3.132984015055028,0.0567812889542677
1610612743,Denver Nuggets,82,54,28,0.659,3946.0,109.8,112.1,106.8,108.1,3.0,4.0,0.653,2.04,19.3,0.308,0.744,0.524,0.136,0.527,0.558,100.1,98.49,82.08,8096,0.524,2018-19,2018,2019,2019-20,1610612743,0.63,-0.029,0,DEN,11,19234.356666666667,11,5,10,0.188,0.271,0.130162225337404,0.3598304215009703,0.5560023929402715,25.41610325065893,111.0974684189247,106.85169135714963,4.237254586281112,0.1668081536216357,2.2587891580118704,18.75400933607172,0.0475732611800377,0.1406649923478941,0.093711656416201,8.958494764663303,0.5326641758402111,0.5616495989728102,0.1938087249950479,99.51374468377507,0.1065176288713928,16.60902964088393,6.9962308764507695,4.091428757603365,1.9015972633691764,1.1585518760093705,0.6737943059182121,3.65539029816234,0.0362558225591621,0.0462028348403161,2.2826243771402424,0.0328603998023322
1610612765,Detroit Pistons,82,41,41,0.5,3971.0,106.1,108.4,106.9,108.7,-0.7,-0.3,0.579,1.63,16.5,0.291,0.745,0.509,0.14,0.509,0.544,99.7,97.88,81.57,8101,0.482,2018-19,2018,2019,2019-20,1610612765,0.303,-0.197,1,DET,11,15962.808333333332,7,3,7,0.159,0.296,0.1658160609792449,0.4734813266462616,0.673602023871113,27.70430328414435,107.63496956728063,107.7885001125011,-0.1590318641717701,0.1592119414033767,1.986104422937276,17.172462698449575,0.0500741487113013,0.1480620004729744,0.0969223842713557,9.591965104302346,0.5022903759102539,0.5379217010164775,0.2000471343544917,98.89490061220432,0.1024933797676578,16.485820947337487,7.194222821067932,3.590345683742993,2.02295231050092,1.0080932918549734,0.6134258957148832,3.807093777205202,0.0414832954649116,0.0589242615447814,3.986136014197934,0.0390935248762133
1610612744,Golden State Warriors,82,57,25,0.695,3961.0,113.9,115.0,106.5,108.6,7.5,6.5,0.668,2.06,20.4,0.257,0.727,0.505,0.139,0.565,0.596,103.2,101.74,84.78,8390,0.546,2018-19,2018,2019,2019-20,1610612744,0.231,-0.4639999999999999,1,GSW,14,19399.71833333333,10,5,11,0.162,0.292,0.13925623146934,0.3961414044585355,0.5839056426162889,29.071763756707465,113.93256858282562,107.27912425876286,6.652389162694887,0.1679693457748656,2.199880601359247,21.768344506032776,0.0396370022038979,0.1357796988633254,0.0905455959798728,9.712242978441868,0.5634597341662434,0.5903797706341267,0.1951156122455729,102.93478137612136,0.1095923407307202,17.67551436099029,6.854944887086419,4.41284757484881,2.0524009326252246,1.1449650772421007,0.951972584481682,3.220006626173604,0.0313422845019052,0.0746380558574927,5.8882867576905324,0.0429479874376261
1610612745,Houston Rockets,82,53,29,0.646,3966.0,112.5,114.9,107.9,110.1,4.6,4.8,0.541,1.59,15.9,0.269,0.7,0.481,0.135,0.542,0.581,100.4,98.39,81.99,8130,0.498,2018-19,2018,2019,2019-20,1610612745,0.611,-0.035,0,HOU,9,15570.401666666668,7,6,9,0.201,0.396,0.1841137474402555,0.508501975061444,0.7663492089317756,30.28647847984225,114.60177565532722,108.35728767862014,6.261395194150953,0.1607597227474649,1.5971056997994373,14.72437016985539,0.0404659625030011,0.1375246912384298,0.0883210561577248,9.163090247832397,0.5494184766802739,0.5819603648632057,0.206797747028791,99.23588165088012,0.1115964881445468,18.223807328455774,6.51775093363573,3.477366940116402,2.066998699776638,1.343317946946562,0.7468015436553177,3.619416626630276,0.0555880930873648,0.1003352274484633,1.8380548451204333,0.047561949771671
1610612754,Indiana Pacers,82,48,34,0.585,3941.0,107.3,109.4,104.2,106.0,3.1,3.4,0.628,1.9,18.9,0.269,0.722,0.499,0.139,0.53,0.561,100.4,98.64,82.2,8097,0.527,2018-19,2018,2019,2019-20,1610612754,0.616,0.031,0,IND,12,18652.255,9,6,11,0.162,0.278,0.1379489146665287,0.3862843929594571,0.6105092029533873,27.435690215472604,108.11936194846146,104.64297958432728,3.4750135752129343,0.1596726839909348,2.041908053476644,19.1643666945364,0.0391445239016229,0.1385435531342814,0.0895910959112807,9.660600617280144,0.5335991115640799,0.5625113173536748,0.1966443321017574,99.64489356112708,0.1089511521082392,16.434474008638635,6.5834399111528334,3.9720666482417273,2.0207744318314327,1.3105117853042434,0.7546540619351386,3.219392208359994,0.023386496864378,0.0391149037321742,1.4874696409321686,0.0507860980707763
1610612746,LA Clippers,82,48,34,0.585,3966.0,109.7,111.4,109.0,110.4,0.7,1.0,0.582,1.65,17.1,0.263,0.722,0.5,0.141,0.529,0.575,104.1,102.66,85.55,8475,0.505,2018-19,2018,2019,2019-20,1610612746,0.681,0.096,0,LAC,10,14082.963333333337,7,5,5,0.147,0.308,0.1543642921743032,0.4593689917060542,0.747078325608081,27.370948917237826,110.23165891458925,109.16499989703873,1.0468771960636123,0.1643190657790062,1.9636014579317944,19.353891522357152,0.039457301600113,0.1263449997147854,0.0841668646205853,10.13851514205462,0.5216003459499173,0.5671591053634782,0.1970995079397352,103.36947138374524,0.1042234715515602,17.428718245615446,6.337018558357391,4.008247317266797,2.098706025176046,1.0940879156825185,0.7285398503960696,4.314676387895561,0.0368326822113245,0.0608074898240348,2.96363957045188,0.0516924278257862
1610612747,Los Angeles Lakers,82,37,45,0.451,3956.0,105.2,107.4,107.3,108.9,-2.1,-1.6,0.6,1.63,17.8,0.27,0.725,0.502,0.15,0.527,0.554,105.5,103.6,86.33,8534,0.495,2018-19,2018,2019,2019-20,1610612747,0.732,0.2809999999999999,0,LAL,12,16695.001666666667,11,6,4,0.188,0.311,0.1385793013298091,0.3765269665042461,0.5846915658688663,26.37935815320374,106.3952416197223,108.43060475884948,-2.0146523096084348,0.165261291977509,1.6471432128238783,17.60163370254231,0.0363240948064196,0.1356466372520078,0.0870544536233948,10.61155964744338,0.5263577315206417,0.550666473029203,0.2032779834004209,104.6601946141365,0.1022011378455487,17.457680197895556,6.7407001356992975,4.133692309704272,2.378436420241947,1.1536386988480885,0.7611859078380845,4.587332641754666,0.0348241178223599,0.0493456952384797,3.484876729884939,0.0436266305757133
1610612763,Memphis Grizzlies,82,33,49,0.402,3976.0,103.8,105.6,106.2,108.0,-2.4,-2.4,0.631,1.71,17.9,0.247,0.724,0.484,0.143,0.508,0.548,98.8,97.15,80.96,8038,0.49,2018-19,2018,2019,2019-20,1610612763,0.466,0.064,0,MEM,11,9660.238333333336,7,3,4,0.151,0.262,0.2424163793060316,0.5318724883081731,0.6892581842787522,26.36187323190611,103.78964896138687,105.314563029242,-1.518946288937315,0.1722746136525617,1.9138938480296293,18.123277583041,0.0394790797949601,0.1350407201823695,0.0864782437217301,10.26406244635441,0.5194286498797562,0.5590496193761954,0.2007479872391002,98.23130667756126,0.1075471797365937,16.382204510827282,6.301707877117592,3.775062140461338,2.0011928622188924,1.248416403805082,0.9391072649518826,4.891277604119177,0.0331739219286397,0.0472414006952649,2.667511112177187,0.0428387861814798
1610612748,Miami Heat,82,39,43,0.476,3946.0,104.6,106.7,105.1,107.1,-0.6,-0.4,0.612,1.65,17.6,0.291,0.731,0.509,0.149,0.515,0.542,100.7,98.73,82.28,8122,0.501,2018-19,2018,2019,2019-20,1610612748,0.603,0.127,0,MIA,10,16229.036666666663,10,5,6,0.162,0.269,0.1564744754823196,0.3950656549546687,0.6228967995841199,27.44915348230774,106.12134866908303,105.88604987028393,0.2094949155947025,0.1622419307697663,1.7136368897229677,17.7613645582989,0.0473435236759791,0.1460989292648505,0.0964144625754126,10.69801073631193,0.5228430194357397,0.5506581192640105,0.2001414003624367,99.69264804380462,0.1066572922484,16.406149389437985,7.397851299861503,3.8331295490736665,2.229337498159164,1.15348805874902,0.9139174619319158,5.002214004345254,0.0243393519150826,0.0335455041528216,2.083635221152277,0.0398513717365541
1610612749,Milwaukee Bucks,82,60,22,0.732,3956.0,111.5,113.5,103.0,104.9,8.5,8.6,0.601,1.88,18.3,0.25,0.757,0.516,0.133,0.55,0.583,105.4,103.57,86.31,8533,0.553,2018-19,2018,2019,2019-20,1610612749,0.767,0.035,0,MIL,11,17300.541666666664,11,5,11,0.218,0.314,0.1383389248409852,0.4088400893035622,0.6460174416504301,27.065388126094312,112.76364294952228,103.36649470031044,9.4035575764728,0.1569509055833993,2.0211061493739355,17.60654025765089,0.0368771951745248,0.1475170220585578,0.0953056284846572,9.046064000886291,0.5531926283618286,0.5826905284757461,0.1992436639507915,104.92292672628264,0.1140332732356645,18.213764983273645,7.476528914075426,3.947390857222678,2.0413233689696613,1.1070173621731496,0.9051739709498496,2.793032075864317,0.0460394988678762,0.0603748262061478,3.312459665898076,0.0349011902946965
1610612750,Minnesota Timberwolves,82,36,46,0.439,3966.0,108.4,110.6,110.2,112.2,-1.9,-1.6,0.591,1.88,17.4,0.292,0.709,0.497,0.129,0.511,0.552,102.8,100.88,84.07,8341,0.498,2018-19,2018,2019,2019-20,1610612750,0.297,-0.142,1,MIN,12,16410.675,11,4,3,0.177,0.28,0.1550612634763652,0.417078720609197,0.6149239240108446,26.81775917200237,109.73097433022508,110.99937170977628,-1.268397379551217,0.1574676397121588,2.187958304579184,17.784149514467465,0.0439515019948905,0.1335786799344532,0.0879485417266504,9.04441435224328,0.5035574100395016,0.5428192537276294,0.1983300222771661,102.1144473754634,0.1021183881833013,16.994547756262307,6.730253325960082,3.9047753977213,1.9589687809916407,1.2043380299713446,0.8028920199808964,4.81017009653497,0.0391758680051432,0.0540968494491648,3.2722528985424115,0.0561989347804919
1610612740,New Orleans Pelicans,82,33,49,0.402,3951.0,108.6,110.7,110.4,112.0,-1.8,-1.3,0.619,1.82,18.6,0.285,0.729,0.509,0.142,0.529,0.563,105.6,103.89,86.58,8553,0.498,2018-19,2018,2019,2019-20,1610612740,0.417,0.0149999999999999,0,NOP,12,16883.418333333335,11,6,2,0.197,0.288,0.1422655226513667,0.3840126767377577,0.5747630490705328,26.11429172469122,109.89424068052568,110.80885843516482,-0.9146177546391424,0.1573815192045923,1.8401415185372705,18.07393142443212,0.0442627968013191,0.137451121322094,0.0911595694829177,9.99122653972818,0.5273067479127203,0.5563487280567492,0.1998613943799493,104.96762127949798,0.1018332365750182,17.740483241397303,7.036489747188834,4.066238166027002,2.204766787452501,1.1343674380316544,0.8401142304219396,2.82233064040944,0.0473357298652884,0.0597857105331528,3.4532431621627744,0.0444966860607612
1610612752,New York Knicks,82,17,65,0.207,3956.0,102.1,104.0,110.9,112.9,-8.8,-8.9,0.525,1.43,14.9,0.264,0.717,0.486,0.14,0.49,0.529,102.0,100.16,83.46,8244,0.442,2018-19,2018,2019,2019-20,1610612752,0.318,0.111,0,NYK,11,14401.311666666668,11,4,0,0.115,0.248,0.1498400550783163,0.4085317691548234,0.6214030041476544,22.907369895820825,102.60807372059972,111.50297883746002,-8.884629999559067,0.1192081018777571,1.4168717918865492,14.34923794557139,0.034915922820456,0.1333549879195031,0.0831405112751882,10.325941340759815,0.4995386370477596,0.5326153534394493,0.1832932973582151,101.40684258158429,0.0817882192906734,14.59617046456532,6.424414813141441,2.739750441713237,1.9573217115524315,1.0424050494474637,0.8849193944949689,2.777133031360937,0.0229274172913749,0.0396641293456035,2.765442142430892,0.0650527079452331
1610612760,Oklahoma City Thunder,82,49,33,0.598,3971.0,107.6,109.8,104.7,106.5,2.9,3.4,0.548,1.67,16.3,0.298,0.738,0.509,0.134,0.514,0.545,105.3,103.38,86.15,8549,0.506,2018-19,2018,2019,2019-20,1610612760,0.611,0.013,0,OKC,12,19100.956666666665,7,6,8,0.164,0.301,0.1487520607606565,0.4261565781958216,0.6840500310019377,26.16505883562202,109.02235940363892,105.45057692572811,3.58126318105882,0.144865399324676,1.5162397747268153,14.303159004077802,0.0461444454701832,0.1399523327540139,0.0912588050127332,9.362798512535234,0.5260727736673572,0.552108791409575,0.1956912866667934,104.53416384292792,0.1026250502810766,17.177359528414545,7.169483832136156,3.55270163606116,2.069425143976209,1.4041181532443312,0.7802750542861115,3.143749850469195,0.0448723390539996,0.0708421629583712,4.537506025181051,0.0417027729249469
1610612753,Orlando Magic,82,42,40,0.512,3956.0,106.5,108.2,105.8,107.6,0.8,0.6,0.632,1.94,18.6,0.259,0.754,0.504,0.133,0.518,0.55,100.3,98.65,82.21,8133,0.508,2018-19,2018,2019,2019-20,1610612753,0.452,-0.06,1,ORL,13,19006.178333333333,10,6,9,0.185,0.276,0.1385093461275355,0.4049205227738664,0.6374246549828051,25.5974764170984,107.02111446742713,106.25645608923485,0.777988219094019,0.1578395380554761,1.9627536879016625,18.655577471431,0.0400502889104393,0.1431453502795187,0.0913194090307651,9.378631273146532,0.5197567498007446,0.5520596432370632,0.1952242664600204,99.7635011010016,0.1030382974588876,16.20420447491329,6.833988281179094,3.792030082849376,1.880862074060654,0.9963076041852004,0.8031072702937738,3.1283275671371107,0.0365225193960649,0.0459342473800059,4.016800502330771,0.0385184482293395
1610612755,Philadelphia 76ers,82,51,31,0.622,3961.0,110.4,111.6,107.1,109.0,3.3,2.6,0.648,1.8,18.7,0.278,0.741,0.517,0.144,0.532,0.574,104.0,102.59,85.49,8467,0.529,2018-19,2018,2019,2019-20,1610612755,0.589,-0.033,0,PHI,7,10551.045,4,3,4,0.196,0.327,0.2559237813252937,0.6855894368756839,0.8893149130409989,26.73829969764448,110.19526012194368,106.9591644239978,3.209624607483587,0.2086863335969723,1.9065976466470071,20.98016018002641,0.0452420603835923,0.1606289512871316,0.105111998384994,11.190314355908187,0.5460910745491718,0.5819026486633946,0.2171476119190089,104.36349611341814,0.1264244018799401,19.2435915115517,8.007927176881532,4.981497093415865,2.722763479825932,1.1293668067949667,0.924647748161438,5.110510921341473,0.0424158060881431,0.0619009102471669,3.526559874486905,0.0204361471174859
1610612756,Phoenix Suns,82,19,63,0.232,3976.0,103.6,105.3,112.2,114.2,-8.6,-8.9,0.595,1.53,17.3,0.247,0.683,0.464,0.153,0.514,0.552,102.9,101.15,84.3,8371,0.45,2018-19,2018,2019,2019-20,1610612756,0.466,0.234,0,PHX,11,16112.665,10,5,0,0.139,0.32,0.1500133590563696,0.4246300451642647,0.6324246589044499,23.544222717553755,104.751475314605,112.9741336602811,-8.231712868934675,0.1558769754517124,1.587118027961234,17.344843802478774,0.0377787659583315,0.1270005328106802,0.0820162625694342,10.908481671612568,0.5192343305716342,0.5534018144525853,0.1997131645613352,102.20759447511216,0.0928844766937478,16.54921764959428,5.994539078420608,3.653026982190717,2.332575027160311,1.3182176877630112,0.7842278108556219,4.758969723656929,0.0321539715012744,0.0612752287917854,2.2971947307798457,0.0512299263137218
1610612757,Portland Trail Blazers,82,53,29,0.646,3971.0,111.4,113.7,108.1,109.5,3.3,4.2,0.544,1.66,16.6,0.308,0.739,0.526,0.137,0.528,0.568,101.6,99.96,83.3,8269,0.521,2018-19,2018,2019,2019-20,1610612757,0.473,-0.173,1,POR,10,17458.85166666667,9,4,9,0.155,0.281,0.1625397088449211,0.4298513905696928,0.6348629649277238,26.61176732604885,113.51201402994148,107.99835055016506,5.558749616121183,0.1427270915393347,1.72794543474652,16.336943504589033,0.0465912231149986,0.143092709705707,0.0954740944684124,9.580768685531153,0.5316182706174547,0.570901169998676,0.195102246129017,101.00290763873264,0.107030015433432,17.24855710727825,7.221093483525215,3.540439038039062,1.9465197739713889,1.004189756275494,0.7959286363908432,2.29105277317205,0.0294848235549037,0.0556231389832489,3.8412849481093447,0.0344714902430397
1610612758,Sacramento Kings,82,39,43,0.476,3946.0,108.3,109.6,108.7,110.8,-0.4,-1.2,0.588,1.9,17.7,0.268,0.713,0.487,0.128,0.524,0.554,105.5,103.88,86.56,8545,0.495,2018-19,2018,2019,2019-20,1610612758,0.431,-0.0449999999999999,0,SAC,11,15811.473333333332,7,5,3,0.124,0.243,0.1653772724532101,0.4663226618982587,0.7025485923512926,24.82614934471635,108.47037602652252,109.43802729115272,-0.9965261407222856,0.1624509380530003,1.9410300347300549,17.77746798632723,0.0460380232329182,0.1395363947740902,0.0919880216728696,9.2939767683467,0.5263807373422086,0.5548189469798513,0.2076544953010914,104.9190945087976,0.1065718982123107,18.22145184867866,7.199329094779698,4.139272705347721,2.13794118279511,1.2613625295724078,0.7172007162731199,3.3307161790251443,0.0132316369261987,0.0349505539887984,3.280919307767161,0.0267646608742408
1610612759,San Antonio Spurs,82,48,34,0.585,3961.0,111.1,112.2,108.3,110.6,2.8,1.6,0.58,2.03,18.1,0.246,0.744,0.501,0.122,0.534,0.572,100.4,98.88,82.4,8162,0.516,2018-19,2018,2019,2019-20,1610612759,0.451,-0.1339999999999999,1,SAS,10,18793.561666666665,9,5,7,0.143,0.277,0.1430360415096056,0.4079804989953564,0.6075170069324274,28.887550497125037,111.39120177415369,109.30754436559256,2.0739979480561472,0.1466596267853077,2.0975669557757235,18.289669627107223,0.0379362724131499,0.1372803854724361,0.0891744886568866,8.698721033630576,0.5457444298521736,0.5785113070194161,0.1965950675306623,100.02491037400485,0.1038651640184932,16.858752248221176,6.520530922957037,3.6567842338205,1.7469812578545292,0.9003083236750316,0.6895978649425774,3.566262757207334,0.0274441349631302,0.0560288449311579,3.35879776040731,0.0284031123413735
1610612761,Toronto Raptors,82,58,24,0.707,3976.0,110.9,112.6,104.3,106.8,6.5,5.8,0.603,1.81,18.2,0.265,0.726,0.502,0.138,0.543,0.579,102.5,100.51,83.76,8334,0.533,2018-19,2018,2019,2019-20,1610612761,0.736,0.029,0,TOR,8,15265.915,8,6,7,0.172,0.3,0.1668824524002218,0.4569900766948241,0.7223235554501645,27.822893354247025,113.63584318398208,105.6974214341776,7.929563671748466,0.1543109476241679,1.9055261378043828,18.27147290767264,0.0365323933525548,0.1320507323013393,0.0865107428324254,9.63305349422772,0.5577076848434349,0.5899494403054124,0.1990104397061471,101.0867638625002,0.1108076539576348,17.674669353261827,6.416647806567769,3.9641253079163614,1.999749114284994,1.2121120810642534,0.7499059178568727,3.6362347782674274,0.0317773651100769,0.048081246522714,4.427117703144716,0.0338125403993507
1610612762,Utah Jazz,82,50,32,0.61,3951.0,108.8,110.3,103.2,105.3,5.5,5.0,0.644,1.72,18.5,0.275,0.759,0.522,0.149,0.538,0.572,102.5,100.84,84.03,8308,0.539,2018-19,2018,2019,2019-20,1610612762,0.611,0.001,0,UTA,13,18243.73,8,5,10,0.17,0.309,0.1424199802708474,0.4243937506200761,0.6471925788567727,27.071481087840404,108.7144354800252,103.42798446370342,5.2908420865689205,0.1655860899424989,1.6986266715560177,18.865915148199772,0.0428531638906444,0.1455691675989504,0.0951005281449206,10.797556338533845,0.552352039577433,0.5815531599988965,0.1945752757248654,102.26703978481008,0.1110067033989211,16.74131331695876,7.127489828012145,4.009706348427652,2.2515132596239917,1.247113391833797,0.9195487984090972,3.109835910087104,0.0315088403266965,0.0554347389460125,4.700495590543858,0.0552422962330743
1610612764,Washington Wizards,82,32,50,0.39,3986.0,108.6,110.2,111.3,112.9,-2.7,-2.7,0.623,1.87,18.4,0.252,0.706,0.477,0.136,0.531,0.567,103.7,102.23,85.19,8486,0.487,2018-19,2018,2019,2019-20,1610612764,0.347,-0.043,0,WAS,9,12191.286666666669,6,4,0,0.135,0.286,0.24834553968326,0.5977963496333173,0.811073537220299,26.657327665168506,109.54322406768112,111.97156106847896,-2.431067174752678,0.1907648211044718,2.1192197979649943,21.06491309640273,0.0355431618374434,0.1185427864327144,0.076709239057622,9.850055353741716,0.5427179582630873,0.583667570089676,0.2000410142653797,102.93581244364144,0.1040007169054619,17.69690155756051,5.722775774829345,4.686297809419077,2.1704025771411604,1.1929831852585426,0.6998440963026599,3.725515140941017,0.024989189638194,0.0590305059152138,1.8094694081956983,0.0464393744456458
1610612737,Atlanta Hawks,67,20,47,0.299,3256.0,104.3,107.0,112.3,114.4,-8.0,-7.4,0.589,1.48,16.9,0.267,0.708,0.484,0.155,0.515,0.554,105.6,103.28,86.06,6999,0.454,2019-20,2019,2020,2020-21,1610612737,0.569,0.2699999999999999,0,ATL,12,14479.381666666668,9,6,2,0.16,0.339,0.146429480356493,0.4073736343943784,0.608618876335534,23.60303323265762,106.52785102816894,112.32584486515256,-5.802187351692851,0.146120302213642,1.3880717132372946,15.412547335987764,0.0446686878548796,0.1413153287277806,0.092431734366189,11.18429973241261,0.5333966697933349,0.5642076079676057,0.1936366078708011,104.6078439571948,0.0968671406203004,16.824751609443734,7.10831459308403,3.446003506825626,2.32468490539824,1.0616475450321374,0.8826343758463906,5.25856833684676,0.0410012869757032,0.0659515088527799,3.9506711641424346,0.0663295039420062
1610612738,Boston Celtics,72,48,24,0.667,3486.0,110.4,112.8,104.5,106.5,6.0,6.3,0.557,1.66,16.7,0.283,0.731,0.509,0.137,0.531,0.57,101.9,99.92,83.27,7255,0.531,2019-20,2019,2020,2020-21,1610612738,0.5,-0.167,1,BOS,14,17148.829999999998,9,5,11,0.153,0.28,0.1320839380879045,0.3567601988007345,0.5598290573370507,25.89763752590312,111.76588818790164,105.11954213008504,6.626488813911307,0.1397582462865785,1.7997108170061742,17.105857989534368,0.0421336493510052,0.1366827998372678,0.0896805426376026,9.731676952110824,0.5312081172107174,0.5695618688466404,0.194576600075146,101.0763971672314,0.106524615381924,16.959990856519074,6.816325078737149,3.421807785137528,1.9334263620316952,1.221774313466283,0.820814014717039,3.359149367650881,0.034092260078978,0.0592606815562081,3.564590753473506,0.0482730361735954
1610612751,Brooklyn Nets,72,35,37,0.486,3496.0,106.0,108.7,107.1,109.2,-1.1,-0.5,0.606,1.6,17.3,0.28,0.736,0.511,0.148,0.52,0.554,104.0,101.7,84.75,7404,0.5,2019-20,2019,2020,2020-21,1610612751,0.667,0.181,0,BKN,12,15535.725,10,7,5,0.168,0.318,0.1366537448364978,0.3845716888011342,0.6151135527952509,27.15499952528769,108.02695006723752,108.30072227076624,-0.2855689815999361,0.1541112088428445,1.6117083099329663,16.38323720543028,0.0407547873262003,0.1414774422607677,0.0916934204872962,10.694008851641406,0.5391255844191372,0.5688820653686906,0.1967125621752445,102.68091568948348,0.1035779702374151,17.001588274766707,7.269181193668143,3.5963561404440414,2.1805226341223216,0.9245786727043638,0.6511443785211183,3.804378022425833,0.0333227044172895,0.0591349071696739,1.810899366774092,0.0631444401187669
1610612766,Charlotte Hornets,65,23,42,0.354,3150.0,103.9,105.9,110.6,112.8,-6.8,-7.0,0.639,1.63,17.7,0.28,0.706,0.486,0.15,0.504,0.539,98.1,96.24,80.2,6317,0.455,2019-20,2019,2020,2020-21,1610612766,0.458,0.104,0,CHA,12,14455.965,11,4,1,0.144,0.243,0.1529632692571313,0.4407362866009521,0.6551529651139397,24.437748362008342,104.56801770065158,111.50402832556205,-6.985133726227661,0.1678787613509948,1.667119146548386,17.779327841482736,0.0440917500146133,0.1322497777445735,0.0863751945995995,10.594483765006348,0.5029618470068699,0.5357550731941221,0.1992518080483269,97.45593753397532,0.09322621526823,15.621786577374806,6.405106819226527,3.695637060549053,2.136695820721757,0.9712253730553444,0.5976771526494427,2.4128506862723627,0.0181757427038563,0.0366104281052013,2.6577234979428304,0.0366307754435356
1610612741,Chicago Bulls,65,22,43,0.338,3135.0,104.1,105.8,107.7,108.9,-3.6,-3.1,0.587,1.5,16.9,0.267,0.719,0.481,0.153,0.515,0.547,101.9,100.46,83.71,6563,0.466,2019-20,2019,2020,2020-21,1610612741,0.431,0.0929999999999999,0,CHI,15,15557.100000000002,12,5,2,0.13,0.312,0.1340487623014571,0.3623649866191856,0.560489315703655,25.094775268741174,104.53846831993113,107.56470110110496,-3.032210587663082,0.1482131905475099,1.635872569437749,17.332106701548916,0.0406380000128558,0.1366194540327782,0.086198649491229,10.977612012093084,0.5196848639313669,0.5496511533854853,0.1951259482808493,101.66861896176025,0.0944444232322648,15.985498582640725,6.27109165589988,3.484968278149527,2.196039107545751,1.4995082631081629,0.6132248298204679,3.396594953153279,0.0182684957266324,0.0573474494100543,3.2187290631675345,0.0425668775614143
1610612739,Cleveland Cavaliers,65,19,46,0.292,3145.0,104.4,106.9,113.6,114.8,-9.2,-7.9,0.573,1.4,16.8,0.296,0.738,0.512,0.165,0.522,0.553,100.9,99.17,82.65,6497,0.453,2019-20,2019,2020,2020-21,1610612739,0.306,0.014,0,CLE,9,13426.411666666663,7,6,0,0.14,0.264,0.1595821022916646,0.4377157361603317,0.6984998597912796,25.110279279137256,105.7303857806634,113.93634732635812,-8.214839854828424,0.1439668356412429,1.49633686190912,17.451871466774378,0.0424027689453387,0.1396414857432123,0.0897213559294261,11.6793172462188,0.5183385944395419,0.5472532706989098,0.193767054538151,100.20246992650183,0.0899187442363292,15.78470892011728,6.51283471495921,3.482985712116926,2.3622097092956214,0.9974370168648934,0.3807420870828356,4.064212940191695,0.0304425756364601,0.0408050444586139,2.3682641704457468,0.0412558812462981
1610612742,Dallas Mavericks,75,43,32,0.573,3635.0,113.7,115.9,109.5,111.2,4.2,4.8,0.592,1.94,17.7,0.275,0.74,0.509,0.126,0.545,0.581,101.7,99.89,83.24,7569,0.521,2019-20,2019,2020,2020-21,1610612742,0.583,0.01,0,DAL,13,17451.351666666666,11,6,13,0.194,0.355,0.1214541070409923,0.3586046964270485,0.570822069083283,26.656960764548227,114.6911329122453,109.6696840674519,5.0196967646536645,0.1559082735807188,2.0451330465233304,16.979531891082747,0.0415959048444289,0.1380488020459924,0.090234954102409,8.466142078201965,0.5529313303429888,0.5848477223015486,0.1951052442833702,101.11657943400944,0.1054927371910351,17.55715006220626,6.931268265657741,3.692550653430761,1.8112064098950884,0.9056032049475442,0.7034412138658601,3.225137848800862,0.03829961669287,0.0737678094949706,2.225509628194098,0.0425374768919262
1610612743,Denver Nuggets,73,46,27,0.63,3549.0,110.1,112.6,108.6,110.4,1.5,2.2,0.636,1.94,19.1,0.294,0.725,0.509,0.139,0.535,0.567,99.5,97.64,81.37,7217,0.517,2019-20,2019,2020,2020-21,1610612743,0.653,0.023,0,DEN,11,16147.45,10,5,7,0.179,0.266,0.1446299570520423,0.3811577060155009,0.6085710127605288,26.49801176037083,111.39645364025483,109.05264891154124,2.337774684754146,0.1709064792480133,2.198265994527516,19.041373240563267,0.044978449538472,0.1378844989972616,0.0914431230111668,9.05387162266075,0.5391416243225194,0.569595131945498,0.1968775809802786,98.58268257629943,0.1077762505328498,16.80116674769081,6.628167295764966,4.151243694824879,1.9396251420502928,1.1927579896516167,0.6978191603008524,3.3505841890795467,0.0360966061206808,0.0422269379787948,4.042454261097448,0.0329608443882728
1610612765,Detroit Pistons,66,20,46,0.303,3193.0,106.1,108.8,110.4,112.3,-4.3,-3.5,0.612,1.58,17.7,0.277,0.717,0.493,0.155,0.529,0.561,99.9,97.86,81.55,6507,0.473,2019-20,2019,2020,2020-21,1610612765,0.278,-0.0249999999999999,0,DET,11,12183.511666666667,9,6,1,0.153,0.303,0.1397154651771855,0.4085310926365373,0.623764877860201,25.67218920324969,107.27095664947176,111.07693230755724,-3.7861937041414033,0.1566257860521056,2.141419879353339,18.599602358761647,0.0294052806614185,0.1066882376687509,0.0676634102619838,9.59689152292846,0.5330321446731219,0.5668864124697491,0.1821782408930539,99.35165283490376,0.0888540714930711,15.447762939721676,4.872486818592396,3.6373749385610914,1.8940352035886756,0.9928172050012402,0.5702789302536886,3.3837839201290247,0.0328592954153547,0.0560048353507723,3.150365009775543,0.0517991923062175
1610612744,Golden State Warriors,65,15,50,0.231,3145.0,102.9,104.4,110.9,113.0,-8.0,-8.6,0.663,1.72,18.2,0.255,0.722,0.481,0.146,0.497,0.54,102.7,101.04,84.2,6623,0.462,2019-20,2019,2020,2020-21,1610612744,0.542,0.311,0,GSW,6,7783.25,6,3,0,0.127,0.207,0.2124812899495712,0.5589282540498293,0.8695677683915246,24.348801807299864,103.12788687245045,111.15736977911968,-8.029482906669235,0.1764226469234146,1.8404600755896745,20.656645403055705,0.0343429034572104,0.1400535427574171,0.085884101328708,11.006093448537992,0.4862263129155558,0.5298041291662651,0.1850240133192004,102.62621962976048,0.0889647625777577,14.75013651109755,6.40143898756946,4.1859120547329205,2.2247775672116403,1.1979571515754988,0.6197925031317252,3.0991195992914635,0.0234688261030757,0.017598317062085,2.1654516772398025,0.0513435899032363
1610612745,Houston Rockets,72,44,28,0.611,3476.0,110.3,112.5,107.4,109.8,2.9,2.7,0.53,1.47,15.5,0.249,0.713,0.48,0.14,0.537,0.578,106.3,104.04,86.7,7539,0.494,2019-20,2019,2020,2020-21,1610612745,0.236,-0.375,1,HOU,8,13577.076666666666,7,5,8,0.19,0.356,0.1828486397292691,0.5154976905926976,0.7756521224622974,30.19432533709392,112.3123827343294,108.72569070465094,3.5952218236473583,0.1637489976364573,1.6040159405939864,15.549993002912018,0.0281196662855504,0.1171782662836354,0.0722901745171948,9.67743410891348,0.5334794112527415,0.5691509524755329,0.2057196160047217,105.03120804601284,0.0983597236076592,18.489105288497303,5.663663974792807,3.614032770431927,2.2458442821392826,1.3337186232775196,0.5329571436953905,3.0470741741119567,0.0522677436787699,0.1034461363148127,1.456471105601986,0.040925422630077
1610612754,Indiana Pacers,73,45,28,0.616,3524.0,107.9,109.5,105.1,107.5,2.9,1.9,0.614,1.95,18.9,0.243,0.718,0.487,0.132,0.534,0.565,101.3,99.41,82.84,7299,0.52,2019-20,2019,2020,2020-21,1610612754,0.472,-0.144,1,IND,13,17202.556666666667,10,7,9,0.156,0.259,0.1280246715265385,0.3596444094453402,0.5626357477483482,26.21849446022268,108.16527294295597,106.63166060393736,1.5295709629983294,0.1554348505755055,1.9445262923127515,18.012023997595705,0.0346031636382731,0.1322872020767455,0.0849901057342832,9.14408347635148,0.5362454819215825,0.5667572727077196,0.1949257668482223,100.5274096214768,0.10492883412485,16.42988338748872,6.261394866305725,3.90081551831346,1.8959972422703837,1.1070447474183585,0.7701180851605972,2.577401517499712,0.027536009874993,0.0377366692494264,1.5164357600740972,0.0356582641951409
1610612746,LA Clippers,72,49,23,0.681,3476.0,111.1,113.3,105.3,106.9,5.7,6.3,0.571,1.63,16.9,0.278,0.737,0.515,0.142,0.535,0.577,103.9,102.16,85.13,7396,0.532,2019-20,2019,2020,2020-21,1610612746,0.653,-0.028,0,LAC,11,14315.815,9,6,11,0.191,0.327,0.1301852764465965,0.381462273250481,0.581996321317834,28.263600197869746,112.39005944358271,105.76518727714767,6.611853638790385,0.1557568878660884,1.7495410413820889,16.892712861032823,0.0452820909369579,0.1447957703886691,0.0962123595478147,9.711202971445683,0.5398104783648946,0.5781110711009699,0.2061941893167334,103.32954944234751,0.1164868539909649,18.696804897241268,7.478721958896507,3.721758069659324,2.137496188655693,1.0461157817420803,0.6990869887603325,3.373369011149235,0.0448498300982544,0.0785684095282981,3.445055911578955,0.0379054030509192
1610612747,Los Angeles Lakers,71,52,19,0.732,3418.0,109.6,111.7,103.8,106.1,5.8,5.6,0.6,1.67,18.0,0.283,0.737,0.512,0.149,0.542,0.573,103.3,101.2,84.33,7211,0.539,2019-20,2019,2020,2020-21,1610612747,0.583,-0.149,1,LAL,12,16075.63,10,4,12,0.198,0.308,0.1440855920835866,0.3862630370733008,0.5861248776356925,30.07886233178213,110.88659462594416,105.0581626142594,5.860030275640833,0.1625920010599896,1.6291678522085915,17.074198170356834,0.0439276834977333,0.14340134103609,0.093951574422485,10.787235108878054,0.552183550815738,0.5756758878708539,0.1954743303994929,102.1747886200002,0.1107993262679804,17.151676170700622,6.991452279008662,3.9234543218523945,2.2438933964018832,1.3122969364186663,1.0166942135393762,3.81939186781572,0.0517226227699392,0.0685376484357618,2.136746132359151,0.0534033256109067
1610612763,Memphis Grizzlies,73,34,39,0.466,3514.0,106.9,108.7,107.5,109.7,-0.6,-1.0,0.633,1.77,18.7,0.271,0.733,0.506,0.147,0.528,0.561,105.3,103.31,86.1,7562,0.507,2019-20,2019,2020,2020-21,1610612763,0.528,0.062,0,MEM,12,14618.428333333331,11,5,4,0.163,0.256,0.1444743774895089,0.4125898395142113,0.6145185238221573,23.433753537344472,107.2770652841499,107.90171084283229,-0.6089412484721055,0.1692231588507519,1.8594642162284427,18.56821620244858,0.0416077602733627,0.1345991057862239,0.0892965634586572,10.3555615816885,0.5305960989650391,0.5622107327543305,0.2060513822906406,104.67373463768394,0.1057401884402301,17.883728266729996,6.900331396774642,4.25052533577196,2.341975431239359,1.1328167175290276,0.8570004732610904,2.5643549692259726,0.0321871628934395,0.0392275299675838,2.634430305091161,0.0548094033399489
1610612748,Miami Heat,73,44,29,0.603,3549.0,110.0,111.9,107.2,109.3,2.8,2.7,0.657,1.74,18.8,0.257,0.753,0.512,0.149,0.547,0.587,100.5,98.7,82.25,7306,0.525,2019-20,2019,2020,2020-21,1610612748,0.556,-0.0469999999999999,0,MIA,11,16148.868333333334,10,6,7,0.159,0.248,0.1496675566843125,0.4052952730124226,0.6295815774913432,26.21577136313267,111.14647579536276,108.22714067373762,2.920891463911661,0.1720411402408899,1.843556301829612,18.508061442076283,0.0363220328854828,0.1410024392834131,0.090389634010474,10.250972704898516,0.5581446566792452,0.5974835833181705,0.1957199860547503,99.59312874658606,0.1085023495454428,16.926758851316826,6.567395176607319,3.943558067691225,2.104419907236018,1.0923366043915772,0.659860479387565,4.38826565241557,0.0286405323012645,0.0445131836098096,3.1787498587043137,0.0469219129882756
1610612749,Milwaukee Bucks,73,56,17,0.767,3519.0,110.5,111.9,100.6,102.5,9.9,9.4,0.598,1.71,18.0,0.241,0.775,0.524,0.142,0.552,0.583,107.2,105.51,87.93,7739,0.562,2019-20,2019,2020,2020-21,1610612749,0.639,-0.128,1,MIL,13,16936.469999999998,10,4,12,0.239,0.363,0.1131806096547864,0.3298496282479958,0.5235823442940983,29.614171764639654,110.41783211023314,101.00063952720566,9.417402780311756,0.1561456639626399,1.788520498466721,17.686032055873113,0.0366090066780936,0.1476872553725776,0.095466401007215,10.102639383137886,0.5488425696145655,0.5784088046879506,0.1962285232204034,107.04235341248796,0.1144019276153767,17.96549103797899,7.730772705292188,3.862197966872672,2.195735002630418,1.07129761987002,0.8778688829490442,4.233340957913851,0.0525338122100684,0.0728078048266671,4.9830080672855255,0.0423397159190775
1610612750,Minnesota Timberwolves,64,19,45,0.297,3112.0,105.3,107.6,110.0,111.6,-4.7,-4.0,0.59,1.55,16.7,0.264,0.731,0.488,0.146,0.514,0.551,105.9,103.94,86.62,6736,0.472,2019-20,2019,2020,2020-21,1610612750,0.319,0.022,0,MIN,8,7211.898333333333,8,1,2,0.168,0.278,0.2145473025017223,0.5879076221031957,0.792629263816115,22.34964811622645,106.60890731728288,109.9937843688405,-3.3917471336141505,0.1259783672306343,1.4263924523801987,14.70532756169839,0.0494512027462025,0.136589737237468,0.0911159109980058,10.760776808879957,0.5072647883509174,0.5450794418667856,0.1900247103224555,105.45582033995213,0.0904536396912602,16.54266248438056,7.003426513453809,3.0299927966261317,2.141461136330495,1.337789241343992,0.8735564075940246,1.7195852319952267,0.0382619871851718,0.0447414249429212,2.8322206388801643,0.0565307946306977
1610612740,New Orleans Pelicans,72,30,42,0.417,3486.0,108.0,110.5,109.4,111.8,-1.4,-1.3,0.63,1.64,18.4,0.287,0.729,0.508,0.156,0.539,0.568,106.3,103.89,86.57,7548,0.495,2019-20,2019,2020,2020-21,1610612740,0.431,0.014,0,NOP,14,17320.756666666668,12,6,3,0.141,0.291,0.1222127131859327,0.3605772996445305,0.5531890735335465,25.86456298002377,109.41892032430454,110.59956723407194,-1.186067891183353,0.1587013187645574,1.6842751933277742,18.216654478335915,0.0424807293830696,0.136903511047535,0.0896425533372579,10.800803631173151,0.541463165966383,0.565382410160295,0.1949773191202,105.00342295573306,0.0995044506331228,17.273841192850117,6.927410984931951,3.996823079515194,2.35278404888778,1.1161175214246797,0.7399214853392663,4.812435635369844,0.0244376341929984,0.0521779837410505,2.755304548619588,0.0626800115621744
1610612752,New York Knicks,66,21,45,0.318,3193.0,103.8,105.9,110.6,112.4,-6.8,-6.5,0.552,1.54,16.0,0.3,0.742,0.513,0.143,0.501,0.531,100.9,99.11,82.59,6594,0.461,2019-20,2019,2020,2020-21,1610612752,0.569,0.2509999999999999,0,NYK,13,14196.093333333334,12,3,0,0.131,0.271,0.1465473599779094,0.3660969637656181,0.5520206498125775,24.55378932889518,103.87186025122404,110.46524872570576,-6.592216027508037,0.1454047060599771,1.6759466806360808,16.58151600628154,0.0478254882563935,0.1420563002309555,0.0932253213794968,10.074770523721549,0.5024637350933168,0.5259428888651995,0.1914194780817633,100.56541337781192,0.0911811422062595,15.108945465747851,7.11829639515848,3.4995543374843967,2.117483965072081,1.1918772018968598,0.7354135926597646,4.185944088388355,0.0290418001573087,0.0463453777962727,3.3969962583851614,0.081585656396951
1610612760,Oklahoma City Thunder,72,44,28,0.611,3486.0,108.4,110.1,106.3,108.1,2.1,2.1,0.543,1.58,16.3,0.241,0.728,0.492,0.137,0.53,0.573,101.1,99.42,82.85,7218,0.519,2019-20,2019,2020,2020-21,1610612760,0.306,-0.305,1,OKC,13,17174.526666666665,11,5,8,0.153,0.262,0.1413916696005984,0.3863329178601332,0.5909637878423821,25.86352132363473,109.06894027938274,106.71641138872724,2.3480825672439685,0.138090652474071,1.598463607342502,15.602611299525378,0.0345015081444263,0.1359151174083788,0.0868011298904307,10.09421769605295,0.5336736748494573,0.5714262114550268,0.1942163163933872,100.67564243886002,0.1048134632725443,16.52587029084547,6.361747378578895,3.2238443058498647,1.9389180643115247,1.140293434578886,0.729452417708552,4.77163072694562,0.0424456181394542,0.050490038012181,4.308240227548341,0.0625732145230209
1610612753,Orlando Magic,73,33,40,0.452,3514.0,106.1,107.9,107.1,109.2,-1.0,-1.3,0.608,1.86,17.5,0.267,0.749,0.5,0.129,0.506,0.544,100.9,98.99,82.49,7255,0.496,2019-20,2019,2020,2020-21,1610612753,0.292,-0.16,1,ORL,12,16343.201666666666,11,6,5,0.153,0.258,0.1270032666997827,0.3726908466833457,0.6104061005590398,26.34167366838872,106.85809738830244,107.8794080841565,-1.0479858648667473,0.1590803760299517,1.9824298533508475,17.81172486500758,0.0387633545079549,0.1418145057460691,0.0886161290714049,9.039519347545223,0.5023977312278979,0.5433560228559868,0.1985527788771702,100.03528295914276,0.1021255785152664,16.441331721925966,6.650104564374932,3.749081804758574,1.83489138858043,1.244554183130784,0.8084095313433588,3.1740634939711634,0.0226858668892866,0.0413308340283819,2.1307974740406523,0.0328801964137019
1610612755,Philadelphia 76ers,73,43,30,0.589,3519.0,109.1,110.7,106.3,108.4,2.8,2.3,0.628,1.82,18.5,0.281,0.753,0.516,0.142,0.534,0.566,101.3,99.59,82.99,7304,0.523,2019-20,2019,2020,2020-21,1610612755,0.681,0.092,0,PHI,11,15549.54,9,5,10,0.194,0.315,0.1587943008817838,0.418763834814406,0.6279081782054861,26.561411034238525,109.21891835171114,106.27373998416245,2.944263538771351,0.1654028603632861,2.0270507241157403,19.0085989038904,0.0406554355734424,0.1435009595139148,0.0921122018186175,9.69573035601053,0.5358985379417439,0.5645156375472629,0.1963264957248467,100.989165161799,0.1088713474267834,16.771171365841045,6.82978403219645,4.005263178203342,2.0767173819932934,1.2224155827117715,0.7871615494734892,3.820633642017436,0.0394803478767649,0.0525871182283686,1.7334103014035351,0.0264849043574466
1610612756,Phoenix Suns,73,34,39,0.466,3519.0,109.7,111.3,108.4,110.8,1.4,0.5,0.661,1.84,19.2,0.261,0.734,0.498,0.145,0.532,0.576,103.7,101.74,84.79,7449,0.512,2019-20,2019,2020,2020-21,1610612756,0.708,0.2419999999999999,0,PHX,13,16808.888333333336,10,5,7,0.138,0.294,0.1494245157794987,0.3908735586618705,0.6029728517640418,24.78849027592841,110.52733159133166,109.61898724613252,0.9126200989099716,0.1651239379007118,1.8619748053931384,18.5109933206965,0.0407707744503825,0.1401645381466333,0.0903038873381771,9.94751569432561,0.5360445999155407,0.5783680084732946,0.1957208048559229,102.84775622976451,0.1040216629436033,17.14878427911106,6.598651725233068,4.092834614385067,2.141724026365812,1.1479640781320757,0.5953992793296958,2.9824630844358992,0.0226373596841826,0.0530041977288609,3.032016761495638,0.0420959052850649
1610612757,Portland Trail Blazers,74,35,39,0.473,3567.0,111.1,113.2,111.8,114.3,-0.7,-1.1,0.488,1.61,15.2,0.266,0.712,0.492,0.126,0.533,0.57,103.2,101.17,84.31,7519,0.486,2019-20,2019,2020,2020-21,1610612757,0.583,0.1099999999999999,0,POR,9,13783.741666666669,8,5,5,0.168,0.294,0.1854787856949824,0.5106255014210582,0.7537273684153251,27.741426402724464,112.50850381095115,113.29949371511968,-0.8205577948416276,0.1382482976018244,1.813545442728722,13.966434900054349,0.0362824459251207,0.1285796819804008,0.0832661592250289,8.561762039697735,0.5374225485460223,0.5708408837948572,0.211471356169013,102.02304242861004,0.1052638776723059,18.927516657608084,6.451078535158269,3.303892448168101,1.825629107722927,0.8853909406553251,0.888002713341624,4.838674053728679,0.0434332242047072,0.0549522028701606,3.639246197995207,0.0526192449562941
1610612758,Sacramento Kings,72,31,41,0.431,3491.0,107.8,109.5,109.6,111.4,-1.8,-1.9,0.582,1.64,17.4,0.258,0.736,0.492,0.144,0.534,0.566,101.2,99.6,83.0,7239,0.479,2019-20,2019,2020,2020-21,1610612758,0.431,0.0,0,SAC,10,14640.79,8,7,1,0.124,0.29,0.1695000747910461,0.4582310790606245,0.6990120296331915,26.968907301677937,108.77755517291077,111.11183048637858,-2.3422821673784906,0.1603594059245892,1.8808346475839075,18.32869368160233,0.0369987728348902,0.1303047152282538,0.0827564639613026,9.754840779311316,0.5414807963459167,0.573183021886114,0.2011579015431089,100.4088426785713,0.0996525153355795,17.153172745459774,5.960334107654027,3.840776351549336,2.05808566341024,1.1040387847923503,0.540954415711174,2.925507051034564,0.0146986946506365,0.052021341812972,2.496841355220796,0.0410160107418534
1610612759,San Antonio Spurs,71,32,39,0.451,3443.0,110.4,111.7,110.9,112.6,-0.5,-0.9,0.585,1.96,17.9,0.233,0.751,0.495,0.123,0.531,0.572,102.6,101.14,84.29,7249,0.502,2019-20,2019,2020,2020-21,1610612759,0.458,0.007,0,SAS,12,16572.503333333334,12,4,6,0.14,0.262,0.1397666536397337,0.3473817373396213,0.5438487365919974,27.78884873759768,110.62470835727692,111.3658055783566,-0.6997582742981294,0.1494776126157564,2.088790445257616,17.85277822642365,0.0346581210523214,0.1401967500987076,0.087981038873427,8.71434556959912,0.5348280288976659,0.5715820117499849,0.1966941926496318,102.2783924888837,0.1013817259754158,17.09578778180967,6.516818722417916,3.6885193968885406,1.7812637841275638,1.0969978182736826,0.7863627925050952,4.419270648959055,0.0237697318304918,0.0393467886469575,3.747336141512122,0.0360474246457765
1610612761,Toronto Raptors,72,53,19,0.736,3476.0,109.0,110.8,102.0,104.7,7.0,6.1,0.627,1.7,18.1,0.256,0.721,0.496,0.146,0.536,0.574,103.3,101.19,84.32,7328,0.53,2019-20,2019,2020,2020-21,1610612761,0.375,-0.361,1,TOR,12,16824.74666666667,10,7,12,0.129,0.278,0.1254201152904927,0.3729125985849414,0.5757554744756929,27.200881380284283,109.5903950510201,103.79315322033578,5.805595339325566,0.1581015721088618,1.779847250795653,18.253874570473968,0.037480947509066,0.134860663479034,0.087828349470938,10.204625230612686,0.5377055975483733,0.5747723187114855,0.1957474522647592,102.10289616842176,0.1081216273885451,16.972142621662062,6.759329115208074,3.782999010980651,2.0947715111708467,1.3201981842619126,0.7467571577105471,4.074101720156887,0.0201103137147364,0.0500756559136991,2.3083586753098237,0.0325494572361953
1610612762,Utah Jazz,72,44,28,0.611,3471.0,110.0,111.8,107.4,109.3,2.6,2.5,0.56,1.48,16.8,0.261,0.746,0.512,0.152,0.549,0.585,100.8,99.15,82.62,7169,0.513,2019-20,2019,2020,2020-21,1610612762,0.722,0.1109999999999999,0,UTA,10,15068.225,7,6,7,0.151,0.303,0.1568842160683601,0.4534873881960217,0.7277252850507164,27.932864355290683,110.77032594527002,107.48794176708492,3.2664791528752275,0.1487208892664309,1.692481520993127,18.54370263695071,0.039603617546194,0.146651827935938,0.0954243907294986,11.299734042994448,0.5687323341003999,0.5971921802335708,0.1921306597160581,100.44036978476228,0.1066783657884942,16.51130109883546,6.981047867283637,3.5406957355627484,2.1908353505472604,0.912648968275958,0.6235638238744111,3.4267993801023007,0.0252250115171641,0.0677587924715053,3.63880246475732,0.054252716108928
1610612764,Washington Wizards,72,25,47,0.347,3471.0,108.2,110.2,112.7,114.7,-4.5,-4.5,0.602,1.77,17.6,0.262,0.712,0.478,0.136,0.523,0.562,105.2,103.38,86.15,7475,0.473,2019-20,2019,2020,2020-21,1610612764,0.472,0.125,0,WAS,13,14850.413333333336,11,5,1,0.143,0.338,0.138251819702437,0.3785776781970602,0.5824133065656534,25.34294084743769,109.38699014887128,114.22858454669276,-4.838686869321705,0.152575156606191,1.8686003475997528,17.28616614262588,0.0413142325555921,0.1361315401097702,0.0868668005649225,9.777390258946776,0.5294015917402074,0.565432495369377,0.1953420917128232,104.35831454635158,0.096311851589316,17.335275067540206,6.484667991283744,3.706563498569288,2.01206520851047,1.1660281509560677,0.6399821868033303,4.249751386295913,0.0267772261560698,0.0642181841962844,3.285998474871933,0.050604931494756
1610612737,Atlanta Hawks,72,41,31,0.569,3481.0,113.0,114.3,110.6,112.1,2.5,2.2,0.591,1.82,17.6,0.284,0.742,0.516,0.133,0.539,0.581,99.9,98.68,82.23,7160,0.511,2020-21,2020,2021,2021-22,1610612737,0.524,-0.0449999999999999,0,ATL,12,15678.920000000002,10,7,9,0.158,0.32,0.1355957553198817,0.3921812429257457,0.6065859978450896,25.254554310288373,113.6142484835265,110.993099609752,2.642865930816663,0.1439818411174578,1.8713664769852345,16.094611012748324,0.0441476654642028,0.1411532782019849,0.0934627421191425,8.728442307675953,0.5515791043005512,0.5870481679648002,0.1937481809971605,99.94811643914248,0.1038721818849767,17.30552869712965,6.862972704752623,3.469371614881637,1.8024200646473096,1.0263462024170031,0.7370405614672438,3.636191455828286,0.037856956224696,0.0635453698534462,3.3350438997141576,0.0609148437065153
1610612738,Boston Celtics,72,36,36,0.5,3476.0,111.0,113.1,110.0,111.8,0.9,1.2,0.566,1.67,17.1,0.289,0.737,0.51,0.141,0.543,0.574,100.7,98.94,82.45,7172,0.501,2020-21,2020,2021,2021-22,1610612738,0.622,0.122,0,BOS,11,13867.466666666664,10,4,6,0.152,0.298,0.1651133107705324,0.4232630809760976,0.6074518537392074,24.8204537478607,110.55778450281711,111.10772680181913,-0.5469325207199587,0.1357204090389016,1.662540682749072,15.942744661365692,0.0533298276060996,0.1568086132050074,0.1039926974164952,10.104663661231085,0.5472395259648482,0.5740010314308791,0.1968255970809376,100.42381044122456,0.1057448742139876,17.198527008057226,7.694556083302886,3.252793108089918,1.983347114589543,1.1500298059727323,0.8437013249235621,3.5320591255947504,0.0363332509910084,0.0694765260207721,5.282225634431762,0.0439987445654826
1610612751,Brooklyn Nets,72,48,24,0.667,3481.0,116.3,117.3,110.6,113.1,5.7,4.2,0.621,1.98,19.3,0.252,0.726,0.503,0.134,0.575,0.61,101.8,100.27,83.56,7280,0.532,2020-21,2020,2021,2021-22,1610612751,0.537,-0.13,1,BKN,10,13447.906666666666,10,4,8,0.172,0.303,0.1592470897577119,0.4359716952229491,0.648185021113571,28.613668000868536,116.21452423078486,111.9723120227882,4.2514617020939065,0.1277014087942311,1.9551811583066707,16.449604461363503,0.0353576020010053,0.1251518028084668,0.083072372478294,8.948455620850035,0.5989218193066976,0.6211142467774415,0.1852543103362803,101.52772040852952,0.099567720205276,17.336229777521755,6.090167193307906,3.204364892478929,1.6891848347152916,0.96104176808683,0.7281430666284616,3.611628671006585,0.0363699984040681,0.062648974272834,3.778076275780775,0.0590067285468749
1610612766,Charlotte Hornets,72,33,39,0.458,3471.0,108.1,110.1,110.6,112.0,-2.5,-1.9,0.672,1.81,19.2,0.276,0.722,0.496,0.149,0.532,0.564,100.6,99.0,82.5,7159,0.489,2020-21,2020,2021,2021-22,1610612766,0.524,0.066,0,CHA,12,16696.143333333333,12,6,7,0.124,0.247,0.1427518291150271,0.3754756337940718,0.5644286514869801,25.02183917523468,109.0448028017648,110.47092849586224,-1.4364398524769095,0.1675772083493134,1.901891150311559,18.935224571822275,0.0423871799335694,0.1365889156437923,0.0887745235776006,10.556694300460206,0.5359144282422108,0.5638034490200631,0.1949119087980996,100.40122027681842,0.098806862582836,16.47757775598077,6.623805138232522,3.988945151604872,2.1065942773610598,1.177277866365546,0.7180101272888769,3.2053556544160084,0.0188277761597146,0.0413366674840213,3.545526350442652,0.0368322172506826
1610612741,Chicago Bulls,72,31,41,0.431,3476.0,108.7,110.4,109.9,111.5,-1.2,-1.1,0.635,1.77,19.2,0.267,0.767,0.519,0.151,0.547,0.575,101.1,99.58,82.99,7220,0.499,2020-21,2020,2021,2021-22,1610612741,0.561,0.13,0,CHI,9,13463.438333333334,8,5,3,0.14,0.302,0.1601240297333655,0.4584863970484013,0.694713943181676,26.254607942522853,109.47982058322644,110.67013504351227,-1.200392309393972,0.1706981105495216,1.936556733959614,20.230146434856973,0.0317354914166923,0.1271683537253918,0.0799960350643465,10.770044687693076,0.5444080056072849,0.57065235329311,0.1957340971468036,100.75656785667556,0.0964227482504159,16.623688129196317,5.767620282238452,4.280927247039297,2.2781699028591382,0.989346084574978,0.5187382173176911,5.26681700776733,0.0280965888280348,0.0558417042258069,3.2362993529392208,0.0457991052075198
1610612739,Cleveland Cavaliers,72,22,50,0.306,3486.0,103.1,105.2,112.1,113.5,-8.9,-8.3,0.618,1.54,17.5,0.28,0.729,0.499,0.157,0.508,0.543,99.6,97.96,81.64,7107,0.46,2020-21,2020,2021,2021-22,1610612739,0.537,0.231,0,CLE,10,12433.221666666666,9,5,0,0.123,0.286,0.1747925886197637,0.4888794577645671,0.7078586362638913,23.70191903868305,103.59915818278796,112.26491019423362,-8.66394369761766,0.1648541336765357,1.8213322130373015,18.42877760430288,0.0271618990411844,0.108167589842965,0.0664339640852002,10.338465921878925,0.5062895756570468,0.5386292969387259,0.191731920916716,99.06439482633422,0.0852470303687714,15.351773266596362,4.792000142628627,3.723572316266112,2.076050817078384,1.1784556241993058,0.3416652669668749,3.236338286142884,0.0251372296153623,0.057045618090334,1.9448745154904477,0.0308001815869132
1610612742,Dallas Mavericks,72,42,30,0.583,3461.0,112.9,114.6,110.4,112.3,2.5,2.3,0.557,1.9,17.2,0.253,0.734,0.496,0.123,0.55,0.582,99.5,97.94,81.62,7062,0.51,2020-21,2020,2021,2021-22,1610612742,0.634,0.051,0,DAL,11,15549.819999999998,9,6,10,0.179,0.35,0.1454934312208544,0.3966707224478054,0.6209078304443396,26.30841085834649,114.44256390106123,111.08144600173294,3.360110706533366,0.1518255255259117,2.026669421253751,16.855313502021247,0.0363918606989234,0.1360828906701171,0.0870837382683529,8.411548290162417,0.5633815208150319,0.5932867278635168,0.1978234692320125,99.06808735728131,0.1049684311458267,17.379751019625953,6.368948322231383,3.542163189027269,1.740984783103599,0.9167951783364696,0.632033039610748,2.677645271711768,0.0371207469175,0.0789681261155532,2.352269731279794,0.0408315887875949
1610612743,Denver Nuggets,72,47,25,0.653,3496.0,114.2,116.3,110.0,111.5,4.2,4.8,0.621,1.99,19.3,0.292,0.751,0.522,0.136,0.557,0.588,99.3,97.74,81.45,7123,0.525,2020-21,2020,2021,2021-22,1610612743,0.585,-0.068,1,DEN,10,14228.35,9,5,9,0.201,0.293,0.1748468140484783,0.4312377518592575,0.6511208256755,27.1357458876117,116.42593106954308,110.34206506727766,6.093480246596876,0.1736012246676529,2.198867550816972,19.56861134050446,0.0444669720429049,0.1469412061131473,0.09573553925789,8.989662762489443,0.5592804573263941,0.5909706838811246,0.2031576182996154,98.200635088866,0.1131809584386102,18.11594457544269,6.732755379225279,4.341754314449672,1.9406326102464448,1.2094164116007828,0.6300098043694455,3.924303536873235,0.0441182950111585,0.0524597607592768,3.417059123073685,0.0491143430341142
1610612765,Detroit Pistons,72,20,52,0.278,3486.0,105.4,107.6,110.3,112.2,-4.9,-4.5,0.626,1.62,17.8,0.267,0.725,0.493,0.151,0.519,0.556,100.1,98.19,81.82,7132,0.473,2020-21,2020,2021,2021-22,1610612765,0.28,0.002,0,DET,11,12668.54,10,5,0,0.129,0.278,0.1506895559130465,0.4181918358390153,0.6513231464188716,24.52632702742384,106.13989367888225,110.73242171815644,-4.610966167635208,0.1385911507298131,1.4881535954419374,15.866762389351893,0.0427850153477301,0.1408710976166156,0.0911468744622505,10.71230293046134,0.5274969715005308,0.5625365332811305,0.1974030477597787,99.48088146437291,0.093490805570334,16.23454636445873,6.649542883394615,3.199737302009545,2.139788799656472,0.9775396375588664,0.8581888678569117,4.298958011418904,0.0230892965304764,0.0444374976075693,2.271803513973792,0.0589602233287387
1610612744,Golden State Warriors,72,39,33,0.542,3461.0,108.8,110.5,107.7,109.4,1.1,1.1,0.67,1.84,19.6,0.222,0.727,0.48,0.146,0.551,0.583,104.4,102.81,85.67,7412,0.51,2020-21,2020,2021,2021-22,1610612744,0.646,0.1039999999999999,0,GSW,13,16514.19,11,4,8,0.181,0.331,0.1431659681764591,0.3934525399065894,0.5763913741253229,27.295092785860724,109.6768083185834,108.425408885732,1.243729180783314,0.1626962522331805,1.8445054687312348,20.351975089301988,0.0325961999952767,0.1374387388462084,0.0864707978411293,10.511157263339388,0.5536555732776882,0.5826186211171526,0.1957197939065333,103.89862761762258,0.1029406241945058,17.29785112076342,6.511491026807855,4.104833479571205,2.1973829779117238,1.203328773618325,0.7106615583325613,3.7702547548127816,0.0322317621222431,0.0718903656795302,4.646102069687232,0.0495358813781694
1610612745,Houston Rockets,72,17,55,0.236,3461.0,104.9,107.0,112.4,114.4,-7.5,-7.4,0.601,1.6,17.2,0.24,0.723,0.474,0.145,0.521,0.553,103.6,101.69,84.74,7320,0.451,2020-21,2020,2021,2021-22,1610612745,0.244,0.008,0,HOU,11,11123.721666666666,11,7,0,0.139,0.316,0.1836360822284748,0.4186266796499313,0.6250649325547969,25.671666841717997,106.46279533543404,113.03740828346868,-6.600140510527576,0.1455580988856697,1.595928556884364,15.633172605751104,0.0382159603957488,0.12786497774351,0.0815903643160195,9.719038667064815,0.5350054433221016,0.5615374415307347,0.1983459146541633,102.45813689752816,0.091967840799085,16.735046558907968,6.178148110801646,3.339889392533944,2.0518312740954654,1.067987887147482,0.7637731556569871,3.357004630636084,0.0224625661342283,0.0602089752491959,3.6556389679725454,0.0320297753377503
1610612754,Indiana Pacers,72,34,38,0.472,3491.0,109.9,111.9,109.6,111.9,0.3,0.1,0.633,2.02,19.2,0.247,0.701,0.476,0.131,0.542,0.575,104.0,102.05,85.04,7419,0.502,2020-21,2020,2021,2021-22,1610612754,0.305,-0.1669999999999999,1,IND,13,15736.846666666668,10,5,5,0.154,0.257,0.1417975731690423,0.4031506523755076,0.6201781424232808,27.17857993151529,110.88495469443902,110.6345933238637,0.2662451223815699,0.158946316225148,2.022438889705562,18.41762813981793,0.0373524570996222,0.1335267790836538,0.0856346188795976,9.180816275348684,0.5520568821072582,0.5826023469547266,0.1880479725501975,103.0586726449221,0.1004623779986418,16.647045341993547,6.4259379367403975,4.010206195480924,1.9078790456537884,1.2353173676895033,0.9768157703766998,2.8921228237487897,0.0310536584260317,0.0399568243989015,2.8220112223446288,0.0361480217352855
1610612746,LA Clippers,72,47,25,0.653,3456.0,115.2,116.7,108.7,110.6,6.6,6.1,0.584,1.85,18.1,0.27,0.754,0.518,0.135,0.564,0.599,99.1,97.63,81.35,7036,0.53,2020-21,2020,2021,2021-22,1610612746,0.512,-0.141,1,LAC,12,15341.596666666668,11,4,10,0.17,0.296,0.1195952224877071,0.3538193221522575,0.5593139045284073,29.123953308640843,116.0816133544553,109.38870477192836,6.683118934382972,0.1382828306223667,2.0620102644683445,17.743799884801216,0.0406843846544438,0.1467371013534228,0.0950880380985986,8.967084434279874,0.5798815226533354,0.6104284821288701,0.1900233764238794,98.56558005805134,0.1069902843663165,17.087660801928703,6.741671173295957,3.423633220271076,1.7388020673206768,0.9972886351029524,0.6359181649715295,3.183053642518204,0.0314981007964686,0.0605217637808662,3.954804993230831,0.0323329111535927
1610612747,Los Angeles Lakers,72,42,30,0.583,3491.0,107.5,109.8,104.8,106.8,2.7,2.9,0.607,1.62,18.0,0.269,0.748,0.511,0.152,0.536,0.569,100.8,98.85,82.37,7184,0.517,2020-21,2020,2021,2021-22,1610612747,0.402,-0.1809999999999999,1,LAL,11,15901.753333333334,11,5,10,0.191,0.31,0.1230227023183606,0.3655255206658552,0.5594682850486506,28.585124889792024,108.56900094454991,105.6328780096786,2.947187500917089,0.1636539506335359,1.7164912758048063,18.62925477190565,0.0363769097998837,0.1365325885447432,0.0869690712303003,10.665133016778444,0.533100971884442,0.5651664085889061,0.1956419438862716,99.90163451682268,0.1047511179060757,16.331783958414647,6.293645606375481,3.882590724796385,2.200512060934161,1.1749647732765736,0.776518144959277,4.42695025900572,0.0406347076342495,0.0598939286671011,2.6991212653038765,0.0402452308957919
1610612763,Memphis Grizzlies,72,38,34,0.528,3481.0,109.7,111.7,108.5,110.5,1.2,1.2,0.628,2.03,18.9,0.285,0.736,0.507,0.131,0.528,0.56,102.6,100.77,83.98,7302,0.511,2020-21,2020,2021,2021-22,1610612763,0.683,0.155,0,MEM,12,16319.838333333331,11,5,10,0.163,0.267,0.1257897468959813,0.3637817899135643,0.5644144963445819,24.55804484582823,110.90955528256356,109.08585153468128,1.8162445849392097,0.1609404781685439,2.2935105280352555,19.083786512182566,0.0425801939622972,0.1406673121659803,0.0908961324473904,8.787819568882576,0.53399581347977,0.5639840368108222,0.1955970504405527,102.0597491611181,0.103779115254716,16.98546237641447,6.884627022959684,4.1206290544340565,1.9014894244765288,1.3544251817036994,0.7036834413085996,2.305248130784175,0.027497921953431,0.0437693835240988,2.5844365892501915,0.049028901451637
1610612748,Miami Heat,72,40,32,0.556,3476.0,109.1,110.6,108.5,110.7,0.6,-0.1,0.671,1.87,19.5,0.24,0.733,0.491,0.144,0.546,0.581,98.7,97.09,80.91,7036,0.509,2020-21,2020,2021,2021-22,1610612748,0.646,0.0899999999999999,0,MIA,12,15296.065,8,7,5,0.184,0.259,0.1478631922654617,0.4019959817552205,0.6167803070048843,27.52077903696146,109.20179279224207,109.42687133368396,-0.2070869425132108,0.17883134137222,2.0453053056456025,19.51269385296153,0.0328392551722725,0.1339710772018816,0.0841949756358906,9.880962631020896,0.5431172650177241,0.5762658988875026,0.1969483071844512,98.08753457071036,0.1047611059881522,16.448936376774025,5.968593883459569,4.069281870860251,1.9911003254758657,1.1673590560709568,0.5624976096793521,5.444461660790616,0.042653519127842,0.0455305819260453,3.4479645242282104,0.04694441815371
1610612749,Milwaukee Bucks,72,46,26,0.639,3466.0,114.7,116.5,109.1,110.7,5.5,5.8,0.569,1.84,18.0,0.269,0.755,0.519,0.134,0.566,0.593,104.4,102.85,85.71,7423,0.533,2020-21,2020,2021,2021-22,1610612749,0.622,-0.017,0,MIL,9,14756.895,8,5,9,0.196,0.32,0.1537326562713001,0.4193400215063309,0.6711851194532003,28.143332659072247,115.79775984943537,108.89423728139737,6.902653776421123,0.14930411659544,1.805299064154982,16.620694292396877,0.0433830172268624,0.1519552734501397,0.0993733284226345,9.150820356631028,0.5693523731335984,0.5933440369174319,0.2036376473506113,104.27099841802762,0.1131435491680329,18.98936056670458,7.577203741030887,3.8544693853280103,2.0565301847034894,1.2222083304109703,0.72454266293824,2.7376638848021098,0.0395799700123599,0.0597198773315843,2.1742724835349376,0.0304223292427321
1610612750,Minnesota Timberwolves,72,23,49,0.319,3481.0,107.0,109.3,112.1,114.5,-5.2,-5.3,0.63,1.8,18.0,0.271,0.717,0.484,0.139,0.52,0.555,104.1,101.96,84.96,7389,0.469,2020-21,2020,2021,2021-22,1610612750,0.561,0.242,0,MIN,14,17102.0,12,5,0,0.155,0.286,0.1353155576345846,0.3376596304525786,0.5047436946945777,23.27686937200328,108.1387285892488,113.36779642731844,-5.225823256539195,0.1585442682142439,1.8306698407593656,17.909446029704128,0.0380982783690016,0.1336390760339921,0.0841915697969048,9.737140412427395,0.5192102184929638,0.5522316857677465,0.1961225673410516,103.13768019432425,0.0945716369430476,16.892761080575372,6.352941176470588,3.841655946672904,2.052391533154017,1.3030054964331657,0.8104315284762016,3.2218203818775697,0.0290761649253222,0.0632124970809622,2.698149802510332,0.0380845959693684
1610612740,New Orleans Pelicans,72,31,41,0.431,3486.0,110.8,113.0,111.6,113.3,-0.7,-0.3,0.612,1.78,18.3,0.302,0.755,0.527,0.144,0.537,0.57,102.3,100.54,83.79,7303,0.508,2020-21,2020,2021,2021-22,1610612740,0.439,0.008,0,NOP,11,15352.016666666665,11,6,4,0.161,0.287,0.1375400191722912,0.4057979353418281,0.624123432209232,24.23879826863137,112.36951138884037,112.46940048050148,-0.0994557935385253,0.1617164722115769,1.954475995010428,18.983197495225927,0.0491831296865449,0.1471259416515311,0.098240789212275,9.97018309212362,0.5460750160945196,0.5737432433958188,0.1993660433319835,101.58201936444831,0.1075933447397247,17.706859359410977,7.250643509376076,4.045071168717248,2.108126945319888,1.1396548336212071,0.6636261685489746,3.5563695746372903,0.0280410468478146,0.0577930292145416,1.446500197807451,0.051864861635382
1610612752,New York Knicks,72,41,31,0.569,3486.0,108.2,110.2,105.7,107.8,2.5,2.4,0.543,1.65,16.3,0.264,0.738,0.505,0.133,0.524,0.559,98.2,96.32,80.27,6994,0.502,2020-21,2020,2021,2021-22,1610612752,0.451,-0.1179999999999999,1,NYK,12,15913.659999999998,9,5,8,0.158,0.285,0.1675753199871473,0.4478472163746954,0.6383136667910883,25.887119933440832,109.05396260194073,106.71867627141296,2.320838952195786,0.1333397479481988,1.6610017075476875,15.120097209986051,0.0414157204146207,0.143484552160429,0.0932787089833514,9.79034835480964,0.5410019951412811,0.5721657455502589,0.191916910482357,97.335512793202,0.1007578559342518,15.84450088791642,6.967598905594313,3.0449312100421904,1.8075037420681352,1.0406154209653844,0.778199358287157,3.980391815011626,0.029394259711494,0.0659317070434338,2.9848466191580787,0.0496886573355171
1610612760,Oklahoma City Thunder,72,22,50,0.306,3471.0,101.3,102.8,111.9,113.4,-10.5,-10.6,0.568,1.37,16.1,0.254,0.742,0.494,0.158,0.509,0.539,103.1,101.61,84.67,7353,0.442,2020-21,2020,2021,2021-22,1610612760,0.293,-0.013,0,OKC,12,13614.181666666667,12,5,2,0.146,0.283,0.1305771959117631,0.3698431378358033,0.579281971777224,23.142060931805304,102.93789132141494,112.3818216029388,-9.451330040769983,0.1588108517723368,1.508168294850382,17.05201544125127,0.0277639405183981,0.1331704326946325,0.079766159283169,11.802709956002984,0.5014270945897225,0.5333541871594926,0.203782380113678,102.34269484553424,0.0873300492170602,16.183124729372274,6.095114787778283,3.672934681225178,2.4697775322277296,0.9969016377407433,0.5526589981109159,3.5315662818635936,0.0284495697752429,0.0380931115801211,6.127840940531169,0.0610497270451381
1610612753,Orlando Magic,72,21,51,0.292,3466.0,102.9,104.6,112.1,113.9,-9.2,-9.3,0.57,1.7,16.3,0.252,0.744,0.488,0.129,0.49,0.527,100.8,99.17,82.64,7158,0.45,2020-21,2020,2021,2021-22,1610612753,0.268,-0.0239999999999999,0,ORL,8,8952.223333333333,8,5,0,0.123,0.235,0.2069634843038992,0.4995533697960321,0.736237962487531,25.83056667114724,102.70339178312128,112.21836834201709,-9.502374028500183,0.1383780615765096,1.817108997504158,16.301089692057875,0.0292931592040264,0.1235616025739601,0.0743496835236833,9.14511225702963,0.4785976351498529,0.517094768264271,0.1900909442607739,100.48550522831012,0.080587147252433,14.923220190738464,5.774654862274437,3.192949833318874,1.813627676104297,1.0576143654444128,0.6152661517604379,3.4398595169306803,0.0171955433578152,0.0359256824179607,3.8417231655310182,0.0423722870591222
1610612755,Philadelphia 76ers,72,49,23,0.681,3486.0,110.8,112.5,105.1,107.0,5.7,5.5,0.572,1.64,17.2,0.277,0.737,0.511,0.143,0.541,0.579,101.8,100.12,83.43,7272,0.536,2020-21,2020,2021,2021-22,1610612755,0.622,-0.059,1,PHI,12,16235.296666666669,11,5,9,0.203,0.352,0.1240696967040331,0.3588449980074278,0.5573819716670817,27.449095889634695,111.57768557355176,106.01593827769084,5.573310301895724,0.1491578377892283,1.866899526936064,17.46096999767379,0.0388345287397478,0.1399120718253993,0.0907813446176632,10.009561020238005,0.5438764270604642,0.5737631714562651,0.1973044167758765,101.17181095653932,0.1086004285108022,17.21582338398908,6.643303304795374,3.587738567142495,2.073260544053296,1.3725650018919682,0.9091302920447608,4.47008549364746,0.04291972706978,0.0675510291487945,3.997494295079967,0.0403440264524801
1610612756,Phoenix Suns,72,51,21,0.708,3496.0,114.9,116.3,108.8,110.4,6.1,5.9,0.622,2.15,19.6,0.248,0.741,0.5,0.126,0.564,0.597,99.3,98.0,81.67,7137,0.534,2020-21,2020,2021,2021-22,1610612756,0.78,0.072,0,PHX,13,16580.803333333333,9,5,13,0.15,0.319,0.1415931596398324,0.4111570991433667,0.6381045872124007,26.90717287320819,115.29257075602088,108.79295934796886,6.475510585434039,0.1622317183666814,2.394700130130406,19.049246387539323,0.036418187216904,0.1384052202134959,0.0886791829145391,8.507251960650882,0.5703092163206407,0.6008400941972856,0.1963259999867316,99.20086092933576,0.108524655218756,17.341258696552902,6.2378159803676585,4.107882991596105,1.797741605201678,1.076908014710184,0.6122743148150642,4.318059356658473,0.0249574520716244,0.0548434259205447,1.856390795699151,0.0404711346383249
1610612757,Portland Trail Blazers,72,42,30,0.583,3461.0,114.9,117.1,113.4,115.3,1.5,1.8,0.515,1.92,15.9,0.273,0.731,0.495,0.112,0.54,0.577,100.8,98.97,82.48,7137,0.493,2020-21,2020,2021,2021-22,1610612757,0.329,-0.2539999999999999,1,POR,10,13978.488333333336,8,3,6,0.158,0.306,0.1715347618060274,0.4576898098065682,0.6930444195622965,28.570060687296543,116.99189440250632,114.22901564344164,2.771837620019237,0.1456520897049788,1.9591343401104533,15.71900898201558,0.0450761561842702,0.1550044899943281,0.0984196426580699,8.331997832860562,0.5489095846439285,0.5827689145690884,0.1993251888347965,99.81258564677891,0.1069063714924825,17.996795790865797,7.419686415781963,3.466469252218856,1.6920284537204964,1.0095512235288198,0.8627542343932516,4.302161716399898,0.0354243416795745,0.0684275004302642,3.498781598294717,0.0343976225657313
1610612758,Sacramento Kings,72,31,41,0.431,3461.0,111.1,112.7,114.6,116.5,-3.5,-3.8,0.599,1.91,18.4,0.253,0.713,0.482,0.133,0.549,0.578,102.2,100.71,83.92,7266,0.481,2020-21,2020,2021,2021-22,1610612758,0.366,-0.065,1,SAC,10,12923.986666666664,8,6,1,0.124,0.304,0.1882436430863954,0.5084648802897765,0.7813744778442979,25.66865229408057,112.56308210882298,116.27273401963686,-3.709204680392738,0.1585265425064918,1.950005631647201,17.757276263567796,0.0403428686607538,0.1375572675459275,0.0890923795186005,9.274473317830722,0.5620862809102248,0.590935895425457,0.2057907932691564,101.64039582213536,0.1036785599696275,18.325924198828226,6.459616692063028,3.949864799200247,2.0000020633468107,1.0167141408378633,0.7883016489236037,3.195697994680407,0.0177820368785409,0.047314881962375,3.3692984519248483,0.0387359785036154
1610612759,San Antonio Spurs,72,33,39,0.458,3496.0,108.6,110.5,110.7,112.0,-2.1,-1.5,0.584,2.14,17.9,0.243,0.733,0.485,0.113,0.517,0.554,101.0,99.45,82.87,7236,0.493,2020-21,2020,2021,2021-22,1610612759,0.415,-0.043,0,SAS,12,16113.866666666663,10,6,5,0.139,0.255,0.1327685678587386,0.382506681615834,0.6015673870951728,25.966300143147933,109.78121740902245,110.3585158641832,-0.5772984551607724,0.1484572988895692,2.217464976335082,17.41798106599699,0.0364926491882767,0.1397953366251841,0.0876676669783374,8.278563007844175,0.5241672085739818,0.5571720637091034,0.1958186610496963,100.55412958197492,0.0994774382726264,16.541281215350754,6.570490012742648,3.675095569861155,1.633127575421583,1.029920399821272,0.7573601204759461,4.538961729430698,0.0235960249753501,0.0407749536446234,4.194455557662545,0.0355499135643533
1610612761,Toronto Raptors,72,27,45,0.375,3461.0,109.3,111.6,109.8,112.0,-0.5,-0.4,0.607,1.82,17.7,0.256,0.716,0.479,0.133,0.529,0.567,101.6,99.57,82.98,7177,0.486,2020-21,2020,2021,2021-22,1610612761,0.585,0.2099999999999999,0,TOR,11,13392.006666666668,10,4,5,0.132,0.261,0.1497927121700955,0.4111468731845513,0.626644077735923,27.507904217490925,110.52096218092282,110.4764020428106,0.0585867515000243,0.16858844355414,2.0444955759679524,18.910421390670358,0.0404673862667332,0.140870134348798,0.0893191254385078,9.6398404321782,0.5218302465002754,0.5597248382243935,0.1945315594974315,100.4674569419768,0.1006039779450527,16.32257251962738,6.604835421726691,4.037632398629829,1.9274183953512567,1.33333266958748,0.9005371861125118,3.8212020488574976,0.0226227072640186,0.0450386239504831,3.924018246777846,0.0428368167011736
1610612762,Utah Jazz,72,52,20,0.722,3471.0,115.1,116.5,105.7,107.5,9.4,9.0,0.573,1.66,17.3,0.284,0.757,0.529,0.142,0.563,0.597,100.8,99.37,82.81,7193,0.542,2020-21,2020,2021,2021-22,1610612762,0.598,-0.124,1,UTA,11,16610.996666666666,9,7,10,0.165,0.327,0.13487932391775,0.3998981397664479,0.621689266487923,29.17595121223912,116.05864568832816,105.45879357229018,10.602981328232566,0.1471020959207946,1.728294982901889,17.943373405850224,0.0434363572203875,0.1430947852015301,0.0955309551965475,10.415305934883698,0.5797274034730808,0.6080516465096717,0.194396152328006,100.67106475750302,0.110830565555067,17.524294648986544,7.229909343188117,3.575944369382612,2.017699519936492,0.9687558382509258,0.7802060442289335,3.010073904691808,0.031388848436411,0.0724924053689451,4.508040870864542,0.0484186394142503
1610612764,Washington Wizards,72,34,38,0.472,3481.0,108.9,110.7,110.5,112.3,-1.7,-1.6,0.59,1.77,17.8,0.25,0.736,0.494,0.137,0.531,0.569,106.4,104.67,87.22,7585,0.496,2020-21,2020,2021,2021-22,1610612764,0.427,-0.0449999999999999,0,WAS,11,14488.86,10,4,2,0.164,0.331,0.1634943443905639,0.4357162445262544,0.6335837786179634,27.579291492452363,109.65372688626528,111.081492574295,-1.4010774254611245,0.167031807310352,1.923877102822444,16.72404807325536,0.0325939398728862,0.1323982444673586,0.0828280703243733,9.008236201237825,0.5254508440737689,0.561740796032262,0.1998256192458666,105.78216126389516,0.0994658872402659,17.685863484083637,6.3209941983013165,4.146910108869849,2.1194214037543326,1.0907690460119015,0.4099701425785051,4.18186394394401,0.0414084363757865,0.0789379047957219,2.612841381884861,0.0618806090577029
1610612737,Atlanta Hawks,82,43,39,0.524,3941.0,114.0,115.4,112.1,113.7,1.9,1.6,0.593,2.08,18.1,0.269,0.731,0.501,0.12,0.543,0.581,100.0,98.67,82.22,8099,0.509,2021-22,2021,2022,2022-23,1610612737,0.5,-0.024,0,ATL,12,17941.695000000003,9,7,10,0.161,0.333,0.1478060833531428,0.3835690180517132,0.5797936965636002,26.62893128733564,114.75327416575377,112.39900425610104,2.337619680489125,0.1584470756525512,2.2652606577397885,17.789586388948575,0.0426776136071127,0.1405217638764527,0.0918419414479326,7.97204017420502,0.5531327574308523,0.5863597390510391,0.1952344359511926,99.82370365137372,0.1050488366158641,17.340167693186178,6.749863934260392,3.838433325279468,1.6995049798806634,1.0594316757697642,0.6621447973561027,3.9712654657588815,0.0325133240861369,0.0653038744524852,2.4775856786764443,0.0408563448987919
1610612738,Boston Celtics,82,51,31,0.622,3981.0,112.1,113.6,104.0,106.2,8.1,7.4,0.609,1.82,18.2,0.277,0.725,0.509,0.139,0.542,0.578,99.0,97.26,81.05,8068,0.547,2021-22,2021,2022,2022-23,1610612738,0.695,0.0729999999999999,0,BOS,9,14917.718333333334,6,5,9,0.159,0.313,0.1830689925659989,0.4858160279426109,0.7459008197299162,26.339948546644365,113.22215402467155,104.61539378620344,8.608205913080319,0.1587847413215894,2.0148395481838093,18.978091041849453,0.0466870974794961,0.147619649832509,0.0991481569288243,9.937097909633408,0.5624918024215276,0.5958441819353294,0.1999120727912925,98.38885301047488,0.1176295094725723,17.235343519356345,7.379680829206342,3.817742011708448,2.0174667015096475,1.1028496203228575,0.9484024087240328,4.214303091802509,0.031971004639222,0.0781671421964611,2.9867464600421223,0.062331760898441
1610612751,Brooklyn Nets,82,44,38,0.537,3951.0,111.0,113.2,109.6,112.3,1.3,0.9,0.602,1.8,18.3,0.281,0.704,0.499,0.141,0.54,0.576,101.6,99.4,82.83,8177,0.512,2021-22,2021,2022,2022-23,1610612751,0.549,0.012,0,BKN,13,14749.79,12,4,7,0.18,0.31,0.1590343546134103,0.4181138624120524,0.5786100457475439,29.00616811041603,111.82995400838476,111.29868863669698,0.521157261674008,0.1326452164177704,1.9696588663296224,16.061241674175246,0.0412566582303883,0.1260261703160971,0.0854272894732738,8.632220673424277,0.5444190144402056,0.5727380529937487,0.1931277330050123,100.61061179741088,0.1013255526575858,17.180176802517188,6.384904463046592,3.23638506039747,1.7231431769537058,0.9884886496689104,0.8298423231788384,5.5340344711232365,0.0397203896260733,0.0616657775441584,3.860872150254704,0.0517914955239873
1610612766,Charlotte Hornets,82,43,39,0.524,3976.0,111.7,113.6,111.0,113.1,0.7,0.5,0.656,2.12,19.6,0.27,0.706,0.486,0.131,0.544,0.572,102.3,100.52,83.76,8322,0.504,2021-22,2021,2022,2022-23,1610612766,0.329,-0.195,1,CHA,11,18273.154999999995,9,7,7,0.132,0.271,0.1552612744396538,0.4223147745057344,0.6338162001398592,25.75352240303696,112.7308748361554,111.86773680662516,0.8570897581725762,0.1633646167469894,2.2134506894585715,19.70718908876619,0.0411501162041621,0.1361686525944754,0.0882416236641492,9.087871215087562,0.5542894599573346,0.5774820557807342,0.1957125023930825,101.62961692074158,0.1018597154313709,17.267954001375244,6.690470255410192,4.15100731099802,1.8853887027171832,1.2963278645641656,0.7171175420993257,3.747827331496292,0.0188788511421698,0.0510882851924935,2.482545122735165,0.0272041166376917
1610612741,Chicago Bulls,82,46,36,0.561,3946.0,111.0,112.7,111.1,113.2,-0.1,-0.5,0.572,1.86,17.8,0.249,0.735,0.495,0.13,0.541,0.579,100.4,98.76,82.3,8124,0.496,2021-22,2021,2022,2022-23,1610612741,0.488,-0.073,1,CHI,13,18536.415,11,7,7,0.148,0.308,0.1479762043163865,0.4039923577455511,0.6081617364163099,26.558431426285324,111.41958264313784,111.5608278983108,-0.1308955372438521,0.1523999737813379,2.0365450762728394,18.5929355451598,0.0336238941924135,0.1382588721533622,0.0865852812783198,9.289368764132654,0.5473456207686329,0.5809284857221133,0.1976589958198497,100.01495300376762,0.1017395839486761,17.022709083714407,6.197314852952958,3.701686653001672,1.843074834049626,1.0837046969438264,0.6195372729840155,3.798347772844896,0.0302873724534816,0.072930945695496,2.862747155543448,0.0356177341280602
1610612739,Cleveland Cavaliers,82,44,38,0.537,3946.0,109.4,111.0,107.0,108.9,2.4,2.1,0.634,1.75,18.7,0.277,0.724,0.506,0.148,0.538,0.571,98.4,96.83,80.69,7964,0.517,2021-22,2021,2022,2022-23,1610612739,0.622,0.0849999999999999,0,CLE,12,16827.901666666665,10,6,7,0.16,0.272,0.144400257469217,0.4006376909143258,0.6197468074104308,24.331410006456544,109.81999823507408,107.70895435467745,2.076759837654546,0.1457497558865776,1.776717366524505,16.425796343592456,0.0450512565391149,0.136468603978254,0.0917404648688126,9.433628108317327,0.5503142709117725,0.5819789354802704,0.1933968401289089,97.9622782262118,0.1061893321815425,16.52398531367696,6.696022013439783,3.401493610661104,1.908259308622456,1.0204480831983311,0.6546270722404388,3.4502951896548377,0.0351193398608206,0.0497229409061037,3.005209660177035,0.0459458978885682
1610612742,Dallas Mavericks,82,52,30,0.634,3951.0,110.5,112.5,106.8,109.1,3.7,3.5,0.595,1.87,17.8,0.256,0.733,0.496,0.13,0.538,0.572,97.5,95.64,79.7,7871,0.511,2021-22,2021,2022,2022-23,1610612742,0.463,-0.1709999999999999,1,DAL,12,17002.166666666668,8,5,10,0.191,0.368,0.1554875359022869,0.4392589179810415,0.6568808877299951,27.17620989481733,111.66417704606278,107.99353002068364,3.6699883348200726,0.1619050303392705,2.054657745581446,17.514364728024862,0.0375922841206513,0.1341955676237342,0.086575097879682,8.815910589826789,0.5518705860037446,0.57782636203229,0.1885418757413271,96.5548799937263,0.1007524315528413,15.685530275553118,6.252614862811603,3.58048484016743,1.7404840559536532,1.0290453177536198,0.4975836413006186,3.2632628749639703,0.0399280797428667,0.0798755614993338,1.7030290208692156,0.0600709737938133
1610612743,Denver Nuggets,82,48,34,0.585,3961.0,111.7,113.8,110.3,111.5,1.4,2.3,0.667,1.92,20.0,0.268,0.752,0.515,0.146,0.556,0.59,99.9,98.41,82.01,8123,0.516,2021-22,2021,2022,2022-23,1610612743,0.646,0.061,0,DEN,12,17980.541666666664,11,4,8,0.23,0.309,0.1376817068451312,0.3963992556768544,0.6237513237689819,28.219064219885844,112.8212101878651,110.51463305934888,2.30636848630348,0.1760849531322054,2.1897460096910315,20.186025050227908,0.0386390740916685,0.1422868608426238,0.0920233918611091,9.71759748617139,0.5559522515311691,0.5874846461336676,0.1914263628505815,99.27010277591748,0.1046430541349097,16.680031422857578,6.553084005162988,4.276623108777312,2.014177363029015,1.083170927831707,0.5646103542486901,3.773585423256537,0.0523808137026377,0.0555110787622308,4.946266021782384,0.0470877074697481
1610612765,Detroit Pistons,82,23,59,0.28,3956.0,103.3,105.6,111.1,113.3,-7.9,-7.7,0.615,1.65,17.1,0.276,0.707,0.481,0.143,0.494,0.533,100.9,98.81,82.34,8141,0.45,2021-22,2021,2022,2022-23,1610612765,0.207,-0.073,1,DET,13,16681.063333333335,11,4,0,0.112,0.273,0.1621105688905923,0.3961303226273144,0.5907707921897064,23.98398753157023,104.67578505686788,112.14135898410952,-7.46557392724165,0.1627607580571902,1.8613007554074796,18.210294977198696,0.0404800461361476,0.1291333550079441,0.0828058841772477,9.879385366920054,0.4966366910262915,0.5346346910538677,0.1950017781640219,99.6264816121834,0.0913100001218947,15.64864270243364,6.22190551801354,3.735733073770877,2.035122061563222,1.1761840122502183,0.6798127777226033,3.69385783243771,0.0157569239252571,0.0460899356627613,2.061212463295784,0.0357989849596972
1610612744,Golden State Warriors,82,53,29,0.646,3946.0,110.5,112.1,103.9,106.6,6.5,5.5,0.669,1.82,19.5,0.269,0.736,0.51,0.15,0.552,0.582,100.7,98.74,82.28,8121,0.536,2021-22,2021,2022,2022-23,1610612744,0.537,-0.1089999999999999,1,GSW,15,19628.858333333334,12,5,13,0.155,0.293,0.1186779839038015,0.3476468108393127,0.5069959494163143,28.33867940188405,110.643964069909,105.0443272171968,5.584791465626929,0.1671641412325305,1.9134290778500875,20.038190317572383,0.0406129301967384,0.1388839633651643,0.0914924899266089,10.375205766339782,0.5526055362364003,0.579527421572744,0.1935060012405204,100.08124255740806,0.1077743958618751,16.627355216362986,6.802433322026286,4.062386036206046,2.145820163594164,1.3168366474022306,0.6785927013075562,4.640082208478938,0.0228136673482758,0.0606010301834069,3.516060615228744,0.0420686529082419
1610612745,Houston Rockets,82,20,62,0.244,3951.0,105.4,108.1,114.4,116.4,-9.0,-8.3,0.598,1.43,17.1,0.265,0.71,0.485,0.162,0.534,0.565,103.3,101.16,84.3,8323,0.451,2021-22,2021,2022,2022-23,1610612745,0.268,0.024,0,HOU,10,16664.631666666668,9,6,0,0.142,0.239,0.1282790628735768,0.3773137700113183,0.594482786348213,23.877988202359504,107.3461662769024,115.53900752281852,-8.237404457084208,0.150246200361064,1.4955946811105634,16.302134190584667,0.0391895854483832,0.1324619203004686,0.0851683414544915,10.931335736093375,0.5410381389567666,0.5717326810603574,0.1996051513889845,102.26797125929076,0.0937673545939959,16.992634800709165,6.327412577075661,3.495306776957466,2.333084869662585,1.1017345217851098,0.7107267797398061,4.126969473004365,0.0210703046765713,0.0344938954586145,1.94580128493018,0.0293078558658839
1610612754,Indiana Pacers,82,25,57,0.305,3976.0,109.2,111.9,113.9,115.5,-4.6,-3.6,0.612,1.76,18.1,0.31,0.725,0.512,0.145,0.531,0.564,100.5,98.55,82.13,8166,0.478,2021-22,2021,2022,2022-23,1610612754,0.427,0.122,0,IND,11,10686.243333333332,10,4,1,0.129,0.241,0.1463601334176369,0.4060917260290723,0.60975528350624,25.49961320988074,110.02978889057674,112.3112097703184,-2.295144629871489,0.1455100111576472,1.7325895676466287,16.223166232723507,0.0478068423172096,0.1305184583107315,0.0886649639583352,9.73804208713196,0.518614207736863,0.5517711520387739,0.1947161439333373,100.38928353368956,0.0932600673825819,16.34213208071561,6.478235413567536,3.540626843296662,1.9977085804709045,1.125184934025771,1.0005386988193232,3.2226157941818743,0.0220218497010035,0.0294873927454215,4.262252725100037,0.050579137112819
1610612746,LA Clippers,82,42,40,0.512,3956.0,107.7,109.5,107.5,109.5,0.2,0.0,0.599,1.75,17.7,0.254,0.706,0.486,0.139,0.531,0.564,100.2,98.51,82.09,8121,0.502,2021-22,2021,2022,2022-23,1610612746,0.537,0.025,0,LAC,10,16071.805,9,5,4,0.148,0.329,0.1453805800489324,0.4089442142103308,0.6216787722349792,27.703506855639425,108.60233940742812,108.78243944389985,-0.2089064669463075,0.1486045484623537,2.044398603641594,17.565846959940096,0.0370778595393195,0.1337714216501091,0.0865592639822762,9.10766709153079,0.5489702117051154,0.5794878728099716,0.1952953021352196,99.15915368560032,0.1022058001574807,16.470334228171634,6.529447065839835,3.4898382602327493,1.8501966642825745,1.0191761286302317,0.6652644180289644,3.882078565119585,0.0187668253483208,0.0567373627430609,3.532692704181116,0.0589114738071433
1610612747,Los Angeles Lakers,82,33,49,0.402,3996.0,107.9,110.0,110.9,112.8,-3.0,-2.9,0.576,1.65,17.3,0.256,0.72,0.49,0.142,0.537,0.567,102.3,100.47,83.73,8360,0.482,2021-22,2021,2022,2022-23,1610612747,0.524,0.122,0,LAL,13,18314.961666666662,12,6,2,0.18,0.317,0.1462119722336301,0.3767759273679433,0.5571868063787921,30.603232311797537,108.91420891134815,111.71141781441531,-2.77006211770213,0.1519797002032127,1.7344386743188196,16.58991253689948,0.0360182956065883,0.1343384170337238,0.0854995683401649,9.593690267984,0.5353551481634733,0.5656797054903292,0.1985044643373082,101.63074649259887,0.0986760373599835,17.04573592246121,6.364632485808279,3.5950935196242564,2.057989565361725,1.1479139504978488,0.7429990980962105,5.616796399614242,0.041561065656501,0.0671035260113971,2.3730512127005348,0.0503239142471904
1610612763,Memphis Grizzlies,82,56,26,0.683,3956.0,111.6,114.3,106.2,108.9,5.4,5.3,0.597,1.97,17.9,0.338,0.726,0.526,0.13,0.522,0.553,103.1,100.52,83.77,8295,0.53,2021-22,2021,2022,2022-23,1610612763,0.622,-0.061,1,MEM,15,19597.88333333333,11,5,13,0.163,0.33,0.1156362124140957,0.3261091971667008,0.5070265241229283,24.361925139874803,113.02519693028076,107.46357598141977,5.576397561641436,0.1519743971500323,2.3569886067628056,18.792732446446173,0.0526867495894539,0.1380292605579003,0.0941839860257017,8.737411080958575,0.5276085720141546,0.5538418563059107,0.1944219748221109,101.86260460696012,0.1069448654744177,17.32227885154264,7.353243079822397,3.89613504179448,1.869997865415738,1.4621987238417755,0.9717375941109287,2.381806768299529,0.0291500247590845,0.0657450834654091,2.9229134263746004,0.0476951440591887
1610612748,Miami Heat,82,53,29,0.646,3971.0,111.2,113.0,106.3,108.4,4.9,4.5,0.644,1.75,18.8,0.278,0.735,0.51,0.149,0.547,0.584,98.2,96.53,80.44,7987,0.529,2021-22,2021,2022,2022-23,1610612748,0.537,-0.1089999999999999,1,MIA,11,18383.36333333333,10,6,11,0.164,0.278,0.1170086032497861,0.3441664374437104,0.5569452379860124,28.80223722209701,112.32088926781444,107.06090622880215,5.2899082848278205,0.1657718933006274,1.8850900460905868,18.88156321231751,0.0412939995202183,0.1405152281709785,0.091809158063024,10.235870186249922,0.5541560534171385,0.5892104444435177,0.1958637165415323,97.41590383261384,0.1096065826003185,16.614152397575417,6.538738196075473,3.875460584017179,2.065998441706985,1.1240598156775443,0.4797816286428544,5.05204160859096,0.0333141795028673,0.0500788727830401,1.5525614067002969,0.0237855167874659
1610612749,Milwaukee Bucks,82,51,31,0.622,3951.0,112.5,114.3,109.4,111.1,3.1,3.2,0.572,1.78,17.3,0.269,0.747,0.512,0.133,0.546,0.58,102.2,100.59,83.83,8284,0.516,2021-22,2021,2022,2022-23,1610612749,0.707,0.0849999999999999,0,MIL,11,16397.87,9,6,7,0.21,0.34,0.1346174838561349,0.3996223289976076,0.633377993605267,29.007075207532036,113.54159388790536,109.02617018755076,4.540586551789957,0.1572930754624431,1.9187902930888785,16.766491786229956,0.0401963023246311,0.1452282392977461,0.0939933239296729,8.867775489540206,0.55489647303786,0.5853643288223813,0.2027793999058007,102.0997629041658,0.1107759960084246,18.390925162841267,7.108728145789666,3.79805425948614,2.013188298236295,1.1613703487099236,0.6015415416758395,3.578515530360317,0.0464440724862023,0.0716506389190271,5.806917400548906,0.0353617611942297
1610612750,Minnesota Timberwolves,82,46,36,0.561,3956.0,111.3,113.8,109.1,111.0,2.1,2.7,0.617,1.79,18.1,0.284,0.706,0.49,0.141,0.539,0.573,103.5,101.47,84.56,8357,0.504,2021-22,2021,2022,2022-23,1610612750,0.512,-0.049,0,MIN,12,18937.37833333333,10,7,11,0.159,0.272,0.1307180235349367,0.3705930959996487,0.5742525782563884,24.465926953810133,112.9789697922812,109.9754807137595,2.995696350788436,0.156612314252932,2.022667561252539,17.957568017818726,0.0419462138678646,0.1322364854797306,0.0859943294685193,9.743148228807105,0.5403685212675073,0.5724575284840113,0.1964784791136611,102.47134884122907,0.1019405396399906,17.496825282133827,6.524239935710918,3.868539705469615,2.047379490314877,1.3249986116522463,0.8383420197111057,3.445984102905726,0.0281928227721369,0.0570533608076949,2.110133822867162,0.0350748438290895
1610612740,New Orleans Pelicans,82,36,46,0.439,3951.0,109.0,111.2,110.5,112.0,-1.5,-0.8,0.621,1.78,18.1,0.306,0.742,0.518,0.143,0.517,0.557,99.7,98.02,81.69,8060,0.5,2021-22,2021,2022,2022-23,1610612740,0.512,0.073,0,NOP,12,15093.35,8,4,7,0.153,0.291,0.1547160394036667,0.4463433675537019,0.6627778679573014,25.968787578635627,109.88544180052808,110.05689684529942,-0.158517161531403,0.148021259362567,1.8687646877598412,17.210872271563307,0.0522754599431758,0.1427545349441972,0.0966121422127405,9.748573245833432,0.5228648957984808,0.5632156967582855,0.1912090110324525,99.36256939866452,0.1021082881975616,16.31208446103748,7.036211311604118,3.5276462813093192,1.9558282289882636,1.2498219414510368,0.6797695673922624,3.912473489993744,0.0326153896456374,0.0516880183586614,4.876756106824256,0.0540624530850278
1610612752,New York Knicks,82,37,45,0.451,3956.0,108.0,109.7,107.6,110.2,0.4,-0.4,0.581,1.65,16.4,0.291,0.74,0.512,0.137,0.513,0.55,98.4,96.42,80.35,7958,0.491,2021-22,2021,2022,2022-23,1610612752,0.573,0.1219999999999999,0,NYK,14,19321.978333333333,12,6,7,0.129,0.279,0.131656463403894,0.3787924752701738,0.5944041099311174,26.65465113260055,108.78516455397464,108.84824308449434,-0.0311128078931186,0.1488961124322414,1.8577333014640407,16.32107842304277,0.0448821287019695,0.1398285731956191,0.0916437776773547,9.71221063716129,0.5352693971899184,0.5650216903255333,0.1937562721105076,97.47561227986746,0.0997193990746461,15.96358274907495,6.944009442787388,3.3033884470249637,1.851984273176996,1.0303292787393146,0.734086321561103,4.123973211381493,0.0222135371524569,0.0627207487461474,4.8568888162072525,0.066415294596707
1610612760,Oklahoma City Thunder,82,24,58,0.293,3961.0,102.2,103.8,110.2,111.7,-8.0,-8.0,0.58,1.59,16.4,0.256,0.727,0.487,0.14,0.497,0.53,100.8,99.39,82.83,8198,0.451,2021-22,2021,2022,2022-23,1610612760,0.488,0.195,0,OKC,17,18678.015,16,4,2,0.134,0.298,0.1039647414353185,0.2980038296360722,0.4603486148465634,22.752706948070585,102.77127189372104,109.9868848036939,-7.20669679477896,0.1495745074266903,1.6698400981046433,16.010492210583763,0.0386414280818027,0.1364658794488243,0.0868245796818702,9.820871141821012,0.501535112180461,0.5319029198231182,0.1960609145743449,100.68519797473128,0.0924230412064665,15.69867033515071,6.772882450303205,3.365239828750539,1.99871346071839,1.139093206638928,0.6900090828709582,2.674435260204412,0.0219020600940445,0.0455484616685572,4.023081765841012,0.042550645928392
1610612753,Orlando Magic,82,22,60,0.268,3956.0,101.8,103.9,110.3,112.1,-8.5,-8.1,0.62,1.64,17.4,0.249,0.735,0.49,0.144,0.503,0.538,101.5,99.71,83.09,8223,0.458,2021-22,2021,2022,2022-23,1610612753,0.415,0.1469999999999999,0,ORL,14,18735.425,12,6,0,0.144,0.265,0.1296499367730738,0.3383971807418299,0.5290804274077939,23.82800132191646,103.08284598116494,110.94418527112856,-7.861683344075018,0.1575825330890545,1.71520997966864,16.88922240443794,0.0356801047569866,0.140493667121687,0.0875640267034241,9.990930461056177,0.5070226488056717,0.5413850547825844,0.1970604307970951,100.8386875682475,0.0946311579979281,15.911888841592866,6.700248326365696,3.587428627853385,2.082899106905768,1.0164701361191433,0.6744442680110005,3.4594025214686988,0.0263141076502601,0.0317677644949877,3.408226050958352,0.0456088572857117
1610612755,Philadelphia 76ers,82,51,31,0.622,3961.0,111.0,113.0,108.3,110.2,2.7,2.8,0.602,1.89,17.9,0.246,0.724,0.49,0.129,0.534,0.578,98.4,96.71,80.59,7975,0.517,2021-22,2021,2022,2022-23,1610612755,0.659,0.037,0,PHI,10,15770.178333333331,8,4,8,0.212,0.375,0.1680612996661314,0.4749417862216101,0.6919109031423974,26.46432850526844,111.88413313229285,108.82150834903896,3.0878728701757447,0.1436879539620509,2.250269112365777,17.034451364796446,0.0294375501143667,0.1275276094425903,0.0799705867836836,8.029114445651484,0.5363044162362569,0.5724523664760925,0.197429636866292,97.80048312600988,0.1017619649619265,16.812745829232327,5.725236461604165,3.2301473656977246,1.556862546576571,1.1231325116065587,0.7715829043150748,3.9106820070841297,0.0504812823718796,0.0816892583248927,2.6602002114359333,0.0354772733698416
1610612756,Phoenix Suns,82,64,18,0.78,3946.0,112.5,114.2,104.7,106.8,7.8,7.5,0.627,2.12,19.5,0.264,0.728,0.503,0.129,0.549,0.581,102.0,100.26,83.55,8242,0.548,2021-22,2021,2022,2022-23,1610612756,0.549,-0.2309999999999999,1,PHX,12,17966.861666666668,9,6,11,0.152,0.313,0.1588676634956744,0.4084132853103541,0.6096640695087074,27.93744798873705,113.67345014901043,105.66752948970776,7.996437023828221,0.1606108996776195,2.317135254654472,18.45135937763941,0.0375737828262903,0.1361096072519435,0.0889040517834825,8.42262511622091,0.5555376943496997,0.5842298549264354,0.1962522943860442,101.25155543766364,0.111312450875997,17.512240358801304,6.60816575552937,4.191717028674179,1.809331011899036,1.2683350282747397,0.6271546032385363,4.375313975251558,0.0315230887886392,0.0535690911865,2.6404462193820457,0.0572250447651049
1610612757,Portland Trail Blazers,82,27,55,0.329,3946.0,105.5,107.3,114.0,116.3,-8.5,-9.1,0.595,1.58,17.0,0.268,0.721,0.487,0.146,0.515,0.55,100.6,98.74,82.28,8120,0.447,2021-22,2021,2022,2022-23,1610612757,0.402,0.073,0,POR,15,14173.741666666663,12,6,1,0.142,0.288,0.1186005342038005,0.3259629749613281,0.4994730278819578,26.24520424799615,106.29077654747718,112.92546603490378,-6.623928837892136,0.1790730606891029,1.7887863578718632,19.47325053546788,0.0393610640333151,0.1323962890297728,0.0849077916969701,11.043570452168304,0.5079340377658452,0.5440899700090954,0.1969016507638243,99.97899193990766,0.0923344060525067,15.831246630359312,6.309131498445777,4.152749597406943,2.313856197698914,1.1759774089293054,0.5689393943848043,4.388091575944719,0.0264393564893295,0.0456825727363391,8.620664642518367,0.0461258562189163
1610612758,Sacramento Kings,82,30,52,0.366,3961.0,107.2,109.6,112.9,114.8,-5.7,-5.2,0.585,1.68,17.3,0.259,0.714,0.484,0.14,0.525,0.561,102.1,100.1,83.41,8252,0.473,2021-22,2021,2022,2022-23,1610612758,0.585,0.2189999999999999,0,SAC,9,12135.456666666663,9,3,1,0.116,0.284,0.2131545935505242,0.5558924166292877,0.7497722239267469,26.474089424460605,108.33237761688405,113.59912974020752,-5.278978046973648,0.1406745145149049,1.580870571551077,15.625328726813462,0.033255717337378,0.1338419499115127,0.083631008254874,10.410334661214504,0.5459470565178566,0.5813385084807958,0.1963019117258874,101.40545468966005,0.0955840870704769,16.944726980470723,6.211879953975086,3.304696403404129,2.0261289439183305,0.9997151597371556,0.7208628599885128,2.664515068783949,0.0195416459812322,0.0478468481830346,2.261422681512512,0.0667860966593145
1610612759,San Antonio Spurs,82,34,48,0.415,3961.0,109.4,111.9,110.0,111.7,-0.6,0.2,0.646,2.19,19.5,0.281,0.711,0.494,0.126,0.527,0.556,102.4,100.51,83.76,8290,0.51,2021-22,2021,2022,2022-23,1610612759,0.268,-0.1469999999999999,1,SAS,11,15660.241666666663,10,4,6,0.163,0.268,0.1527259317517982,0.4295787261690832,0.656216991117102,23.834443700049324,111.30378916034182,110.72729418288031,0.5764949774615015,0.1610284269772337,2.2450651549119347,18.154422457294988,0.0435147617453753,0.1400333809237724,0.0914344977647747,8.544887408612787,0.5317837721746523,0.5578693571672212,0.1975974767311487,102.00485847121344,0.1028940725159094,17.123873673724702,7.002190792074834,4.107982582218559,1.7861793320558588,1.1172241381971009,0.6942421599496388,2.737574436751309,0.031125824720705,0.0383533121699223,2.173926510405236,0.0362461215780725
1610612761,Toronto Raptors,82,48,34,0.585,3971.0,109.6,112.1,107.9,109.9,1.7,2.2,0.543,1.77,16.1,0.325,0.714,0.508,0.128,0.51,0.543,98.6,96.63,80.53,8000,0.494,2021-22,2021,2022,2022-23,1610612761,0.5,-0.0849999999999999,1,TOR,12,18633.63833333333,8,5,8,0.139,0.257,0.1404604021240081,0.4109322718599508,0.6350546319322322,24.958517673637363,111.15291831090776,108.64414613785836,2.5133509889775496,0.138884885157962,1.827924259379296,15.582741624175558,0.0485812350298738,0.1340431873968431,0.0890676725953412,8.626937814881918,0.5087210486626201,0.5413825787109208,0.19788155489047,97.5366078015002,0.1008834986869177,16.589996782700243,6.680820877440019,3.311430591073509,1.7619747369072578,1.2944331948770424,0.6800604247712223,3.187169189456065,0.0221357034837318,0.0374464918555895,2.615064426905452,0.0262421566968582
1610612762,Utah Jazz,82,49,33,0.598,3946.0,114.0,116.2,107.7,110.0,6.2,6.2,0.552,1.6,16.7,0.3,0.738,0.525,0.143,0.555,0.589,99.5,97.5,81.25,8014,0.528,2021-22,2021,2022,2022-23,1610612762,0.451,-0.1469999999999999,1,UTA,11,17184.158333333336,8,6,9,0.177,0.322,0.139985810574565,0.396412199414286,0.6438334919904426,29.88694306141461,115.0769444241038,108.47208707244415,6.614356779184705,0.1421961966908475,1.638778008233358,16.48123921305427,0.0469509371761491,0.141093305316573,0.0953948509746622,10.254988426840807,0.5692585537357809,0.5988347605037391,0.2016437119653324,98.99863610234038,0.1106240208641776,17.80709849527108,7.101889870466937,3.366589091988309,2.04467389780995,1.108230012235106,0.754182995093834,3.59806467101519,0.0325034677891651,0.0670973239318449,2.8519941578636945,0.0607428045373647
1610612764,Washington Wizards,82,35,47,0.427,3966.0,108.9,110.2,111.7,113.6,-2.8,-3.4,0.617,1.91,18.5,0.247,0.731,0.494,0.133,0.532,0.568,99.3,97.8,81.5,8079,0.496,2021-22,2021,2022,2022-23,1610612764,0.427,0.0,0,WAS,10,14419.141666666666,9,3,2,0.123,0.297,0.1615054525321375,0.4519750077587836,0.6770277010247375,25.705988393900007,109.250577686952,112.95313625348712,-3.7262978552236974,0.1336741680763476,1.670488729969479,16.03148926455978,0.0355273686540518,0.1370408551826651,0.0876253622355006,9.612356433606486,0.5454453781056084,0.5764778477914485,0.1921031733858407,99.1859683753714,0.0960511155021363,16.113580500919785,6.339073581009503,3.190758580752321,1.8775042666085648,0.9337587708930896,0.7664811301181242,3.1505402460491823,0.0199240125770532,0.0460918068013782,3.0720856228444937,0.0527373060823936
1610612737,Atlanta Hawks,82,41,41,0.5,3971.0,113.9,115.5,113.6,115.4,0.3,0.1,0.56,1.93,17.6,0.289,0.717,0.5,0.126,0.541,0.579,103.1,101.56,84.63,8407,0.5,2022-23,2022,2023,2023-24,1610612737,0.439,-0.061,1,ATL,10,17864.951666666668,8,6,6,0.143,0.313,0.1507641918240099,0.4121915247275134,0.6346486057290387,24.851138975933416,114.6151331970205,114.32940394185223,0.2826160178994793,0.1480710418005608,1.8122955468393376,15.811651062401417,0.0457514574859844,0.1377596821560577,0.0913540480704724,8.655376789432491,0.5513374588848127,0.5862964511238999,0.1990820377254495,102.64942910098364,0.103333121434884,18.12800874263024,6.68817930377832,3.832755961369799,1.8942116738630972,1.0680129650504695,0.765745144753167,2.9439654810056872,0.0270722941954963,0.0554015827147081,1.0884007483702924,0.044579123630742
1610612738,Boston Celtics,82,57,25,0.695,3996.0,115.7,117.3,108.8,110.6,7.0,6.7,0.632,2.0,19.1,0.255,0.746,0.506,0.133,0.566,0.6,100.6,99.15,82.63,8247,0.534,2022-23,2022,2023,2023-24,1610612738,0.78,0.085,0,BOS,12,19252.35333333333,9,7,12,0.167,0.319,0.1419149451166663,0.3873003577398157,0.5951462037714526,27.78661509086508,116.48967431860277,109.27895648601223,7.219023241487705,0.1625486899783333,2.4089945904448733,20.35441826505712,0.0389932228198596,0.1398202635314193,0.0905680943593735,9.13711780862807,0.5777056676707574,0.6077551264728501,0.1971932726492657,100.1578449249321,0.109218443944342,17.722924262419173,6.65871843199775,4.009068328616449,1.899819693038392,0.9461700439738449,0.7685294230696644,3.791093839335961,0.031975732831348,0.0766868858328824,2.3760639157652763,0.0444539130098819
1610612751,Brooklyn Nets,82,45,37,0.549,3946.0,113.0,114.6,110.9,113.5,2.1,1.1,0.616,1.86,18.9,0.234,0.689,0.472,0.139,0.562,0.598,100.7,98.77,82.31,8111,0.51,2022-23,2022,2023,2023-24,1610612751,0.39,-0.159,1,BKN,10,12253.429999999997,7,3,4,0.134,0.268,0.1966171920841757,0.5065574836324742,0.6955438871673757,27.601225806434066,112.94466602412548,112.84563828250538,0.0854411105026648,0.1314626765730085,1.970738330682375,20.23029313696927,0.0405447726337305,0.1320569871728432,0.0888764097073227,10.300410143663177,0.5842469103208924,0.5999864919455206,0.163530239152085,100.13631818192948,0.0895818264763417,14.16974675662243,6.381233662737698,3.4374048735741747,1.7803994473384186,1.057663038022823,1.0312214620722524,3.791969107584599,0.0244623212821037,0.0376267580773163,3.2519971517126267,0.0529553181332184
1610612766,Charlotte Hornets,82,27,55,0.329,3966.0,106.7,108.4,112.6,114.7,-5.9,-6.3,0.609,1.77,17.8,0.276,0.717,0.491,0.139,0.516,0.551,103.3,101.47,84.56,8390,0.473,2022-23,2022,2023,2023-24,1610612766,0.256,-0.073,1,CHA,13,16102.673333333334,11,6,0,0.133,0.289,0.1477744275174184,0.3836252241346261,0.5660393450197295,24.95630239036913,107.01332932916728,112.97703118447,-5.9272591797386855,0.1528464115275269,1.6844870323809586,16.445328746655317,0.0375086291054777,0.127247708455035,0.0813723902366522,10.120188583593368,0.5101631430971504,0.5447540761347701,0.2015790675130133,102.5615708002522,0.0929809202488531,16.90154140037203,6.1748753105592,3.740248513600848,2.070215256183135,1.151361616559735,0.7891857294089056,3.858123030119873,0.0221749914873499,0.0496155013410166,2.0734484593784264,0.0549788944357027
1610612741,Chicago Bulls,82,40,42,0.488,3981.0,111.7,112.8,109.4,111.5,2.3,1.3,0.575,1.83,18.1,0.236,0.736,0.493,0.133,0.55,0.587,100.6,99.18,82.65,8225,0.512,2022-23,2022,2023,2023-24,1610612741,0.476,-0.012,0,CHI,10,18144.78166666667,8,5,7,0.156,0.278,0.1525479915299798,0.4516954323598456,0.6953168996522324,27.45506692511869,111.67696037308797,110.43667709237612,1.253017097936973,0.1420817056768112,1.876758160679622,17.848982494415978,0.0365811261254268,0.1417319581966128,0.0907379896828004,9.899949250790105,0.5550885724812156,0.5897287597563632,0.1973658533045635,100.2091953921738,0.1054256118081332,17.197671800772103,6.410438115862328,3.49588113901251,1.89872772419692,1.1824887394162635,0.6825102791261656,4.209919141972769,0.033162082414437,0.0588720364268779,2.81977999275486,0.0161836745177699
1610612739,Cleveland Cavaliers,82,51,31,0.622,3976.0,113.7,115.5,107.7,109.9,6.0,5.6,0.6,1.87,18.6,0.273,0.715,0.496,0.137,0.556,0.59,98.0,96.27,80.23,7972,0.531,2022-23,2022,2023,2023-24,1610612739,0.585,-0.037,0,CLE,11,18336.395,10,5,11,0.149,0.31,0.1480804523826339,0.4141921935400425,0.6572853242599397,25.200500789095493,114.65208930108672,108.70955366817375,5.93473191795152,0.1559235344970117,2.016411984653108,18.26184038174716,0.0412846409195118,0.1271404180047386,0.0847181915165622,9.04096923086572,0.5572806441324298,0.5889836832703483,0.1952214863754116,97.25202316122297,0.1069423310852542,16.837333619830943,5.829062910130372,3.787222079367291,1.819986971266708,1.097489446535156,0.6950112058558948,2.6797907467891804,0.0309040031779983,0.0620618781791673,1.9224210332739609,0.0470090398258089
1610612742,Dallas Mavericks,82,38,44,0.463,3986.0,114.3,115.9,114.0,116.1,0.3,-0.2,0.573,1.88,17.4,0.226,0.717,0.471,0.124,0.565,0.599,98.8,97.21,81.01,8082,0.487,2022-23,2022,2023,2023-24,1610612742,0.61,0.1469999999999999,0,DAL,13,15392.80666666667,7,6,5,0.202,0.368,0.1552979725161666,0.4487284320251753,0.6616583027310158,27.75618319119624,115.1511785591625,114.83836311419924,0.3096203378114713,0.1446269996894653,1.947028649962472,16.48075192914786,0.033913052785262,0.1424385405563897,0.0883486900374677,9.36397270629874,0.5772740006046115,0.6028968226933707,0.1938114109361039,98.41200929893226,0.0979956831567645,16.979359622958086,6.188345118780591,3.2040940335334125,1.7985024173629156,0.905098095603964,0.5729949184056102,4.056214291507012,0.0523119947572192,0.0915416470135267,4.122963620600321,0.0598112707123614
1610612743,Denver Nuggets,82,53,29,0.646,3951.0,115.0,116.8,111.7,113.5,3.3,3.3,0.663,1.99,20.5,0.289,0.727,0.514,0.147,0.573,0.601,100.3,98.74,82.28,8129,0.525,2022-23,2022,2023,2023-24,1610612743,0.695,0.0489999999999999,0,DEN,12,17842.925,9,6,6,0.211,0.263,0.1334538292721998,0.3913987383421347,0.6261411736024223,27.433261269289275,116.64890641528784,111.97776472560786,4.641414416825344,0.1671582014533304,1.9934456243394327,19.571361253830297,0.0460723452012492,0.1383683153593558,0.093820319351601,9.90490177479309,0.5825238601107535,0.607310355598461,0.1910654271464273,99.88786710045204,0.106141288120268,17.351415196779676,6.545115220738753,4.35197704412253,2.033747269576037,1.1318772006271394,0.6658101180159643,3.48901742432243,0.0447988359778396,0.048770677013474,7.390262598688749,0.0554631080370365
1610612765,Detroit Pistons,82,17,65,0.207,3961.0,107.8,109.9,116.1,117.8,-8.2,-7.9,0.581,1.52,16.7,0.292,0.702,0.491,0.15,0.52,0.561,101.6,99.88,83.23,8231,0.449,2022-23,2022,2023,2023-24,1610612765,0.171,-0.0359999999999999,0,DET,12,15893.993333333332,12,5,0,0.116,0.287,0.1449803468731793,0.3995705505518017,0.5936189101207625,24.83629129914487,108.84494187321916,116.6883647029758,-7.864769153881612,0.165777050994946,1.6868207685586878,17.56603703327756,0.0439028953915084,0.1274767772856747,0.0847100441298788,10.864434488668463,0.5293264649454573,0.5646707341012265,0.1963961845753888,100.82852294724336,0.0926175271035305,16.568523370883504,6.224238171317549,3.889016353767188,2.3012467183619467,1.0441680483906075,0.554926620077438,5.079700999049013,0.0194782500322497,0.0471672875739826,3.742823372456844,0.0588498873447638
1610612744,Golden State Warriors,82,44,38,0.537,3966.0,113.5,115.1,111.4,113.4,2.1,1.7,0.691,1.83,20.4,0.277,0.719,0.502,0.158,0.571,0.6,104.2,102.54,85.45,8472,0.51,2022-23,2022,2023,2023-24,1610612744,0.561,0.024,0,GSW,12,19036.915000000005,10,6,7,0.166,0.297,0.1291224619815412,0.3695262599008294,0.5743255494215667,28.10339647994436,114.01420827201603,111.87698837583014,2.1416253281234554,0.1750221217565976,2.158516390392036,21.94594569725889,0.0425868434214962,0.1324947385995402,0.0883153050271013,10.717321250143032,0.5755146429100163,0.601820481767485,0.193634039443891,103.77922771713098,0.102795647649142,17.76842518864007,6.584680343427493,4.512075617294084,2.3222250033684557,1.0722325544869007,0.5767741254294616,4.727647509965429,0.0241684179762911,0.0677254911366,3.855304665941108,0.0290356736236987
1610612745,Houston Rockets,82,22,60,0.268,3951.0,107.7,110.5,116.9,118.6,-9.2,-8.1,0.551,1.38,16.0,0.344,0.729,0.53,0.162,0.516,0.554,101.8,99.74,83.11,8220,0.457,2022-23,2022,2023,2023-24,1610612745,0.5,0.2319999999999999,0,HOU,11,17087.6,8,5,0,0.125,0.274,0.1522832346262787,0.4298356703106347,0.6753084107774059,21.44189187871127,109.42540626926348,118.15784250957812,-8.7037937549256,0.1422961452554288,1.4011856580210211,15.941315193473631,0.0550091746841764,0.1427588613965683,0.0971197782797662,11.329765024540214,0.5173135240369235,0.5510055156955922,0.1984217999211904,100.80021728524387,0.0930224828725703,16.81640487839135,7.230506332077062,3.417214822444346,2.382780495798123,1.1271331257754162,0.6657459210187505,1.487894183147043,0.0204768149120787,0.0456089674168942,2.220805485340563,0.0504699686688247
1610612754,Indiana Pacers,82,35,47,0.427,3951.0,111.0,113.8,115.4,117.1,-4.4,-3.3,0.643,1.81,18.9,0.285,0.685,0.482,0.146,0.545,0.581,103.8,101.68,84.73,8377,0.482,2022-23,2022,2023,2023-24,1610612754,0.573,0.1459999999999999,0,IND,11,18130.18833333333,11,5,1,0.159,0.238,0.1368918487976729,0.3738398378468766,0.5783640967877425,24.94228309634216,112.88575256572533,116.11906785671376,-3.220512785627433,0.165669078175599,1.784379716408535,17.902024992753798,0.0390519306059791,0.1292535627272854,0.0837048081776683,10.02465113204836,0.5425617132309619,0.5802102080572245,0.1964569870711951,102.6031910304664,0.0986770778167132,17.61857042669073,6.171364463671226,4.1221855297881165,2.138532666465222,1.157627246563811,0.8657383867955775,3.36733044569192,0.0308245080791431,0.0297552864542108,2.015506085239355,0.0426750200655864
1610612746,LA Clippers,82,44,38,0.537,3966.0,112.4,114.0,112.0,113.6,0.3,0.5,0.581,1.68,17.5,0.273,0.731,0.505,0.143,0.551,0.588,100.2,98.84,82.37,8168,0.498,2022-23,2022,2023,2023-24,1610612746,0.622,0.0849999999999999,0,LAC,10,14988.433333333332,9,5,4,0.159,0.294,0.1447389431405995,0.3990062336957609,0.6373634780597482,30.401947390543373,113.00916774712944,112.50637055685162,0.5031111879604941,0.1407816074839932,1.8126908438284632,16.601144571480678,0.0406540316644167,0.142493709816236,0.0925410011720148,9.779435987305767,0.5591682690874964,0.5945923595528108,0.1957957230353184,99.59660002268416,0.1030528286256291,17.228485076269926,6.617102521277519,3.3265651513500414,1.9238835279648976,1.0664223301078832,0.7229574805461101,3.127448313278163,0.0304002553401871,0.0642049940311234,3.94949495426516,0.0465386221188109
1610612747,Los Angeles Lakers,82,43,39,0.524,3976.0,111.8,113.9,111.5,113.2,0.3,0.7,0.589,1.8,17.9,0.269,0.727,0.505,0.137,0.542,0.582,103.6,101.92,84.93,8436,0.511,2022-23,2022,2023,2023-24,1610612747,0.573,0.0489999999999999,0,LAL,8,12380.623333333331,7,4,4,0.186,0.322,0.1604075131381376,0.472059834359444,0.7711575911498264,27.933015354369616,113.26379241271373,111.77105670769942,1.4927357050143142,0.1475678572457445,1.8374852800895591,17.00923790320735,0.0411279242267554,0.1342920664737666,0.0891208442116673,9.224094317275894,0.5531454113645866,0.5973418684896588,0.199632905801458,102.8631414102198,0.1099954120511433,18.606817588882844,6.673331202763889,3.6405275232507135,1.9336667755285344,0.9188551895744614,0.7269423968152384,5.128814147916407,0.0476973173640039,0.0732911602777361,4.147028455842929,0.0467900067902252
1610612763,Memphis Grizzlies,82,51,31,0.622,3956.0,112.3,114.7,108.3,110.7,4.0,4.0,0.596,1.91,18.2,0.302,0.711,0.507,0.133,0.54,0.57,103.7,101.5,84.58,8360,0.519,2022-23,2022,2023,2023-24,1610612763,0.329,-0.293,1,MEM,13,18543.635,12,5,10,0.175,0.338,0.119408267760519,0.3290635843511804,0.5247618207900806,24.75978693857309,113.65652954953728,109.23007562073634,4.421893307326207,0.1531733706291493,2.0936707285276057,17.53686093188669,0.0475217136949327,0.1344059237396911,0.0910641598406497,9.290184089221627,0.5431109272804387,0.5677055212385993,0.1965497375065173,102.71325525173462,0.1052111635609739,17.617905011611803,7.05881020630529,3.863320217422313,1.949132411202011,1.2424748437941109,0.8988528948073019,2.309749439856616,0.0365673178115929,0.0654756755646112,4.399587048189355,0.0487886926698093
1610612748,Miami Heat,82,44,38,0.537,3961.0,110.4,112.3,110.6,112.8,-0.2,-0.5,0.608,1.77,17.8,0.274,0.733,0.498,0.138,0.53,0.574,98.6,96.76,80.63,7991,0.496,2022-23,2022,2023,2023-24,1610612748,0.561,0.024,0,MIA,11,18088.16833333333,10,8,5,0.177,0.251,0.1436294314303613,0.3983467646116001,0.6314136653416444,28.004862202281213,111.51989997881672,111.69289098831727,-0.1638419257671289,0.1593119618431974,1.98182657245284,18.33088017664585,0.0384933888183445,0.1306388789504299,0.0833004208736447,9.79820612018851,0.528480068693154,0.5683382402548405,0.1955806558080645,97.53848164375589,0.1005465751507361,16.46534875790353,5.783670191039243,3.6939063573877617,1.9205924756892188,1.2080825209775707,0.4139722641900077,4.1417426215105415,0.0395509782860484,0.0468109816340605,2.5311319319578223,0.036409403571795
1610612749,Milwaukee Bucks,82,58,24,0.707,3966.0,112.8,114.3,109.4,110.9,3.3,3.4,0.604,1.76,18.1,0.284,0.745,0.521,0.143,0.555,0.583,102.8,101.45,84.54,8389,0.523,2022-23,2022,2023,2023-24,1610612749,0.598,-0.1089999999999999,1,MIL,13,17674.423333333332,11,5,9,0.204,0.373,0.1342321965431404,0.3722119552415383,0.5866782640904645,30.16797002523608,113.27547449450024,109.21560115964178,4.079449503963071,0.1583506411430301,1.943289038944599,17.882087496678338,0.0437583125295742,0.1428923449081884,0.0948780655172719,9.322010166479734,0.5586700637286232,0.5840149795552027,0.1975306606891653,103.19064013781116,0.1087489839838244,18.08511621406978,7.346887508069569,3.922956845173826,2.0755415499647603,0.9715734242720224,0.7658524266798331,3.741738348672869,0.0445425433580186,0.0767123069308531,3.932250923320924,0.0355838335958181
1610612750,Minnesota Timberwolves,82,42,40,0.512,3966.0,111.3,113.3,111.1,113.1,0.2,0.2,0.61,1.71,18.6,0.258,0.703,0.485,0.15,0.56,0.592,103.4,101.55,84.62,8383,0.503,2022-23,2022,2023,2023-24,1610612750,0.683,0.171,0,MIN,10,15710.021666666666,10,5,7,0.138,0.292,0.1808689421497721,0.4714459867602559,0.6756639312931141,25.650516289336757,112.14589683888616,111.38166326526392,0.7694863140969569,0.1419166964866269,1.7739944131203722,18.176917059206264,0.0407684796318443,0.1438724246401951,0.0933511116524027,10.907383365586275,0.5671701401218098,0.5942016831506598,0.1941893085655621,102.49462115212444,0.1029819540881176,17.142942620596855,6.789806039944991,3.611452689488122,2.209035782148826,1.203053719531259,0.8936970487946495,3.82839648717954,0.0289629029396696,0.0619597713482748,2.4548730874255726,0.0425795834095846
1610612740,New Orleans Pelicans,82,42,40,0.512,3971.0,111.8,113.8,109.9,112.0,1.9,1.9,0.616,1.77,18.5,0.29,0.732,0.512,0.145,0.543,0.582,101.4,99.58,82.98,8239,0.514,2022-23,2022,2023,2023-24,1610612740,0.598,0.0859999999999999,0,NOP,12,18102.81,10,5,9,0.171,0.306,0.1463401722347709,0.3902939193786304,0.5970334623924868,26.121023568532543,112.98510709110904,111.1063960051874,1.8924695852927436,0.1566736270041317,1.875521932782811,18.53248858418481,0.0462915982840969,0.1424794814543525,0.0942674186125432,10.21641956874835,0.5461701889559318,0.5839850506634052,0.1981605173450972,100.60716627971016,0.1057560390716505,17.41453398671256,6.769335810296854,3.8440441014406046,2.1576760734935623,1.1991508500613992,0.6244334443105793,3.596536260394016,0.0294134809219665,0.0606276482771339,2.7892919811660333,0.0489193662419796
1610612752,New York Knicks,82,47,35,0.573,3991.0,114.9,117.0,111.8,114.2,3.1,2.8,0.546,1.77,16.6,0.318,0.727,0.521,0.131,0.541,0.577,99.7,97.75,81.46,8134,0.509,2022-23,2022,2023,2023-24,1610612752,0.61,0.037,0,NYK,14,19560.61666666667,10,6,8,0.148,0.298,0.1399368799722571,0.3880955525430776,0.6163609361327225,25.025921132343303,115.3107421289547,113.09629232888877,2.2186030604011298,0.1436714269403572,1.9089525679575543,16.627302223771068,0.0490852184278443,0.1366048247456411,0.0924374077333962,9.273596069312743,0.5502908063566505,0.579138279553218,0.1986634315380309,98.76319392623104,0.1019540748118881,17.445462268145945,6.892420739973264,3.4379284225020177,1.8349114760356056,0.9183759544049822,0.6091832483127236,2.212990252443272,0.0297471125405197,0.0701593699658538,3.9361431458230753,0.0634220202733889
1610612760,Oklahoma City Thunder,82,40,42,0.488,3971.0,112.3,114.2,111.4,113.2,0.8,1.0,0.567,1.87,17.2,0.289,0.693,0.487,0.127,0.531,0.57,103.6,101.94,84.95,8435,0.498,2022-23,2022,2023,2023-24,1610612760,0.695,0.2069999999999999,0,OKC,13,17942.108333333334,11,4,8,0.175,0.318,0.1346544650781936,0.3934235710871957,0.5978423197199512,22.819736346481022,113.01258372181272,112.4574530863848,0.5380281395766849,0.1523541231915796,2.052204597843156,17.537360148589006,0.043400790691172,0.1287789870476946,0.0846533932977962,8.751328295216144,0.5325659388784206,0.5668598676391153,0.1970311690422855,103.05719254286824,0.1009902699097514,17.735039499724348,6.362462976991278,3.7962093826766,1.890078878689935,1.241994507334469,0.5738456043580907,2.042269977326368,0.0354933132726991,0.0570980171450395,3.986156790735953,0.0462390664939621
1610612753,Orlando Magic,82,34,48,0.415,3956.0,109.0,111.3,111.5,113.7,-2.4,-2.3,0.574,1.54,17.0,0.281,0.73,0.505,0.151,0.532,0.573,101.7,99.66,83.05,8205,0.485,2022-23,2022,2023,2023-24,1610612753,0.573,0.1579999999999999,0,ORL,13,17341.28,11,5,2,0.126,0.272,0.1504344931093129,0.3930731564605765,0.5799855412441681,23.089349805781357,110.20175804977104,112.60796695322762,-2.3900681879692085,0.1509713964789989,1.656880423475084,16.983206295421486,0.0410876419349282,0.1374226863107375,0.0892408211312352,10.745091875186452,0.5325633659491497,0.5734993131994871,0.1990999749345684,100.85104634144656,0.0989006217149676,16.9814454296338,6.425131247520368,3.614266074937952,2.2358211158576533,1.0919609163798751,0.645627081737911,2.374902475949872,0.0255102532973794,0.0461387883563173,2.7298863782200096,0.0393240336585372
1610612755,Philadelphia 76ers,82,54,28,0.659,3976.0,115.5,117.0,110.2,112.7,5.2,4.4,0.616,1.84,18.6,0.258,0.721,0.496,0.139,0.563,0.608,99.2,97.44,81.2,8072,0.524,2022-23,2022,2023,2023-24,1610612755,0.573,-0.086,1,PHI,12,18616.59666666667,8,6,11,0.213,0.37,0.1308444490122523,0.3690154430303139,0.5919764425255671,28.891158050907624,116.06330665701697,111.7117749323677,4.345707512955733,0.1650333437243004,1.91581940057429,18.36022690506088,0.0379342838173608,0.1363301702656357,0.0891975603668339,9.957305058801476,0.5619762188899905,0.6006622721410411,0.1980175078545505,98.19921678577484,0.1078548880846284,17.475374571685943,6.118411546399726,3.848179196376566,1.960831007600924,1.0848384568679668,0.70002053723031,4.434126508751989,0.0509675568671025,0.0805799574556875,2.476564979393617,0.0280739356040018
1610612756,Phoenix Suns,82,45,37,0.549,3956.0,112.1,114.5,110.1,112.3,2.1,2.2,0.647,2.01,19.3,0.307,0.714,0.508,0.136,0.535,0.57,100.8,98.83,82.36,8141,0.514,2022-23,2022,2023,2023-24,1610612756,0.598,0.0489999999999999,0,PHX,11,15107.041666666668,9,3,9,0.147,0.311,0.1347276794210205,0.3886805545978834,0.6098825878660338,28.769947347953085,113.57913555764556,110.84407500917068,2.7118900623053817,0.1649340844915037,2.0232019582479475,18.907310796014,0.0518376037664555,0.1383870133409089,0.0942153834442547,9.888067970510445,0.5381760564196056,0.5702735548819674,0.1927978916013228,99.84198681299286,0.1039378328538843,16.735771673805537,6.939280523155593,4.13926176810483,2.006481524895951,1.062815629576715,0.8316651451172054,4.353455699022452,0.0319015010254146,0.0573729071220954,3.286967247035396,0.0344067072857049
1610612757,Portland Trail Blazers,82,33,49,0.402,3946.0,112.0,114.0,116.0,118.0,-4.0,-4.0,0.597,1.67,17.8,0.264,0.709,0.486,0.145,0.549,0.589,101.0,99.25,82.71,8157,0.474,2022-23,2022,2023,2023-24,1610612757,0.256,-0.146,1,POR,11,15245.45,9,5,2,0.173,0.331,0.1472914869682429,0.4278506046066203,0.6483937830631433,25.6372959363832,113.3450851565549,116.79076535403458,-3.4534999185549347,0.1575200419360093,1.617727495744632,16.713307019471383,0.0400735743014035,0.1301001859571216,0.0853150617615966,10.40292494919249,0.5552370945648264,0.5913067214589708,0.2111772329886403,99.9863040174828,0.1007473296404282,18.61224168522412,6.0096618991240005,3.648301624419089,2.1866196143767485,0.885510103014342,0.7485512070814571,3.913440310841612,0.0333992630257218,0.0623033267937889,4.173516826157666,0.0524908933063862
1610612758,Sacramento Kings,82,48,34,0.585,3966.0,117.0,118.6,114.1,116.0,2.9,2.6,0.626,2.02,19.3,0.265,0.731,0.499,0.133,0.572,0.608,102.5,100.99,84.16,8343,0.511,2022-23,2022,2023,2023-24,1610612758,0.561,-0.0239999999999999,0,SAC,11,18708.353333333333,8,5,10,0.161,0.288,0.1462210463561197,0.4186811559756016,0.6637294463471398,25.85861520682561,118.0797646808752,114.86953531096444,3.22423160883926,0.1624386142304346,1.9747790701693684,18.15038309090449,0.0396613767539847,0.1399421279015113,0.0898167767660293,9.09117054841456,0.5766747153588789,0.6120403147007771,0.1990251119553369,102.0306174443288,0.1052367848693613,18.505744136398253,6.334710377147036,4.102552407070924,1.972380964937944,1.0275623758798655,0.4772199798093757,2.637555937389974,0.0315682015798259,0.0456647169525924,2.193551924691802,0.03418189849882
1610612759,San Antonio Spurs,82,22,60,0.268,3971.0,107.2,109.7,117.7,119.6,-10.5,-9.9,0.632,1.78,18.7,0.299,0.709,0.495,0.148,0.525,0.554,104.1,102.07,85.06,8451,0.452,2022-23,2022,2023,2023-24,1610612759,0.268,0.0,0,SAS,13,15226.738333333333,10,4,0,0.121,0.273,0.1355071336682631,0.3675551877328073,0.5586853082893766,23.581122045944834,108.52413599629512,118.00710747530412,-9.474033232987193,0.1557313563432221,1.9338474008933624,18.27126276660475,0.0401489816762027,0.126252475278411,0.0814721456543057,9.981984333917868,0.5197724092366902,0.54957319333983,0.1977647701526798,103.34761085406453,0.0886225319867693,17.006137120851992,6.0808820623983495,3.97905307582287,2.1278358694239947,1.0142684310921042,0.5343232294331365,3.4593802814618924,0.0230078658093736,0.0387745456940588,2.6299729981364006,0.0505380308525425
1610612761,Toronto Raptors,82,41,41,0.5,3961.0,112.2,114.6,111.4,113.1,0.8,1.5,0.571,2.05,17.2,0.316,0.721,0.502,0.118,0.517,0.555,99.6,97.85,81.54,8076,0.496,2022-23,2022,2023,2023-24,1610612761,0.305,-0.195,1,TOR,11,17933.745,7,5,6,0.135,0.27,0.1493023347884114,0.4385349146724978,0.6896617707753364,26.161732439785062,113.73063757737158,112.45082541320842,1.2742950417402126,0.1456443670856254,2.0116703752246576,16.378380617099218,0.0476850826937336,0.1352879992438835,0.0879347580961663,8.370754779142151,0.5142514008275089,0.5517814636597096,0.1986658252361679,98.72222728158565,0.0993644563177778,17.094923564486947,6.299186254739319,3.6092851771897054,1.710295311994232,1.3911204826431955,0.7326969353026932,3.593659627973085,0.0230822005542175,0.0445581515803084,3.132630648446157,0.0283729406550643
1610612762,Utah Jazz,82,37,45,0.451,3961.0,112.7,115.3,113.8,116.0,-1.1,-0.7,0.611,1.69,18.2,0.308,0.711,0.512,0.151,0.547,0.584,103.1,101.02,84.18,8329,0.498,2022-23,2022,2023,2023-24,1610612762,0.378,-0.073,1,UTA,12,14550.116666666669,9,4,7,0.154,0.273,0.1561833983003572,0.42627722343578,0.633589765030521,26.819393200741803,114.512813963691,114.62303404210964,-0.1011946181416645,0.14507781323632,1.4898446094933944,16.301361672930458,0.0508816231714064,0.1337051014482128,0.093118385992323,10.890360272025308,0.5663868621901085,0.6006958969401162,0.2048935113922339,102.19224835654236,0.1046421836251026,18.67531417273859,7.063860885422454,3.627187410868412,2.35791923776098,0.8065914706296742,0.9105081631647856,4.38691888551396,0.0311640596129276,0.0518621620073147,4.3117943222459765,0.0713389319515896
1610612764,Washington Wizards,82,35,47,0.427,3951.0,111.5,113.7,113.3,114.9,-1.8,-1.2,0.603,1.8,18.5,0.273,0.724,0.505,0.142,0.55,0.585,100.8,99.16,82.63,8161,0.504,2022-23,2022,2023,2023-24,1610612764,0.183,-0.244,1,WAS,12,17299.481666666667,10,6,5,0.145,0.288,0.1294172686676835,0.3729391121448821,0.5877702116123131,26.520916185446403,113.23212235935009,113.94855750495029,-0.6971615238182955,0.152853516516728,2.174187852834512,19.292029366197774,0.0414230198997291,0.1386315560129017,0.091837444840592,9.757966216521517,0.563393258892439,0.5957363378613753,0.1937707635556325,99.88882444165716,0.1026988990710607,17.026637310616916,6.625863260450289,3.8498263290932897,1.9852617934891883,1.028007679228154,0.8053420483022179,3.4425975020222874,0.0250055369169819,0.0624138074109706,2.172555220683257,0.064179907389848
1610612737,Atlanta Hawks,82,36,46,0.439,3971.0,114.0,116.4,116.7,118.4,-2.6,-2.0,0.618,1.96,18.4,0.308,0.717,0.504,0.133,0.539,0.576,102.6,100.84,84.03,8339,0.482,2023-24,2023,2024,2024-25,1610612737,0.488,0.0489999999999999,0,ATL,13,19088.28333333333,11,8,1,0.131,0.289,0.1458142298460574,0.3796260707921177,0.5803031004184942,26.5405636267274,115.49330290745549,117.13081361428524,-1.6463176451173802,0.1602454988531359,1.9836356194070188,17.341907121034986,0.0484373462080141,0.1346991418819747,0.0897767709161903,8.707097268219513,0.5487975034423387,0.5840935925790429,0.1945454984165679,101.9744970946401,0.0985240307972517,17.83565311006665,6.697092544553946,4.011466021477399,1.9161492608467503,1.114610446024045,0.6732926044510726,3.1385996765465287,0.0250435712304017,0.0542984113857432,2.373939612244175,0.0446483558225129
1610612738,Boston Celtics,82,64,18,0.78,3966.0,120.2,122.2,109.0,110.6,11.2,11.7,0.613,2.25,19.3,0.287,0.726,0.515,0.121,0.578,0.609,99.5,97.98,81.65,8090,0.555,2023-24,2023,2024,2024-25,1610612738,0.744,-0.036,0,BOS,12,18987.91666666667,9,6,12,0.155,0.296,0.1393103508810427,0.38807416997652,0.603422264159224,28.820873450220528,121.3703335279015,109.62915358451646,11.753516850628689,0.1562816104101292,2.640742418643435,20.247807465273965,0.0434248356191437,0.1367805083934958,0.0921057565557043,7.938953764455465,0.5879733634987162,0.6155097346996993,0.1969679622566983,98.95502298303744,0.1128943076079085,18.2408637071822,6.878479734919137,4.047837440477497,1.6798051392332842,0.9820982642469992,0.9764104364617848,3.843493622534571,0.022128472113727,0.0644956157169837,2.240411603726288,0.0391460234348851
1610612751,Brooklyn Nets,82,32,50,0.39,3961.0,110.4,112.4,113.1,115.4,-2.7,-2.9,0.63,1.95,18.6,0.289,0.715,0.497,0.134,0.531,0.561,99.4,97.56,81.3,8050,0.483,2023-24,2023,2024,2024-25,1610612751,0.317,-0.073,1,BKN,12,15818.59,11,5,1,0.131,0.296,0.1804358036967896,0.4453464773619731,0.6687312206713746,25.609542843789065,110.55048092149802,113.46714495413306,-2.9163740889674736,0.1403298481933809,1.8420632369888843,16.84683282981184,0.0499659806383923,0.139171280015054,0.0936282310876,9.246857947937624,0.5444673717231854,0.5701972731661503,0.1982664915140982,98.84980840791329,0.1008339014412788,17.07990408753245,6.975337245607856,3.356809930594319,1.8434007076484056,1.0354905209629934,0.8397714334842737,2.958210866969774,0.0199031085725625,0.0530713896709746,2.5672078327709453,0.0338941986250393
1610612766,Charlotte Hornets,82,21,61,0.256,3946.0,107.1,108.6,117.0,119.2,-9.9,-10.6,0.62,1.8,18.4,0.253,0.709,0.475,0.14,0.529,0.56,99.4,97.81,81.51,8047,0.447,2023-24,2023,2024,2024-25,1610612766,0.232,-0.0239999999999999,0,CHA,11,12133.97,7,6,0,0.133,0.315,0.2127182337410317,0.5540492243401514,0.6910383273844698,24.24430517519548,106.9360408423624,117.8970977072357,-10.95505132835063,0.13274673444333,1.591676814485833,15.885410161170112,0.0436459233869871,0.1438806947217879,0.0920215336228236,10.158280705600337,0.5375649298347256,0.5645389349075365,0.1906789448685522,98.88874460021464,0.0880386367088979,15.825323451434278,6.60426884193714,3.130055538294556,1.8750664456892507,0.9197319591197274,0.7506199537331969,3.770417142794885,0.0281360533160361,0.060841952986447,3.702061280240201,0.0778104295003489
1610612741,Chicago Bulls,82,39,43,0.476,3996.0,112.4,114.0,113.2,115.7,-0.8,-1.7,0.594,2.04,18.2,0.291,0.717,0.501,0.124,0.534,0.568,98.6,96.94,80.78,8078,0.493,2023-24,2023,2024,2024-25,1610612741,0.476,0.0,0,CHI,12,19184.9,9,7,5,0.155,0.252,0.1557771129030296,0.4419844078763333,0.6636593536235963,28.474946355380187,112.66762048103806,114.24105686416571,-1.534703707950871,0.1540282947352692,2.2051412004579998,18.688076959831257,0.0433371477047052,0.1348357410428688,0.0884791685127365,8.841796647363292,0.5371169393637706,0.5689026305410332,0.1963829327578808,98.12959676881296,0.1001049413861943,16.74379329576907,6.411917706112621,3.782975152333346,1.7376165630261302,1.155909074324078,0.7130607926025156,4.490861403058116,0.0295802862414621,0.0436938485863177,2.257139704497963,0.032291384752428
1610612739,Cleveland Cavaliers,82,48,34,0.585,3961.0,112.8,114.7,109.9,112.1,2.9,2.5,0.671,2.07,20.2,0.274,0.721,0.501,0.138,0.557,0.586,99.5,97.62,81.35,8053,0.519,2023-24,2023,2024,2024-25,1610612739,0.78,0.195,0,CLE,12,19108.210000000003,10,7,9,0.15,0.301,0.1278016971064619,0.3474590241576787,0.5485813863953417,26.689829223494336,113.80308368322656,110.5343691010304,3.294163503541148,0.172039864539902,2.3486680760085155,20.01628836505356,0.0414551315028112,0.135700774605959,0.0893296525420225,9.024956925147183,0.5626720311147232,0.5883550315108882,0.194337269076137,98.99011119129771,0.1051902014893074,16.93533826559369,6.469679786856017,4.24843562008163,1.900962989207257,1.115332100704357,0.6838945144521649,2.6918757060140326,0.0309926433009821,0.0516405491661641,2.6908411902483333,0.0394724411909728
1610612742,Dallas Mavericks,82,50,32,0.61,3941.0,115.2,117.0,112.6,114.9,2.6,2.1,0.596,2.05,18.5,0.257,0.711,0.485,0.124,0.562,0.592,102.4,100.6,83.83,8263,0.506,2023-24,2023,2024,2024-25,1610612742,0.476,-0.134,1,DAL,12,15787.496666666668,8,4,8,0.2,0.355,0.1662100113401977,0.4290722468349954,0.6373115095933511,27.054017324680355,116.49200570958158,113.81341956472306,2.6643843999755927,0.1735393793696235,2.1623453633877783,18.96370942490566,0.0365185262641385,0.1331793145799555,0.0853102459351271,8.896170640521644,0.5764279947063594,0.6032549485890628,0.2045437056835483,101.83108493134549,0.1070035681189903,18.74166666490719,6.314110596803505,4.21624792108692,1.881235551593677,1.0375299102728763,0.6270785171978923,4.345812535288539,0.0481337359654371,0.087284771021706,4.849191174275286,0.0595427443651009
1610612743,Denver Nuggets,82,57,25,0.695,3941.0,115.6,117.8,110.5,112.3,5.0,5.5,0.669,2.33,20.9,0.3,0.718,0.515,0.13,0.562,0.589,99.1,97.43,81.19,7996,0.533,2023-24,2023,2024,2024-25,1610612743,0.61,-0.0849999999999999,1,DEN,12,19200.561666666665,8,5,8,0.211,0.288,0.1425236084673564,0.4011807119878525,0.6177462516938524,27.88596592269827,116.69089211539558,111.20712640611124,5.461562574080951,0.1725113744502439,2.4310593908841387,20.029645625818063,0.0461330310042145,0.1354904840891373,0.0922725319580495,8.384173978591077,0.559520536855823,0.5854256345973213,0.1940313061154374,98.47657005346286,0.1066286209335716,17.294494075997953,6.693554190298427,4.413620886264004,1.7624484422634514,1.0555941202067267,0.8474752084075319,4.028406235582882,0.0481450953680331,0.0568280794401596,6.367262101640141,0.0422379276720288
1610612765,Detroit Pistons,82,14,68,0.171,3951.0,107.2,109.0,116.0,118.0,-8.8,-9.0,0.623,1.67,18.2,0.277,0.73,0.499,0.151,0.526,0.562,102.2,100.45,83.71,8269,0.449,2023-24,2023,2024,2024-25,1610612765,0.537,0.366,0,DET,11,13660.873333333331,9,5,0,0.137,0.298,0.162323199444057,0.4442749145857439,0.6642917168302077,22.130023409923524,108.2948279660988,116.69838696257096,-8.362728786007336,0.1835409677321752,1.7831927204751672,19.83940654599437,0.0494786408238419,0.1467969111052441,0.0973193888043273,11.68295545770378,0.5289466198110321,0.5611768630214466,0.1963471161677803,101.65413499063747,0.0943562242970312,16.251669610190856,7.138928648290422,4.456230470379883,2.4745123664616857,0.9592358907263616,0.8169316651790443,1.2325811597510374,0.0259975864515503,0.0546798338438921,3.135380987992645,0.0565844498472979
1610612744,Golden State Warriors,82,46,36,0.561,3966.0,114.7,116.9,112.4,114.5,2.3,2.4,0.671,2.05,20.1,0.315,0.725,0.521,0.142,0.557,0.586,101.8,99.91,83.26,8261,0.512,2023-24,2023,2024,2024-25,1610612744,0.585,0.0239999999999999,0,GSW,13,19217.86666666667,12,7,10,0.14,0.302,0.1260045339753285,0.3472789210040656,0.5486520356057557,29.2571686763706,115.2580214505252,113.14819640057168,2.1403845119819054,0.167344345713017,2.1519304544729208,20.71928451996059,0.0485718518011017,0.137146685549558,0.09310446806444,9.62217188519017,0.5612297663112102,0.5864497489315498,0.1951171999666975,101.22711265124812,0.1039908541704247,17.74723521167802,6.994741004898219,4.374054699099449,2.060582513494387,1.0527703387125869,0.6856119999444961,6.119521296005182,0.0194999194335547,0.0552699669626986,2.3529271512617767,0.0390142039283691
1610612745,Houston Rockets,82,41,41,0.5,3971.0,111.5,113.7,110.7,112.8,0.9,0.9,0.594,1.95,17.7,0.294,0.722,0.504,0.127,0.529,0.565,101.5,99.59,82.99,8248,0.501,2023-24,2023,2024,2024-25,1610612745,0.634,0.134,0,HOU,13,19520.02166666666,11,5,7,0.149,0.27,0.1375217052781618,0.3949613102376169,0.6138326519958612,25.49052899787594,112.54721415524386,111.43787990160187,1.1240518004889517,0.1507184114293589,2.0434501771813265,17.471174869768333,0.0434401847914615,0.1351430350188306,0.0883587227917182,8.863374579587644,0.5299617585806984,0.5651216432222198,0.1949834822587714,100.65869392477624,0.1002887755503686,16.99301392510408,6.707574521988663,3.705118838238995,1.823973385275444,1.1618839562421936,0.6786877712652813,4.903857423321079,0.0280466126922091,0.0503804664013097,3.112705269142527,0.0175569438936075
1610612754,Indiana Pacers,82,47,35,0.573,3941.0,117.9,120.5,115.5,117.6,2.5,2.9,0.654,2.38,21.0,0.284,0.7,0.492,0.126,0.578,0.606,104.2,102.16,85.13,8389,0.517,2023-24,2023,2024,2024-25,1610612754,0.61,0.037,0,IND,11,15523.496666666668,8,4,10,0.157,0.239,0.1432369511250579,0.4054904726147394,0.6262710570578063,24.933163468969298,118.90581851296818,115.63996886225593,3.292117196963141,0.174232189418664,2.346621549397484,20.016289446385468,0.0425008939137209,0.1301187419329279,0.0865565912018533,8.70891095412567,0.5859972131493569,0.6132413351244533,0.1934683957587734,103.34224501610356,0.1064331687298115,18.52237328832057,6.242923361983093,4.830612690568642,1.9062715466382247,1.1664897663735123,0.983283620163756,2.862421777342519,0.0331803510361635,0.0380752233236605,2.4933319547208064,0.0469973631194068
1610612746,LA Clippers,82,51,31,0.622,3941.0,116.1,117.9,112.3,114.6,3.9,3.4,0.604,1.95,18.7,0.283,0.705,0.502,0.134,0.561,0.599,99.7,97.93,81.61,8040,0.52,2023-24,2023,2024,2024-25,1610612746,0.61,-0.012,0,LAC,12,17901.91333333333,8,5,8,0.154,0.264,0.1397485631889627,0.4078600350726012,0.6236621076257398,30.83317267390785,117.35323147954018,113.66515320336336,3.683472837354071,0.1581801098914194,2.0418265626728163,18.20816301944633,0.0397923544112789,0.1335695069093173,0.088616929773242,8.882504588894966,0.5659967428993623,0.6040745074921229,0.2006947630737422,98.69760548965527,0.1081622920566777,18.01215289092004,6.318430767363042,3.985719217349952,1.8903007388037107,1.1804324826359345,0.6937805903056172,3.721821456842433,0.0316543420846714,0.0517918785946745,5.191096264856204,0.0479196451166845
1610612747,Los Angeles Lakers,82,47,35,0.573,3971.0,113.6,115.4,112.7,114.8,0.9,0.6,0.654,2.04,20.1,0.244,0.725,0.496,0.137,0.566,0.601,103.1,101.38,84.48,8387,0.518,2023-24,2023,2024,2024-25,1610612747,0.61,0.037,0,LAL,11,18508.81333333333,9,6,5,0.169,0.285,0.1458895978204257,0.4231971291514456,0.6712816452846606,28.81846873309365,114.55338794455398,113.8079222078707,0.7549308671688659,0.1696160931621044,2.0028970360786684,18.90229726595114,0.0372973418609224,0.1414405901945091,0.0922341356658197,9.626509380035891,0.5718053014924063,0.6031604820154146,0.1984011118847165,102.42419839899696,0.1083280044605777,18.148975515087947,6.6811414526124855,4.3043278121197766,2.022820119568264,1.102825969033851,0.846083415396341,4.777073450430336,0.0418458320469503,0.0569308591994313,2.623827151121469,0.0414758971381317
1610612763,Memphis Grizzlies,82,27,55,0.329,3956.0,104.2,106.8,111.7,113.7,-7.5,-6.9,0.644,1.64,17.9,0.287,0.706,0.488,0.152,0.509,0.543,100.7,98.68,82.23,8128,0.458,2023-24,2023,2024,2024-25,1610612763,0.585,0.2559999999999999,0,MEM,12,13401.641666666665,12,8,0,0.128,0.302,0.1585014771200295,0.3868992418217421,0.5861058066891061,24.45996205688731,106.18915502267448,112.89597906226662,-6.695332611614123,0.1673050051703865,1.6713116141865707,18.148409330448946,0.0352632989615078,0.1288382961788885,0.0805231458583743,10.75190580507239,0.525516733708619,0.5623773423280854,0.2105667043278902,99.81604009583404,0.0988904080781148,17.651270335661614,5.992997126595809,3.752674579047219,2.3047922611471106,1.2410419867715212,0.889144800046263,3.340807106677597,0.0148625718223325,0.0602872736926493,2.2135218343983225,0.0332729551576802
1610612748,Miami Heat,82,46,36,0.561,3951.0,111.7,113.3,109.5,111.5,2.2,1.8,0.648,2.04,19.1,0.261,0.734,0.498,0.13,0.538,0.578,98.5,96.88,80.73,7975,0.509,2023-24,2023,2024,2024-25,1610612748,0.451,-0.11,1,MIA,12,16675.053333333333,10,7,11,0.152,0.268,0.1449154785312031,0.3941052862199741,0.6137148786730516,27.620435197008863,112.43177816922524,110.29484720288752,2.144229043945087,0.159940801088892,2.101797434530944,18.546253885045047,0.0420158353316611,0.1448493592024493,0.093642550868403,9.03247436889757,0.5459597473551309,0.5839986882600675,0.197659290445048,97.83409341519346,0.1064954178057601,17.00144487293994,6.69695009471234,3.737079501594797,1.809169625844275,1.0729800764255426,0.5246160132221466,4.009594816607991,0.0317052608961551,0.0421245043595299,2.8966240443836835,0.0279526778833621
1610612749,Milwaukee Bucks,82,49,33,0.598,3961.0,116.0,117.6,112.8,115.0,3.2,2.6,0.615,2.05,19.0,0.255,0.731,0.499,0.128,0.568,0.601,102.2,100.51,83.76,8295,0.511,2023-24,2023,2024,2024-25,1610612749,0.585,-0.013,0,MIL,11,18015.908333333333,8,5,6,0.197,0.32,0.1431195300079698,0.4194528076806193,0.6606584273436116,30.344942363438985,117.03652787420748,113.7767325451719,3.258457307870035,0.1581843126607086,2.110167611125168,17.94763841586302,0.0405473942705266,0.14117086426857,0.0921235954889868,8.577025156933065,0.5708458253330736,0.5987800465236973,0.198134713995825,101.78206961717628,0.1055637854322267,18.307819616829384,6.793995491947164,3.90255093993318,1.8643522923490303,0.991124048236998,0.7773130136374843,3.650038252334269,0.0461024170232168,0.0742538911598676,3.738968947795455,0.0258742356751838
1610612750,Minnesota Timberwolves,82,56,26,0.683,3961.0,113.1,114.6,106.2,108.4,6.9,6.3,0.646,1.88,19.3,0.275,0.725,0.508,0.144,0.559,0.594,99.5,97.79,81.49,8081,0.543,2023-24,2023,2024,2024-25,1610612750,0.598,-0.085,1,MIN,9,17980.721666666665,8,5,9,0.145,0.314,0.1540752025803932,0.4202809620266446,0.6500280439244513,27.483683033485956,113.70943299179778,107.17747300279844,6.5527918002549566,0.1640453063943577,2.128401817020136,19.87487209680961,0.0417654323848514,0.13924191483601,0.0925873669512523,10.054607912010946,0.5697137293247314,0.5994837682173119,0.1955608629167924,98.48620840209138,0.111830335323026,17.080293310437206,6.6150848784063445,3.998282234315215,2.0461915089985725,1.1612437135216949,0.9470142698202788,4.629003109996378,0.0301807412239754,0.0654078380708178,1.5829546826286105,0.0449429238430825
1610612740,New Orleans Pelicans,82,49,33,0.598,3941.0,115.0,116.5,110.1,111.9,5.0,4.6,0.634,2.07,19.4,0.278,0.725,0.505,0.132,0.558,0.591,100.2,98.7,82.25,8101,0.524,2023-24,2023,2024,2024-25,1610612740,0.256,-0.3419999999999999,1,NOP,14,19469.80666666666,11,5,12,0.145,0.285,0.1192322231585248,0.3434491388546574,0.5503084947599207,26.401093179832984,115.16842001683976,110.68436443984552,4.4971537125347245,0.1616183589907245,2.2866347405949248,19.969256311738764,0.0436585782738469,0.1377929438436471,0.0913593894614944,9.154706800718104,0.5614723892995342,0.5929496006808491,0.1946088191767697,99.90635273043289,0.1053315730579074,17.32528759915781,6.612084146700996,4.041950767530307,1.863808954103636,1.248086353194399,0.6915322905106746,3.704161560384429,0.0258074136718154,0.0572127480422381,2.8413738655672445,0.0390105158684534
1610612752,New York Knicks,82,50,32,0.61,3946.0,114.1,117.3,111.2,112.4,2.9,4.9,0.59,1.84,17.8,0.333,0.729,0.527,0.138,0.54,0.574,97.8,95.96,79.97,7883,0.515,2023-24,2023,2024,2024-25,1610612752,0.622,0.012,0,NYK,8,14000.544999999998,7,5,6,0.156,0.311,0.1947283718836183,0.5566546397539048,0.8085336439879066,26.966340476983813,117.84496843991906,112.19797587641528,5.658635645969496,0.1745248371878856,2.314869855661571,20.874930083078908,0.0557956750969337,0.1451524158523828,0.0995708064697957,9.686815251358668,0.5618381674903845,0.5895167710733165,0.1941278783552116,96.74386605902365,0.1123168642125479,17.33846789535693,7.222861681455972,4.2169786961864695,1.90278307023048,1.1802397692375546,0.5914055488554195,1.7642752422013888,0.0264776751123035,0.0811449927567875,3.3067760482442154,0.0491532476635513
1610612760,Oklahoma City Thunder,82,57,25,0.695,3961.0,117.0,118.3,109.1,111.0,7.9,7.3,0.609,2.14,19.4,0.25,0.698,0.484,0.125,0.573,0.608,102.3,100.85,84.04,8324,0.538,2023-24,2023,2024,2024-25,1610612760,0.829,0.134,0,OKC,11,18102.245000000003,8,5,11,0.187,0.317,0.1410149219981646,0.3983735166549784,0.6323310543342366,23.36092585938006,117.68668864920711,109.63183828856587,8.067061497989153,0.156068435066111,2.263577707258593,18.89490147032408,0.0383806179841229,0.131366180364185,0.0872500474388673,8.502843293746162,0.577270801218302,0.6077404044820592,0.1977473538963445,102.19789103137944,0.1112777363617974,18.465113028798363,6.343964519317908,4.039057034086104,1.771934917464657,1.3085669760850105,1.0182162488685795,2.208340496208444,0.0391119190939827,0.0604547925426743,2.1952949076175026,0.0343966734533766
1610612753,Orlando Magic,82,47,35,0.573,3956.0,110.6,112.9,108.6,110.8,2.0,2.2,0.61,1.68,18.1,0.297,0.737,0.515,0.15,0.541,0.577,99.4,97.37,81.14,8022,0.513,2023-24,2023,2024,2024-25,1610612753,0.5,-0.0729999999999999,1,ORL,14,19458.34833333333,12,4,10,0.139,0.292,0.1438303816296844,0.3680018576431076,0.5341027146103272,24.413605505571777,111.7994001375074,109.71770678720678,2.068483013589112,0.1540004464236387,1.8182219054392168,18.58340128046154,0.0446026205204638,0.1371595160226429,0.090311402500846,10.260777965995574,0.5498604279448521,0.582046773325828,0.1940200754449097,98.42543846518664,0.1042336285993441,16.57509643033252,6.332911606320818,3.683560329589468,2.0610176831555336,1.2192196168756702,0.7696439463130179,3.805836265618349,0.0299211166005551,0.0607811012233248,3.0577407844139395,0.045148533369326
1610612755,Philadelphia 76ers,82,47,35,0.573,3956.0,113.8,116.2,111.0,113.0,2.8,3.1,0.6,2.07,18.0,0.292,0.701,0.493,0.122,0.532,0.574,100.1,98.17,81.81,8090,0.506,2023-24,2023,2024,2024-25,1610612755,0.293,-0.2799999999999999,1,PHI,8,12220.518333333332,6,5,7,0.225,0.387,0.2148686819203386,0.5768091397105225,0.8140227548995128,27.16733019098617,116.5479518394678,112.1338590384396,4.426738418487704,0.1599994522872802,2.1858104259352884,15.94749435750884,0.0490467743389498,0.1455571689471437,0.0968765131484466,8.021980641573988,0.5294880826795264,0.5725629176121962,0.2254287799576423,99.22282986087195,0.1162116695541146,20.14971814479773,7.090697598615225,3.7176819150196985,1.7969777877670492,1.254938586211087,1.051673885627601,2.995588727351968,0.0428207714476866,0.0711463613863774,3.621670966892696,0.0304187016000833
1610612756,Phoenix Suns,82,49,33,0.598,3956.0,114.9,116.8,111.5,113.7,3.4,3.1,0.637,1.82,19.4,0.292,0.714,0.514,0.15,0.565,0.603,100.8,99.0,82.5,8158,0.527,2023-24,2023,2024,2024-25,1610612756,0.439,-0.1589999999999999,1,PHX,10,16543.723333333335,8,6,8,0.148,0.289,0.1686825033542429,0.4684914742086474,0.7085018346333565,29.810798435741084,116.55340697186868,112.71372843920464,3.84405436140232,0.1699611224156109,1.908388514717666,19.406247716908545,0.0421653286634185,0.1332966715271874,0.0900913899470836,10.51352814168999,0.576843635360601,0.6137775442327874,0.2025887279103031,100.15244225050505,0.1103147360821838,18.409398770973965,6.478106399667789,4.23677297956103,2.232629212650034,1.0727935690413906,0.9161178348203356,3.6491554102614,0.0289204953667501,0.0627193247085851,3.849165242387899,0.0416449911110196
1610612757,Portland Trail Blazers,82,21,61,0.256,3976.0,105.0,107.6,114.5,116.6,-9.5,-9.0,0.587,1.52,16.7,0.32,0.697,0.498,0.154,0.503,0.539,100.0,97.88,81.56,8103,0.434,2023-24,2023,2024,2024-25,1610612757,0.439,0.183,0,POR,15,18520.33333333333,14,6,0,0.141,0.276,0.098820395601231,0.2904417667068627,0.4761778045751516,24.684121146127676,107.36204833426324,115.68677816274,-8.311380806680946,0.1424496054786631,1.577581890174763,15.996222395205267,0.0470275010348985,0.1267778034052662,0.0849111122909954,10.425354925217327,0.5041325651986104,0.5386052491855797,0.192485850866615,98.83819603948812,0.085951266805853,15.770126527600294,6.216302802325371,3.296700923309515,2.087651410161804,1.1254657043609724,0.594805709040514,3.393361457448359,0.0280386550245877,0.056997639706141,2.679767965108933,0.0420387925813211
1610612758,Sacramento Kings,82,46,36,0.561,3971.0,113.8,116.2,112.9,114.4,0.9,1.8,0.654,2.16,19.9,0.285,0.744,0.507,0.131,0.556,0.582,101.1,99.46,82.88,8226,0.5,2023-24,2023,2024,2024-25,1610612758,0.488,-0.073,1,SAC,13,19242.756666666664,9,5,9,0.169,0.3,0.1521622768186193,0.424853455681246,0.6458808656486674,26.90570235345698,115.1892121225874,113.24974828623826,1.9164151809849836,0.1692872989265051,2.216580025696249,19.13749011532824,0.0427547531737916,0.1406383111775218,0.090095342715103,8.59356466944185,0.5620517687434595,0.5870150948573376,0.1954426741005749,100.70112589897462,0.1011933523211418,17.51848790895691,6.54230587544023,4.25801777881097,1.885800492548971,1.1318544622937774,0.6192459950731244,2.918936772950938,0.0355648762363704,0.054905270682891,3.5018313462004325,0.0324126373941762
1610612759,San Antonio Spurs,82,22,60,0.268,3966.0,107.5,109.3,113.8,115.6,-6.3,-6.4,0.712,1.97,20.5,0.269,0.721,0.492,0.148,0.532,0.563,103.5,101.8,84.84,8413,0.48,2023-24,2023,2024,2024-25,1610612759,0.415,0.1469999999999999,0,SAS,13,18639.643333333333,9,5,2,0.162,0.312,0.1205893961132661,0.3529583809990642,0.5753122422049207,23.142771776927777,107.88513219047644,114.17240769807292,-6.302678600967507,0.1824490898699242,2.246697793573661,21.238918466429883,0.0408235423138461,0.1388360221663755,0.0891710851763436,9.957629643485667,0.5282379728117116,0.5599215570648436,0.1977905718153047,103.00535616740164,0.0977086957851303,16.872425849350122,6.667080360800895,4.529056618214977,2.2230039094095684,1.0699775550068644,0.9579582441938712,2.4899169679290174,0.0284078391611299,0.0514533020099632,4.080675342352103,0.0271484985908462
1610612761,Toronto Raptors,82,25,57,0.305,3961.0,109.8,111.8,115.8,118.1,-6.0,-6.3,0.674,2.04,19.9,0.281,0.694,0.484,0.139,0.535,0.566,101.8,99.91,83.26,8241,0.474,2023-24,2023,2024,2024-25,1610612761,0.366,0.061,0,TOR,7,8320.551666666666,5,3,1,0.132,0.24,0.2516958510964116,0.6498313112652186,0.8869011289515859,24.48326823682164,110.92656480509804,116.6233958044849,-5.710399430646725,0.133900792034823,1.8552041120670888,15.992121035243857,0.0504310575560795,0.1398518683957454,0.0943644814416351,9.055992841820784,0.540678180393087,0.5665530462623573,0.1918940607103174,100.89605230101932,0.0943933683483727,16.761388617862078,6.918291275157838,3.361796323200525,1.825840474119204,1.1422319553731517,0.9085936008650068,3.224406307097007,0.0306960368261699,0.0304455914626525,5.824079715396241,0.0564276942435058
1610612762,Utah Jazz,82,31,51,0.378,3961.0,112.0,114.5,117.7,119.6,-5.8,-5.1,0.648,1.74,18.9,0.325,0.717,0.521,0.155,0.539,0.579,102.2,100.26,83.55,8281,0.478,2023-24,2023,2024,2024-25,1610612762,0.207,-0.171,1,UTA,13,16013.546666666669,11,5,2,0.136,0.267,0.1295630116501362,0.3745828531843039,0.5932782119472179,24.94669336212008,113.3152498592858,118.65082553021774,-5.332457873167384,0.1666528009410365,1.6785649056715315,17.600112436054143,0.0488398866043416,0.1372031841166146,0.0928611951256269,10.592350872094958,0.5398426887110579,0.5776570995931778,0.2067243081066363,101.2871951341614,0.0991228558778567,18.31299499756873,6.861190858406549,4.109520605887016,2.329028089550847,0.9531929632910802,0.8587729056065864,3.783999765247895,0.0213186812504683,0.0486522676958332,3.8909418305225096,0.0527394021832892
1610612764,Washington Wizards,82,15,67,0.183,3946.0,108.3,110.2,116.8,118.9,-8.5,-8.7,0.65,2.0,19.5,0.24,0.683,0.459,0.136,0.538,0.567,104.9,103.07,85.89,8461,0.454,2023-24,2023,2024,2024-25,1610612764,0.22,0.037,0,WAS,12,15857.631666666666,7,6,1,0.114,0.295,0.1479133233325405,0.434071123903643,0.6863220117253742,24.869428694637985,108.78665935718227,118.36830072039972,-9.56414410979193,0.1768010272446105,2.3862373385096705,20.028274114913547,0.0249499209581422,0.1192709643800319,0.0717361184346674,9.691069883386325,0.5338149473560522,0.5609361222393551,0.2026187864959658,104.26257631788016,0.0881708841767985,17.473731628062577,5.380374686047591,4.510887975179984,2.149879674129565,1.0942365395252909,0.5698202726573609,3.027869288321805,0.0227920125384412,0.0522128662425867,3.117838125617485,0.0375353961467191
1610612737,Atlanta Hawks,82,40,42,0.488,3956.0,111.9,113.7,112.6,114.8,-0.8,-1.1,0.682,1.91,19.9,0.3,0.715,0.503,0.149,0.546,0.579,105.2,103.41,86.17,8521,0.498,2024-25,2024,2025,2025-26,1610612737,0.561,0.073,0,ATL,12,15532.443333333333,11,4,4,0.135,0.285,0.1763444386191226,0.4747583176976019,0.6761152409376245,24.468463965639238,112.22754883166051,112.91902261352742,-0.6937576251686526,0.1871831654302939,2.0270428058860883,20.13334988292248,0.0513147529053703,0.1400702158256707,0.094973544621548,9.883634051564758,0.5488450853299964,0.5787647045442303,0.1926102629700028,104.71499564030816,0.1042544464457512,17.36674612043222,7.094569581561863,4.839418910911848,2.306140716646212,1.5714205084282726,0.8645130525718964,3.168768800659494,0.0229198303970819,0.047882516734018,2.7781177881376777,0.0402960287512334
1610612738,Boston Celtics,82,61,21,0.744,3966.0,117.5,119.5,108.0,110.1,9.6,9.4,0.628,2.2,19.0,0.291,0.717,0.506,0.122,0.561,0.591,98.3,96.59,80.49,7979,0.542,2024-25,2024,2025,2025-26,1610612738,0.683,-0.0609999999999999,1,BOS,12,18943.015,9,7,12,0.158,0.301,0.1385110377976613,0.3942512143218313,0.6082613213014577,29.36479682176605,118.79163372356513,109.10151303791926,9.695124984064048,0.162898006380364,2.5512725227038398,19.488386070890336,0.045075362431306,0.1326149044031973,0.0893537720896066,8.011218321546668,0.5722747468306039,0.5983746812039512,0.197088932428831,97.66834600071142,0.110433522505965,17.702567410731607,6.72564531042181,3.9700121654340665,1.6799860001166658,1.0414392851401957,0.8190881968894603,4.053620814894323,0.0248544662543132,0.0649305454361741,2.169466502395148,0.0462387337528556
1610612751,Brooklyn Nets,82,26,56,0.317,3956.0,105.7,108.1,112.8,115.4,-7.1,-7.3,0.669,1.66,18.4,0.294,0.699,0.487,0.156,0.516,0.552,99.0,96.73,80.61,7970,0.452,2024-25,2024,2025,2025-26,1610612751,0.244,-0.073,1,BKN,11,14803.315,11,4,1,0.134,0.328,0.1372251192835298,0.394392742436407,0.620096692306194,24.409945565120605,106.25264130590568,114.26917791724352,-8.016020353098837,0.1406941719923319,1.571509535758263,15.655160021026818,0.0471714346865324,0.1380562620602209,0.0905788342003125,10.036425005705365,0.5173188901720098,0.5525684008390462,0.1964317258217725,97.716279878302,0.0926970658261342,16.2206911087145,6.587983840106084,3.093361182951251,1.9819884937934509,1.1283959032149218,0.6906561131746504,2.282557964630045,0.024534255124349,0.0382606396093142,3.7371676544632977,0.0372433543654162
1610612766,Charlotte Hornets,82,19,63,0.232,3951.0,104.0,106.7,113.8,115.7,-9.9,-9.1,0.635,1.57,17.5,0.308,0.705,0.5,0.157,0.503,0.537,100.3,98.22,81.85,8079,0.45,2024-25,2024,2025,2025-26,1610612766,0.537,0.305,0,CHA,15,15922.011666666667,14,6,1,0.156,0.342,0.1274170024788534,0.3404540485723799,0.5045727576090416,24.605732818309068,105.8081949129753,114.7492039584194,-8.977235340969791,0.1582748641372473,1.589473908604723,16.465386084484507,0.0454249133301518,0.1317751868037612,0.0871048156917357,10.629013984518496,0.5111968823663089,0.5413374158018348,0.197601811517326,99.55731222405208,0.0901036285511242,16.23865158579731,6.683577567198114,3.531714533140546,2.1547528489647503,1.0423306016503149,0.6376078734607131,4.2621929446946005,0.0369760361203512,0.0707849020551973,4.653640667353924,0.0589092836868127
1610612741,Chicago Bulls,82,39,43,0.476,3951.0,111.9,113.2,112.5,114.8,-0.6,-1.6,0.673,1.98,19.9,0.26,0.722,0.496,0.141,0.553,0.585,105.3,103.61,86.34,8532,0.495,2024-25,2024,2025,2025-26,1610612741,0.378,-0.0979999999999999,1,CHI,12,16220.418333333331,8,5,4,0.136,0.237,0.1510600168450238,0.4220081253555832,0.612362134926442,24.88315344517933,111.23467563670523,113.39955436825458,-2.1885723456988524,0.1668598065339663,2.0205340953495754,19.53691767711293,0.0408526620408783,0.138644487077039,0.0908119480272344,9.682948097002429,0.5404704234405792,0.5722020470906474,0.1914785920543972,105.1810480617485,0.0967089274618996,17.122862943012876,7.006724343628211,4.303464840764999,2.0773816869293653,1.1407843879077924,0.7723598579609178,4.178942980571283,0.0291563922695576,0.0344839476580095,3.2312097155972075,0.03079600854371
1610612739,Cleveland Cavaliers,82,64,18,0.78,3951.0,119.1,121.0,109.0,111.8,10.1,9.2,0.631,2.13,19.6,0.296,0.7,0.505,0.131,0.578,0.607,102.4,100.31,83.59,8267,0.546,2024-25,2024,2025,2025-26,1610612739,0.634,-0.146,1,CLE,12,16661.868333333332,9,5,9,0.151,0.298,0.138085954946429,0.4098493956410051,0.6239812442002053,26.614541626534283,119.55048303406554,110.31080115965386,9.242121626816362,0.1690425732568406,2.3993138244500587,20.10624491791187,0.0484624414368896,0.1342756226517614,0.0925827647779796,8.741593834865059,0.5866639592538692,0.6115975383312856,0.1963174616972226,101.4874428297907,0.1142381834730218,18.58783143667062,6.948560490565234,4.386062747464996,1.909989886088205,1.268285139291602,0.6654715892705511,2.18219247258548,0.0339578303284237,0.0644091498301571,4.557418067005442,0.0581474051294997
1610612742,Dallas Mavericks,82,39,43,0.476,3946.0,112.1,113.7,113.0,115.0,-0.9,-1.3,0.601,1.8,18.2,0.271,0.694,0.488,0.14,0.549,0.583,101.7,100.15,83.46,8238,0.496,2024-25,2024,2025,2025-26,1610612742,0.317,-0.1589999999999999,1,DAL,13,15227.491666666663,10,5,5,0.141,0.264,0.1402781920200252,0.3953203060911214,0.6342733181597539,28.507469330416097,111.95953407734586,113.54863615642545,-1.5735382113162657,0.1496543205025559,2.02701491107914,18.78338684583092,0.0439907957044796,0.1230309074760069,0.0844046650274531,9.655626813126917,0.5600127102351614,0.5915108680079177,0.1936407336730333,101.48877127498017,0.0999403627977687,17.267715901995242,6.293354289582603,3.732985132701326,1.9598762982960096,1.1560669600322664,0.8487280954020114,4.501332118591726,0.0219808883121387,0.0439284895168547,4.1597984162559225,0.0604413402649453
1610612743,Denver Nuggets,82,50,32,0.61,3971.0,117.2,118.9,113.1,115.1,4.1,3.8,0.683,2.17,21.1,0.311,0.709,0.52,0.14,0.573,0.604,102.3,100.67,83.89,8328,0.529,2024-25,2024,2025,2025-26,1610612743,0.659,0.049,0,DEN,12,19200.75833333333,8,6,6,0.206,0.285,0.1393373786018,0.4082865650705636,0.6432063664152152,27.63935981695167,118.45143113705146,114.29012012112368,4.150414093887784,0.1748203574424794,2.2612912337229734,19.95327787834768,0.0476253563769833,0.1325475710811768,0.092512763775389,9.041180170401256,0.5755487431703,0.6041375872741137,0.195255602751801,101.69002952487554,0.1063728659154521,18.24490438962697,6.7834820760117545,4.668565607868786,2.011795541061529,1.1980776800916282,0.7293461933578144,4.246600088936737,0.0427500598648258,0.05014802100362,5.006175367098465,0.0492508894025867
1610612765,Detroit Pistons,82,44,38,0.537,3961.0,112.0,114.6,110.1,112.5,1.9,2.1,0.618,1.78,18.6,0.305,0.714,0.511,0.147,0.547,0.58,102.5,100.27,83.56,8268,0.509,2024-25,2024,2025,2025-26,1610612765,0.732,0.1949999999999999,0,DET,12,18637.573333333334,10,6,9,0.152,0.323,0.1315593303276964,0.3777480330057275,0.6023665098031361,25.908567495911484,112.93890361620755,111.20968017653227,1.7315909242118783,0.1543743128576109,1.8028354755411649,17.397439348327175,0.0469887784031969,0.1361547998380332,0.091980097730892,9.950306567092426,0.5575390777805121,0.5876496714879906,0.1945098887158413,101.59358297539453,0.1026213321405219,17.411279580031163,6.783715762710167,3.807147997808012,2.1324664584373645,1.1975808009340272,0.8131959954729442,4.526376774179626,0.0278659511969591,0.0580951742744968,2.1448908918313228,0.0436943881296232
1610612744,Golden State Warriors,82,48,34,0.585,3946.0,112.0,114.2,108.9,111.0,3.1,3.2,0.714,2.07,20.1,0.314,0.716,0.509,0.141,0.536,0.568,101.3,99.37,82.81,8173,0.515,2024-25,2024,2025,2025-26,1610612744,0.451,-0.1339999999999999,1,GSW,11,15091.721666666665,9,3,10,0.145,0.286,0.1492506984789564,0.4041119452574054,0.6271148873781023,28.813985658583466,113.50396328759928,109.1744382488722,4.338362941360899,0.1739627945033442,2.105184282597313,20.41987890049656,0.0486441290716444,0.1415652407892936,0.093813346897797,9.70624429529964,0.5458279384514667,0.571762854757128,0.1916234880645934,100.93730421413152,0.1040121677082789,17.05809354863754,7.149084934312223,4.291359291567463,2.0586120448152982,1.3739983056936405,0.7347074273500716,5.718575355541265,0.0224724269090171,0.0521891874075248,3.033103592978919,0.0322948422587903
1610612745,Houston Rockets,82,52,30,0.634,3956.0,111.4,114.9,108.0,110.3,3.4,4.6,0.549,1.68,16.4,0.363,0.715,0.533,0.14,0.523,0.553,101.6,99.03,82.53,8159,0.515,2024-25,2024,2025,2025-26,1610612745,0.634,0.0,0,HOU,14,19504.66333333333,8,6,11,0.153,0.267,0.1382802642581714,0.3835158908151708,0.6058582742349307,25.32277725378154,113.63409716206334,108.65347128097062,5.003378055401795,0.1395468135910745,1.8555912756932151,16.60095423333805,0.0543750451815027,0.1347473831471756,0.0932236728344794,9.227445205838814,0.5266614762555077,0.5553818837170396,0.1942904028592137,100.20316331359392,0.1045375987862048,17.083914462165378,7.253649939100036,3.5068536601247,1.937998075332071,1.255084467834103,0.7364392686261869,4.129941612065483,0.0265334582610911,0.0451413108860251,2.973728142223785,0.0319850578409264
1610612754,Indiana Pacers,82,50,32,0.61,3971.0,114.1,115.4,111.3,113.3,2.8,2.1,0.671,2.22,20.5,0.254,0.705,0.483,0.13,0.562,0.594,102.2,100.76,83.97,8341,0.521,2024-25,2024,2025,2025-26,1610612754,0.232,-0.378,1,IND,12,18460.45,10,5,8,0.143,0.237,0.1380168594662282,0.3884998289135241,0.6068037344701781,26.374510643023328,114.1888901678995,112.02071784996213,2.156073335157052,0.1746682346132768,2.538748474892721,20.2666552277978,0.034410607903202,0.1295022613208236,0.082674548923058,8.78551478069783,0.5593054562591919,0.5920364766297679,0.194784368835357,101.95380449284822,0.1051205608927915,17.586136849318407,6.00245389467754,4.502815478495919,1.8350581919725684,1.2675747340936976,0.7624949554317473,3.5355737936569183,0.0257892727873702,0.0359096547901964,3.791766449533655,0.0348143664471161
1610612746,LA Clippers,82,50,32,0.61,3961.0,112.4,114.3,107.9,109.4,4.5,4.9,0.605,1.69,18.4,0.282,0.734,0.512,0.151,0.554,0.589,99.7,98.24,81.87,8099,0.521,2024-25,2024,2025,2025-26,1610612746,0.512,-0.0979999999999999,1,LAC,9,15742.688333333334,8,4,7,0.157,0.286,0.1771639384336411,0.468230172038596,0.7004844471184664,31.14188787959024,114.4461740175042,107.8872912642091,6.566769112814594,0.1480047731153076,1.7720227612543515,17.419830878101823,0.0437784430719319,0.1368389882160109,0.0916481415234776,9.62065984494601,0.5669897077087532,0.599933854054787,0.197565867138533,99.123562594614,0.108410588068768,17.51670325684527,6.462428642799573,3.6748488425261545,2.0420908627105514,1.4200878227807978,0.6380104711044164,3.211903637479044,0.0359678208247941,0.0662181583917186,4.000928289102862,0.0355096721089445
1610612747,Los Angeles Lakers,82,50,32,0.61,3946.0,113.4,115.0,111.4,113.8,2.1,1.2,0.635,1.86,18.9,0.273,0.702,0.495,0.142,0.557,0.593,100.1,98.34,81.95,8084,0.511,2024-25,2024,2025,2025-26,1610612747,0.646,0.036,0,LAL,11,13668.395000000002,10,3,5,0.169,0.291,0.1865684790838036,0.5021338155162572,0.7231590346440334,29.12178837871357,113.22742975065228,112.5022463744524,0.7056924020706161,0.1638202983354422,1.9633517249099104,18.551628958630477,0.039466043379636,0.1243107771614736,0.0834431743205158,9.497477379994749,0.5672812283373431,0.5940940317669583,0.1807245316659344,100.00802212939656,0.0976826836654925,16.105768087621115,6.041967619460807,3.85853642655191,1.8673736016554976,1.0983001296055608,0.5873403570792327,5.43177893854002,0.0419302835250501,0.0672655556287061,3.1116045029451973,0.0549716898382977
1610612763,Memphis Grizzlies,82,48,34,0.585,3941.0,114.4,117.2,110.0,112.6,4.4,4.7,0.635,1.81,19.1,0.33,0.702,0.518,0.151,0.554,0.588,106.2,103.69,86.4,8513,0.524,2024-25,2024,2025,2025-26,1610612763,0.305,-0.2799999999999999,1,MEM,14,18982.956666666665,12,5,12,0.141,0.312,0.1200569914732285,0.3439648583018417,0.5200453494511832,25.63477774010266,114.1050208371123,110.65678837876855,3.433670650532662,0.1483959838887057,1.8962049326000672,18.19869382834111,0.0474338950886997,0.1231483962719541,0.0852646568755446,9.782322704559371,0.5549725130630337,0.5850372888873826,0.1875162745108024,103.68793934453836,0.0999307155699489,17.399818468742225,6.571157601546791,3.828908282113412,2.078496026347845,1.3350923380920463,0.883740098793883,3.278355371120532,0.0246525708939183,0.0604592930950651,3.044837770046998,0.0382171185836888
1610612748,Miami Heat,82,37,45,0.451,3986.0,110.8,112.4,110.6,112.0,0.3,0.4,0.653,1.94,19.2,0.263,0.724,0.496,0.138,0.544,0.576,98.4,97.08,80.9,8066,0.505,2024-25,2024,2025,2025-26,1610612748,0.524,0.073,0,MIA,10,16252.901666666668,9,4,7,0.139,0.271,0.1676672914098108,0.4440499393903098,0.6559391805012047,26.665298124714344,111.01753911429766,111.1028068218793,-0.0750650986321316,0.1607122199000157,1.9982865305795137,18.523228723978622,0.0385735701963372,0.1413456797099102,0.0904574216029732,9.318309428029314,0.5449373918975083,0.5743977680498282,0.1955267670665166,98.02881790031137,0.101703226326458,16.59026834285283,6.565227686010118,3.749976542650179,1.8716657876783236,1.1296444399005263,0.5293823943847565,3.477435994701373,0.0303979697357204,0.0476968168256308,2.917560677649122,0.0337076408460116
1610612749,Milwaukee Bucks,82,48,34,0.585,3951.0,113.6,115.1,110.9,112.7,2.7,2.4,0.607,1.91,18.7,0.235,0.725,0.491,0.133,0.568,0.598,101.4,99.92,83.26,8228,0.513,2024-25,2024,2025,2025-26,1610612749,0.39,-0.1949999999999999,1,MIL,10,16292.09,7,6,7,0.21,0.346,0.1562764507193368,0.4296907272179322,0.6743655970474016,30.01714656212514,114.91915030545496,112.35752909336166,2.5981764361314807,0.1575400418239771,2.08404447802584,18.18767658620431,0.0348570522054976,0.1349514161984947,0.0873009803121228,8.886297818962044,0.5792845215070626,0.6043652081061015,0.1954690913402352,100.71859583904418,0.1048944781383685,17.72148324739183,6.430114245624718,3.7497951459880223,1.7854062922559353,1.0672663850985356,0.7291882134213596,4.534972195690546,0.0513594390776944,0.077584052866303,2.959539626176179,0.0267690371213826
1610612750,Minnesota Timberwolves,82,49,33,0.598,3966.0,113.6,115.7,108.6,110.8,5.0,5.0,0.637,1.81,18.7,0.3,0.709,0.507,0.146,0.554,0.588,99.8,97.95,81.62,8097,0.524,2024-25,2024,2025,2025-26,1610612750,0.598,0.0,0,MIN,11,19111.016666666663,8,7,11,0.14,0.307,0.1502305389299889,0.4120079953883493,0.6435835002672979,27.40051619441143,114.87494194012008,109.5802502221668,5.294691717953258,0.1614120230826722,2.017656234056971,19.200426132919844,0.0444295923555436,0.1334127820689811,0.0893471720063733,9.817119305531454,0.5613935629623751,0.5918065901779166,0.1944074498914675,98.869993566538,0.1064058131391928,17.079782080318424,6.58740464705785,3.910623976920817,2.045731039949908,1.1810988600815762,0.7346547933521766,4.558711939247218,0.0224404871120189,0.0597580437047052,1.605017699681203,0.039639167801343
1610612740,New Orleans Pelicans,82,21,61,0.256,3951.0,107.6,109.7,116.6,119.1,-9.0,-9.4,0.636,1.76,18.3,0.303,0.682,0.487,0.146,0.519,0.552,101.8,99.77,83.14,8212,0.455,2024-25,2024,2025,2025-26,1610612740,0.317,0.061,0,NOP,15,15982.3,13,6,0,0.167,0.325,0.122372249300789,0.3529966483755988,0.52108259345234,25.63906404793636,108.8904151050433,117.79172775507908,-8.893050384904969,0.1566344532180391,1.7613399114437014,16.987468386903014,0.0474808015742415,0.1285662425516561,0.0867440534215976,9.686158980038334,0.5252909294448651,0.5573647781191277,0.1991658063399302,101.21302332267572,0.0936181177510954,17.197775038636493,6.525468799859845,3.71886399329258,2.0294951289864414,1.274910369596366,0.7793621693998987,3.630079467288064,0.0229273767896834,0.054667739743551,3.722675343148188,0.0363673219209505
1610612752,New York Knicks,82,51,31,0.622,3976.0,115.0,117.3,111.8,113.3,3.2,4.0,0.634,2.07,19.6,0.305,0.71,0.508,0.134,0.556,0.589,99.3,97.64,81.37,8093,0.527,2024-25,2024,2025,2025-26,1610612752,0.646,0.024,0,NYK,9,18070.756666666664,9,5,8,0.161,0.289,0.1680104891383445,0.4780476818255351,0.7446346555862722,27.883895103451668,117.27459030031392,112.38851866929754,4.916799711578209,0.1629611238378323,2.389834063395611,19.42651982660014,0.0416340276841386,0.1323553390219594,0.0870240826477105,8.522361745781904,0.5579290217878718,0.5880358629144288,0.2009937173816923,98.5355118140229,0.1088401659808747,18.03311316792305,6.1836923633708745,4.167617404694545,1.8088893898005007,1.217215217145491,0.5378856115045542,1.7752142549691137,0.0287206335901734,0.0496975037471294,2.3382709007490248,0.0327204599328261
1610612760,Oklahoma City Thunder,82,68,14,0.829,3941.0,117.3,119.2,104.7,106.6,12.6,12.7,0.602,2.29,18.9,0.281,0.704,0.496,0.116,0.56,0.593,102.6,100.9,84.09,8286,0.562,2024-25,2024,2025,2025-26,1610612760,0.78,-0.0489999999999999,0,OKC,14,19107.44,12,6,14,0.199,0.336,0.1359486147804206,0.3615138047448183,0.5509771760808005,25.25755883572054,118.5629403520304,105.24450584868164,13.31441173350974,0.1578906542861489,2.5060121005221005,19.684978896527564,0.0425782142976767,0.1324027562910922,0.0883596193419945,8.02249502462566,0.5626251336303206,0.5891479722907238,0.1943277579309421,102.02999467484918,0.1139678313787718,18.18893582813815,6.709219026724669,4.088459783204868,1.67306557027001,1.5619046821552234,0.8308805365867956,2.5515146805625952,0.0417634820308649,0.0706745076382277,3.024974567990264,0.0321001339979156
1610612753,Orlando Magic,82,41,41,0.5,3946.0,106.5,108.9,106.8,109.1,-0.3,-0.2,0.603,1.62,17.1,0.302,0.72,0.501,0.147,0.51,0.55,98.6,96.51,80.43,7935,0.497,2024-25,2024,2025,2025-26,1610612753,0.549,0.049,0,ORL,15,18411.841666666664,10,5,6,0.165,0.33,0.1197721031890255,0.3321517266288317,0.5161029065986066,24.76324131978468,108.64598093346628,108.17406980380834,0.4644861979677026,0.1668506006777341,1.8648714726618416,17.859120040951904,0.0464651947274874,0.1450876705707061,0.0939074218992215,9.855146918581836,0.5191766015621287,0.5547502719490761,0.2031605161714313,98.60997007089186,0.1084122571479134,16.950178349893477,6.794540289062157,3.7658372940240894,2.105818673761134,1.3002501560363553,0.8798685266411426,2.8849006228609424,0.0359167348773964,0.0698010078137562,3.65980779058126,0.0416287258284983
1610612755,Philadelphia 76ers,82,24,58,0.293,3961.0,109.0,111.0,115.2,117.3,-6.1,-6.3,0.584,1.7,17.1,0.279,0.678,0.471,0.138,0.527,0.563,99.9,98.13,81.77,8098,0.459,2024-25,2024,2025,2025-26,1610612755,0.549,0.256,0,PHI,15,15402.223333333332,14,7,0,0.169,0.342,0.1349279227436212,0.3852120267485192,0.552954584262402,28.043878297224197,109.72955985575246,115.8867652224235,-6.142945639666308,0.1494652354302961,1.93838328427476,16.674720900683823,0.041495374910159,0.1288443460651893,0.0835380479701307,9.720135967383063,0.5332104487295881,0.567845249939024,0.1990486568281159,98.9753122406354,0.0952530565392399,16.807703303440825,5.988226375109915,3.405482368671017,1.9142690871253003,1.3930456360521113,0.6357523708157287,5.169909488996491,0.0239650993220692,0.0568052251224858,3.4863516559491567,0.0481173914538663
1610612756,Phoenix Suns,82,36,46,0.439,3966.0,113.7,114.7,116.2,117.7,-2.5,-3.0,0.673,1.97,20.0,0.264,0.709,0.493,0.142,0.561,0.595,99.4,98.31,81.93,8121,0.495,2024-25,2024,2025,2025-26,1610612756,0.549,0.11,0,PHX,12,17552.416666666668,9,4,2,0.142,0.285,0.1592354329175944,0.4120895982984299,0.6137179590654658,29.665249894364017,113.43782613030494,116.36733640666765,-2.934502722796956,0.1822705085244672,2.4114509530976265,21.42780601911417,0.0342472024270162,0.1208584811208333,0.0793016232332679,9.287317653314595,0.570083449857332,0.5983877044471559,0.1957668821482321,99.60491217638598,0.1004506324390278,17.291977837809608,5.718186954313033,4.411700193230751,1.9197356489372308,1.066519804965128,0.6768298762278698,4.248986768221649,0.0232461646718943,0.0631603031320523,2.3625434271249275,0.0348748033390519
1610612757,Portland Trail Blazers,82,36,46,0.439,3956.0,108.1,111.0,111.9,113.7,-3.8,-2.7,0.587,1.49,16.9,0.332,0.682,0.501,0.16,0.521,0.555,101.6,99.51,82.92,8192,0.473,2024-25,2024,2025,2025-26,1610612757,0.512,0.073,0,POR,15,19567.42666666667,12,7,3,0.137,0.25,0.1302190477099015,0.3624533834120241,0.5627975608443146,24.47776491815991,109.94490966960738,112.7161697296936,-2.7884740422348164,0.1481253168531103,1.5636000356374573,16.625031668275913,0.0507030402396636,0.1290509386517866,0.088571917819887,10.84766875324093,0.525542440004034,0.5571384478592655,0.1952728912744105,100.61171258680244,0.0956275947884818,16.642760724114975,6.695004010065708,3.5563184257919795,2.2445465491289265,1.2289812252607566,0.7929504612086617,2.783700856648325,0.0211221623435481,0.0441914467520392,2.370646376819357,0.038675489802228
1610612758,Sacramento Kings,82,40,42,0.488,3976.0,113.8,115.9,113.5,115.3,0.3,0.6,0.615,1.99,18.8,0.294,0.728,0.51,0.133,0.548,0.582,100.6,98.91,82.42,8189,0.502,2024-25,2024,2025,2025-26,1610612758,0.268,-0.2199999999999999,1,SAC,9,14199.946666666665,6,4,7,0.164,0.244,0.1949031968195186,0.5497672056984252,0.8316204943492745,28.23418491712645,115.34700813430288,113.86338324275398,1.518514517894903,0.1488288899676618,2.196450754275133,17.962931057957025,0.0471803584238814,0.1417627634282194,0.0943125784040503,8.47483160734876,0.5588124268776596,0.5899538234181162,0.187266990204658,100.01335743514532,0.1013124437791315,16.838936484268487,6.8577722357642665,3.7977607427633537,1.7138092537436762,1.0749336147741402,0.6769039508129608,3.965217672581424,0.032319414268998,0.04679998204851,2.2508823809598533,0.0527009778003121
1610612759,San Antonio Spurs,82,34,48,0.415,3946.0,111.7,113.5,114.1,116.3,-2.4,-2.8,0.685,2.06,20.1,0.278,0.69,0.485,0.138,0.544,0.575,101.9,100.08,83.4,8231,0.493,2024-25,2024,2025,2025-26,1610612759,0.756,0.341,0,SAS,13,18022.65166666667,9,6,2,0.168,0.3,0.1271823578309925,0.370880404113675,0.5881244260116735,26.55169906093175,111.89108470997282,114.91757251592,-3.019018520304679,0.1618392283377464,2.149752579878414,19.211726141667462,0.0435855093835156,0.1304283406871963,0.0876292392601125,9.264435246348782,0.5495383908083817,0.5794850941745437,0.1955686847227715,101.38426676670126,0.0997136197401954,17.238306867718595,6.619669636108855,4.06688213008981,1.9815064209474909,1.2124741910434746,0.8569216276073323,6.436424769901376,0.0236767672960599,0.0485987705543143,3.3474246843721005,0.0388371831659393
1610612761,Toronto Raptors,82,30,52,0.366,3961.0,107.6,109.6,111.7,113.6,-4.1,-4.1,0.685,1.86,19.6,0.311,0.696,0.5,0.152,0.522,0.553,102.4,100.62,83.85,8297,0.477,2024-25,2024,2025,2025-26,1610612761,0.561,0.195,0,TOR,13,16773.61333333333,13,7,0,0.139,0.305,0.1272313816700993,0.3422997310855701,0.5374348878118888,24.41891520491312,108.17699382601722,112.62877894128953,-4.440512320541549,0.178046293444227,1.8844973136378484,18.310884714961038,0.0459968850877688,0.1335393032985935,0.0889211531445023,9.681188926893906,0.5283983250279606,0.5566679539729464,0.2059611263444727,101.78034506478824,0.1012613793807893,17.674188268717295,6.698377849018418,4.270993886429559,2.2170536103928318,1.2018877268344486,0.6460146531735161,2.9728883214606148,0.0280823687682182,0.0503043972871644,2.931407879766786,0.0447049682995056
1610612762,Utah Jazz,82,17,65,0.207,3961.0,107.8,110.2,117.7,119.4,-9.9,-9.2,0.633,1.48,17.9,0.311,0.705,0.508,0.17,0.533,0.568,102.7,100.85,84.04,8322,0.45,2024-25,2024,2025,2025-26,1610612762,0.268,0.061,0,UTA,13,17852.841666666667,13,7,0,0.129,0.269,0.118103047087275,0.3195761085653497,0.5022842768728227,23.909163853933613,109.08192324191153,118.4704299175528,-9.40733083108618,0.1658524408579213,1.4785770509923488,17.501922149648443,0.0459327430133671,0.1289299289888957,0.0875222828671999,11.8143275790362,0.5347676034767574,0.5664929313307265,0.2001477765677826,101.91716414707088,0.0919596649646344,17.238936285119877,6.634237966784933,3.9442460373955406,2.548837930096096,0.9820285379405052,0.6251105682988842,3.6020029199301,0.0259558894573974,0.0474713146686879,3.294800899223348,0.058697291150463
1610612764,Washington Wizards,82,18,64,0.22,3946.0,103.9,105.8,116.2,118.0,-12.3,-12.2,0.637,1.61,17.8,0.272,0.685,0.476,0.152,0.512,0.546,103.5,101.82,84.85,8371,0.437,2024-25,2024,2025,2025-26,1610612764,0.207,-0.013,0,WAS,11,14972.948333333334,9,6,0,0.135,0.281,0.1641486997272525,0.4278504934844161,0.6693801899848493,22.989478803384195,104.9778898811846,116.8138483302498,-11.846654561131302,0.1575065124670948,1.7241495779777951,18.258707219653576,0.0369297771347415,0.1209085924849581,0.0787327445752445,10.594937380958928,0.5159649404386957,0.5483752270344441,0.1894648810538204,103.12241500087548,0.0844801766385578,15.933535245619073,6.1406743650688265,3.736338278510946,2.187945838767671,1.1132076080762987,0.8319002859490265,3.891444820705522,0.0208297365228854,0.0475513503279878,2.737160126195929,0.0530239242396109
