TEAM_ID,TEAM_NAME,TEAM_GP,TEAM_W,TEAM_L,TEAM_W_PCT,TEAM_MIN,TEAM_E_OFF_RATING,TEAM_OFF_RATING,TEAM_E_DEF_RATING,TEAM_DEF_RATING,TEAM_E_NET_RATING,TEAM_NET_RATING,TEAM_AST_PCT,TEAM_AST_TO,TEAM_AST_RATIO,TEAM_OREB_PCT,TEAM_DREB_PCT,TEAM_REB_PCT,TEAM_TM_TOV_PCT,TEAM_EFG_PCT,TEAM_TS_PCT,TEAM_E_PACE,TEAM_PACE,TEAM_PACE_PER40,TEAM_POSS,TEAM_PIE,SEASON,SEASON_START_YEAR
1610612737,Atlanta Hawks,82,56,26,0.683,3961.0,105.4,106.4,98.9,100.3,6.5,6.2,0.554,1.27,15.5,0.334,0.67,0.505,0.168,0.498,0.542,89.6,88.54,73.78,7304,0.539,1996-97,1996
1610612738,Boston Celtics,82,15,67,0.183,3981.0,100.8,102.9,108.8,110.1,-8.0,-7.2,0.584,1.34,16.1,0.329,0.658,0.482,0.167,0.474,0.52,98.3,96.78,80.65,8014,0.434,1996-97,1996
1610612739,Cleveland Cavaliers,82,42,40,0.512,3971.0,102.0,102.7,99.4,100.8,2.6,1.9,0.634,1.44,17.5,0.322,0.681,0.499,0.17,0.493,0.531,85.2,84.31,70.25,6983,0.512,1996-97,1996
1610612741,Chicago Bulls,82,69,13,0.841,3946.0,111.1,112.4,99.2,100.7,12.0,11.8,0.654,1.93,19.4,0.374,0.67,0.524,0.147,0.511,0.547,92.7,91.5,76.25,7522,0.586,1996-97,1996
1610612742,Dallas Mavericks,82,24,58,0.293,3961.0,98.0,99.5,105.7,106.0,-7.7,-6.5,0.591,1.26,16.0,0.332,0.65,0.488,0.177,0.469,0.509,91.5,90.65,75.54,7464,0.448,1996-97,1996
1610612743,Denver Nuggets,82,21,61,0.256,3986.0,101.2,103.1,108.2,109.7,-7.0,-6.6,0.644,1.39,17.4,0.324,0.666,0.496,0.175,0.486,0.53,95.2,93.67,78.06,7776,0.461,1996-97,1996
1610612744,Golden State Warriors,82,30,52,0.366,3981.0,104.1,105.3,108.9,110.3,-4.8,-5.0,0.608,1.29,16.8,0.347,0.648,0.497,0.182,0.493,0.543,94.7,93.58,77.98,7761,0.464,1996-97,1996
1610612745,Houston Rockets,82,57,25,0.695,3971.0,105.8,107.5,101.4,102.8,4.4,4.7,0.663,1.47,18.7,0.318,0.692,0.514,0.178,0.52,0.56,94.1,92.73,77.27,7674,0.536,1996-97,1996
1610612746,Los Angeles Clippers,82,36,46,0.439,3986.0,101.8,103.5,104.9,106.2,-3.1,-2.8,0.556,1.27,15.6,0.339,0.654,0.492,0.17,0.482,0.524,94.0,92.65,77.21,7703,0.475,1996-97,1996
1610612747,Los Angeles Lakers,82,56,26,0.683,3986.0,105.2,106.4,100.8,102.3,4.3,4.2,0.611,1.51,17.0,0.343,0.658,0.501,0.159,0.496,0.535,93.8,92.61,77.18,7705,0.53,1996-97,1996
1610612748,Miami Heat,82,61,21,0.744,3961.0,104.0,105.2,97.9,99.2,6.1,6.0,0.615,1.33,16.9,0.324,0.678,0.504,0.177,0.507,0.546,90.6,89.54,74.62,7393,0.536,1996-97,1996
1610612749,Milwaukee Bucks,82,33,49,0.402,3946.0,103.4,104.7,105.6,106.7,-2.2,-2.0,0.543,1.25,15.8,0.329,0.669,0.501,0.172,0.496,0.541,91.9,90.85,75.71,7465,0.477,1996-97,1996
1610612750,Minnesota Timberwolves,82,40,42,0.488,3956.0,102.6,103.9,103.7,105.5,-1.1,-1.7,0.638,1.51,17.7,0.323,0.649,0.488,0.164,0.485,0.533,93.4,92.04,76.7,7588,0.501,1996-97,1996
1610612751,New Jersey Nets,82,26,56,0.317,3956.0,101.4,102.4,106.5,107.2,-5.1,-4.8,0.576,1.34,15.5,0.376,0.669,0.513,0.166,0.456,0.499,95.3,94.47,78.72,7785,0.457,1996-97,1996
1610612752,New York Knicks,82,57,25,0.695,3971.0,102.2,102.9,97.6,99.5,4.6,3.4,0.628,1.24,17.2,0.323,0.7,0.519,0.192,0.501,0.546,93.0,91.84,76.53,7598,0.537,1996-97,1996
1610612753,Orlando Magic,82,45,37,0.549,3971.0,102.3,103.8,103.3,104.2,-1.0,-0.5,0.595,1.35,16.3,0.336,0.651,0.49,0.168,0.481,0.524,90.9,89.88,74.9,7438,0.486,1996-97,1996
1610612754,Indiana Pacers,82,39,43,0.476,3986.0,103.0,104.2,101.8,102.9,1.2,1.3,0.614,1.31,16.8,0.338,0.668,0.506,0.178,0.49,0.537,91.5,90.44,75.37,7501,0.504,1996-97,1996
1610612755,Philadelphia 76ers,82,22,60,0.268,3956.0,101.4,102.6,108.4,109.5,-6.9,-6.9,0.564,1.18,15.2,0.359,0.654,0.504,0.179,0.47,0.518,98.1,97.05,80.88,8006,0.453,1996-97,1996
1610612756,Phoenix Suns,82,40,42,0.488,3971.0,106.7,108.0,105.5,107.1,1.2,0.9,0.658,1.75,18.9,0.297,0.663,0.482,0.151,0.508,0.552,95.8,94.46,78.72,7808,0.509,1996-97,1996
1610612757,Portland Trail Blazers,82,49,33,0.598,3971.0,104.6,106.3,100.5,102.1,4.1,4.2,0.57,1.26,16.1,0.358,0.691,0.527,0.178,0.503,0.544,93.7,92.17,76.81,7635,0.527,1996-97,1996
1610612758,Sacramento Kings,82,34,48,0.415,3962.0,101.9,102.7,105.8,107.0,-3.8,-4.3,0.598,1.34,16.8,0.348,0.661,0.502,0.174,0.485,0.526,93.4,92.68,77.23,7654,0.47,1996-97,1996
1610612759,San Antonio Spurs,82,20,62,0.244,3946.0,100.5,102.1,108.8,110.8,-8.3,-8.8,0.588,1.34,16.3,0.344,0.643,0.49,0.171,0.472,0.512,90.0,88.45,73.71,7268,0.44,1996-97,1996
1610612760,Seattle SuperSonics,82,57,25,0.695,3956.0,108.2,109.6,99.5,101.0,8.7,8.5,0.644,1.57,18.1,0.341,0.657,0.5,0.163,0.51,0.557,92.9,91.68,76.4,7549,0.562,1996-97,1996
1610612761,Toronto Raptors,82,30,52,0.366,3966.0,101.3,102.9,105.1,106.4,-3.7,-3.5,0.592,1.27,16.1,0.35,0.657,0.498,0.177,0.481,0.521,93.3,92.03,76.69,7608,0.467,1996-97,1996
1610612762,Utah Jazz,82,64,18,0.78,3966.0,110.5,112.4,101.6,102.6,9.0,9.8,0.702,1.75,20.4,0.328,0.687,0.518,0.167,0.531,0.581,92.4,91.1,75.92,7520,0.59,1996-97,1996
1610612763,Vancouver Grizzlies,82,14,68,0.171,3956.0,97.6,99.1,108.9,110.1,-11.3,-11.0,0.661,1.43,17.9,0.325,0.618,0.469,0.176,0.471,0.507,90.9,89.7,74.75,7380,0.433,1996-97,1996
1610612764,Washington Bullets,82,44,38,0.537,3971.0,104.1,105.2,102.0,103.7,2.1,1.5,0.599,1.49,17.7,0.326,0.676,0.503,0.167,0.505,0.54,94.8,93.52,77.94,7746,0.525,1996-97,1996
1610612765,Detroit Pistons,82,54,28,0.659,3966.0,107.9,108.5,101.3,102.6,6.6,5.9,0.55,1.49,16.1,0.302,0.675,0.492,0.146,0.512,0.554,86.9,86.09,71.74,7120,0.53,1996-97,1996
1610612766,Charlotte Hornets,82,54,28,0.659,3961.0,108.0,109.1,105.6,107.1,2.4,2.1,0.676,1.68,19.2,0.316,0.661,0.495,0.162,0.518,0.562,91.1,90.04,75.03,7429,0.528,1996-97,1996
1610612737,Atlanta Hawks,82,50,32,0.61,3976.0,105.1,106.5,100.8,102.5,4.3,4.0,0.543,1.29,15.3,0.356,0.669,0.518,0.165,0.481,0.533,90.5,89.1,74.25,7377,0.532,1997-98,1997
1610612738,Boston Celtics,82,36,46,0.439,3946.0,99.1,100.8,102.6,103.5,-3.5,-2.7,0.603,1.37,16.5,0.352,0.642,0.484,0.171,0.464,0.504,96.1,94.9,79.08,7800,0.457,1997-98,1997
1610612739,Cleveland Cavaliers,82,47,35,0.573,3966.0,99.3,100.3,96.0,97.5,3.3,2.8,0.672,1.33,17.8,0.33,0.678,0.508,0.188,0.478,0.529,92.6,91.43,76.19,7561,0.528,1997-98,1997
1610612741,Chicago Bulls,82,62,20,0.756,3971.0,104.1,106.2,96.7,98.4,7.3,7.8,0.637,1.66,18.0,0.381,0.676,0.527,0.158,0.473,0.516,92.0,90.3,75.25,7471,0.56,1997-98,1997
1610612742,Dallas Mavericks,82,20,62,0.244,3981.0,97.4,98.9,104.4,105.2,-7.0,-6.3,0.533,1.3,14.9,0.306,0.632,0.466,0.156,0.458,0.498,92.6,91.47,76.23,7575,0.446,1997-98,1997
1610612743,Denver Nuggets,82,11,71,0.134,3946.0,95.7,97.4,109.1,110.6,-13.4,-13.2,0.578,1.18,15.0,0.337,0.639,0.482,0.175,0.44,0.496,92.5,91.06,75.88,7496,0.407,1997-98,1997
1610612744,Golden State Warriors,82,19,63,0.232,3966.0,92.7,93.9,102.8,103.5,-10.1,-9.6,0.6,1.25,15.7,0.356,0.664,0.505,0.178,0.427,0.468,94.2,93.31,77.76,7707,0.423,1997-98,1997
1610612745,Houston Rockets,82,41,41,0.5,3966.0,104.4,105.9,105.6,106.8,-1.2,-0.9,0.611,1.39,16.9,0.324,0.672,0.499,0.17,0.496,0.544,93.7,92.52,77.1,7649,0.49,1997-98,1997
1610612746,Los Angeles Clippers,82,17,65,0.207,3956.0,99.9,101.8,108.3,109.6,-8.4,-7.7,0.523,1.16,14.6,0.33,0.638,0.481,0.171,0.477,0.518,95.2,93.74,78.12,7723,0.437,1997-98,1997
1610612747,Los Angeles Lakers,82,61,21,0.744,3966.0,109.2,110.4,100.7,102.3,8.5,8.1,0.639,1.6,18.1,0.339,0.656,0.503,0.16,0.519,0.559,96.1,94.85,79.04,7836,0.558,1997-98,1997
1610612748,Miami Heat,82,55,27,0.671,3951.0,104.6,105.7,98.7,100.5,5.9,5.2,0.617,1.43,17.0,0.339,0.669,0.508,0.166,0.494,0.538,90.6,89.35,74.46,7367,0.535,1997-98,1997
1610612749,Milwaukee Bucks,82,36,46,0.439,3986.0,100.6,101.5,102.4,103.7,-1.8,-2.2,0.565,1.19,15.7,0.34,0.664,0.501,0.181,0.475,0.527,92.8,91.9,76.58,7637,0.483,1997-98,1997
1610612750,Minnesota Timberwolves,82,45,37,0.549,3986.0,104.8,106.4,103.6,105.5,1.2,0.8,0.655,1.82,18.6,0.333,0.657,0.497,0.146,0.483,0.529,95.5,93.89,78.24,7793,0.515,1997-98,1997
1610612751,New Jersey Nets,82,43,39,0.524,3976.0,104.8,105.8,103.3,104.3,1.4,1.5,0.552,1.43,15.3,0.383,0.65,0.508,0.153,0.463,0.513,94.0,93.16,77.63,7723,0.497,1997-98,1997
1610612752,New York Knicks,82,43,39,0.524,3966.0,100.4,101.5,97.1,98.8,3.3,2.7,0.624,1.43,17.3,0.319,0.703,0.512,0.169,0.476,0.521,90.8,89.53,74.61,7398,0.517,1997-98,1997
1610612753,Orlando Magic,82,41,41,0.5,3966.0,98.8,101.0,100.9,102.2,-2.1,-1.2,0.611,1.35,16.3,0.37,0.646,0.505,0.172,0.452,0.499,90.1,88.51,73.76,7315,0.489,1997-98,1997
1610612754,Indiana Pacers,82,58,24,0.707,3966.0,105.6,106.3,98.4,99.5,7.2,6.8,0.647,1.62,18.3,0.305,0.657,0.49,0.158,0.502,0.55,90.5,89.69,74.75,7410,0.553,1997-98,1997
1610612755,Philadelphia 76ers,82,31,51,0.378,3951.0,99.7,101.1,102.7,103.3,-3.0,-2.3,0.609,1.28,16.3,0.341,0.66,0.499,0.179,0.462,0.514,93.0,92.11,76.76,7570,0.478,1997-98,1997
1610612756,Phoenix Suns,82,56,26,0.683,3991.0,104.5,106.3,98.8,100.6,5.7,5.6,0.677,1.72,19.3,0.321,0.664,0.497,0.161,0.5,0.54,94.1,92.47,77.06,7685,0.547,1997-98,1997
1610612757,Portland Trail Blazers,82,46,36,0.561,3966.0,100.8,102.4,99.5,100.8,1.3,1.6,0.612,1.28,16.6,0.355,0.685,0.525,0.183,0.476,0.524,92.8,91.46,76.22,7555,0.512,1997-98,1997
1610612758,Sacramento Kings,82,27,55,0.329,3946.0,98.1,99.1,103.8,105.0,-5.7,-5.9,0.621,1.44,17.0,0.328,0.643,0.483,0.165,0.464,0.502,94.8,93.78,78.15,7709,0.458,1997-98,1997
1610612759,San Antonio Spurs,82,56,26,0.683,3966.0,101.5,102.4,96.2,98.0,5.3,4.4,0.635,1.4,17.7,0.326,0.696,0.524,0.178,0.493,0.531,90.9,89.65,74.71,7407,0.551,1997-98,1997
1610612760,Seattle SuperSonics,82,61,21,0.744,3951.0,108.5,110.1,100.4,102.3,8.1,7.9,0.651,1.73,18.7,0.321,0.635,0.481,0.153,0.521,0.558,92.5,90.96,75.8,7487,0.544,1997-98,1997
1610612761,Toronto Raptors,82,16,66,0.195,3986.0,98.5,99.4,107.7,108.9,-9.2,-9.5,0.589,1.27,16.0,0.339,0.602,0.466,0.175,0.462,0.504,95.4,94.36,78.64,7829,0.431,1997-98,1997
1610612762,Utah Jazz,82,62,20,0.756,3956.0,109.3,110.9,102.3,103.8,7.0,7.2,0.692,1.64,19.4,0.352,0.684,0.529,0.169,0.51,0.569,91.9,90.55,75.46,7464,0.571,1997-98,1997
1610612763,Vancouver Grizzlies,82,19,63,0.232,3966.0,101.1,102.4,109.3,110.2,-8.2,-7.8,0.652,1.4,17.9,0.34,0.652,0.496,0.182,0.482,0.527,94.6,93.6,78.0,7735,0.452,1997-98,1997
1610612764,Washington Wizards,82,42,40,0.512,3961.0,102.2,103.9,101.6,103.2,0.6,0.7,0.617,1.64,17.5,0.339,0.673,0.501,0.151,0.476,0.513,94.5,92.98,77.49,7669,0.507,1997-98,1997
1610612765,Detroit Pistons,82,37,45,0.451,3991.0,102.5,103.4,100.4,101.8,2.1,1.6,0.558,1.33,15.5,0.332,0.668,0.5,0.16,0.472,0.523,90.8,89.75,74.79,7468,0.505,1997-98,1997
1610612766,Charlotte Hornets,82,51,31,0.622,3956.0,104.7,105.5,102.7,103.3,2.0,2.2,0.654,1.56,18.3,0.326,0.691,0.51,0.166,0.495,0.542,91.8,91.13,75.95,7511,0.526,1997-98,1997
1610612737,Atlanta Hawks,50,31,19,0.62,2415.0,96.9,98.4,93.9,95.3,3.0,3.1,0.507,1.05,13.0,0.353,0.701,0.527,0.17,0.436,0.492,88.4,87.1,72.58,4387,0.525,1998-99,1998
1610612738,Boston Celtics,50,19,31,0.38,2430.0,97.6,98.7,99.7,100.8,-2.1,-2.1,0.591,1.33,16.3,0.33,0.666,0.493,0.171,0.469,0.501,94.0,93.02,77.51,4711,0.473,1998-99,1998
1610612739,Cleveland Cavaliers,50,22,28,0.44,2410.0,96.7,98.2,98.5,100.1,-1.9,-1.9,0.7,1.39,17.9,0.295,0.656,0.478,0.178,0.464,0.52,89.1,87.66,73.05,4400,0.493,1998-99,1998
1610612741,Chicago Bulls,50,13,37,0.26,2414.0,89.8,91.4,100.1,101.7,-10.2,-10.4,0.661,1.31,16.4,0.299,0.684,0.482,0.173,0.424,0.47,90.7,89.19,74.32,4482,0.42,1998-99,1998
1610612742,Dallas Mavericks,50,19,31,0.38,2415.0,99.3,100.2,102.2,103.0,-2.9,-2.7,0.527,1.33,14.7,0.321,0.673,0.495,0.151,0.459,0.502,91.6,90.8,75.66,4570,0.474,1998-99,1998
1610612743,Denver Nuggets,50,14,36,0.28,2405.0,100.2,101.4,106.8,108.6,-6.5,-7.3,0.576,1.31,15.3,0.319,0.66,0.483,0.16,0.459,0.511,93.3,91.99,76.66,4611,0.442,1998-99,1998
1610612744,Golden State Warriors,50,21,29,0.42,2425.0,95.1,96.0,98.7,98.9,-3.6,-2.9,0.599,1.35,15.8,0.367,0.69,0.523,0.167,0.434,0.471,91.5,90.96,75.8,4600,0.466,1998-99,1998
1610612745,Houston Rockets,50,31,19,0.62,2415.0,102.5,103.5,100.1,101.0,2.4,2.5,0.603,1.3,16.9,0.312,0.678,0.506,0.178,0.506,0.545,91.3,90.45,75.38,4551,0.523,1998-99,1998
1610612746,Los Angeles Clippers,50,9,41,0.18,2425.0,96.6,98.3,107.0,107.8,-10.4,-9.6,0.479,1.03,13.2,0.332,0.646,0.48,0.173,0.454,0.497,92.2,91.04,75.87,4599,0.402,1998-99,1998
1610612747,Los Angeles Lakers,50,31,19,0.62,2410.0,104.6,106.1,101.2,102.8,3.3,3.3,0.595,1.45,16.9,0.323,0.671,0.5,0.162,0.498,0.538,94.3,92.95,77.46,4666,0.527,1998-99,1998
1610612748,Miami Heat,50,33,17,0.66,2405.0,102.0,102.9,96.0,97.1,6.0,5.8,0.631,1.37,17.1,0.299,0.683,0.503,0.172,0.494,0.54,87.2,86.35,71.96,4325,0.56,1998-99,1998
1610612749,Milwaukee Bucks,50,28,22,0.56,2410.0,102.4,102.9,99.5,101.2,2.9,1.8,0.588,1.43,16.8,0.312,0.648,0.484,0.161,0.489,0.53,89.6,88.64,73.87,4453,0.512,1998-99,1998
1610612750,Minnesota Timberwolves,50,25,25,0.5,2405.0,98.5,99.9,98.2,99.4,0.4,0.5,0.663,1.9,18.1,0.348,0.673,0.501,0.138,0.439,0.481,94.1,92.86,77.38,4651,0.493,1998-99,1998
1610612751,New Jersey Nets,50,16,34,0.32,2410.0,96.3,97.0,100.6,101.2,-4.4,-4.2,0.546,1.23,14.3,0.328,0.682,0.496,0.159,0.434,0.485,94.3,93.73,78.11,4711,0.466,1998-99,1998
1610612752,New York Knicks,50,27,23,0.54,2420.0,96.2,97.2,94.3,95.9,1.9,1.2,0.598,1.2,15.9,0.303,0.671,0.494,0.181,0.463,0.509,89.5,88.22,73.52,4446,0.515,1998-99,1998
1610612753,Orlando Magic,50,33,17,0.66,2410.0,96.7,98.9,95.3,96.3,1.4,2.6,0.632,1.3,16.6,0.36,0.685,0.518,0.181,0.456,0.498,91.4,89.93,74.94,4521,0.519,1998-99,1998
1610612754,Indiana Pacers,50,33,17,0.66,2420.0,105.6,106.6,101.0,102.2,4.6,4.3,0.581,1.55,16.4,0.31,0.671,0.495,0.146,0.486,0.537,89.1,88.16,73.46,4442,0.526,1998-99,1998
1610612755,Philadelphia 76ers,50,28,22,0.56,2430.0,96.8,97.8,94.6,95.5,2.2,2.4,0.564,1.14,14.7,0.356,0.679,0.515,0.179,0.439,0.494,91.4,90.56,75.47,4582,0.518,1998-99,1998
1610612756,Phoenix Suns,50,27,23,0.54,2410.0,103.4,103.9,99.9,101.6,3.5,2.2,0.695,1.83,19.1,0.306,0.671,0.489,0.148,0.481,0.526,92.6,91.54,76.28,4601,0.529,1998-99,1998
1610612757,Portland Trail Blazers,50,35,15,0.7,2435.0,101.4,102.8,94.9,96.2,6.6,6.6,0.614,1.39,16.6,0.345,0.687,0.519,0.167,0.473,0.521,92.1,90.81,75.67,4613,0.556,1998-99,1998
1610612758,Sacramento Kings,50,27,23,0.54,2440.0,99.9,101.2,100.0,101.6,-0.1,-0.4,0.589,1.34,16.4,0.328,0.654,0.493,0.17,0.479,0.514,98.8,97.36,81.13,4948,0.494,1998-99,1998
1610612759,San Antonio Spurs,50,37,13,0.74,2415.0,101.3,102.7,92.1,93.6,9.2,9.1,0.633,1.45,17.4,0.329,0.674,0.512,0.168,0.479,0.523,91.2,89.88,74.9,4517,0.582,1998-99,1998
1610612760,Seattle SuperSonics,50,25,25,0.5,2420.0,101.8,103.2,103.3,104.2,-1.6,-0.9,0.619,1.42,16.7,0.344,0.673,0.506,0.167,0.481,0.519,92.3,91.22,76.02,4594,0.49,1998-99,1998
1610612761,Toronto Raptors,50,23,27,0.46,2415.0,98.8,99.8,100.5,101.8,-1.7,-1.9,0.624,1.3,16.1,0.359,0.675,0.515,0.175,0.45,0.504,91.7,90.67,75.56,4565,0.489,1998-99,1998
1610612762,Utah Jazz,50,37,13,0.74,2435.0,102.7,104.2,95.5,96.7,7.2,7.4,0.715,1.48,19.0,0.329,0.677,0.516,0.182,0.485,0.545,89.6,88.37,73.64,4480,0.591,1998-99,1998
1610612763,Vancouver Grizzlies,50,8,42,0.16,2435.0,95.4,97.1,105.1,106.3,-9.6,-9.3,0.586,1.14,15.3,0.342,0.645,0.49,0.185,0.447,0.498,91.6,90.29,75.24,4576,0.427,1998-99,1998
1610612764,Washington Wizards,50,18,32,0.36,2410.0,98.3,99.8,101.0,102.1,-2.7,-2.3,0.602,1.45,16.8,0.308,0.673,0.488,0.161,0.468,0.507,92.2,91.11,75.93,4571,0.476,1998-99,1998
1610612765,Detroit Pistons,50,29,21,0.58,2410.0,101.2,102.4,97.9,98.4,3.3,4.0,0.608,1.28,16.4,0.331,0.697,0.514,0.179,0.48,0.528,88.7,87.93,73.28,4411,0.515,1998-99,1998
1610612766,Charlotte Hornets,50,26,24,0.52,2430.0,100.0,100.4,99.2,100.4,0.8,0.0,0.664,1.39,17.6,0.266,0.678,0.482,0.172,0.485,0.537,92.1,91.43,76.19,4626,0.511,1998-99,1998
1610612737,Atlanta Hawks,82,28,54,0.341,3966.0,99.2,100.1,104.8,105.8,-5.7,-5.7,0.516,1.22,14.6,0.334,0.698,0.516,0.164,0.46,0.503,94.4,93.55,77.96,7731,0.462,1999-00,1999
1610612738,Boston Celtics,82,35,47,0.427,3946.0,102.0,102.9,103.0,103.9,-1.0,-1.1,0.57,1.38,15.9,0.327,0.705,0.506,0.159,0.474,0.52,97.1,96.19,80.16,7918,0.476,1999-00,1999
1610612739,Cleveland Cavaliers,82,32,50,0.39,3971.0,97.9,98.7,100.9,102.2,-3.0,-3.5,0.652,1.36,17.3,0.308,0.685,0.496,0.177,0.468,0.516,98.4,97.36,81.13,8051,0.475,1999-00,1999
1610612741,Chicago Bulls,82,17,65,0.207,3961.0,91.2,92.8,102.3,102.8,-11.1,-10.0,0.638,1.05,15.8,0.331,0.676,0.499,0.208,0.443,0.49,92.0,90.93,75.78,7492,0.417,1999-00,1999
1610612742,Dallas Mavericks,82,40,42,0.488,3946.0,103.8,104.7,104.5,105.2,-0.7,-0.5,0.567,1.61,16.7,0.281,0.647,0.466,0.142,0.49,0.532,97.4,96.64,80.54,7941,0.493,1999-00,1999
1610612743,Denver Nuggets,82,35,47,0.427,3971.0,100.8,102.2,102.8,104.5,-2.0,-2.3,0.625,1.49,17.2,0.321,0.688,0.504,0.161,0.476,0.517,97.4,95.95,79.96,7944,0.483,1999-00,1999
1610612744,Golden State Warriors,82,19,63,0.232,3951.0,96.9,98.0,105.8,106.5,-8.9,-8.4,0.618,1.42,16.3,0.346,0.673,0.499,0.163,0.444,0.484,98.0,97.11,80.92,7991,0.431,1999-00,1999
1610612745,Houston Rockets,82,34,48,0.415,3966.0,101.6,103.3,103.1,104.2,-1.5,-0.8,0.591,1.24,16.3,0.321,0.691,0.508,0.181,0.494,0.536,96.8,95.54,79.62,7892,0.49,1999-00,1999
1610612746,Los Angeles Clippers,82,15,67,0.183,3940.0,95.2,96.1,107.3,108.0,-12.2,-11.9,0.514,1.12,14.2,0.286,0.674,0.474,0.169,0.458,0.499,96.5,95.69,79.74,7849,0.411,1999-00,1999
1610612747,Los Angeles Lakers,82,67,15,0.817,3961.0,104.6,105.4,95.6,96.4,9.0,9.0,0.612,1.68,17.4,0.324,0.705,0.518,0.146,0.484,0.525,95.8,95.04,79.2,7840,0.573,1999-00,1999
1610612748,Miami Heat,82,52,30,0.634,3966.0,102.2,102.5,97.7,99.4,4.5,3.1,0.649,1.57,18.3,0.304,0.696,0.508,0.163,0.495,0.533,92.2,91.22,76.02,7548,0.543,1999-00,1999
1610612749,Milwaukee Bucks,82,42,40,0.512,3971.0,104.9,106.5,104.9,106.2,0.0,0.3,0.583,1.51,17.1,0.327,0.667,0.497,0.158,0.494,0.539,95.5,94.27,78.56,7796,0.498,1999-00,1999
1610612750,Minnesota Timberwolves,82,50,32,0.61,3981.0,103.4,104.2,100.2,101.7,3.2,2.5,0.684,1.94,19.8,0.318,0.696,0.507,0.147,0.485,0.525,94.4,93.37,77.81,7751,0.531,1999-00,1999
1610612751,New Jersey Nets,82,31,51,0.378,3966.0,102.3,102.8,103.3,103.9,-1.0,-1.1,0.567,1.51,15.8,0.298,0.657,0.472,0.143,0.468,0.517,95.1,94.63,78.86,7820,0.479,1999-00,1999
1610612752,New York Knicks,82,50,32,0.61,3966.0,99.8,100.9,98.1,99.5,1.7,1.5,0.548,1.32,15.8,0.277,0.699,0.496,0.16,0.482,0.527,91.7,90.54,75.45,7485,0.507,1999-00,1999
1610612753,Orlando Magic,82,41,41,0.5,3951.0,99.4,101.1,98.9,100.3,0.5,0.8,0.539,1.18,15.3,0.344,0.669,0.506,0.178,0.473,0.516,100.2,98.68,82.23,8120,0.497,1999-00,1999
1610612754,Indiana Pacers,82,56,26,0.683,3946.0,105.9,106.8,100.8,101.7,5.2,5.1,0.609,1.6,17.5,0.276,0.691,0.492,0.149,0.503,0.552,95.6,94.7,78.92,7777,0.534,1999-00,1999
1610612755,Philadelphia 76ers,82,49,33,0.598,3966.0,98.5,99.9,97.5,98.3,0.9,1.5,0.607,1.42,16.6,0.335,0.68,0.504,0.165,0.457,0.501,95.3,94.25,78.54,7782,0.508,1999-00,1999
1610612756,Phoenix Suns,82,53,29,0.646,3961.0,101.8,102.7,96.2,97.3,5.6,5.4,0.678,1.53,18.8,0.316,0.676,0.5,0.173,0.491,0.532,96.7,95.67,79.73,7895,0.542,1999-00,1999
1610612757,Portland Trail Blazers,82,59,23,0.72,3956.0,105.1,106.5,97.7,99.5,7.4,6.9,0.637,1.55,18.2,0.335,0.693,0.523,0.166,0.501,0.546,92.4,91.03,75.86,7505,0.559,1999-00,1999
1610612758,Sacramento Kings,82,44,38,0.537,3961.0,101.9,103.6,99.9,100.7,2.0,2.9,0.596,1.47,17.0,0.308,0.679,0.493,0.16,0.486,0.526,101.9,100.66,83.88,8306,0.513,1999-00,1999
1610612759,San Antonio Spurs,82,53,29,0.646,3971.0,102.8,103.5,95.7,97.1,7.1,6.4,0.616,1.48,17.3,0.301,0.703,0.512,0.162,0.488,0.535,93.1,92.11,76.76,7620,0.556,1999-00,1999
1610612760,Seattle SuperSonics,82,45,37,0.549,3956.0,102.6,104.0,101.8,103.1,0.8,1.0,0.604,1.63,17.2,0.312,0.673,0.491,0.148,0.487,0.52,96.0,94.74,78.95,7809,0.496,1999-00,1999
1610612761,Toronto Raptors,82,45,37,0.549,3951.0,101.8,102.7,101.7,102.8,0.0,-0.1,0.653,1.71,17.7,0.324,0.686,0.499,0.147,0.464,0.511,95.2,94.3,78.58,7760,0.5,1999-00,1999
1610612762,Utah Jazz,82,55,27,0.671,3951.0,104.0,105.7,99.8,101.1,4.2,4.6,0.689,1.67,19.1,0.329,0.698,0.516,0.163,0.49,0.54,92.2,90.84,75.7,7488,0.551,1999-00,1999
1610612763,Vancouver Grizzlies,82,22,60,0.268,3971.0,99.7,100.7,105.3,106.7,-5.6,-6.0,0.588,1.23,16.2,0.326,0.679,0.501,0.181,0.474,0.524,93.5,92.46,77.05,7647,0.457,1999-00,1999
1610612764,Washington Wizards,82,29,53,0.354,3961.0,100.7,101.8,104.1,105.2,-3.4,-3.4,0.588,1.34,16.4,0.329,0.686,0.506,0.17,0.476,0.521,95.3,94.33,78.61,7781,0.471,1999-00,1999
1610612765,Detroit Pistons,82,42,40,0.512,3966.0,104.6,105.2,103.1,103.8,1.6,1.4,0.561,1.33,15.7,0.295,0.694,0.495,0.16,0.492,0.548,98.2,97.56,81.3,8063,0.506,1999-00,1999
1610612766,Charlotte Hornets,82,49,33,0.598,3956.0,101.7,102.5,98.9,99.7,2.8,2.8,0.689,1.68,18.4,0.283,0.712,0.501,0.153,0.475,0.53,96.3,95.58,79.65,7876,0.541,1999-00,1999
1610612737,Atlanta Hawks,82,25,57,0.305,3946.0,95.6,96.9,101.9,102.4,-6.3,-5.5,0.542,1.14,14.9,0.313,0.691,0.501,0.178,0.456,0.5,94.5,93.63,78.02,7695,0.452,2000-01,2000
1610612738,Boston Celtics,82,36,46,0.439,3966.0,99.0,100.1,100.9,102.3,-1.9,-2.2,0.616,1.33,16.2,0.28,0.69,0.478,0.166,0.473,0.521,95.0,93.81,78.17,7748,0.468,2000-01,2000
1610612739,Cleveland Cavaliers,82,30,52,0.366,3966.0,97.4,99.3,102.0,103.5,-4.6,-4.2,0.591,1.27,16.2,0.331,0.678,0.505,0.177,0.459,0.509,93.9,92.32,76.94,7613,0.469,2000-01,2000
1610612741,Chicago Bulls,82,15,67,0.183,3971.0,94.3,95.9,104.9,105.9,-10.6,-10.0,0.665,1.4,17.4,0.302,0.673,0.48,0.173,0.45,0.495,91.7,90.47,75.39,7486,0.432,2000-01,2000
1610612742,Dallas Mavericks,82,53,29,0.646,3961.0,104.5,105.6,100.1,101.2,4.4,4.4,0.564,1.52,16.5,0.272,0.678,0.481,0.146,0.498,0.544,95.5,94.52,78.76,7803,0.523,2000-01,2000
1610612743,Denver Nuggets,82,40,42,0.488,3956.0,101.1,102.2,103.1,104.9,-2.0,-2.8,0.661,1.73,18.0,0.306,0.69,0.497,0.147,0.47,0.511,95.3,93.98,78.32,7751,0.48,2000-01,2000
1610612744,Golden State Warriors,82,17,65,0.207,3956.0,94.5,96.3,104.9,105.5,-10.4,-9.2,0.609,1.37,15.9,0.357,0.68,0.504,0.165,0.429,0.47,96.8,95.7,79.75,7879,0.427,2000-01,2000
1610612745,Houston Rockets,82,45,37,0.549,3966.0,103.6,105.2,101.7,102.8,1.9,2.4,0.548,1.34,15.7,0.305,0.691,0.502,0.159,0.492,0.538,92.9,91.66,76.38,7575,0.509,2000-01,2000
1610612746,Los Angeles Clippers,82,31,51,0.378,4006.0,98.4,100.3,101.8,103.2,-3.5,-2.9,0.547,1.23,15.3,0.322,0.682,0.506,0.171,0.476,0.514,92.1,90.67,75.56,7559,0.476,2000-01,2000
1610612747,Los Angeles Lakers,82,56,26,0.683,3981.0,105.6,107.0,101.7,103.6,3.9,3.5,0.607,1.59,17.4,0.338,0.691,0.517,0.154,0.498,0.535,94.3,92.9,77.42,7710,0.532,2000-01,2000
1610612748,Miami Heat,82,50,32,0.61,3976.0,98.6,99.4,95.7,97.1,2.9,2.3,0.605,1.45,16.4,0.28,0.7,0.49,0.153,0.469,0.515,89.4,88.39,73.66,7331,0.523,2000-01,2000
1610612749,Milwaukee Bucks,82,52,30,0.634,3956.0,106.3,106.8,101.2,102.6,5.1,4.2,0.593,1.64,17.2,0.301,0.683,0.494,0.145,0.499,0.542,94.7,93.89,78.24,7733,0.519,2000-01,2000
1610612750,Minnesota Timberwolves,82,47,35,0.573,3966.0,102.7,103.9,100.7,102.4,2.1,1.6,0.662,1.83,19.0,0.315,0.682,0.498,0.148,0.482,0.523,94.3,92.99,77.49,7679,0.518,2000-01,2000
1610612751,New Jersey Nets,82,26,56,0.317,3946.0,96.9,98.4,103.0,103.8,-6.1,-5.4,0.576,1.33,15.4,0.292,0.673,0.477,0.157,0.452,0.504,94.5,93.35,77.79,7674,0.446,2000-01,2000
1610612752,New York Knicks,82,48,34,0.585,3981.0,98.7,100.0,95.5,97.0,3.1,3.0,0.552,1.28,15.6,0.276,0.707,0.498,0.163,0.476,0.523,89.0,87.74,73.12,7276,0.52,2000-01,2000
1610612753,Orlando Magic,82,43,39,0.524,3991.0,100.4,102.1,99.2,101.1,1.2,1.0,0.598,1.45,16.6,0.321,0.662,0.489,0.159,0.474,0.513,95.8,94.14,78.45,7828,0.495,2000-01,2000
1610612754,Indiana Pacers,82,41,41,0.5,3996.0,99.4,100.3,99.2,100.5,0.2,-0.2,0.623,1.42,16.9,0.297,0.685,0.497,0.164,0.471,0.519,91.9,90.89,75.75,7566,0.51,2000-01,2000
1610612755,Philadelphia 76ers,82,56,26,0.683,3971.0,100.7,101.9,96.2,97.3,4.5,4.6,0.583,1.31,16.0,0.334,0.704,0.523,0.17,0.468,0.518,93.2,92.09,76.74,7619,0.536,2000-01,2000
1610612756,Phoenix Suns,82,51,31,0.622,3961.0,97.5,98.9,95.4,96.7,2.1,2.3,0.647,1.52,17.5,0.305,0.702,0.5,0.161,0.46,0.506,95.7,94.41,78.67,7792,0.521,2000-01,2000
1610612757,Portland Trail Blazers,82,50,32,0.61,3956.0,103.6,104.7,99.0,100.5,4.6,4.2,0.653,1.56,18.6,0.333,0.7,0.522,0.168,0.497,0.539,91.7,90.53,75.44,7475,0.544,2000-01,2000
1610612758,Sacramento Kings,82,55,27,0.671,4016.0,102.8,104.2,97.0,98.5,5.8,5.7,0.591,1.52,16.8,0.307,0.679,0.497,0.152,0.484,0.529,97.0,95.61,79.67,8010,0.54,2000-01,2000
1610612759,San Antonio Spurs,82,58,24,0.707,3966.0,104.7,105.0,94.9,96.6,9.8,8.3,0.617,1.55,17.2,0.297,0.703,0.511,0.152,0.496,0.541,91.8,90.87,75.73,7514,0.573,2000-01,2000
1610612760,Seattle SuperSonics,82,44,38,0.537,3961.0,102.6,104.4,102.7,104.2,-0.1,0.2,0.592,1.43,16.9,0.321,0.668,0.496,0.164,0.491,0.53,94.2,92.69,77.24,7643,0.494,2000-01,2000
1610612761,Toronto Raptors,82,47,35,0.573,3991.0,102.6,104.4,100.5,102.0,2.1,2.3,0.657,1.86,18.2,0.339,0.7,0.515,0.141,0.468,0.51,93.8,92.22,76.85,7671,0.522,2000-01,2000
1610612762,Utah Jazz,82,53,29,0.646,3956.0,104.1,106.1,100.0,100.9,4.1,5.2,0.713,1.63,19.6,0.332,0.701,0.519,0.173,0.497,0.546,92.3,91.08,75.9,7503,0.548,2000-01,2000
1610612763,Vancouver Grizzlies,82,23,59,0.28,3956.0,96.8,98.2,103.2,104.2,-6.3,-6.0,0.662,1.47,17.9,0.293,0.675,0.484,0.168,0.464,0.51,94.1,93.03,77.53,7662,0.465,2000-01,2000
1610612764,Washington Wizards,82,19,63,0.232,3936.0,97.8,99.4,104.8,106.2,-7.0,-6.8,0.581,1.18,15.6,0.328,0.684,0.502,0.181,0.46,0.514,95.3,93.97,78.3,7695,0.453,2000-01,2000
1610612765,Detroit Pistons,82,32,50,0.39,3971.0,97.3,98.5,98.9,100.3,-1.6,-1.8,0.558,1.25,14.9,0.325,0.691,0.505,0.164,0.453,0.498,97.5,96.15,80.13,7955,0.48,2000-01,2000
1610612766,Charlotte Hornets,82,46,36,0.561,3976.0,99.3,99.7,96.3,97.6,3.0,2.1,0.679,1.61,17.8,0.315,0.71,0.513,0.156,0.457,0.506,92.0,91.24,76.04,7565,0.527,2000-01,2000
1610612737,Atlanta Hawks,82,33,49,0.402,3956.0,99.1,100.4,103.7,104.8,-4.6,-4.4,0.57,1.3,15.8,0.297,0.689,0.491,0.166,0.471,0.517,94.4,93.21,77.67,7678,0.465,2001-02,2001
1610612738,Boston Celtics,82,49,33,0.598,3966.0,101.1,102.1,98.0,99.9,3.1,2.2,0.604,1.55,16.4,0.272,0.695,0.481,0.144,0.476,0.52,95.0,93.6,78.0,7738,0.5,2001-02,2001
1610612739,Cleveland Cavaliers,82,29,53,0.354,3971.0,101.7,103.4,105.0,107.0,-3.3,-3.6,0.641,1.58,17.8,0.319,0.69,0.505,0.158,0.477,0.524,93.0,91.31,76.09,7553,0.482,2001-02,2001
1610612741,Chicago Bulls,82,21,61,0.256,3961.0,95.5,97.2,104.8,106.2,-9.3,-9.1,0.646,1.45,17.3,0.298,0.685,0.487,0.166,0.456,0.499,93.0,91.56,76.3,7549,0.436,2001-02,2001
1610612742,Dallas Mavericks,82,57,25,0.695,3976.0,109.5,110.3,104.8,106.0,4.7,4.3,0.566,1.83,16.9,0.285,0.683,0.487,0.127,0.507,0.553,95.3,94.36,78.63,7823,0.517,2001-02,2001
1610612743,Denver Nuggets,82,27,55,0.329,3961.0,97.8,100.3,104.9,106.6,-7.1,-6.3,0.623,1.51,17.0,0.341,0.668,0.497,0.16,0.455,0.495,93.3,91.35,76.12,7537,0.442,2001-02,2001
1610612744,Golden State Warriors,82,21,61,0.256,3956.0,99.3,101.5,105.6,107.1,-6.3,-5.6,0.569,1.24,15.3,0.373,0.669,0.516,0.175,0.452,0.499,97.5,95.75,79.79,7890,0.456,2001-02,2001
1610612745,Houston Rockets,82,28,54,0.341,3996.0,99.7,101.6,105.9,106.9,-6.1,-5.4,0.522,1.28,14.6,0.327,0.675,0.497,0.155,0.465,0.507,90.8,89.56,74.63,7456,0.458,2001-02,2001
1610612746,Los Angeles Clippers,82,39,43,0.476,3961.0,102.0,104.3,103.2,104.7,-1.2,-0.4,0.577,1.41,16.3,0.349,0.673,0.512,0.161,0.476,0.519,92.9,91.21,76.01,7524,0.495,2001-02,2001
1610612747,Los Angeles Lakers,82,58,24,0.707,3956.0,106.5,108.0,98.7,100.4,7.8,7.6,0.597,1.81,17.5,0.311,0.686,0.501,0.135,0.498,0.534,94.8,93.32,77.77,7691,0.549,2001-02,2001
1610612748,Miami Heat,82,36,46,0.439,3986.0,96.0,97.3,97.6,99.0,-1.6,-1.7,0.594,1.37,16.5,0.297,0.71,0.505,0.166,0.463,0.501,89.7,88.47,73.72,7346,0.501,2001-02,2001
1610612749,Milwaukee Bucks,82,41,41,0.5,3981.0,104.2,105.3,103.9,105.6,0.4,-0.3,0.607,1.6,17.7,0.287,0.679,0.491,0.152,0.507,0.544,92.8,91.51,76.26,7591,0.502,2001-02,2001
1610612750,Minnesota Timberwolves,82,50,32,0.61,3961.0,105.8,107.5,102.2,104.1,3.6,3.4,0.628,1.82,18.4,0.343,0.703,0.524,0.145,0.49,0.532,93.3,91.72,76.43,7578,0.529,2001-02,2001
1610612751,New Jersey Nets,82,52,30,0.634,3966.0,101.1,102.4,96.6,98.1,4.5,4.3,0.654,1.67,18.2,0.322,0.683,0.503,0.154,0.476,0.515,94.5,93.2,77.67,7707,0.537,2001-02,2001
1610612752,New York Knicks,82,30,52,0.366,3961.0,98.6,100.4,103.0,104.6,-4.4,-4.2,0.611,1.44,16.7,0.292,0.684,0.489,0.159,0.468,0.514,92.3,90.78,75.65,7487,0.466,2001-02,2001
1610612753,Orlando Magic,82,44,38,0.537,3966.0,104.1,105.6,102.5,104.1,1.6,1.5,0.584,1.61,16.8,0.292,0.665,0.477,0.143,0.493,0.533,95.8,94.4,78.67,7805,0.497,2001-02,2001
1610612754,Indiana Pacers,82,42,40,0.512,3981.0,101.2,102.8,101.1,102.4,0.1,0.4,0.642,1.51,17.6,0.302,0.686,0.499,0.162,0.477,0.527,94.5,93.13,77.61,7721,0.51,2001-02,2001
1610612755,Philadelphia 76ers,82,43,39,0.524,3946.0,99.1,100.5,97.5,98.7,1.6,1.8,0.584,1.3,15.8,0.341,0.702,0.523,0.169,0.452,0.507,91.5,90.32,75.27,7424,0.52,2001-02,2001
1610612756,Phoenix Suns,82,36,46,0.439,3966.0,100.2,101.8,101.0,102.6,-0.7,-0.7,0.593,1.53,17.1,0.327,0.672,0.498,0.157,0.472,0.51,94.2,92.74,77.28,7663,0.486,2001-02,2001
1610612757,Portland Trail Blazers,82,49,33,0.598,3966.0,104.4,105.9,101.0,102.6,3.4,3.3,0.641,1.64,18.0,0.345,0.703,0.522,0.157,0.485,0.528,92.0,90.55,75.46,7482,0.518,2001-02,2001
1610612758,Sacramento Kings,82,61,21,0.744,3951.0,106.4,107.9,98.6,99.7,7.7,8.1,0.6,1.74,17.7,0.306,0.69,0.502,0.142,0.497,0.539,98.0,96.74,80.61,7951,0.552,2001-02,2001
1610612759,San Antonio Spurs,82,58,24,0.707,3971.0,104.0,105.4,96.5,98.5,7.5,6.9,0.564,1.39,16.0,0.301,0.685,0.501,0.157,0.492,0.539,92.6,91.06,75.88,7528,0.554,2001-02,2001
1610612760,Seattle SuperSonics,82,45,37,0.549,3966.0,105.8,107.3,102.5,104.1,3.4,3.3,0.615,1.71,18.3,0.32,0.656,0.49,0.151,0.505,0.54,91.7,90.35,75.3,7468,0.522,2001-02,2001
1610612761,Toronto Raptors,82,42,40,0.512,3951.0,99.4,101.1,100.0,101.7,-0.6,-0.6,0.609,1.52,16.9,0.343,0.671,0.503,0.158,0.463,0.501,91.6,90.02,75.02,7414,0.496,2001-02,2001
1610612762,Utah Jazz,82,44,38,0.537,3966.0,102.4,103.8,101.6,102.9,0.8,0.9,0.697,1.48,18.4,0.362,0.683,0.521,0.178,0.472,0.529,93.0,91.75,76.46,7582,0.53,2001-02,2001
1610612763,Memphis Grizzlies,82,23,59,0.28,3956.0,95.4,96.6,103.8,104.7,-8.4,-8.0,0.626,1.33,16.9,0.305,0.663,0.483,0.176,0.462,0.501,93.5,92.55,77.12,7629,0.456,2001-02,2001
1610612764,Washington Wizards,82,37,45,0.451,3946.0,101.5,102.9,103.2,104.5,-1.7,-1.6,0.584,1.61,16.6,0.328,0.685,0.504,0.144,0.464,0.508,91.1,89.93,74.94,7395,0.486,2001-02,2001
1610612765,Detroit Pistons,82,50,32,0.61,3936.0,102.5,103.2,99.3,100.9,3.3,2.3,0.62,1.48,17.3,0.277,0.676,0.481,0.159,0.497,0.54,92.4,91.38,76.15,7495,0.523,2001-02,2001
1610612766,Charlotte Hornets,82,44,38,0.537,3951.0,101.4,102.9,100.0,101.8,1.4,1.2,0.608,1.53,16.7,0.333,0.689,0.511,0.154,0.466,0.513,92.5,90.93,75.77,7480,0.513,2001-02,2001
1610612737,Atlanta Hawks,82,35,47,0.427,3981.0,99.6,100.4,102.8,104.2,-3.2,-3.8,0.587,1.23,16.0,0.3,0.681,0.499,0.178,0.476,0.527,93.7,92.63,77.19,7683,0.483,2002-03,2002
1610612738,Boston Celtics,82,44,38,0.537,3966.0,98.9,100.0,98.5,100.5,0.4,-0.6,0.583,1.37,15.5,0.266,0.691,0.474,0.151,0.47,0.514,93.4,91.95,76.62,7602,0.48,2002-03,2002
1610612739,Cleveland Cavaliers,82,17,65,0.207,3966.0,93.5,95.2,103.6,105.1,-10.1,-9.9,0.601,1.14,15.7,0.338,0.697,0.513,0.191,0.444,0.491,96.9,95.32,79.44,7870,0.431,2002-03,2002
1610612740,New Orleans Hornets,82,47,35,0.573,3981.0,100.6,102.4,98.4,100.0,2.3,2.4,0.62,1.49,17.0,0.345,0.697,0.518,0.161,0.465,0.511,92.3,90.72,75.6,7522,0.517,2002-03,2002
1610612741,Chicago Bulls,82,30,52,0.366,3985.0,97.3,99.1,103.1,104.2,-5.8,-5.1,0.596,1.28,16.5,0.307,0.672,0.492,0.177,0.471,0.512,96.1,94.76,78.96,7857,0.457,2002-03,2002
1610612742,Dallas Mavericks,82,60,22,0.732,3956.0,108.2,109.3,99.4,101.0,8.8,8.3,0.581,1.94,17.3,0.277,0.677,0.478,0.123,0.498,0.543,95.0,93.75,78.12,7726,0.546,2002-03,2002
1610612743,Denver Nuggets,82,17,65,0.207,3946.0,88.9,91.2,99.0,100.1,-10.0,-8.9,0.646,1.15,16.3,0.345,0.697,0.511,0.2,0.428,0.469,93.8,92.11,76.76,7568,0.425,2002-03,2002
1610612744,Golden State Warriors,82,38,44,0.463,3951.0,105.0,106.4,106.0,107.7,-1.0,-1.3,0.559,1.32,15.4,0.371,0.663,0.518,0.164,0.472,0.526,97.2,95.88,79.9,7897,0.492,2002-03,2002
1610612745,Houston Rockets,82,43,39,0.524,3986.0,101.0,102.4,99.9,100.9,1.1,1.5,0.53,1.18,14.7,0.331,0.698,0.518,0.17,0.474,0.522,91.5,90.36,75.3,7508,0.511,2002-03,2002
1610612746,Los Angeles Clippers,82,27,55,0.329,3951.0,99.5,101.1,103.6,105.1,-4.1,-4.0,0.566,1.24,15.4,0.316,0.673,0.496,0.17,0.467,0.516,94.0,92.68,77.23,7613,0.47,2002-03,2002
1610612747,Los Angeles Lakers,82,50,32,0.61,3986.0,104.1,105.6,101.8,103.4,2.3,2.2,0.618,1.6,17.4,0.328,0.693,0.509,0.153,0.486,0.528,95.2,93.78,78.15,7797,0.52,2002-03,2002
1610612748,Miami Heat,82,25,57,0.305,3966.0,93.8,95.4,99.8,101.2,-6.0,-5.8,0.558,1.29,15.0,0.306,0.709,0.501,0.159,0.439,0.483,90.3,88.93,74.11,7353,0.456,2002-03,2002
1610612749,Milwaukee Bucks,82,42,40,0.512,3981.0,106.2,107.2,105.3,106.9,1.0,0.3,0.599,1.75,17.4,0.287,0.666,0.477,0.137,0.5,0.543,92.9,91.76,76.46,7607,0.495,2002-03,2002
1610612750,Minnesota Timberwolves,82,51,31,0.622,3961.0,103.5,104.8,100.6,102.5,2.9,2.2,0.653,1.84,19.0,0.31,0.695,0.508,0.146,0.488,0.528,94.6,93.08,77.57,7681,0.529,2002-03,2002
1610612751,New Jersey Nets,82,49,33,0.598,3951.0,100.6,102.1,95.5,96.6,5.1,5.4,0.649,1.56,17.6,0.317,0.702,0.51,0.158,0.468,0.518,94.2,93.0,77.5,7661,0.544,2002-03,2002
1610612752,New York Knicks,82,37,45,0.451,3971.0,101.5,103.3,103.7,104.6,-2.2,-1.3,0.607,1.57,17.2,0.28,0.689,0.48,0.151,0.486,0.528,93.3,92.06,76.72,7611,0.474,2002-03,2002
1610612753,Orlando Magic,82,42,40,0.512,3961.0,102.3,103.7,101.9,103.7,0.4,0.0,0.569,1.42,15.8,0.3,0.68,0.485,0.151,0.478,0.526,95.8,94.33,78.61,7788,0.482,2002-03,2002
1610612754,Indiana Pacers,82,48,34,0.585,3981.0,101.6,103.2,97.9,99.6,3.7,3.5,0.656,1.58,17.7,0.318,0.694,0.509,0.157,0.469,0.522,94.2,92.71,77.26,7696,0.538,2002-03,2002
1610612755,Philadelphia 76ers,82,48,34,0.585,3971.0,101.8,103.2,100.0,100.6,1.8,2.6,0.595,1.46,16.5,0.324,0.704,0.509,0.158,0.466,0.52,94.0,93.07,77.56,7694,0.516,2002-03,2002
1610612756,Phoenix Suns,82,44,38,0.537,3961.0,100.7,102.6,99.4,101.3,1.2,1.3,0.572,1.42,16.2,0.323,0.672,0.496,0.158,0.473,0.514,94.3,92.59,77.16,7637,0.498,2002-03,2002
1610612757,Portland Trail Blazers,82,50,32,0.61,3970.0,102.6,104.2,99.5,101.5,3.1,2.7,0.623,1.49,17.7,0.338,0.689,0.515,0.167,0.489,0.531,92.1,90.44,75.36,7486,0.515,2002-03,2002
1610612758,Sacramento Kings,82,59,23,0.72,3966.0,103.1,104.4,96.3,97.8,6.8,6.6,0.627,1.71,18.3,0.289,0.678,0.493,0.149,0.499,0.535,98.0,96.63,80.52,7987,0.551,2002-03,2002
1610612759,San Antonio Spurs,82,60,22,0.732,3966.0,103.1,103.9,96.6,98.1,6.5,5.8,0.563,1.26,15.9,0.311,0.687,0.508,0.171,0.497,0.541,92.5,91.46,76.21,7558,0.549,2002-03,2002
1610612760,Seattle SuperSonics,82,40,42,0.488,3971.0,100.7,102.4,100.9,102.6,-0.2,-0.2,0.615,1.64,17.2,0.314,0.688,0.497,0.147,0.472,0.512,90.7,89.17,74.31,7379,0.502,2002-03,2002
1610612761,Toronto Raptors,82,24,58,0.293,3961.0,97.4,99.3,104.3,105.6,-6.9,-6.3,0.556,1.34,15.3,0.318,0.678,0.491,0.157,0.458,0.497,92.4,91.01,75.84,7507,0.447,2002-03,2002
1610612762,Utah Jazz,82,47,35,0.573,3956.0,102.4,103.7,99.8,101.1,2.7,2.6,0.727,1.53,19.5,0.353,0.673,0.519,0.184,0.486,0.537,92.0,90.78,75.65,7483,0.551,2002-03,2002
1610612763,Memphis Grizzlies,82,28,54,0.341,3986.0,101.0,102.3,104.6,105.9,-3.6,-3.5,0.621,1.5,17.5,0.301,0.659,0.482,0.162,0.487,0.526,95.2,94.03,78.35,7813,0.482,2002-03,2002
1610612764,Washington Wizards,82,37,45,0.451,3966.0,100.2,101.5,100.9,102.6,-0.7,-1.1,0.572,1.47,15.9,0.305,0.686,0.496,0.148,0.46,0.513,90.8,89.46,74.55,7390,0.498,2002-03,2002
1610612765,Detroit Pistons,82,50,32,0.61,3981.0,101.4,102.4,97.3,98.2,4.2,4.2,0.6,1.47,16.2,0.294,0.707,0.499,0.151,0.473,0.523,89.1,88.26,73.55,7318,0.525,2002-03,2002
1610612737,Atlanta Hawks,82,28,54,0.341,3981.0,98.2,99.1,103.1,103.9,-4.9,-4.8,0.583,1.22,15.7,0.308,0.686,0.5,0.176,0.465,0.514,93.5,92.68,77.24,7680,0.466,2003-04,2003
1610612738,Boston Celtics,82,36,46,0.439,3941.0,99.9,100.7,100.2,102.2,-0.3,-1.5,0.592,1.26,16.1,0.279,0.658,0.473,0.172,0.486,0.532,95.8,94.47,78.73,7757,0.49,2003-04,2003
1610612739,Cleveland Cavaliers,82,35,47,0.427,3971.0,98.4,100.6,101.3,103.1,-2.9,-2.6,0.619,1.49,16.9,0.34,0.688,0.514,0.16,0.451,0.498,93.6,91.71,76.43,7577,0.491,2003-04,2003
1610612740,New Orleans Hornets,82,41,41,0.5,3966.0,99.1,100.7,99.5,100.6,-0.3,0.1,0.619,1.4,16.4,0.332,0.681,0.502,0.164,0.46,0.505,91.8,90.59,75.49,7476,0.491,2003-04,2003
1610612741,Chicago Bulls,82,23,59,0.28,3966.0,93.9,95.6,100.5,102.1,-6.6,-6.5,0.641,1.36,16.7,0.311,0.679,0.491,0.172,0.446,0.486,94.8,93.23,77.69,7694,0.446,2003-04,2003
1610612742,Dallas Mavericks,82,52,30,0.634,3961.0,109.6,110.4,104.3,105.9,5.3,4.5,0.591,1.96,17.7,0.335,0.686,0.507,0.128,0.495,0.536,95.7,94.62,78.85,7814,0.527,2003-04,2003
1610612743,Denver Nuggets,82,43,39,0.524,3946.0,100.8,102.4,99.9,101.4,0.9,1.0,0.599,1.4,16.5,0.337,0.664,0.498,0.164,0.467,0.517,96.1,94.64,78.87,7786,0.505,2003-04,2003
1610612744,Golden State Warriors,82,37,45,0.451,3971.0,100.5,101.5,101.2,102.6,-0.7,-1.1,0.585,1.39,16.2,0.312,0.694,0.503,0.161,0.475,0.517,92.1,90.95,75.79,7535,0.491,2003-04,2003
1610612745,Houston Rockets,82,45,37,0.549,3986.0,98.1,99.7,96.4,97.8,1.8,1.9,0.577,1.15,15.8,0.305,0.708,0.516,0.186,0.484,0.528,90.3,88.92,74.1,7384,0.513,2003-04,2003
1610612746,Los Angeles Clippers,82,28,54,0.341,3961.0,99.8,101.9,105.9,106.6,-6.1,-4.7,0.587,1.23,15.5,0.362,0.677,0.517,0.176,0.453,0.512,93.8,92.49,77.08,7624,0.464,2003-04,2003
1610612747,Los Angeles Lakers,82,56,26,0.683,3971.0,102.7,104.2,98.7,100.1,4.0,4.1,0.643,1.72,17.9,0.313,0.701,0.506,0.146,0.481,0.522,94.8,93.39,77.82,7729,0.538,2003-04,2003
1610612748,Miami Heat,82,42,40,0.512,3951.0,99.3,100.6,98.9,100.3,0.4,0.3,0.573,1.38,15.6,0.307,0.707,0.504,0.154,0.463,0.51,90.5,89.3,74.42,7361,0.496,2003-04,2003
1610612749,Milwaukee Bucks,82,41,41,0.5,3956.0,103.5,104.6,102.6,103.5,0.9,1.1,0.63,1.69,17.5,0.308,0.69,0.499,0.144,0.477,0.528,94.1,93.2,77.66,7682,0.51,2003-04,2003
1610612750,Minnesota Timberwolves,82,58,24,0.707,3951.0,103.3,104.2,96.6,98.5,6.7,5.7,0.623,1.81,18.2,0.303,0.691,0.507,0.14,0.486,0.528,91.5,90.24,75.2,7441,0.554,2003-04,2003
1610612751,New Jersey Nets,82,47,35,0.573,3941.0,98.2,99.0,95.2,96.4,3.0,2.6,0.714,1.66,19.1,0.289,0.711,0.501,0.162,0.471,0.515,91.9,90.97,75.81,7475,0.533,2003-04,2003
1610612752,New York Knicks,82,39,43,0.476,3976.0,99.1,99.7,100.3,101.3,-1.2,-1.6,0.588,1.31,16.4,0.307,0.701,0.508,0.17,0.474,0.518,92.1,91.29,76.08,7563,0.488,2003-04,2003
1610612753,Orlando Magic,82,21,61,0.256,3966.0,99.3,101.4,107.5,108.8,-8.3,-7.4,0.545,1.41,15.2,0.315,0.657,0.481,0.148,0.461,0.504,93.6,92.14,76.78,7608,0.434,2003-04,2003
1610612754,Indiana Pacers,82,61,21,0.744,3961.0,100.9,102.5,94.8,96.2,6.1,6.3,0.644,1.5,17.3,0.32,0.706,0.511,0.162,0.471,0.52,89.9,88.54,73.78,7311,0.539,2003-04,2003
1610612755,Philadelphia 76ers,82,33,49,0.402,3971.0,96.1,97.8,99.1,100.4,-3.0,-2.6,0.611,1.25,16.1,0.313,0.681,0.498,0.177,0.456,0.505,90.7,89.26,74.38,7379,0.484,2003-04,2003
1610612756,Phoenix Suns,82,29,53,0.354,3946.0,98.8,100.3,102.2,104.2,-3.4,-3.8,0.536,1.27,15.3,0.297,0.661,0.479,0.162,0.475,0.515,95.3,93.72,78.1,7699,0.466,2003-04,2003
1610612757,Portland Trail Blazers,82,41,41,0.5,3996.0,100.5,102.1,102.2,103.5,-1.6,-1.5,0.61,1.46,17.2,0.344,0.67,0.507,0.166,0.478,0.515,88.8,87.54,72.95,7289,0.488,2003-04,2003
1610612758,Sacramento Kings,82,55,27,0.671,3956.0,107.3,108.6,102.2,103.2,5.1,5.4,0.694,1.89,19.6,0.292,0.676,0.488,0.146,0.507,0.554,95.3,94.25,78.54,7765,0.544,2003-04,2003
1610612759,San Antonio Spurs,82,57,25,0.695,3951.0,99.8,101.0,91.6,93.1,8.2,7.9,0.59,1.39,16.3,0.319,0.71,0.516,0.162,0.473,0.511,91.5,90.23,75.19,7428,0.566,2003-04,2003
1610612760,Seattle SuperSonics,82,37,45,0.451,3961.0,104.0,105.6,104.7,106.4,-0.6,-0.8,0.606,1.5,17.1,0.302,0.655,0.479,0.158,0.501,0.54,92.8,91.34,76.12,7542,0.491,2003-04,2003
1610612761,Toronto Raptors,82,33,49,0.402,3996.0,94.6,95.3,97.6,98.8,-3.0,-3.4,0.593,1.35,15.9,0.27,0.673,0.471,0.159,0.454,0.495,89.1,88.24,73.53,7348,0.476,2003-04,2003
1610612762,Utah Jazz,82,42,40,0.512,3956.0,98.3,100.0,100.4,101.3,-2.1,-1.3,0.621,1.22,16.3,0.373,0.691,0.529,0.188,0.456,0.509,89.4,88.26,73.55,7271,0.493,2003-04,2003
1610612763,Memphis Grizzlies,82,50,32,0.61,3976.0,101.9,103.4,99.2,100.8,2.7,2.6,0.646,1.56,17.7,0.325,0.655,0.489,0.16,0.479,0.522,94.0,92.6,77.17,7670,0.522,2003-04,2003
1610612764,Washington Wizards,82,25,57,0.305,3966.0,95.9,97.2,101.9,102.9,-6.1,-5.7,0.557,1.07,14.5,0.333,0.667,0.496,0.186,0.454,0.5,95.0,93.9,78.25,7751,0.441,2003-04,2003
1610612765,Detroit Pistons,82,54,28,0.659,3956.0,99.1,100.3,92.5,93.9,6.6,6.5,0.62,1.37,16.6,0.332,0.686,0.512,0.168,0.461,0.511,90.5,89.34,74.45,7365,0.558,2003-04,2003
1610612737,Atlanta Hawks,82,13,69,0.159,3971.0,97.9,98.8,108.4,109.0,-10.5,-10.2,0.549,1.22,15.3,0.326,0.696,0.502,0.171,0.464,0.504,93.8,93.09,77.58,7695,0.422,2004-05,2004
1610612738,Boston Celtics,82,45,37,0.549,3976.0,104.8,105.9,103.3,105.1,1.5,0.8,0.594,1.4,16.9,0.305,0.671,0.494,0.165,0.501,0.551,95.9,94.61,78.84,7839,0.505,2004-05,2004
1610612739,Cleveland Cavaliers,82,42,40,0.512,3971.0,103.2,105.3,102.5,104.7,0.7,0.6,0.619,1.62,17.3,0.354,0.674,0.51,0.152,0.47,0.518,92.6,90.72,75.6,7516,0.51,2004-05,2004
1610612740,New Orleans Hornets,82,18,64,0.22,3986.0,95.9,98.2,105.1,105.9,-9.1,-7.7,0.634,1.42,16.6,0.329,0.675,0.494,0.165,0.446,0.493,90.4,88.97,74.14,7382,0.437,2004-05,2004
1610612741,Chicago Bulls,82,47,35,0.573,3966.0,98.5,100.5,97.5,99.1,1.0,1.4,0.612,1.27,16.4,0.317,0.691,0.506,0.178,0.471,0.517,95.1,93.41,77.84,7707,0.498,2004-05,2004
1610612742,Dallas Mavericks,82,58,24,0.707,3946.0,107.5,108.5,101.0,102.6,6.4,5.9,0.526,1.46,15.3,0.319,0.674,0.5,0.142,0.492,0.545,95.3,94.18,78.48,7749,0.537,2004-05,2004
1610612743,Denver Nuggets,82,49,33,0.598,3951.0,103.4,104.7,100.7,102.6,2.7,2.2,0.645,1.6,18.0,0.313,0.678,0.497,0.157,0.483,0.535,96.1,94.68,78.9,7792,0.531,2004-05,2004
1610612744,Golden State Warriors,82,34,48,0.415,3981.0,101.9,103.4,104.0,105.5,-2.0,-2.2,0.598,1.63,16.6,0.303,0.666,0.477,0.142,0.475,0.512,95.8,94.45,78.71,7830,0.473,2004-05,2004
1610612745,Houston Rockets,82,51,31,0.622,3971.0,103.2,104.4,98.9,100.1,4.3,4.3,0.609,1.53,16.9,0.301,0.713,0.512,0.152,0.486,0.534,91.3,90.18,75.15,7467,0.527,2004-05,2004
1610612746,Los Angeles Clippers,82,37,45,0.451,4006.0,102.2,103.8,103.4,104.5,-1.2,-0.8,0.65,1.47,17.9,0.338,0.687,0.518,0.171,0.477,0.533,91.8,90.66,75.55,7564,0.518,2004-05,2004
1610612747,Los Angeles Lakers,82,34,48,0.415,3956.0,104.9,106.4,108.0,109.6,-3.1,-3.2,0.578,1.42,15.9,0.324,0.68,0.503,0.155,0.485,0.535,93.7,92.34,76.95,7610,0.468,2004-05,2004
1610612748,Miami Heat,82,59,23,0.72,3996.0,108.2,108.9,99.8,102.2,8.4,6.7,0.578,1.59,17.1,0.297,0.698,0.508,0.147,0.524,0.559,93.1,91.73,76.44,7647,0.556,2004-05,2004
1610612749,Milwaukee Bucks,82,30,52,0.366,3956.0,103.4,105.1,106.7,108.1,-3.3,-3.0,0.58,1.52,16.4,0.322,0.687,0.503,0.149,0.475,0.527,93.5,92.14,76.78,7584,0.478,2004-05,2004
1610612750,Minnesota Timberwolves,82,44,38,0.537,3951.0,104.9,106.6,103.7,105.0,1.2,1.6,0.63,1.78,18.3,0.321,0.682,0.508,0.145,0.489,0.534,91.7,90.39,75.33,7440,0.518,2004-05,2004
1610612751,New Jersey Nets,82,42,40,0.512,3981.0,98.3,99.9,100.4,101.6,-2.1,-1.7,0.644,1.52,17.1,0.298,0.701,0.495,0.155,0.463,0.512,91.7,90.41,75.34,7501,0.49,2004-05,2004
1610612752,New York Knicks,82,33,49,0.402,3976.0,103.0,104.5,106.5,107.2,-3.5,-2.7,0.559,1.38,15.9,0.316,0.686,0.498,0.158,0.485,0.531,93.1,92.12,76.77,7634,0.475,2004-05,2004
1610612753,Orlando Magic,82,36,46,0.439,3941.0,102.1,103.4,104.2,105.7,-2.1,-2.3,0.522,1.2,14.8,0.328,0.682,0.507,0.168,0.478,0.529,97.4,96.15,80.12,7891,0.489,2004-05,2004
1610612754,Indiana Pacers,82,44,38,0.537,3981.0,102.4,103.7,101.9,102.7,0.5,1.0,0.558,1.27,15.1,0.296,0.687,0.494,0.16,0.476,0.534,89.6,88.71,73.92,7351,0.504,2004-05,2004
1610612755,Philadelphia 76ers,82,43,39,0.524,3971.0,100.8,101.8,101.5,102.5,-0.7,-0.7,0.58,1.34,15.9,0.281,0.703,0.491,0.16,0.475,0.528,97.5,96.56,80.47,7985,0.493,2004-05,2004
1610612756,Phoenix Suns,82,62,20,0.756,3956.0,111.9,112.7,103.7,105.7,8.2,7.0,0.575,1.71,17.4,0.304,0.656,0.49,0.14,0.534,0.571,98.6,97.35,81.13,8034,0.546,2004-05,2004
1610612757,Portland Trail Blazers,82,27,55,0.329,3946.0,100.1,101.9,104.5,106.1,-4.4,-4.3,0.595,1.32,16.6,0.331,0.65,0.496,0.175,0.484,0.524,92.6,91.05,75.87,7481,0.475,2004-05,2004
1610612758,Sacramento Kings,82,50,32,0.61,3971.0,107.5,108.8,105.0,106.5,2.5,2.3,0.626,1.87,18.2,0.315,0.667,0.491,0.137,0.496,0.541,95.7,94.52,78.77,7819,0.522,2004-05,2004
1610612759,San Antonio Spurs,82,59,23,0.72,3961.0,104.9,106.1,95.8,97.8,9.1,8.3,0.606,1.57,17.1,0.321,0.697,0.51,0.151,0.492,0.534,91.4,89.96,74.97,7435,0.565,2004-05,2004
1610612760,Seattle SuperSonics,82,52,30,0.634,3951.0,108.1,110.3,106.1,108.0,2.0,2.3,0.516,1.34,14.7,0.357,0.681,0.517,0.151,0.495,0.546,91.0,89.24,74.37,7353,0.504,2004-05,2004
1610612761,Toronto Raptors,82,33,49,0.402,3961.0,104.5,105.4,105.9,107.2,-1.3,-1.8,0.566,1.54,16.0,0.269,0.682,0.473,0.14,0.492,0.539,95.0,94.01,78.34,7762,0.479,2004-05,2004
1610612762,Utah Jazz,82,26,56,0.317,3956.0,101.1,102.9,107.0,107.3,-5.9,-4.4,0.646,1.41,17.4,0.351,0.695,0.518,0.174,0.469,0.522,91.0,90.02,75.02,7409,0.475,2004-05,2004
1610612763,Memphis Grizzlies,82,45,37,0.549,3941.0,102.5,104.2,99.9,101.5,2.7,2.7,0.612,1.43,16.9,0.308,0.663,0.487,0.163,0.489,0.535,91.1,89.65,74.71,7355,0.515,2004-05,2004
1610612764,Washington Wizards,82,45,37,0.549,3956.0,104.0,105.4,104.2,105.9,-0.2,-0.4,0.527,1.33,14.6,0.338,0.667,0.497,0.15,0.474,0.523,96.2,94.8,79.0,7816,0.485,2004-05,2004
1610612765,Detroit Pistons,82,54,28,0.659,3991.0,102.8,103.9,97.9,99.6,4.8,4.3,0.627,1.58,17.2,0.34,0.693,0.518,0.154,0.472,0.519,89.8,88.59,73.82,7364,0.542,2004-05,2004
1610612766,Charlotte Bobcats,82,18,64,0.22,3976.0,98.0,99.8,104.7,106.0,-6.8,-6.2,0.606,1.51,16.5,0.327,0.676,0.492,0.154,0.455,0.497,95.0,93.54,77.95,7743,0.46,2004-05,2004
1610612737,Atlanta Hawks,82,26,56,0.317,3976.0,103.8,104.8,108.3,110.1,-4.5,-5.3,0.552,1.27,15.5,0.334,0.667,0.496,0.169,0.486,0.534,93.0,91.75,76.46,7607,0.462,2005-06,2005
1610612738,Boston Celtics,82,33,49,0.402,3976.0,102.5,104.0,104.0,105.6,-1.5,-1.5,0.581,1.26,16.4,0.289,0.694,0.497,0.176,0.504,0.551,94.7,93.27,77.72,7722,0.485,2005-06,2005
1610612739,Cleveland Cavaliers,82,50,32,0.61,3966.0,105.2,106.6,102.6,104.4,2.5,2.1,0.536,1.37,15.3,0.313,0.717,0.514,0.151,0.492,0.538,92.2,90.77,75.64,7510,0.51,2005-06,2005
1610612740,New Orleans/Oklahoma City Hornets,82,38,44,0.463,3961.0,100.6,102.3,104.4,105.1,-3.8,-2.8,0.537,1.39,15.1,0.297,0.709,0.497,0.147,0.464,0.515,91.3,90.32,75.27,7442,0.484,2005-06,2005
1610612741,Chicago Bulls,82,41,41,0.5,3981.0,101.3,103.3,100.2,102.7,1.0,0.7,0.601,1.47,16.9,0.303,0.703,0.503,0.158,0.487,0.527,95.7,93.59,77.99,7762,0.501,2005-06,2005
1610612742,Dallas Mavericks,82,60,22,0.732,3976.0,108.7,109.9,101.9,103.2,6.8,6.7,0.5,1.32,14.6,0.347,0.69,0.522,0.15,0.495,0.55,90.3,89.3,74.42,7397,0.551,2005-06,2005
1610612743,Denver Nuggets,82,44,38,0.537,3986.0,102.8,104.4,102.1,104.1,0.7,0.3,0.624,1.58,17.6,0.3,0.682,0.494,0.154,0.488,0.535,96.6,94.9,79.08,7877,0.512,2005-06,2005
1610612744,Golden State Warriors,82,34,48,0.415,3966.0,101.9,103.5,103.5,104.9,-1.6,-1.4,0.576,1.47,15.9,0.296,0.686,0.485,0.148,0.479,0.521,95.8,94.43,78.69,7800,0.475,2005-06,2005
1610612745,Houston Rockets,82,34,48,0.415,3966.0,98.9,100.4,100.6,102.1,-1.7,-1.7,0.583,1.32,15.8,0.291,0.705,0.501,0.162,0.471,0.519,90.4,89.07,74.23,7358,0.49,2005-06,2005
1610612746,Los Angeles Clippers,82,47,35,0.573,3961.0,102.9,103.8,100.7,102.2,2.3,1.6,0.571,1.44,16.5,0.286,0.719,0.513,0.154,0.487,0.54,94.1,92.99,77.49,7675,0.523,2005-06,2005
1610612747,Los Angeles Lakers,82,45,37,0.549,3971.0,105.4,106.8,102.6,104.2,2.8,2.6,0.58,1.52,16.5,0.316,0.701,0.507,0.15,0.495,0.539,93.6,92.22,76.85,7632,0.518,2005-06,2005
1610612748,Miami Heat,82,52,30,0.634,3951.0,106.4,107.5,101.7,103.4,4.7,4.1,0.557,1.43,16.4,0.297,0.726,0.519,0.156,0.517,0.556,93.8,92.56,77.13,7622,0.538,2005-06,2005
1610612749,Milwaukee Bucks,82,40,42,0.488,3971.0,103.3,104.9,105.0,105.9,-1.7,-1.0,0.594,1.48,16.8,0.309,0.713,0.507,0.157,0.492,0.535,93.6,92.45,77.04,7646,0.486,2005-06,2005
1610612750,Minnesota Timberwolves,82,33,49,0.402,3971.0,99.6,101.5,101.7,103.5,-2.1,-2.0,0.594,1.44,16.9,0.296,0.673,0.49,0.16,0.48,0.524,91.3,89.58,74.65,7409,0.503,2005-06,2005
1610612751,New Jersey Nets,82,49,33,0.598,3956.0,101.5,102.4,99.8,100.9,1.7,1.5,0.678,1.68,18.2,0.274,0.73,0.501,0.149,0.478,0.528,92.0,91.17,75.98,7513,0.513,2005-06,2005
1610612752,New York Knicks,82,23,59,0.28,3986.0,101.1,102.7,108.4,109.3,-7.3,-6.6,0.52,1.01,14.2,0.342,0.697,0.518,0.19,0.481,0.534,93.2,92.03,76.69,7633,0.444,2005-06,2005
1610612753,Orlando Magic,82,36,46,0.439,3981.0,103.6,105.3,104.7,106.6,-1.1,-1.3,0.514,1.21,15.0,0.33,0.691,0.516,0.168,0.496,0.543,90.7,89.12,74.26,7395,0.495,2005-06,2005
1610612754,Indiana Pacers,82,41,41,0.5,3946.0,101.6,103.1,99.9,101.0,1.7,2.0,0.585,1.3,16.0,0.304,0.699,0.506,0.168,0.487,0.533,92.0,90.85,75.71,7470,0.514,2005-06,2005
1610612755,Philadelphia 76ers,82,38,44,0.463,3981.0,103.7,104.7,104.8,106.5,-1.2,-1.8,0.551,1.43,15.8,0.285,0.676,0.481,0.149,0.487,0.538,95.1,93.91,78.26,7780,0.492,2005-06,2005
1610612756,Phoenix Suns,82,54,28,0.659,3991.0,109.4,110.2,102.9,104.7,6.4,5.4,0.635,2.0,19.5,0.256,0.69,0.48,0.135,0.537,0.568,98.1,96.92,80.77,8067,0.547,2005-06,2005
1610612757,Portland Trail Blazers,82,21,61,0.256,3946.0,97.9,99.7,109.4,110.3,-11.5,-10.7,0.534,1.24,15.1,0.308,0.657,0.48,0.165,0.474,0.511,90.1,88.88,74.06,7308,0.424,2005-06,2005
1610612758,Sacramento Kings,82,44,38,0.537,3966.0,103.9,105.3,102.3,103.5,1.6,1.8,0.618,1.52,17.3,0.289,0.694,0.495,0.156,0.492,0.544,94.4,93.26,77.72,7701,0.515,2005-06,2005
1610612759,San Antonio Spurs,82,63,19,0.768,3961.0,105.2,106.2,96.9,98.7,8.3,7.5,0.574,1.52,17.0,0.289,0.708,0.505,0.153,0.513,0.546,90.6,89.41,74.51,7382,0.554,2005-06,2005
1610612760,Seattle SuperSonics,82,35,47,0.427,3966.0,107.4,109.4,111.3,112.7,-3.9,-3.3,0.551,1.4,16.0,0.34,0.659,0.495,0.157,0.504,0.551,94.5,93.04,77.53,7689,0.467,2005-06,2005
1610612761,Toronto Raptors,82,27,55,0.329,3991.0,106.7,107.9,109.7,111.2,-3.0,-3.2,0.529,1.49,15.5,0.286,0.697,0.484,0.139,0.5,0.548,93.5,92.33,76.94,7678,0.459,2005-06,2005
1610612762,Utah Jazz,82,41,41,0.5,3976.0,100.8,102.4,104.5,105.1,-3.6,-2.7,0.646,1.37,16.9,0.356,0.702,0.526,0.174,0.467,0.519,90.4,89.4,74.5,7398,0.497,2005-06,2005
1610612763,Memphis Grizzlies,82,49,33,0.598,3971.0,103.0,104.5,99.2,100.4,3.8,4.1,0.578,1.4,16.1,0.298,0.69,0.496,0.157,0.496,0.537,88.6,87.39,72.83,7232,0.516,2005-06,2005
1610612764,Washington Wizards,82,42,40,0.512,3966.0,106.0,107.7,104.7,105.8,1.3,1.9,0.512,1.33,14.5,0.329,0.679,0.499,0.148,0.484,0.538,94.9,93.68,78.06,7742,0.503,2005-06,2005
1610612765,Detroit Pistons,82,64,18,0.78,3966.0,107.7,109.3,100.2,101.7,7.6,7.6,0.661,2.12,18.9,0.317,0.68,0.497,0.128,0.497,0.535,89.3,87.98,73.31,7268,0.557,2005-06,2005
1610612766,Charlotte Bobcats,82,26,56,0.317,3981.0,99.5,101.2,104.2,105.6,-4.7,-4.4,0.58,1.47,15.9,0.305,0.678,0.479,0.149,0.464,0.509,96.0,94.57,78.8,7851,0.463,2005-06,2005
1610612737,Atlanta Hawks,82,30,52,0.366,3976.0,100.1,102.0,105.5,107.0,-5.3,-5.1,0.556,1.2,15.3,0.328,0.676,0.499,0.173,0.471,0.523,92.5,90.98,75.82,7533,0.466,2006-07,2006
1610612738,Boston Celtics,82,24,58,0.293,3971.0,100.2,102.3,104.5,105.8,-4.4,-3.5,0.57,1.21,15.6,0.309,0.705,0.502,0.176,0.479,0.53,94.5,92.91,77.42,7680,0.459,2006-07,2006
1610612739,Cleveland Cavaliers,82,50,32,0.61,3976.0,102.6,104.4,98.9,100.6,3.7,3.8,0.574,1.45,16.2,0.327,0.721,0.518,0.155,0.484,0.522,93.2,91.59,76.33,7598,0.52,2006-07,2006
1610612740,New Orleans/Oklahoma City Hornets,82,39,43,0.476,3976.0,101.9,103.7,104.0,105.4,-2.2,-1.6,0.517,1.29,14.9,0.318,0.719,0.514,0.157,0.479,0.52,92.6,91.19,75.99,7551,0.485,2006-07,2006
1610612741,Chicago Bulls,82,49,33,0.598,3956.0,102.5,104.0,97.0,98.8,5.4,5.2,0.601,1.4,17.0,0.319,0.707,0.514,0.168,0.493,0.534,96.0,94.47,78.73,7790,0.539,2006-07,2006
1610612742,Dallas Mavericks,82,67,15,0.817,3951.0,108.5,109.7,100.6,102.1,7.9,7.6,0.542,1.43,16.0,0.32,0.719,0.522,0.152,0.509,0.559,91.9,90.68,75.57,7476,0.552,2006-07,2006
1610612743,Denver Nuggets,82,45,37,0.549,3956.0,104.9,106.7,102.7,105.1,2.2,1.7,0.607,1.42,17.1,0.322,0.678,0.502,0.167,0.501,0.548,100.2,98.2,81.84,8093,0.514,2006-07,2006
1610612744,Golden State Warriors,82,42,40,0.512,3951.0,104.7,106.2,104.5,106.5,0.2,-0.3,0.598,1.49,17.3,0.285,0.662,0.472,0.159,0.512,0.548,101.6,99.97,83.31,8228,0.489,2006-07,2006
1610612745,Houston Rockets,82,52,30,0.634,3971.0,104.0,104.7,97.5,99.7,6.4,4.9,0.586,1.47,16.5,0.287,0.725,0.508,0.153,0.499,0.54,93.0,91.7,76.41,7598,0.529,2006-07,2006
1610612746,Los Angeles Clippers,82,40,42,0.488,3946.0,102.4,103.8,102.8,104.2,-0.4,-0.4,0.612,1.42,17.0,0.307,0.712,0.513,0.164,0.481,0.537,93.2,91.92,76.6,7554,0.509,2006-07,2006
1610612747,Los Angeles Lakers,82,42,40,0.512,4006.0,105.6,107.3,106.1,107.5,-0.5,-0.2,0.596,1.45,17.1,0.3,0.69,0.496,0.161,0.511,0.554,96.0,94.58,78.82,7898,0.499,2006-07,2006
1610612748,Miami Heat,82,44,38,0.537,3971.0,102.6,103.4,102.0,104.6,0.6,-1.2,0.576,1.4,16.6,0.279,0.693,0.493,0.16,0.506,0.541,92.1,90.61,75.51,7503,0.508,2006-07,2006
1610612749,Milwaukee Bucks,82,28,54,0.341,3971.0,104.0,106.0,109.1,110.3,-5.0,-4.3,0.567,1.43,16.7,0.306,0.657,0.479,0.161,0.504,0.541,94.8,93.33,77.78,7709,0.456,2006-07,2006
1610612750,Minnesota Timberwolves,82,32,50,0.39,4001.0,101.1,102.4,105.3,106.5,-4.2,-4.0,0.617,1.45,17.5,0.292,0.698,0.5,0.166,0.49,0.537,93.3,92.19,76.83,7689,0.487,2006-07,2006
1610612751,New Jersey Nets,82,41,41,0.5,3976.0,103.7,104.2,103.5,105.1,0.2,-0.9,0.674,1.62,18.5,0.275,0.714,0.496,0.158,0.504,0.546,93.6,92.69,77.24,7682,0.499,2006-07,2006
1610612752,New York Knicks,82,33,49,0.402,4001.0,102.7,104.3,106.3,107.4,-3.6,-3.1,0.528,1.09,14.7,0.337,0.714,0.527,0.183,0.494,0.539,93.1,91.89,76.58,7661,0.471,2006-07,2006
1610612753,Orlando Magic,82,40,42,0.488,3956.0,102.0,104.1,101.7,103.3,0.4,0.8,0.53,1.1,15.1,0.333,0.697,0.519,0.186,0.5,0.544,92.2,90.54,75.45,7465,0.502,2006-07,2006
1610612754,Indiana Pacers,82,35,47,0.427,3956.0,100.0,101.9,103.0,104.4,-3.0,-2.5,0.585,1.26,15.9,0.321,0.694,0.503,0.173,0.474,0.523,94.9,93.43,77.86,7697,0.485,2006-07,2006
1610612755,Philadelphia 76ers,82,35,47,0.427,3976.0,101.0,102.4,103.9,105.6,-2.9,-3.2,0.569,1.33,16.1,0.306,0.678,0.493,0.165,0.48,0.53,93.2,91.84,76.53,7606,0.489,2006-07,2006
1610612756,Phoenix Suns,82,61,21,0.744,3981.0,111.4,112.9,103.4,105.5,8.0,7.4,0.626,1.78,19.3,0.262,0.683,0.484,0.149,0.551,0.59,98.1,96.45,80.37,8002,0.561,2006-07,2006
1610612757,Portland Trail Blazers,82,32,50,0.39,3991.0,101.7,103.8,107.3,108.6,-5.6,-4.8,0.526,1.22,15.0,0.326,0.697,0.507,0.166,0.483,0.53,90.8,89.36,74.47,7431,0.459,2006-07,2006
1610612758,Sacramento Kings,82,33,49,0.402,3961.0,103.6,105.1,105.2,106.7,-1.7,-1.6,0.566,1.39,15.8,0.267,0.692,0.477,0.151,0.491,0.545,97.2,95.83,79.86,7898,0.485,2006-07,2006
1610612759,San Antonio Spurs,82,58,24,0.707,3956.0,106.7,108.6,97.4,99.4,9.2,9.2,0.605,1.6,17.8,0.279,0.715,0.505,0.153,0.521,0.561,92.0,90.22,75.19,7440,0.569,2006-07,2006
1610612760,Seattle SuperSonics,82,31,51,0.378,3966.0,104.1,105.9,107.5,108.9,-3.4,-3.0,0.556,1.34,16.2,0.312,0.676,0.492,0.165,0.499,0.544,94.3,92.92,77.43,7674,0.474,2006-07,2006
1610612761,Toronto Raptors,82,47,35,0.573,3951.0,105.0,105.7,103.2,104.4,1.8,1.2,0.601,1.65,17.5,0.25,0.711,0.481,0.143,0.504,0.55,94.7,93.86,78.21,7719,0.514,2006-07,2006
1610612762,Utah Jazz,82,51,31,0.622,3961.0,106.7,108.6,104.7,105.6,2.0,3.0,0.659,1.58,18.5,0.352,0.721,0.534,0.167,0.502,0.551,94.1,92.81,77.34,7661,0.531,2006-07,2006
1610612763,Memphis Grizzlies,82,22,60,0.268,3996.0,104.3,105.7,109.7,110.9,-5.4,-5.2,0.56,1.25,15.9,0.291,0.682,0.486,0.17,0.504,0.555,95.9,94.77,78.97,7883,0.462,2006-07,2006
1610612764,Washington Wizards,82,41,41,0.5,3966.0,106.7,108.7,108.0,109.1,-1.3,-0.4,0.541,1.47,15.5,0.312,0.678,0.489,0.144,0.491,0.542,96.7,95.33,79.44,7870,0.485,2006-07,2006
1610612765,Detroit Pistons,82,53,29,0.646,3976.0,106.2,107.4,101.1,102.6,5.1,4.8,0.601,1.77,17.3,0.307,0.678,0.493,0.137,0.488,0.535,89.7,88.56,73.8,7332,0.533,2006-07,2006
1610612766,Charlotte Bobcats,82,33,49,0.402,4001.0,100.7,102.4,104.8,106.3,-4.1,-3.9,0.62,1.5,17.1,0.299,0.682,0.485,0.158,0.48,0.524,94.5,93.11,77.6,7758,0.471,2006-07,2006
1610612737,Atlanta Hawks,82,37,45,0.451,3971.0,104.0,105.5,105.9,107.3,-2.0,-1.8,0.606,1.48,17.0,0.329,0.682,0.506,0.16,0.483,0.535,93.6,92.35,76.96,7634,0.498,2007-08,2007
1610612738,Boston Celtics,82,66,16,0.805,3951.0,107.6,108.8,96.2,98.1,11.5,10.8,0.614,1.47,17.6,0.306,0.707,0.518,0.164,0.522,0.569,93.3,91.88,76.57,7575,0.581,2007-08,2007
1610612739,Cleveland Cavaliers,82,45,37,0.549,3971.0,103.2,104.8,103.7,105.4,-0.5,-0.6,0.558,1.43,15.7,0.334,0.715,0.518,0.152,0.48,0.52,92.5,91.06,75.89,7540,0.49,2007-08,2007
1610612740,New Orleans Hornets,82,56,26,0.683,3961.0,109.0,110.0,102.9,104.4,6.2,5.6,0.564,1.83,17.2,0.3,0.717,0.506,0.13,0.512,0.548,92.1,91.04,75.86,7517,0.526,2007-08,2007
1610612741,Chicago Bulls,82,33,49,0.402,3961.0,101.0,102.9,104.2,106.0,-3.2,-3.1,0.606,1.51,16.7,0.325,0.687,0.5,0.154,0.47,0.515,95.7,94.04,78.37,7754,0.48,2007-08,2007
1610612742,Dallas Mavericks,82,51,31,0.622,3946.0,108.6,109.5,103.1,104.7,5.4,4.8,0.569,1.66,16.7,0.3,0.716,0.514,0.138,0.502,0.554,92.5,91.38,76.15,7518,0.536,2007-08,2007
1610612743,Denver Nuggets,82,50,32,0.61,3971.0,107.6,108.9,103.2,105.5,4.4,3.4,0.612,1.68,17.7,0.292,0.686,0.494,0.144,0.51,0.557,102.3,100.58,83.82,8330,0.529,2007-08,2007
1610612744,Golden State Warriors,82,48,34,0.585,3956.0,109.1,110.4,106.6,108.5,2.6,1.9,0.539,1.69,16.3,0.301,0.672,0.481,0.131,0.511,0.548,101.4,99.96,83.3,8249,0.496,2007-08,2007
1610612745,Houston Rockets,82,55,27,0.671,3946.0,103.9,105.4,98.8,100.5,5.0,4.8,0.585,1.56,16.8,0.323,0.711,0.519,0.15,0.492,0.528,92.9,91.42,76.18,7525,0.535,2007-08,2007
1610612746,Los Angeles Clippers,82,23,59,0.28,3961.0,98.8,99.9,106.4,107.4,-7.6,-7.5,0.614,1.47,16.7,0.267,0.703,0.484,0.153,0.465,0.519,94.3,93.38,77.82,7698,0.461,2007-08,2007
1610612747,Los Angeles Lakers,82,57,25,0.695,3956.0,110.3,111.7,102.8,104.3,7.4,7.3,0.617,1.73,18.1,0.297,0.702,0.507,0.145,0.525,0.57,98.0,96.7,80.58,7974,0.551,2007-08,2007
1610612748,Miami Heat,82,15,67,0.183,3966.0,98.1,99.4,107.1,108.8,-9.0,-9.4,0.585,1.37,16.3,0.264,0.681,0.47,0.159,0.482,0.522,92.5,91.24,76.03,7538,0.445,2007-08,2007
1610612749,Milwaukee Bucks,82,26,56,0.317,3971.0,102.4,103.9,109.8,111.1,-7.5,-7.2,0.582,1.45,16.5,0.332,0.694,0.506,0.158,0.482,0.522,93.8,92.61,77.17,7654,0.452,2007-08,2007
1610612750,Minnesota Timberwolves,82,22,60,0.268,3946.0,100.7,102.7,108.9,110.0,-8.2,-7.3,0.53,1.37,15.6,0.314,0.703,0.501,0.156,0.484,0.518,94.2,92.84,77.37,7632,0.435,2007-08,2007
1610612751,New Jersey Nets,82,34,48,0.415,3966.0,101.4,102.3,106.6,107.7,-5.2,-5.4,0.674,1.57,18.0,0.3,0.706,0.502,0.16,0.481,0.528,93.9,92.96,77.46,7679,0.475,2007-08,2007
1610612752,New York Knicks,82,23,59,0.28,3976.0,101.4,103.5,109.6,110.4,-8.2,-6.8,0.516,1.29,14.7,0.321,0.697,0.502,0.155,0.475,0.518,94.1,92.76,77.3,7676,0.44,2007-08,2007
1610612753,Orlando Magic,82,52,30,0.634,3956.0,109.0,110.4,102.7,104.9,6.3,5.6,0.558,1.45,16.4,0.274,0.709,0.501,0.151,0.537,0.575,95.6,94.02,78.35,7757,0.529,2007-08,2007
1610612754,Indiana Pacers,82,36,46,0.439,3951.0,103.7,105.1,104.6,106.3,-0.9,-1.2,0.601,1.51,16.9,0.278,0.701,0.487,0.152,0.498,0.54,100.1,98.64,82.2,8111,0.485,2007-08,2007
1610612755,Philadelphia 76ers,82,40,42,0.488,3951.0,103.0,105.1,103.4,104.7,-0.4,0.5,0.547,1.43,15.9,0.351,0.688,0.515,0.156,0.482,0.522,93.1,91.56,76.3,7536,0.5,2007-08,2007
1610612756,Phoenix Suns,82,55,27,0.671,3956.0,111.2,112.0,104.9,107.0,6.3,5.0,0.645,1.85,19.7,0.253,0.674,0.481,0.147,0.551,0.59,99.0,97.72,81.43,8058,0.556,2007-08,2007
1610612757,Portland Trail Blazers,82,41,41,0.5,3981.0,104.1,105.9,105.5,106.8,-1.4,-0.8,0.59,1.64,17.0,0.303,0.684,0.495,0.143,0.489,0.532,90.4,89.1,74.25,7381,0.495,2007-08,2007
1610612758,Sacramento Kings,82,38,44,0.463,3966.0,104.5,106.2,107.2,108.6,-2.7,-2.4,0.515,1.19,14.9,0.29,0.689,0.493,0.166,0.503,0.556,97.2,95.81,79.84,7920,0.483,2007-08,2007
1610612759,San Antonio Spurs,82,56,26,0.683,3946.0,104.7,106.0,99.5,100.7,5.2,5.3,0.585,1.66,17.1,0.268,0.733,0.503,0.14,0.504,0.543,90.8,89.72,74.77,7377,0.533,2007-08,2007
1610612760,Seattle SuperSonics,82,20,62,0.244,3966.0,97.6,99.6,106.9,108.3,-9.2,-8.6,0.559,1.33,15.9,0.305,0.7,0.502,0.163,0.467,0.509,98.9,97.32,81.1,8030,0.45,2007-08,2007
1610612761,Toronto Raptors,82,41,41,0.5,3966.0,107.7,108.9,104.3,105.6,3.5,3.3,0.62,2.04,18.7,0.269,0.709,0.489,0.127,0.511,0.551,92.4,91.35,76.13,7543,0.519,2007-08,2007
1610612762,Utah Jazz,82,54,28,0.659,3941.0,110.8,112.1,104.0,104.9,6.8,7.2,0.66,1.8,19.6,0.327,0.71,0.521,0.154,0.528,0.573,95.6,94.64,78.86,7773,0.556,2007-08,2007
1610612763,Memphis Grizzlies,82,22,60,0.268,3961.0,102.4,103.9,109.2,110.2,-6.8,-6.3,0.514,1.26,14.9,0.277,0.706,0.489,0.157,0.5,0.539,97.5,96.33,80.27,7945,0.451,2007-08,2007
1610612764,Washington Wizards,82,43,39,0.524,3981.0,106.0,107.6,106.8,107.9,-0.8,-0.3,0.538,1.49,15.6,0.32,0.695,0.503,0.144,0.489,0.535,92.0,90.85,75.71,7533,0.488,2007-08,2007
1610612765,Detroit Pistons,82,59,23,0.72,3946.0,108.0,109.8,100.0,101.5,8.0,8.3,0.611,1.92,17.8,0.327,0.7,0.513,0.131,0.495,0.539,89.9,88.54,73.79,7279,0.552,2007-08,2007
1610612766,Charlotte Bobcats,82,32,50,0.39,3976.0,102.1,103.7,106.8,108.2,-4.7,-4.5,0.591,1.45,16.6,0.294,0.674,0.483,0.157,0.492,0.532,94.1,92.75,77.29,7678,0.469,2007-08,2007
1610612737,Atlanta Hawks,82,47,35,0.573,3941.0,106.6,108.3,104.6,106.7,2.0,1.7,0.561,1.58,16.4,0.295,0.682,0.49,0.141,0.504,0.546,92.0,90.44,75.37,7428,0.507,2008-09,2008
1610612738,Boston Celtics,82,62,20,0.756,3976.0,108.1,109.5,99.4,101.6,8.7,7.9,0.606,1.45,17.8,0.314,0.715,0.524,0.169,0.528,0.571,92.7,91.15,75.96,7560,0.562,2008-09,2008
1610612739,Cleveland Cavaliers,82,66,16,0.805,3956.0,109.7,111.2,99.4,101.6,10.3,9.6,0.55,1.59,16.4,0.306,0.707,0.512,0.141,0.519,0.56,91.2,89.61,74.67,7395,0.559,2008-09,2008
1610612740,New Orleans Hornets,82,49,33,0.598,3951.0,106.2,107.6,104.1,105.8,2.0,1.8,0.553,1.56,16.3,0.282,0.707,0.496,0.141,0.501,0.548,90.0,88.74,73.95,7303,0.515,2008-09,2008
1610612741,Chicago Bulls,82,41,41,0.5,3986.0,105.1,107.2,105.8,107.5,-0.7,-0.3,0.554,1.45,16.1,0.321,0.675,0.498,0.153,0.493,0.541,95.8,94.1,78.42,7816,0.499,2008-09,2008
1610612742,Dallas Mavericks,82,50,32,0.61,3961.0,108.1,109.0,105.3,107.0,2.8,2.0,0.569,1.71,17.0,0.297,0.707,0.504,0.136,0.504,0.55,93.9,92.68,77.23,7651,0.522,2008-09,2008
1610612743,Denver Nuggets,82,54,28,0.659,3946.0,107.5,109.0,103.5,105.6,4.0,3.4,0.595,1.45,16.9,0.311,0.683,0.503,0.16,0.512,0.563,97.0,95.39,79.49,7848,0.529,2008-09,2008
1610612744,Golden State Warriors,82,29,53,0.354,3976.0,106.6,108.0,110.1,111.7,-3.5,-3.7,0.53,1.42,15.4,0.293,0.652,0.473,0.146,0.497,0.549,101.0,99.57,82.97,8247,0.478,2008-09,2008
1610612745,Houston Rockets,82,53,29,0.646,3961.0,105.4,107.1,101.4,102.9,4.0,4.2,0.562,1.44,16.2,0.308,0.714,0.517,0.154,0.501,0.548,92.7,91.23,76.02,7532,0.53,2008-09,2008
1610612746,Los Angeles Clippers,82,19,63,0.232,3976.0,99.5,101.0,108.8,110.1,-9.2,-9.2,0.583,1.41,16.4,0.287,0.679,0.479,0.158,0.481,0.52,94.6,93.3,77.75,7723,0.441,2008-09,2008
1610612747,Los Angeles Lakers,82,65,17,0.793,3956.0,109.8,111.4,101.9,103.5,7.9,7.9,0.577,1.73,17.3,0.326,0.698,0.514,0.14,0.513,0.555,96.9,95.49,79.58,7874,0.547,2008-09,2008
1610612748,Miami Heat,82,43,39,0.524,3991.0,105.1,106.8,104.7,106.5,0.4,0.3,0.551,1.63,16.3,0.282,0.693,0.484,0.136,0.5,0.54,92.3,90.8,75.67,7547,0.505,2008-09,2008
1610612749,Milwaukee Bucks,82,34,48,0.415,3956.0,103.8,105.2,104.9,106.3,-1.2,-1.1,0.599,1.56,16.8,0.31,0.699,0.496,0.149,0.483,0.531,95.2,93.89,78.25,7736,0.485,2008-09,2008
1610612750,Minnesota Timberwolves,82,24,58,0.293,3961.0,102.6,104.9,109.1,109.9,-6.5,-5.0,0.561,1.44,15.9,0.321,0.717,0.511,0.152,0.481,0.526,94.1,92.76,77.3,7645,0.453,2008-09,2008
1610612751,New Jersey Nets,82,34,48,0.415,3966.0,105.4,106.8,108.2,109.5,-2.8,-2.7,0.559,1.52,16.0,0.288,0.703,0.493,0.143,0.497,0.543,92.3,91.12,75.94,7530,0.474,2008-09,2008
1610612752,New York Knicks,82,32,50,0.39,3961.0,105.3,107.0,108.4,109.4,-3.1,-2.5,0.551,1.48,16.0,0.277,0.696,0.48,0.146,0.503,0.544,99.0,97.82,81.51,8066,0.467,2008-09,2008
1610612753,Orlando Magic,82,59,23,0.72,3946.0,107.2,108.3,98.9,101.3,8.3,7.1,0.544,1.39,15.6,0.273,0.717,0.502,0.149,0.52,0.559,94.6,92.99,77.49,7649,0.545,2008-09,2008
1610612754,Indiana Pacers,82,36,46,0.439,3966.0,105.4,107.2,106.5,108.2,-1.2,-1.0,0.551,1.49,16.3,0.291,0.707,0.498,0.148,0.501,0.545,98.9,97.34,81.12,8037,0.489,2008-09,2008
1610612755,Philadelphia 76ers,82,41,41,0.5,3951.0,104.7,106.3,104.7,106.1,0.0,0.2,0.55,1.42,15.8,0.342,0.68,0.508,0.154,0.485,0.532,92.6,91.3,76.09,7512,0.503,2008-09,2008
1610612756,Phoenix Suns,82,46,36,0.561,3951.0,111.2,112.4,108.5,110.4,2.6,2.0,0.565,1.48,17.4,0.308,0.682,0.503,0.161,0.545,0.584,98.4,96.99,80.83,7984,0.525,2008-09,2008
1610612757,Portland Trail Blazers,82,54,28,0.659,3966.0,110.7,112.1,104.5,106.1,6.2,6.0,0.552,1.58,16.4,0.355,0.708,0.528,0.145,0.511,0.553,89.2,88.02,73.35,7273,0.531,2008-09,2008
1610612758,Sacramento Kings,82,17,65,0.207,3981.0,102.6,104.4,111.9,113.4,-9.3,-9.0,0.541,1.28,15.3,0.289,0.669,0.477,0.16,0.491,0.542,96.8,95.29,79.41,7901,0.44,2008-09,2008
1610612759,San Antonio Spurs,82,54,28,0.659,3981.0,106.2,107.6,102.0,103.4,4.3,4.2,0.571,1.8,17.3,0.258,0.74,0.502,0.13,0.513,0.548,90.4,89.19,74.32,7395,0.523,2008-09,2008
1610612760,Oklahoma City Thunder,82,23,59,0.28,3961.0,99.9,101.4,106.9,107.6,-7.0,-6.2,0.555,1.25,15.6,0.309,0.716,0.508,0.17,0.471,0.521,96.1,95.1,79.25,7841,0.464,2008-09,2008
1610612761,Toronto Raptors,82,33,49,0.402,3961.0,104.3,105.5,107.1,108.6,-2.8,-3.0,0.601,1.67,17.5,0.276,0.706,0.493,0.143,0.494,0.542,94.4,93.26,77.71,7697,0.492,2008-09,2008
1610612762,Utah Jazz,82,48,34,0.585,3976.0,107.1,108.5,104.7,105.8,2.5,2.7,0.644,1.67,18.4,0.316,0.693,0.505,0.155,0.504,0.554,95.6,94.47,78.73,7827,0.535,2008-09,2008
1610612763,Memphis Grizzlies,82,24,58,0.293,3961.0,100.9,102.3,106.8,108.2,-5.9,-6.0,0.497,1.14,14.2,0.297,0.697,0.495,0.166,0.486,0.533,92.5,91.22,76.02,7528,0.457,2008-09,2008
1610612764,Washington Wizards,82,19,63,0.232,3941.0,102.3,104.0,111.2,112.1,-8.9,-8.1,0.548,1.43,15.8,0.313,0.689,0.495,0.151,0.48,0.524,93.4,92.26,76.88,7576,0.448,2008-09,2008
1610612765,Detroit Pistons,82,39,43,0.476,3981.0,104.5,105.8,105.2,106.4,-0.8,-0.6,0.567,1.74,16.7,0.311,0.711,0.508,0.133,0.483,0.524,89.1,88.02,73.35,7302,0.496,2008-09,2008
1610612766,Charlotte Bobcats,82,35,47,0.427,3986.0,101.6,103.7,103.4,105.0,-1.8,-1.3,0.607,1.36,17.0,0.321,0.686,0.504,0.173,0.494,0.536,90.8,89.18,74.32,7401,0.495,2008-09,2008
1610612737,Atlanta Hawks,82,53,29,0.646,3971.0,108.9,111.0,104.0,106.0,4.9,4.9,0.562,1.83,17.1,0.32,0.685,0.502,0.13,0.506,0.545,92.5,90.77,75.64,7515,0.523,2009-10,2009
1610612738,Boston Celtics,82,50,32,0.61,3956.0,105.4,106.9,101.1,103.2,4.3,3.7,0.635,1.58,18.5,0.274,0.697,0.493,0.16,0.522,0.564,93.8,92.22,76.85,7609,0.54,2009-10,2009
1610612739,Cleveland Cavaliers,82,61,21,0.744,3956.0,108.8,110.6,101.5,103.8,7.3,6.8,0.592,1.61,17.7,0.293,0.725,0.519,0.15,0.532,0.57,93.5,91.77,76.48,7573,0.552,2009-10,2009
1610612740,New Orleans Hornets,82,37,45,0.451,3966.0,105.1,106.5,107.3,108.9,-2.3,-2.4,0.575,1.66,17.3,0.282,0.696,0.486,0.143,0.506,0.543,94.8,93.53,77.94,7721,0.484,2009-10,2009
1610612741,Chicago Bulls,82,41,41,0.5,3981.0,100.8,102.6,102.6,104.2,-1.8,-1.6,0.553,1.45,16.0,0.303,0.709,0.509,0.151,0.477,0.52,95.5,94.02,78.35,7794,0.5,2009-10,2009
1610612742,Dallas Mavericks,82,55,27,0.671,3976.0,107.1,107.8,103.2,105.0,4.0,2.8,0.611,1.81,18.0,0.279,0.697,0.493,0.137,0.506,0.552,94.8,93.6,78.0,7757,0.534,2009-10,2009
1610612743,Denver Nuggets,82,53,29,0.646,3956.0,108.7,110.8,104.7,106.5,4.0,4.4,0.55,1.51,16.1,0.304,0.687,0.498,0.144,0.509,0.561,97.3,95.61,79.68,7876,0.524,2009-10,2009
1610612744,Golden State Warriors,82,26,56,0.317,3946.0,105.4,107.0,109.4,110.3,-3.9,-3.3,0.552,1.53,16.5,0.254,0.659,0.453,0.144,0.514,0.557,102.7,101.52,84.6,8338,0.47,2009-10,2009
1610612745,Houston Rockets,82,42,40,0.512,3981.0,104.5,106.8,105.5,106.8,-1.0,0.0,0.579,1.51,16.5,0.309,0.699,0.498,0.151,0.494,0.537,96.5,94.91,79.1,7857,0.489,2009-10,2009
1610612746,Los Angeles Clippers,82,29,53,0.354,3941.0,100.9,102.3,107.1,109.1,-6.3,-6.8,0.603,1.41,17.1,0.305,0.697,0.5,0.168,0.491,0.529,95.0,93.44,77.86,7670,0.465,2009-10,2009
1610612747,Los Angeles Lakers,82,57,25,0.695,3966.0,105.9,107.6,101.1,102.7,4.9,4.9,0.55,1.58,16.2,0.314,0.708,0.512,0.141,0.496,0.538,95.2,93.73,78.11,7749,0.529,2009-10,2009
1610612748,Miami Heat,82,47,35,0.573,3976.0,104.5,105.7,100.9,103.4,3.6,2.4,0.519,1.43,15.4,0.294,0.701,0.5,0.144,0.496,0.537,91.9,90.3,75.25,7485,0.522,2009-10,2009
1610612749,Milwaukee Bucks,82,46,36,0.561,3996.0,102.0,104.0,100.9,101.9,1.0,2.1,0.57,1.6,16.4,0.298,0.726,0.501,0.141,0.482,0.518,94.0,92.6,77.17,7698,0.495,2009-10,2009
1610612750,Minnesota Timberwolves,82,15,67,0.183,3956.0,98.9,100.6,109.3,110.4,-10.4,-9.8,0.524,1.22,15.0,0.308,0.705,0.501,0.167,0.478,0.518,98.5,97.12,80.94,8002,0.432,2009-10,2009
1610612751,New Jersey Nets,82,12,70,0.146,3956.0,98.1,99.3,108.0,108.9,-10.0,-9.6,0.547,1.3,15.1,0.285,0.686,0.478,0.155,0.458,0.509,93.6,92.65,77.2,7628,0.429,2009-10,2009
1610612752,New York Knicks,82,29,53,0.354,3976.0,105.2,106.4,109.1,110.3,-4.0,-4.0,0.567,1.54,16.6,0.268,0.691,0.476,0.146,0.509,0.547,96.1,95.03,79.2,7872,0.474,2009-10,2009
1610612753,Orlando Magic,82,59,23,0.72,3946.0,109.5,110.7,100.2,102.8,9.3,7.9,0.537,1.4,15.8,0.28,0.726,0.512,0.152,0.536,0.573,94.2,92.54,77.12,7614,0.551,2009-10,2009
1610612754,Indiana Pacers,82,32,50,0.39,3941.0,101.3,103.0,104.2,106.0,-2.9,-3.0,0.573,1.4,16.1,0.255,0.69,0.473,0.154,0.491,0.536,99.4,97.77,81.48,8024,0.476,2009-10,2009
1610612755,Philadelphia 76ers,82,27,55,0.329,3961.0,103.4,104.8,107.6,108.9,-4.2,-4.1,0.558,1.45,16.4,0.31,0.693,0.498,0.156,0.496,0.534,93.9,92.72,77.26,7648,0.478,2009-10,2009
1610612756,Phoenix Suns,82,54,28,0.659,3946.0,112.7,113.9,106.9,109.1,5.8,4.8,0.573,1.58,17.5,0.311,0.673,0.503,0.152,0.546,0.585,97.9,96.43,80.36,7937,0.536,2009-10,2009
1610612757,Portland Trail Blazers,82,50,32,0.61,3971.0,108.0,109.6,104.0,106.1,4.1,3.5,0.563,1.65,16.6,0.32,0.702,0.51,0.138,0.499,0.547,90.2,88.64,73.87,7339,0.525,2009-10,2009
1610612758,Sacramento Kings,82,25,57,0.305,3976.0,102.4,104.4,107.2,109.1,-4.8,-4.7,0.534,1.37,15.7,0.315,0.7,0.504,0.156,0.491,0.528,96.5,94.78,78.98,7855,0.467,2009-10,2009
1610612759,San Antonio Spurs,82,50,32,0.61,3956.0,107.2,109.3,102.0,103.9,5.2,5.4,0.581,1.64,17.4,0.303,0.72,0.515,0.147,0.515,0.552,94.0,92.26,76.88,7605,0.532,2009-10,2009
1610612760,Oklahoma City Thunder,82,50,32,0.61,3961.0,105.8,107.0,101.6,103.5,4.1,3.5,0.535,1.34,15.5,0.32,0.694,0.511,0.158,0.494,0.547,95.6,94.13,78.44,7774,0.532,2009-10,2009
1610612761,Toronto Raptors,82,40,42,0.488,3956.0,108.6,110.2,110.2,112.2,-1.6,-2.0,0.564,1.64,17.1,0.288,0.692,0.495,0.142,0.521,0.564,95.4,93.94,78.29,7746,0.489,2009-10,2009
1610612762,Utah Jazz,82,53,29,0.646,3951.0,107.8,109.7,102.9,104.0,4.8,5.7,0.678,1.76,19.8,0.313,0.718,0.52,0.16,0.524,0.565,96.0,94.68,78.9,7791,0.55,2009-10,2009
1610612763,Memphis Grizzlies,82,40,42,0.488,3981.0,104.8,107.5,107.6,109.0,-2.9,-1.5,0.479,1.24,14.4,0.355,0.698,0.523,0.16,0.494,0.536,96.1,94.29,78.58,7816,0.486,2009-10,2009
1610612764,Washington Wizards,82,26,56,0.317,3966.0,101.4,103.1,106.7,108.3,-5.4,-5.3,0.518,1.28,15.0,0.317,0.691,0.501,0.159,0.481,0.524,94.1,92.6,77.17,7656,0.462,2009-10,2009
1610612765,Detroit Pistons,82,27,55,0.329,3956.0,102.4,104.5,108.9,110.3,-6.5,-5.9,0.541,1.45,15.5,0.346,0.697,0.51,0.149,0.474,0.515,91.0,89.46,74.55,7379,0.448,2009-10,2009
1610612766,Charlotte Bobcats,82,44,38,0.537,3976.0,101.5,103.9,100.2,102.0,1.3,1.9,0.58,1.29,16.1,0.315,0.698,0.51,0.172,0.49,0.538,92.8,90.91,75.75,7519,0.518,2009-10,2009
1610612737,Atlanta Hawks,82,44,38,0.537,3946.0,103.2,105.1,104.6,105.8,-1.4,-0.7,0.607,1.61,17.7,0.274,0.71,0.494,0.151,0.501,0.542,91.6,90.22,75.18,7410,0.493,2010-11,2010
1610612738,Boston Celtics,82,56,26,0.683,3956.0,104.0,105.5,97.8,99.8,6.2,5.7,0.635,1.61,18.8,0.257,0.709,0.497,0.159,0.519,0.561,92.5,90.92,75.77,7500,0.558,2010-11,2010
1610612739,Cleveland Cavaliers,82,19,63,0.232,3951.0,99.5,101.5,109.1,110.9,-9.6,-9.5,0.596,1.48,16.4,0.283,0.699,0.485,0.151,0.472,0.518,95.5,93.76,78.14,7715,0.441,2010-11,2010
1610612740,New Orleans Hornets,82,46,36,0.561,3966.0,103.8,105.4,102.5,104.4,1.4,1.0,0.574,1.58,16.8,0.289,0.721,0.503,0.145,0.493,0.537,90.9,89.4,74.5,7387,0.507,2010-11,2010
1610612741,Chicago Bulls,82,62,20,0.756,3966.0,105.5,107.2,97.4,99.5,8.1,7.8,0.601,1.57,17.3,0.332,0.717,0.528,0.154,0.501,0.541,92.9,91.2,76.0,7542,0.555,2010-11,2010
1610612742,Dallas Mavericks,82,57,25,0.695,3941.0,107.6,108.4,102.3,104.1,5.3,4.4,0.637,1.71,18.7,0.278,0.713,0.504,0.151,0.525,0.565,93.4,92.24,76.86,7581,0.538,2010-11,2010
1610612743,Denver Nuggets,82,50,32,0.61,3941.0,109.5,111.7,104.8,106.8,4.7,4.9,0.576,1.57,17.0,0.283,0.716,0.506,0.147,0.526,0.574,97.9,96.06,80.05,7888,0.524,2010-11,2010
1610612744,Golden State Warriors,82,36,46,0.439,3966.0,105.5,107.1,107.6,109.4,-2.1,-2.3,0.568,1.54,17.0,0.3,0.659,0.476,0.151,0.51,0.544,97.4,95.85,79.88,7916,0.472,2010-11,2010
1610612745,Houston Rockets,82,43,39,0.524,3976.0,108.0,110.2,106.2,107.9,1.8,2.3,0.617,1.76,17.8,0.315,0.69,0.501,0.141,0.503,0.55,96.9,95.14,79.28,7880,0.515,2010-11,2010
1610612746,Los Angeles Clippers,82,32,50,0.39,3971.0,101.8,104.8,106.3,108.0,-4.5,-3.2,0.601,1.35,16.9,0.33,0.692,0.511,0.174,0.496,0.535,95.5,93.35,77.79,7718,0.483,2010-11,2010
1610612747,Los Angeles Lakers,82,57,25,0.695,3966.0,107.9,109.6,101.3,103.3,6.6,6.3,0.576,1.68,17.0,0.325,0.692,0.513,0.141,0.502,0.545,93.4,91.78,76.48,7594,0.541,2010-11,2010
1610612748,Miami Heat,82,58,24,0.707,3956.0,109.3,110.6,100.7,102.9,8.5,7.8,0.541,1.44,16.1,0.287,0.715,0.514,0.151,0.524,0.573,93.2,91.63,76.36,7564,0.556,2010-11,2010
1610612749,Milwaukee Bucks,82,35,47,0.427,3966.0,99.0,100.8,99.9,101.5,-1.0,-0.8,0.549,1.4,15.3,0.287,0.71,0.492,0.148,0.467,0.511,92.1,90.57,75.47,7477,0.488,2010-11,2010
1610612750,Minnesota Timberwolves,82,17,65,0.207,3956.0,101.1,103.2,108.3,109.9,-7.2,-6.7,0.534,1.18,15.0,0.336,0.698,0.512,0.174,0.483,0.526,99.2,97.49,81.24,8034,0.443,2010-11,2010
1610612751,New Jersey Nets,82,24,58,0.293,4001.0,100.2,102.1,107.0,108.9,-6.9,-6.8,0.59,1.5,16.6,0.304,0.7,0.497,0.152,0.474,0.517,92.4,90.7,75.59,7563,0.452,2010-11,2010
1610612752,New York Knicks,82,42,40,0.512,3956.0,108.3,109.9,106.9,109.0,1.4,1.0,0.56,1.56,16.4,0.273,0.676,0.473,0.141,0.513,0.561,98.1,96.47,80.39,7945,0.504,2010-11,2010
1610612753,Orlando Magic,82,52,30,0.634,3966.0,105.7,107.4,99.1,101.8,6.6,5.6,0.553,1.34,15.9,0.304,0.723,0.518,0.162,0.521,0.554,93.5,91.55,76.29,7575,0.534,2010-11,2010
1610612754,Indiana Pacers,82,37,45,0.451,3956.0,101.9,104.1,103.4,105.0,-1.5,-0.9,0.536,1.28,15.2,0.297,0.703,0.501,0.16,0.486,0.533,97.2,95.5,79.59,7864,0.492,2010-11,2010
1610612755,Philadelphia 76ers,82,41,41,0.5,3986.0,104.0,105.3,102.5,103.8,1.5,1.5,0.596,1.75,17.6,0.278,0.714,0.497,0.138,0.494,0.535,93.9,92.78,77.32,7709,0.51,2010-11,2010
1610612756,Phoenix Suns,82,40,42,0.488,4001.0,107.0,108.6,107.4,109.4,-0.4,-0.8,0.604,1.66,17.9,0.275,0.681,0.48,0.147,0.522,0.559,96.8,95.18,79.32,7930,0.494,2010-11,2010
1610612757,Portland Trail Blazers,82,48,34,0.585,3961.0,105.6,107.3,104.2,105.7,1.4,1.6,0.588,1.62,16.9,0.331,0.682,0.499,0.145,0.486,0.533,90.5,89.13,74.27,7359,0.516,2010-11,2010
1610612758,Sacramento Kings,82,24,58,0.293,3971.0,100.6,102.9,106.3,108.4,-5.7,-5.5,0.534,1.27,15.4,0.334,0.702,0.512,0.167,0.48,0.519,97.8,95.76,79.8,7923,0.462,2010-11,2010
1610612759,San Antonio Spurs,82,61,21,0.744,3956.0,109.4,110.5,102.8,104.4,6.6,6.1,0.583,1.67,17.5,0.276,0.711,0.5,0.143,0.527,0.567,94.6,93.34,77.78,7691,0.538,2010-11,2010
1610612760,Oklahoma City Thunder,82,55,27,0.671,4001.0,108.6,109.9,104.0,105.9,4.5,3.9,0.545,1.45,15.8,0.306,0.697,0.507,0.148,0.501,0.561,95.3,93.84,78.2,7824,0.529,2010-11,2010
1610612761,Toronto Raptors,82,22,60,0.268,3956.0,103.3,105.2,110.0,111.7,-6.7,-6.5,0.571,1.49,16.8,0.314,0.685,0.495,0.156,0.491,0.533,95.4,93.78,78.15,7723,0.459,2010-11,2010
1610612762,Utah Jazz,82,39,43,0.476,3976.0,104.9,107.0,107.3,108.8,-2.4,-1.8,0.627,1.63,18.0,0.314,0.679,0.496,0.154,0.498,0.544,93.6,92.03,76.7,7619,0.5,2010-11,2010
1610612763,Memphis Grizzlies,82,46,36,0.561,3976.0,104.4,107.0,102.5,104.5,1.9,2.5,0.528,1.48,16.0,0.333,0.682,0.505,0.15,0.493,0.534,94.5,92.42,77.02,7656,0.518,2010-11,2010
1610612764,Washington Wizards,82,23,59,0.28,3986.0,99.6,101.3,107.2,109.1,-7.6,-7.8,0.522,1.27,14.9,0.317,0.671,0.488,0.16,0.471,0.513,96.5,94.76,78.97,7871,0.445,2010-11,2010
1610612765,Detroit Pistons,82,30,52,0.366,3976.0,104.6,107.0,109.0,110.7,-4.4,-3.7,0.566,1.62,16.8,0.317,0.681,0.491,0.144,0.495,0.533,91.5,89.79,74.83,7428,0.464,2010-11,2010
1610612766,Charlotte Bobcats,82,34,48,0.415,3961.0,100.8,102.8,104.8,107.0,-4.0,-4.2,0.601,1.45,16.9,0.298,0.705,0.502,0.16,0.482,0.528,92.1,90.3,75.25,7444,0.48,2010-11,2010
1610612737,Atlanta Hawks,66,40,26,0.606,3233.0,102.4,104.2,98.6,100.4,3.8,3.8,0.61,1.61,17.6,0.279,0.703,0.493,0.151,0.5,0.535,92.5,90.88,75.73,6117,0.526,2011-12,2011
1610612738,Boston Celtics,66,39,27,0.591,3188.0,98.9,100.1,95.5,97.5,3.4,2.6,0.665,1.59,18.8,0.245,0.686,0.478,0.162,0.496,0.535,92.6,91.11,75.92,6055,0.535,2011-12,2011
1610612739,Cleveland Cavaliers,66,21,45,0.318,3193.0,98.1,100.0,106.0,107.6,-7.9,-7.6,0.579,1.29,15.4,0.323,0.683,0.496,0.166,0.463,0.505,94.0,92.34,76.95,6140,0.439,2011-12,2011
1610612740,New Orleans Hornets,66,21,45,0.318,3188.0,98.3,99.9,102.3,103.9,-4.0,-4.0,0.595,1.34,16.8,0.31,0.696,0.506,0.173,0.476,0.517,90.7,89.27,74.39,5924,0.482,2011-12,2011
1610612741,Chicago Bulls,66,50,16,0.758,3188.0,104.5,106.3,95.3,97.5,9.3,8.8,0.619,1.65,17.7,0.361,0.703,0.536,0.154,0.49,0.523,91.8,89.98,74.98,5982,0.561,2011-12,2011
1610612742,Dallas Mavericks,66,36,30,0.545,3213.0,101.0,102.1,99.7,100.9,1.3,1.1,0.575,1.49,16.5,0.268,0.714,0.493,0.149,0.489,0.527,93.6,92.61,77.17,6195,0.51,2011-12,2011
1610612743,Denver Nuggets,66,38,28,0.576,3208.0,106.5,108.3,103.4,105.1,3.1,3.2,0.615,1.56,17.9,0.316,0.705,0.515,0.16,0.516,0.556,96.7,95.03,79.19,6346,0.527,2011-12,2011
1610612744,Golden State Warriors,66,23,43,0.348,3183.0,103.1,103.9,106.0,107.3,-3.0,-3.4,0.591,1.61,17.4,0.256,0.658,0.46,0.147,0.505,0.539,94.7,93.78,78.15,6212,0.472,2011-12,2011
1610612745,Houston Rockets,66,34,32,0.515,3213.0,102.7,104.2,102.1,104.0,0.6,0.2,0.564,1.47,16.4,0.309,0.692,0.499,0.154,0.492,0.529,94.3,92.82,77.35,6215,0.497,2011-12,2011
1610612746,Los Angeles Clippers,66,40,26,0.606,3193.0,105.2,107.5,102.9,104.8,2.2,2.7,0.568,1.58,16.6,0.331,0.692,0.507,0.147,0.502,0.533,91.8,89.98,74.98,5989,0.517,2011-12,2011
1610612747,Los Angeles Lakers,66,41,25,0.621,3213.0,103.3,104.5,101.7,103.2,1.7,1.3,0.611,1.49,17.3,0.327,0.719,0.532,0.162,0.491,0.534,92.9,91.72,76.43,6145,0.524,2011-12,2011
1610612748,Miami Heat,66,46,20,0.697,3208.0,104.3,105.6,97.1,99.2,7.2,6.4,0.538,1.31,15.9,0.299,0.693,0.504,0.163,0.505,0.549,93.7,92.07,76.73,6154,0.553,2011-12,2011
1610612749,Milwaukee Bucks,66,31,35,0.47,3173.0,102.4,104.5,102.4,104.1,0.0,0.4,0.62,1.67,17.6,0.314,0.675,0.49,0.148,0.481,0.521,96.4,94.68,78.9,6256,0.503,2011-12,2011
1610612750,Minnesota Timberwolves,66,26,40,0.394,3188.0,101.5,103.1,103.6,105.3,-2.2,-2.2,0.548,1.29,15.1,0.311,0.693,0.502,0.16,0.477,0.524,96.0,94.44,78.7,6268,0.483,2011-12,2011
1610612751,New Jersey Nets,66,22,44,0.333,3178.0,99.7,101.8,106.9,108.1,-7.2,-6.3,0.58,1.32,15.8,0.314,0.677,0.489,0.165,0.473,0.516,92.7,91.26,76.05,6036,0.448,2011-12,2011
1610612752,New York Knicks,66,36,30,0.545,3188.0,101.4,103.5,98.4,100.2,3.0,3.2,0.562,1.26,15.6,0.309,0.702,0.503,0.169,0.492,0.533,95.7,93.91,78.26,6242,0.52,2011-12,2011
1610612753,Orlando Magic,66,37,29,0.561,3193.0,102.4,104.0,101.7,103.4,0.7,0.6,0.581,1.34,16.1,0.306,0.72,0.51,0.165,0.506,0.533,91.2,89.75,74.79,5978,0.493,2011-12,2011
1610612754,Indiana Pacers,66,42,24,0.636,3198.0,103.5,105.5,100.4,102.1,3.1,3.3,0.522,1.33,14.7,0.333,0.689,0.511,0.151,0.474,0.526,93.4,91.68,76.4,6115,0.521,2011-12,2011
1610612755,Philadelphia 76ers,66,35,31,0.53,3183.0,101.7,102.7,96.6,98.2,5.1,4.6,0.588,1.97,17.5,0.277,0.712,0.495,0.123,0.48,0.511,91.9,90.68,75.56,6016,0.532,2011-12,2011
1610612756,Phoenix Suns,66,33,33,0.5,3168.0,103.5,105.2,103.8,105.2,-0.2,-0.1,0.596,1.6,17.4,0.294,0.687,0.493,0.15,0.499,0.536,95.0,93.61,78.01,6173,0.502,2011-12,2011
1610612757,Portland Trail Blazers,66,28,38,0.424,3193.0,102.8,104.4,103.7,105.3,-0.9,-0.9,0.562,1.44,16.1,0.303,0.691,0.493,0.152,0.488,0.531,93.7,92.24,76.87,6143,0.494,2011-12,2011
1610612758,Sacramento Kings,66,22,44,0.333,3183.0,101.0,102.9,106.8,108.7,-5.8,-5.8,0.51,1.34,14.7,0.321,0.67,0.487,0.15,0.472,0.51,97.3,95.56,79.64,6333,0.451,2011-12,2011
1610612759,San Antonio Spurs,66,50,16,0.758,3188.0,108.5,110.0,100.6,102.3,7.9,7.7,0.585,1.71,17.8,0.282,0.72,0.507,0.144,0.528,0.562,95.1,93.67,78.06,6220,0.546,2011-12,2011
1610612760,Oklahoma City Thunder,66,47,19,0.712,3198.0,107.1,108.4,100.0,102.1,7.2,6.3,0.497,1.13,14.6,0.304,0.687,0.509,0.172,0.516,0.567,95.7,94.11,78.42,6273,0.542,2011-12,2011
1610612761,Toronto Raptors,66,23,43,0.348,3193.0,98.5,99.6,101.5,103.6,-3.0,-3.9,0.609,1.38,16.8,0.294,0.708,0.503,0.167,0.475,0.518,91.6,90.19,75.16,6008,0.478,2011-12,2011
1610612762,Utah Jazz,66,36,30,0.545,3233.0,103.7,105.5,103.6,104.9,0.2,0.5,0.57,1.54,16.6,0.34,0.703,0.519,0.15,0.481,0.525,93.9,92.53,77.1,6236,0.509,2011-12,2011
1610612763,Memphis Grizzlies,66,41,25,0.621,3188.0,101.0,102.8,98.9,100.6,2.1,2.2,0.532,1.35,15.4,0.335,0.688,0.508,0.157,0.473,0.515,93.4,91.82,76.52,6099,0.514,2011-12,2011
1610612764,Washington Wizards,66,20,46,0.303,3173.0,97.8,100.0,103.8,104.9,-6.0,-5.0,0.523,1.25,15.1,0.308,0.678,0.489,0.163,0.472,0.508,95.1,93.59,77.99,6182,0.46,2011-12,2011
1610612765,Detroit Pistons,66,25,41,0.379,3193.0,97.8,100.0,104.0,105.0,-6.2,-5.0,0.538,1.19,15.1,0.322,0.689,0.5,0.172,0.468,0.51,91.7,90.31,75.26,6000,0.448,2011-12,2011
1610612766,Charlotte Bobcats,66,7,59,0.106,3178.0,92.3,94.4,107.8,109.4,-15.5,-15.0,0.605,1.39,16.0,0.285,0.678,0.474,0.157,0.439,0.483,93.6,91.86,76.55,6080,0.411,2011-12,2011
1610612737,Atlanta Hawks,82,44,38,0.537,3971.0,102.7,103.7,101.8,103.4,0.9,0.3,0.651,1.65,18.8,0.254,0.701,0.482,0.157,0.517,0.546,94.7,93.56,77.97,7744,0.509,2012-13,2012
1610612738,Boston Celtics,81,41,40,0.506,3968.0,101.1,102.2,100.4,102.6,0.7,-0.5,0.614,1.56,17.9,0.246,0.69,0.477,0.154,0.503,0.542,94.0,92.46,77.05,7652,0.507,2012-13,2012
1610612739,Cleveland Cavaliers,82,24,58,0.293,3946.0,100.8,103.2,106.9,108.2,-6.1,-5.0,0.566,1.47,15.9,0.326,0.695,0.5,0.15,0.473,0.514,94.9,93.25,77.71,7666,0.45,2012-13,2012
1610612740,New Orleans Hornets,82,27,55,0.329,3956.0,102.7,104.5,107.6,108.9,-5.0,-4.4,0.582,1.44,16.7,0.332,0.705,0.514,0.162,0.489,0.528,90.9,89.5,74.59,7379,0.464,2012-13,2012
1610612741,Chicago Bulls,82,45,37,0.549,3966.0,100.4,102.4,100.3,101.9,0.1,0.5,0.645,1.61,17.8,0.332,0.699,0.514,0.157,0.47,0.512,92.0,90.35,75.3,7460,0.514,2012-13,2012
1610612742,Dallas Mavericks,82,41,41,0.5,3996.0,103.6,104.7,104.0,105.4,-0.4,-0.6,0.599,1.67,17.7,0.259,0.698,0.484,0.144,0.506,0.544,96.2,95.09,79.24,7917,0.502,2012-13,2012
1610612743,Denver Nuggets,82,57,25,0.695,3981.0,107.6,109.3,102.0,104.2,5.6,5.1,0.6,1.6,17.8,0.345,0.675,0.513,0.157,0.515,0.549,97.8,95.92,79.93,7960,0.538,2012-13,2012
1610612744,Golden State Warriors,82,47,35,0.573,3961.0,104.2,105.1,102.6,104.2,1.7,0.9,0.589,1.49,17.1,0.285,0.712,0.506,0.157,0.506,0.545,96.8,95.64,79.7,7893,0.502,2012-13,2012
1610612745,Houston Rockets,82,45,37,0.549,3956.0,106.7,108.8,103.5,105.3,3.3,3.5,0.609,1.41,17.3,0.305,0.71,0.509,0.169,0.525,0.564,98.6,96.89,80.74,7988,0.51,2012-13,2012
1610612746,Los Angeles Clippers,82,56,26,0.683,3946.0,107.7,109.8,101.0,102.8,6.7,6.9,0.62,1.64,18.4,0.323,0.697,0.512,0.159,0.526,0.557,93.6,91.83,76.53,7552,0.548,2012-13,2012
1610612747,Los Angeles Lakers,82,45,37,0.549,3951.0,105.6,107.0,103.6,105.9,2.0,1.1,0.598,1.48,16.8,0.309,0.702,0.51,0.157,0.512,0.548,96.8,95.08,79.24,7830,0.513,2012-13,2012
1610612748,Miami Heat,82,66,16,0.805,3976.0,110.3,111.4,100.5,103.2,9.9,8.2,0.6,1.65,18.4,0.264,0.678,0.485,0.151,0.552,0.588,93.0,91.26,76.05,7572,0.564,2012-13,2012
1610612749,Milwaukee Bucks,82,38,44,0.463,3966.0,100.9,102.5,102.3,104.2,-1.4,-1.7,0.6,1.62,17.0,0.315,0.678,0.491,0.146,0.476,0.51,97.3,95.65,79.71,7909,0.488,2012-13,2012
1610612750,Minnesota Timberwolves,82,31,51,0.378,3946.0,100.1,101.8,102.9,104.0,-2.8,-2.2,0.624,1.51,17.1,0.312,0.702,0.5,0.157,0.473,0.516,95.2,93.94,78.29,7712,0.494,2012-13,2012
1610612751,Brooklyn Nets,82,49,33,0.598,3971.0,105.0,106.9,103.6,104.8,1.4,2.0,0.567,1.38,16.1,0.343,0.701,0.52,0.162,0.498,0.536,91.2,89.88,74.9,7433,0.509,2012-13,2012
1610612752,New York Knicks,82,54,28,0.659,3946.0,108.6,109.8,103.5,105.4,5.1,4.5,0.527,1.6,15.6,0.291,0.708,0.494,0.132,0.515,0.55,92.0,90.68,75.57,7462,0.512,2012-13,2012
1610612753,Orlando Magic,82,20,62,0.244,3956.0,98.9,100.9,106.7,108.4,-7.8,-7.4,0.605,1.57,17.6,0.293,0.707,0.498,0.156,0.485,0.514,94.5,92.81,77.34,7646,0.459,2012-13,2012
1610612754,Indiana Pacers,81,49,32,0.605,3918.0,101.6,103.4,96.6,99.0,5.0,4.4,0.578,1.34,16.0,0.336,0.701,0.522,0.165,0.479,0.521,92.8,90.9,75.75,7420,0.537,2012-13,2012
1610612755,Philadelphia 76ers,82,34,48,0.415,3951.0,99.5,101.0,103.0,104.7,-3.4,-3.7,0.61,1.74,17.7,0.291,0.695,0.489,0.141,0.481,0.509,93.3,91.88,76.56,7566,0.474,2012-13,2012
1610612756,Phoenix Suns,82,25,57,0.305,3961.0,98.2,100.2,105.7,106.9,-7.5,-6.7,0.606,1.45,17.1,0.308,0.687,0.491,0.164,0.477,0.512,95.9,94.48,78.73,7793,0.458,2012-13,2012
1610612757,Portland Trail Blazers,82,33,49,0.402,3971.0,102.7,104.5,106.9,107.9,-4.2,-3.4,0.593,1.48,17.0,0.294,0.702,0.495,0.157,0.498,0.536,93.7,92.46,77.05,7649,0.468,2012-13,2012
1610612758,Sacramento Kings,82,28,54,0.341,3966.0,103.0,105.3,108.6,110.0,-5.6,-4.7,0.553,1.42,16.0,0.306,0.673,0.485,0.154,0.491,0.532,96.3,94.65,78.88,7804,0.454,2012-13,2012
1610612759,San Antonio Spurs,82,58,24,0.707,3976.0,105.9,107.0,99.2,100.3,6.8,6.7,0.641,1.71,19.1,0.243,0.715,0.493,0.153,0.531,0.568,96.4,95.31,79.43,7892,0.551,2012-13,2012
1610612760,Oklahoma City Thunder,82,60,22,0.732,3966.0,110.2,111.0,99.2,101.2,11.0,9.9,0.561,1.4,16.6,0.291,0.702,0.513,0.16,0.527,0.58,95.9,94.58,78.82,7808,0.57,2012-13,2012
1610612761,Toronto Raptors,82,34,48,0.415,3996.0,102.9,105.0,104.7,106.4,-1.7,-1.4,0.592,1.57,16.9,0.296,0.688,0.49,0.148,0.488,0.532,92.9,91.26,76.05,7591,0.484,2012-13,2012
1610612762,Utah Jazz,82,43,39,0.524,3976.0,103.6,105.4,104.3,105.6,-0.7,-0.2,0.61,1.54,17.4,0.329,0.697,0.51,0.159,0.492,0.533,93.4,92.05,76.71,7629,0.504,2012-13,2012
1610612763,Memphis Grizzlies,82,56,26,0.683,3961.0,101.7,103.6,97.4,99.1,4.2,4.5,0.579,1.5,16.5,0.344,0.702,0.52,0.155,0.472,0.514,91.1,89.56,74.63,7394,0.531,2012-13,2012
1610612764,Washington Wizards,82,29,53,0.354,3971.0,97.8,99.3,100.6,101.6,-2.7,-2.3,0.61,1.43,16.9,0.279,0.706,0.491,0.161,0.475,0.512,94.4,93.23,77.69,7699,0.481,2012-13,2012
1610612765,Detroit Pistons,82,29,53,0.354,3961.0,100.9,102.7,105.6,107.2,-4.8,-4.5,0.585,1.4,16.6,0.324,0.695,0.506,0.164,0.487,0.521,93.2,91.68,76.4,7571,0.467,2012-13,2012
1610612766,Charlotte Bobcats,82,21,61,0.256,3961.0,98.3,100.4,108.9,110.3,-10.6,-9.9,0.562,1.38,15.3,0.305,0.679,0.486,0.151,0.46,0.507,94.0,92.49,77.07,7632,0.438,2012-13,2012
1610612737,Atlanta Hawks,82,38,44,0.463,3966.0,103.4,104.9,104.1,105.7,-0.7,-0.7,0.667,1.63,18.8,0.256,0.711,0.485,0.159,0.515,0.554,96.9,95.41,79.51,7892,0.502,2013-14,2013
1610612738,Boston Celtics,82,25,57,0.305,3946.0,99.7,101.9,105.2,106.5,-5.5,-4.6,0.576,1.37,16.2,0.314,0.708,0.505,0.163,0.477,0.517,95.9,94.28,78.57,7745,0.461,2013-14,2013
1610612739,Cleveland Cavaliers,82,33,49,0.402,3986.0,101.3,103.5,104.8,107.0,-3.5,-3.6,0.572,1.49,16.2,0.314,0.711,0.508,0.149,0.479,0.518,95.7,93.69,78.08,7784,0.469,2013-14,2013
1610612740,New Orleans Pelicans,82,34,48,0.415,3971.0,104.7,106.2,107.3,109.1,-2.6,-3.0,0.563,1.55,16.5,0.305,0.694,0.497,0.147,0.495,0.537,94.5,93.07,77.56,7703,0.483,2013-14,2013
1610612741,Chicago Bulls,82,48,34,0.585,3986.0,99.7,101.7,97.8,99.9,1.9,1.9,0.654,1.52,17.6,0.321,0.713,0.518,0.162,0.471,0.518,92.7,90.84,75.7,7549,0.528,2013-14,2013
1610612742,Dallas Mavericks,82,49,33,0.598,3966.0,109.0,109.5,105.9,107.2,3.0,2.3,0.596,1.74,18.0,0.276,0.694,0.487,0.141,0.526,0.564,95.7,94.94,79.12,7852,0.521,2013-14,2013
1610612743,Denver Nuggets,82,36,46,0.439,3951.0,103.3,105.1,105.4,107.3,-2.1,-2.2,0.584,1.41,16.4,0.31,0.703,0.505,0.16,0.497,0.536,100.7,98.95,82.46,8146,0.481,2013-14,2013
1610612744,Golden State Warriors,82,51,31,0.622,3966.0,105.3,106.3,99.9,101.4,5.4,4.9,0.591,1.53,17.4,0.284,0.724,0.508,0.155,0.517,0.55,98.5,97.37,81.14,8045,0.528,2013-14,2013
1610612745,Houston Rockets,82,54,28,0.659,3966.0,108.6,109.8,103.1,105.2,5.5,4.6,0.563,1.33,16.1,0.306,0.7,0.513,0.165,0.531,0.571,98.8,97.27,81.06,8040,0.534,2013-14,2013
1610612746,Los Angeles Clippers,82,57,25,0.695,3951.0,109.4,111.3,102.1,104.0,7.3,7.3,0.628,1.77,18.3,0.288,0.69,0.496,0.143,0.526,0.567,98.4,96.66,80.55,7954,0.548,2013-14,2013
1610612747,Los Angeles Lakers,82,27,55,0.329,3941.0,101.9,103.2,107.9,109.3,-6.0,-6.0,0.639,1.62,18.1,0.235,0.676,0.459,0.152,0.505,0.542,101.0,99.72,83.1,8177,0.46,2013-14,2013
1610612748,Miami Heat,82,54,28,0.659,3976.0,109.0,110.0,102.9,105.0,6.1,5.1,0.588,1.52,18.1,0.244,0.686,0.476,0.159,0.554,0.59,93.3,91.9,76.58,7615,0.539,2013-14,2013
1610612749,Milwaukee Bucks,82,15,67,0.183,3976.0,100.2,101.9,108.9,110.2,-8.7,-8.3,0.596,1.42,16.5,0.31,0.678,0.49,0.161,0.479,0.519,94.3,92.96,77.47,7685,0.449,2013-14,2013
1610612750,Minnesota Timberwolves,82,40,42,0.488,3971.0,105.6,107.7,104.1,105.2,1.4,2.6,0.616,1.72,17.3,0.317,0.715,0.508,0.14,0.486,0.535,99.8,98.33,81.94,8139,0.519,2013-14,2013
1610612751,Brooklyn Nets,82,44,38,0.537,3976.0,104.4,105.4,104.9,106.7,-0.6,-1.3,0.585,1.44,16.7,0.26,0.686,0.475,0.155,0.514,0.555,93.7,92.42,77.02,7663,0.492,2013-14,2013
1610612752,New York Knicks,82,37,45,0.451,3971.0,105.4,107.0,106.5,108.1,-1.0,-1.1,0.542,1.54,16.0,0.291,0.705,0.492,0.141,0.505,0.541,92.6,91.24,76.04,7556,0.49,2013-14,2013
1610612753,Orlando Magic,82,23,59,0.28,3991.0,99.3,101.0,104.8,106.6,-5.5,-5.7,0.571,1.41,16.4,0.267,0.714,0.49,0.156,0.487,0.525,95.9,94.27,78.56,7837,0.466,2013-14,2013
1610612754,Indiana Pacers,82,56,26,0.683,3956.0,101.5,103.6,96.7,98.9,4.8,4.7,0.56,1.33,15.9,0.296,0.721,0.517,0.162,0.49,0.535,94.9,92.89,77.41,7656,0.545,2013-14,2013
1610612755,Philadelphia 76ers,82,19,63,0.232,3971.0,96.8,99.0,107.5,109.0,-10.7,-10.0,0.576,1.29,16.0,0.29,0.684,0.479,0.168,0.475,0.51,101.6,99.74,83.11,8236,0.426,2013-14,2013
1610612756,Phoenix Suns,82,48,34,0.585,3951.0,107.1,108.2,103.8,105.6,3.3,2.6,0.493,1.24,14.7,0.298,0.699,0.5,0.158,0.519,0.558,98.2,96.83,80.69,7973,0.509,2013-14,2013
1610612757,Portland Trail Blazers,82,54,28,0.659,3971.0,108.3,110.4,104.7,106.2,3.5,4.2,0.594,1.69,17.2,0.32,0.713,0.517,0.142,0.504,0.548,97.5,95.9,79.91,7930,0.524,2013-14,2013
1610612758,Sacramento Kings,82,28,54,0.341,3966.0,102.9,105.1,106.3,107.8,-3.4,-2.7,0.511,1.24,14.6,0.316,0.725,0.518,0.159,0.484,0.532,96.7,95.04,79.2,7840,0.473,2013-14,2013
1610612759,San Antonio Spurs,82,62,20,0.756,3951.0,108.2,109.5,100.1,101.4,8.1,8.1,0.621,1.75,19.0,0.261,0.725,0.503,0.15,0.537,0.571,97.1,95.87,79.89,7887,0.555,2013-14,2013
1610612760,Oklahoma City Thunder,82,59,23,0.72,3961.0,108.1,109.4,101.0,103.0,7.1,6.4,0.562,1.43,16.6,0.294,0.722,0.518,0.158,0.52,0.566,97.9,96.33,80.27,7954,0.543,2013-14,2013
1610612761,Toronto Raptors,82,48,34,0.585,3991.0,105.8,107.9,102.4,104.6,3.5,3.3,0.581,1.5,16.4,0.312,0.701,0.505,0.151,0.498,0.545,94.4,92.48,77.07,7696,0.512,2013-14,2013
1610612762,Utah Jazz,82,25,57,0.305,3956.0,100.6,102.4,109.1,110.1,-8.4,-7.6,0.564,1.39,16.1,0.297,0.708,0.497,0.158,0.484,0.523,93.6,92.32,76.94,7605,0.451,2013-14,2013
1610612763,Memphis Grizzlies,82,50,32,0.61,3961.0,103.3,105.5,102.1,103.8,1.2,1.7,0.574,1.59,17.1,0.326,0.718,0.521,0.15,0.494,0.529,92.2,90.58,75.48,7476,0.518,2013-14,2013
1610612764,Washington Wizards,82,44,38,0.537,4011.0,103.3,104.9,102.4,103.6,0.9,1.3,0.601,1.59,17.6,0.286,0.719,0.498,0.153,0.506,0.538,95.5,94.18,78.48,7872,0.504,2013-14,2013
1610612765,Detroit Pistons,82,29,53,0.354,3956.0,102.9,105.2,107.3,109.0,-4.4,-3.7,0.539,1.44,15.6,0.347,0.693,0.511,0.152,0.482,0.514,97.4,95.57,79.64,7874,0.464,2013-14,2013
1610612766,Charlotte Bobcats,82,43,39,0.524,3981.0,101.2,103.0,101.2,103.3,0.1,-0.4,0.597,1.76,16.9,0.269,0.73,0.5,0.131,0.481,0.522,94.7,92.93,77.44,7712,0.508,2013-14,2013
1610612737,Atlanta Hawks,82,60,22,0.732,3946.0,106.2,108.2,100.7,102.3,5.6,5.9,0.676,1.81,19.5,0.264,0.697,0.487,0.15,0.527,0.563,96.2,94.66,78.88,7775,0.54,2014-15,2014
1610612738,Boston Celtics,82,40,42,0.488,3976.0,101.7,103.8,102.1,103.5,-0.4,0.3,0.629,1.77,18.0,0.289,0.71,0.495,0.142,0.489,0.523,98.4,96.71,80.59,8007,0.498,2014-15,2014
1610612739,Cleveland Cavaliers,82,53,29,0.646,3956.0,107.7,110.1,104.1,105.3,3.7,4.8,0.587,1.55,17.1,0.311,0.711,0.513,0.152,0.52,0.557,94.8,93.23,77.69,7682,0.514,2014-15,2014
1610612740,New Orleans Pelicans,82,45,37,0.549,3956.0,105.4,107.1,104.7,106.3,0.7,0.8,0.581,1.66,17.1,0.309,0.712,0.511,0.143,0.501,0.537,93.7,92.29,76.91,7608,0.508,2014-15,2014
1610612741,Chicago Bulls,82,50,32,0.61,3976.0,104.7,106.3,101.5,103.3,3.3,3.0,0.593,1.56,16.6,0.312,0.709,0.516,0.147,0.489,0.536,95.4,93.8,78.17,7775,0.529,2014-15,2014
1610612742,Dallas Mavericks,82,50,32,0.61,3976.0,107.2,108.2,103.7,104.9,3.5,3.2,0.567,1.74,17.0,0.269,0.681,0.477,0.133,0.515,0.55,97.4,96.4,80.34,7976,0.521,2014-15,2014
1610612743,Denver Nuggets,82,30,52,0.366,3976.0,101.6,103.9,105.5,107.1,-3.9,-3.3,0.577,1.53,16.2,0.303,0.7,0.494,0.146,0.479,0.518,98.7,96.87,80.72,8011,0.465,2014-15,2014
1610612744,Golden State Warriors,82,67,15,0.817,3946.0,109.7,110.4,98.2,100.4,11.4,9.9,0.659,1.9,19.7,0.273,0.703,0.498,0.145,0.54,0.571,100.7,99.28,82.74,8170,0.569,2014-15,2014
1610612745,Houston Rockets,82,56,26,0.683,3961.0,104.2,106.0,100.5,102.6,3.7,3.4,0.6,1.33,16.5,0.305,0.686,0.496,0.17,0.512,0.548,99.3,97.36,81.14,8037,0.509,2014-15,2014
1610612746,Los Angeles Clippers,82,56,26,0.683,3946.0,109.8,111.6,103.0,104.7,6.9,6.9,0.629,2.01,18.7,0.272,0.716,0.497,0.129,0.533,0.565,97.0,95.4,79.5,7844,0.54,2014-15,2014
1610612747,Los Angeles Lakers,82,21,61,0.256,3986.0,100.8,102.3,108.0,109.4,-7.2,-7.1,0.562,1.58,15.9,0.29,0.72,0.497,0.138,0.473,0.513,96.3,95.03,79.19,7892,0.45,2014-15,2014
1610612748,Miami Heat,82,37,45,0.451,3946.0,101.5,103.2,103.8,106.1,-2.4,-3.0,0.564,1.34,16.1,0.284,0.687,0.489,0.161,0.5,0.54,93.3,91.49,76.24,7526,0.492,2014-15,2014
1610612749,Milwaukee Bucks,82,41,41,0.5,3986.0,100.5,102.0,99.3,101.4,1.2,0.6,0.627,1.41,17.8,0.29,0.686,0.491,0.175,0.499,0.536,96.5,94.82,79.02,7867,0.511,2014-15,2014
1610612750,Minnesota Timberwolves,82,16,66,0.195,3961.0,99.8,101.8,109.6,110.9,-9.8,-9.1,0.593,1.44,16.3,0.311,0.682,0.489,0.156,0.468,0.517,97.0,95.45,79.54,7873,0.453,2014-15,2014
1610612751,Brooklyn Nets,82,38,44,0.463,3986.0,101.9,103.4,105.0,106.3,-3.1,-3.0,0.559,1.51,16.3,0.278,0.701,0.491,0.146,0.491,0.529,95.0,93.69,78.07,7777,0.48,2014-15,2014
1610612752,New York Knicks,82,17,65,0.207,3971.0,97.1,98.9,107.2,109.0,-10.1,-10.1,0.606,1.45,16.7,0.289,0.691,0.484,0.158,0.47,0.508,93.7,92.06,76.72,7618,0.441,2014-15,2014
1610612753,Orlando Magic,82,25,57,0.305,3951.0,99.6,101.0,105.2,106.8,-5.6,-5.9,0.55,1.39,16.2,0.269,0.716,0.491,0.157,0.494,0.524,95.9,94.51,78.76,7773,0.455,2014-15,2014
1610612754,Indiana Pacers,82,38,44,0.463,3971.0,100.8,102.9,100.9,102.7,-0.1,0.2,0.586,1.53,16.6,0.286,0.735,0.511,0.148,0.484,0.523,95.5,93.67,78.06,7753,0.505,2014-15,2014
1610612755,Philadelphia 76ers,82,18,64,0.22,3961.0,93.0,94.9,102.1,103.9,-9.1,-9.0,0.609,1.16,15.5,0.293,0.686,0.48,0.183,0.459,0.494,98.3,96.45,80.37,7950,0.426,2014-15,2014
1610612756,Phoenix Suns,82,39,43,0.476,3976.0,102.9,104.2,103.4,105.3,-0.5,-1.1,0.522,1.34,15.4,0.281,0.698,0.489,0.154,0.501,0.537,98.7,97.2,81.0,8058,0.491,2014-15,2014
1610612757,Portland Trail Blazers,82,51,31,0.622,3971.0,105.5,107.1,101.4,102.8,4.2,4.3,0.567,1.61,16.8,0.282,0.728,0.51,0.142,0.508,0.544,96.5,95.06,79.22,7868,0.522,2014-15,2014
1610612758,Sacramento Kings,82,29,53,0.354,3971.0,102.5,104.5,106.5,108.2,-4.0,-3.7,0.554,1.25,15.5,0.313,0.715,0.519,0.168,0.49,0.542,97.9,96.16,80.13,7952,0.485,2014-15,2014
1610612759,San Antonio Spurs,82,55,27,0.671,3991.0,106.2,107.6,99.6,101.4,6.6,6.3,0.623,1.75,18.4,0.272,0.73,0.507,0.146,0.517,0.555,95.9,94.45,78.71,7860,0.545,2014-15,2014
1610612760,Oklahoma City Thunder,82,45,37,0.549,3966.0,104.5,106.7,103.1,104.6,1.3,2.1,0.528,1.4,15.3,0.318,0.73,0.524,0.151,0.492,0.532,98.3,96.61,80.51,7988,0.505,2014-15,2014
1610612761,Toronto Raptors,82,49,33,0.598,3971.0,108.1,110.2,104.8,107.1,3.2,3.1,0.547,1.61,16.1,0.301,0.689,0.494,0.137,0.508,0.553,95.4,93.46,77.88,7736,0.506,2014-15,2014
1610612762,Utah Jazz,82,38,44,0.463,3941.0,102.5,104.2,102.1,104.1,0.5,0.1,0.563,1.3,15.8,0.332,0.715,0.524,0.168,0.494,0.531,92.8,91.1,75.91,7486,0.507,2014-15,2014
1610612763,Memphis Grizzlies,82,55,27,0.671,3981.0,103.1,104.8,99.9,101.2,3.1,3.5,0.574,1.62,16.9,0.288,0.716,0.503,0.142,0.489,0.531,94.2,92.82,77.35,7696,0.53,2014-15,2014
1610612764,Washington Wizards,82,46,36,0.561,3991.0,101.8,103.0,100.0,102.4,1.9,0.6,0.627,1.6,18.1,0.288,0.726,0.514,0.157,0.499,0.534,96.0,94.29,78.58,7844,0.525,2014-15,2014
1610612765,Detroit Pistons,82,32,50,0.39,3966.0,102.3,104.3,104.2,105.4,-1.8,-1.1,0.582,1.61,16.4,0.316,0.712,0.505,0.142,0.482,0.515,95.2,93.68,78.07,7741,0.478,2014-15,2014
1610612766,Charlotte Hornets,82,33,49,0.402,3981.0,97.6,99.6,101.0,103.0,-3.4,-3.4,0.568,1.69,15.8,0.27,0.746,0.502,0.126,0.456,0.498,95.3,93.45,77.87,7753,0.482,2014-15,2014
1610612737,Atlanta Hawks,82,48,34,0.585,3966.0,103.0,104.6,98.8,100.8,4.1,3.9,0.663,1.71,19.0,0.234,0.698,0.474,0.152,0.516,0.552,99.4,97.63,81.36,8059,0.528,2015-16,2015
1610612738,Boston Celtics,82,48,34,0.585,3956.0,103.9,105.8,100.9,102.5,3.0,3.3,0.616,1.76,17.4,0.29,0.707,0.495,0.138,0.488,0.531,101.1,99.43,82.86,8191,0.52,2015-16,2015
1610612739,Cleveland Cavaliers,82,57,25,0.695,3971.0,108.1,110.2,102.3,103.9,5.8,6.3,0.587,1.67,17.4,0.294,0.742,0.519,0.143,0.524,0.558,95.5,93.82,78.19,7764,0.528,2015-16,2015
1610612740,New Orleans Pelicans,82,30,52,0.366,3956.0,103.2,104.8,107.3,108.4,-4.1,-3.7,0.577,1.65,16.8,0.252,0.748,0.493,0.137,0.498,0.537,98.9,97.64,81.37,8041,0.472,2015-16,2015
1610612741,Chicago Bulls,82,42,40,0.512,3981.0,102.1,104.1,103.9,105.5,-1.8,-1.4,0.591,1.64,17.0,0.29,0.714,0.506,0.142,0.487,0.526,98.2,96.6,80.5,8008,0.494,2015-16,2015
1610612742,Dallas Mavericks,82,42,40,0.512,4001.0,104.8,105.5,104.3,105.9,0.6,-0.4,0.592,1.73,17.0,0.241,0.723,0.484,0.132,0.502,0.544,96.4,95.34,79.45,7950,0.503,2015-16,2015
1610612743,Denver Nuggets,82,33,49,0.402,3966.0,102.7,104.9,106.4,108.2,-3.7,-3.3,0.601,1.55,16.9,0.304,0.732,0.513,0.151,0.489,0.531,98.2,96.34,80.28,7963,0.479,2015-16,2015
1610612744,Golden State Warriors,82,73,9,0.89,3976.0,112.5,113.5,100.9,102.8,11.6,10.6,0.68,1.91,20.4,0.267,0.72,0.507,0.15,0.563,0.593,101.6,100.24,83.54,8303,0.567,2015-16,2015
1610612745,Houston Rockets,82,41,41,0.5,3966.0,105.5,107.3,105.6,107.3,-0.2,0.0,0.589,1.39,16.4,0.297,0.692,0.492,0.161,0.516,0.553,100.1,98.42,82.02,8139,0.49,2015-16,2015
1610612746,LA Clippers,82,53,29,0.646,3966.0,106.5,107.2,100.9,102.7,5.5,4.5,0.596,1.76,17.4,0.234,0.697,0.472,0.133,0.524,0.556,98.0,96.81,80.68,7995,0.533,2015-16,2015
1610612747,Los Angeles Lakers,82,17,65,0.207,3946.0,98.6,100.7,109.3,110.3,-10.7,-9.7,0.513,1.31,14.1,0.271,0.712,0.484,0.142,0.46,0.509,98.0,96.55,80.46,7930,0.424,2015-16,2015
1610612748,Miami Heat,82,48,34,0.585,3966.0,104.2,105.5,101.5,103.7,2.6,1.7,0.543,1.48,16.3,0.28,0.729,0.512,0.148,0.508,0.545,95.7,94.14,78.45,7779,0.525,2015-16,2015
1610612749,Milwaukee Bucks,82,33,49,0.402,3966.0,102.2,103.4,105.7,107.8,-3.5,-4.5,0.603,1.52,17.6,0.286,0.689,0.49,0.159,0.499,0.537,96.6,95.05,79.21,7858,0.483,2015-16,2015
1610612750,Minnesota Timberwolves,82,29,53,0.354,3976.0,104.3,105.4,107.1,109.0,-2.8,-3.5,0.619,1.56,17.6,0.279,0.702,0.494,0.155,0.498,0.549,97.6,96.2,80.17,7965,0.497,2015-16,2015
1610612751,Brooklyn Nets,82,21,61,0.256,3951.0,100.9,102.4,108.5,109.7,-7.6,-7.4,0.583,1.51,17.0,0.279,0.716,0.494,0.153,0.492,0.527,97.4,96.12,80.1,7903,0.46,2015-16,2015
1610612752,New York Knicks,82,32,50,0.39,3961.0,102.0,103.9,104.8,106.7,-2.8,-2.8,0.557,1.53,16.0,0.28,0.718,0.502,0.142,0.483,0.527,95.8,94.12,78.43,7763,0.487,2015-16,2015
1610612753,Orlando Magic,82,35,47,0.427,3981.0,102.6,104.4,104.6,106.0,-2.0,-1.6,0.596,1.67,17.6,0.271,0.726,0.495,0.144,0.5,0.533,98.2,96.68,80.57,8018,0.488,2015-16,2015
1610612754,Indiana Pacers,82,45,37,0.549,3976.0,102.4,103.8,100.2,102.2,2.2,1.6,0.554,1.43,16.1,0.271,0.714,0.494,0.151,0.497,0.536,99.0,97.35,81.13,8068,0.518,2015-16,2015
1610612755,Philadelphia 76ers,82,10,72,0.122,3961.0,96.6,98.4,106.7,108.6,-10.0,-10.2,0.594,1.31,16.3,0.25,0.693,0.466,0.165,0.487,0.519,100.2,98.44,82.03,8119,0.428,2015-16,2015
1610612756,Phoenix Suns,82,23,59,0.28,3941.0,99.4,101.5,107.0,107.9,-7.6,-6.5,0.558,1.21,15.4,0.297,0.733,0.508,0.173,0.487,0.526,100.9,99.39,82.82,8152,0.45,2015-16,2015
1610612757,Portland Trail Blazers,82,44,38,0.537,3961.0,106.1,107.6,105.6,106.8,0.6,0.8,0.552,1.46,16.0,0.294,0.728,0.51,0.15,0.511,0.548,98.3,97.06,80.88,8012,0.493,2015-16,2015
1610612758,Sacramento Kings,82,33,49,0.402,3961.0,103.3,105.3,106.3,107.6,-3.0,-2.3,0.612,1.52,17.6,0.281,0.717,0.5,0.16,0.51,0.546,102.2,100.66,83.88,8302,0.494,2015-16,2015
1610612759,San Antonio Spurs,82,67,15,0.817,3941.0,108.4,109.3,96.6,98.2,11.8,11.1,0.611,1.88,18.8,0.266,0.746,0.516,0.138,0.526,0.564,95.7,94.54,78.78,7767,0.578,2015-16,2015
1610612760,Oklahoma City Thunder,82,55,27,0.671,3966.0,109.9,112.1,103.0,104.8,6.9,7.4,0.558,1.44,16.7,0.347,0.72,0.541,0.162,0.524,0.565,99.4,97.54,81.28,8061,0.546,2015-16,2015
1610612761,Toronto Raptors,82,56,26,0.683,3956.0,107.0,109.3,102.7,104.8,4.3,4.4,0.511,1.43,14.9,0.3,0.736,0.52,0.139,0.504,0.552,95.3,93.35,77.8,7707,0.525,2015-16,2015
1610612762,Utah Jazz,82,40,42,0.488,3991.0,103.1,105.0,101.6,103.2,1.6,1.8,0.526,1.27,15.1,0.303,0.731,0.517,0.161,0.501,0.54,93.3,91.66,76.39,7625,0.508,2015-16,2015
1610612763,Memphis Grizzlies,82,42,40,0.512,3966.0,102.6,104.7,105.4,107.1,-2.9,-2.4,0.562,1.56,16.0,0.298,0.709,0.495,0.14,0.477,0.524,95.7,93.95,78.29,7763,0.483,2015-16,2015
1610612764,Washington Wizards,82,41,41,0.5,3951.0,102.9,104.5,103.6,105.1,-0.7,-0.5,0.619,1.69,18.1,0.25,0.737,0.49,0.145,0.511,0.544,100.6,99.16,82.63,8163,0.497,2015-16,2015
1610612765,Detroit Pistons,82,44,38,0.537,3976.0,103.3,105.3,103.4,104.9,-0.2,0.3,0.512,1.44,14.8,0.313,0.753,0.521,0.14,0.491,0.522,97.4,95.75,79.79,7942,0.486,2015-16,2015
1610612766,Charlotte Hornets,82,48,34,0.585,3971.0,105.1,106.4,101.8,103.7,3.3,2.7,0.586,1.73,16.7,0.244,0.754,0.499,0.129,0.502,0.545,97.8,96.24,80.2,7966,0.511,2015-16,2015
1610612737,Atlanta Hawks,82,43,39,0.524,3976.0,102.3,104.5,103.1,105.2,-0.8,-0.7,0.621,1.5,17.4,0.282,0.717,0.502,0.16,0.504,0.541,99.8,97.76,81.46,8091,0.506,2016-17,2016
1610612738,Boston Celtics,82,53,29,0.646,3951.0,108.6,110.6,105.5,108.0,3.1,2.6,0.653,1.9,18.8,0.259,0.705,0.485,0.136,0.525,0.567,99.3,97.21,81.01,8005,0.514,2016-17,2016
1610612739,Cleveland Cavaliers,82,51,31,0.622,3976.0,110.9,112.8,108.0,109.7,2.9,3.1,0.567,1.66,17.1,0.264,0.722,0.499,0.14,0.547,0.58,98.4,96.74,80.61,8019,0.51,2016-17,2016
1610612740,New Orleans Pelicans,82,34,48,0.415,3981.0,103.3,104.7,104.9,106.8,-1.6,-2.1,0.582,1.77,17.1,0.228,0.728,0.48,0.129,0.504,0.539,100.1,98.56,82.13,8173,0.493,2016-17,2016
1610612741,Chicago Bulls,82,41,41,0.5,3956.0,104.6,106.5,104.5,106.2,0.1,0.3,0.584,1.66,16.8,0.311,0.733,0.519,0.14,0.487,0.53,97.7,96.02,80.02,7919,0.504,2016-17,2016
1610612742,Dallas Mavericks,82,33,49,0.402,3956.0,103.7,104.7,106.3,107.7,-2.6,-3.0,0.574,1.75,16.8,0.216,0.733,0.465,0.127,0.505,0.541,94.2,93.11,77.59,7668,0.479,2016-17,2016
1610612743,Denver Nuggets,82,40,42,0.488,3951.0,110.0,112.2,110.5,111.7,-0.5,0.4,0.615,1.69,18.2,0.314,0.753,0.532,0.15,0.53,0.568,100.7,99.18,82.65,8167,0.503,2016-17,2016
1610612744,Golden State Warriors,82,67,15,0.817,3956.0,113.2,114.8,101.1,103.4,12.1,11.4,0.705,2.06,21.2,0.272,0.709,0.504,0.146,0.563,0.597,102.2,100.37,83.65,8279,0.579,2016-17,2016
1610612745,Houston Rockets,82,55,27,0.671,3956.0,111.8,114.1,106.4,108.4,5.4,5.7,0.626,1.67,18.1,0.281,0.717,0.499,0.15,0.545,0.583,102.5,100.55,83.79,8289,0.516,2016-17,2016
1610612746,LA Clippers,82,51,31,0.622,3951.0,110.3,111.8,105.8,107.5,4.5,4.4,0.57,1.74,17.2,0.256,0.733,0.501,0.133,0.537,0.574,98.2,96.77,80.64,7968,0.527,2016-17,2016
1610612747,Los Angeles Lakers,82,26,56,0.317,3941.0,103.4,105.3,110.6,112.0,-7.2,-6.7,0.532,1.38,15.6,0.284,0.717,0.494,0.153,0.501,0.537,100.8,99.26,82.72,8143,0.446,2016-17,2016
1610612748,Miami Heat,82,41,41,0.5,3956.0,105.2,107.4,104.1,106.4,1.0,1.0,0.544,1.58,16.3,0.284,0.718,0.499,0.14,0.512,0.541,97.6,95.51,79.6,7875,0.5,2016-17,2016
1610612749,Milwaukee Bucks,82,42,40,0.512,3956.0,106.9,108.5,106.4,108.7,0.5,-0.2,0.624,1.73,18.5,0.26,0.706,0.487,0.146,0.527,0.565,96.7,94.99,79.16,7828,0.504,2016-17,2016
1610612750,Minnesota Timberwolves,82,31,51,0.378,3961.0,108.1,110.0,109.1,110.9,-1.0,-0.9,0.6,1.69,17.7,0.309,0.71,0.507,0.146,0.511,0.555,97.1,95.48,79.57,7870,0.501,2016-17,2016
1610612751,Brooklyn Nets,82,20,62,0.244,3951.0,101.9,103.6,108.0,110.1,-6.1,-6.5,0.566,1.29,15.9,0.241,0.716,0.483,0.162,0.507,0.551,103.6,101.75,84.79,8371,0.46,2016-17,2016
1610612752,New York Knicks,82,31,51,0.378,3971.0,104.7,107.1,108.7,110.7,-4.1,-3.6,0.551,1.57,16.3,0.305,0.698,0.5,0.143,0.496,0.534,98.6,96.63,80.53,7990,0.482,2016-17,2016
1610612753,Orlando Magic,82,29,53,0.354,3961.0,101.2,103.7,108.0,110.3,-6.8,-6.5,0.58,1.67,16.8,0.267,0.726,0.491,0.137,0.489,0.524,99.1,96.9,80.75,7989,0.46,2016-17,2016
1610612754,Indiana Pacers,82,42,40,0.512,3971.0,106.2,107.9,106.3,108.1,-0.1,-0.2,0.572,1.63,17.2,0.255,0.713,0.488,0.141,0.516,0.558,98.1,96.59,80.49,7989,0.505,2016-17,2016
1610612755,Philadelphia 76ers,82,28,54,0.341,3966.0,100.7,102.7,106.4,108.2,-5.7,-5.5,0.631,1.43,17.4,0.273,0.709,0.49,0.167,0.501,0.539,101.0,99.07,82.56,8179,0.47,2016-17,2016
1610612756,Phoenix Suns,82,24,58,0.293,3966.0,103.9,106.1,109.3,111.3,-5.4,-5.2,0.491,1.27,14.4,0.299,0.718,0.503,0.152,0.493,0.538,102.9,100.85,84.04,8320,0.462,2016-17,2016
1610612757,Portland Trail Blazers,82,41,41,0.5,3986.0,107.8,109.4,107.8,110.0,0.0,-0.6,0.534,1.54,16.0,0.269,0.72,0.496,0.139,0.52,0.559,99.1,97.38,81.15,8088,0.493,2016-17,2016
1610612758,Sacramento Kings,82,32,50,0.39,3976.0,104.6,106.6,109.1,110.8,-4.5,-4.2,0.594,1.54,17.3,0.258,0.723,0.492,0.152,0.516,0.556,97.1,95.42,79.52,7911,0.478,2016-17,2016
1610612759,San Antonio Spurs,82,61,21,0.744,3961.0,108.8,110.3,100.9,102.9,7.9,7.4,0.606,1.77,18.1,0.282,0.73,0.511,0.141,0.524,0.564,96.4,94.86,79.05,7832,0.551,2016-17,2016
1610612760,Oklahoma City Thunder,82,47,35,0.573,3961.0,105.0,107.9,105.1,107.1,-0.2,0.8,0.532,1.4,15.5,0.323,0.742,0.528,0.152,0.5,0.54,100.5,98.18,81.82,8099,0.499,2016-17,2016
1610612761,Toronto Raptors,82,51,31,0.622,3956.0,109.8,111.4,104.9,107.1,4.9,4.3,0.472,1.46,14.5,0.291,0.717,0.505,0.132,0.517,0.561,97.1,95.41,79.51,7867,0.516,2016-17,2016
1610612762,Utah Jazz,82,51,31,0.622,3951.0,107.4,109.0,102.7,104.7,4.7,4.3,0.544,1.48,16.2,0.27,0.743,0.514,0.148,0.526,0.563,93.6,92.09,76.75,7579,0.534,2016-17,2016
1610612763,Memphis Grizzlies,82,43,39,0.524,3981.0,104.7,107.0,104.5,106.5,0.1,0.5,0.584,1.65,16.5,0.295,0.731,0.507,0.137,0.491,0.535,94.7,92.84,77.37,7702,0.501,2016-17,2016
1610612764,Washington Wizards,82,49,33,0.598,3971.0,108.5,110.4,106.9,108.8,1.6,1.7,0.577,1.68,17.6,0.286,0.716,0.501,0.143,0.528,0.564,99.7,97.94,81.62,8109,0.511,2016-17,2016
1610612765,Detroit Pistons,82,37,45,0.451,3961.0,103.3,105.3,105.3,106.7,-2.0,-1.4,0.53,1.78,16.1,0.286,0.775,0.519,0.123,0.492,0.521,97.1,95.52,79.6,7890,0.482,2016-17,2016
1610612766,Charlotte Hornets,82,36,46,0.439,3966.0,106.4,108.4,106.1,108.4,0.3,0.0,0.611,2.01,17.6,0.247,0.749,0.496,0.119,0.501,0.547,97.8,95.92,79.93,7934,0.505,2016-17,2016
1610612737,Atlanta Hawks,82,24,58,0.293,3941.0,102.4,104.4,108.2,110.1,-5.8,-5.7,0.622,1.53,17.6,0.263,0.719,0.489,0.157,0.512,0.547,100.6,98.76,82.3,8114,0.468,2017-18,2017
1610612738,Boston Celtics,82,55,27,0.671,3961.0,105.3,106.8,101.5,103.2,3.7,3.6,0.586,1.6,17.0,0.263,0.739,0.504,0.144,0.518,0.552,98.2,96.75,80.63,7987,0.519,2017-18,2017
1610612739,Cleveland Cavaliers,82,50,32,0.61,3946.0,110.6,112.0,109.5,111.1,1.0,1.0,0.579,1.7,17.5,0.243,0.73,0.492,0.139,0.547,0.584,100.1,98.72,82.27,8114,0.502,2017-18,2017
1610612740,New Orleans Pelicans,82,48,34,0.585,3991.0,107.7,108.5,105.6,107.4,2.1,1.1,0.627,1.79,19.0,0.24,0.726,0.494,0.145,0.541,0.573,102.7,101.48,84.57,8443,0.525,2017-18,2017
1610612741,Chicago Bulls,82,27,55,0.329,3971.0,101.3,103.4,109.1,110.5,-7.8,-7.0,0.607,1.68,17.3,0.256,0.767,0.5,0.141,0.497,0.529,100.3,98.65,82.21,8160,0.453,2017-18,2017
1610612742,Dallas Mavericks,82,24,58,0.293,3961.0,104.1,105.4,107.4,108.4,-3.3,-2.9,0.594,1.85,17.3,0.224,0.749,0.478,0.127,0.513,0.544,97.5,96.53,80.44,7959,0.475,2017-18,2017
1610612743,Denver Nuggets,82,46,36,0.561,3976.0,109.6,111.4,108.8,110.0,0.8,1.4,0.617,1.68,18.2,0.3,0.736,0.517,0.151,0.536,0.57,99.1,97.69,81.41,8095,0.511,2017-18,2017
1610612744,Golden State Warriors,82,58,24,0.707,3946.0,112.3,112.8,104.2,106.8,8.1,5.9,0.685,1.9,20.9,0.243,0.712,0.497,0.153,0.569,0.603,101.8,100.35,83.63,8251,0.554,2017-18,2017
1610612745,Houston Rockets,82,65,17,0.793,3951.0,112.2,114.1,103.8,105.7,8.5,8.4,0.557,1.56,16.4,0.254,0.75,0.503,0.141,0.551,0.59,99.7,98.02,81.69,8078,0.531,2017-18,2017
1610612746,LA Clippers,82,42,40,0.512,3941.0,107.7,109.4,107.7,109.2,0.0,0.2,0.555,1.52,16.5,0.284,0.718,0.504,0.147,0.527,0.564,101.1,99.54,82.95,8167,0.497,2017-18,2017
1610612747,Los Angeles Lakers,82,35,47,0.427,3981.0,104.2,106.0,105.6,107.3,-1.4,-1.3,0.584,1.51,17.0,0.279,0.729,0.505,0.155,0.517,0.548,102.6,100.9,84.08,8361,0.491,2017-18,2017
1610612748,Miami Heat,82,44,38,0.537,3986.0,104.5,106.2,104.0,105.8,0.5,0.4,0.585,1.58,17.1,0.261,0.741,0.501,0.148,0.52,0.551,97.8,96.1,80.08,7985,0.505,2017-18,2017
1610612749,Milwaukee Bucks,82,44,38,0.537,3966.0,107.8,109.0,107.1,109.1,0.7,-0.2,0.585,1.68,17.7,0.244,0.709,0.48,0.142,0.531,0.571,98.5,97.03,80.86,8013,0.502,2017-18,2017
1610612750,Minnesota Timberwolves,82,47,35,0.573,3961.0,110.8,112.5,108.4,110.2,2.4,2.3,0.553,1.82,17.0,0.289,0.72,0.503,0.128,0.523,0.566,98.3,96.75,80.62,7985,0.518,2017-18,2017
1610612751,Brooklyn Nets,82,28,54,0.341,3971.0,104.3,106.1,108.5,109.7,-4.2,-3.6,0.619,1.56,17.3,0.251,0.731,0.489,0.151,0.514,0.551,101.1,99.66,83.05,8238,0.474,2017-18,2017
1610612752,New York Knicks,82,29,53,0.354,3966.0,104.1,106.3,108.4,109.7,-4.3,-3.4,0.573,1.58,17.2,0.289,0.727,0.509,0.15,0.51,0.544,99.2,97.64,81.37,8059,0.481,2017-18,2017
1610612753,Orlando Magic,82,25,57,0.305,3946.0,102.8,104.7,107.7,109.4,-4.9,-4.7,0.604,1.61,17.5,0.248,0.714,0.48,0.147,0.512,0.545,100.3,98.58,82.15,8096,0.472,2017-18,2017
1610612754,Indiana Pacers,82,48,34,0.585,3951.0,107.2,108.5,105.6,107.3,1.6,1.3,0.544,1.67,16.8,0.271,0.721,0.496,0.136,0.525,0.557,98.2,96.84,80.7,7977,0.509,2017-18,2017
1610612755,Philadelphia 76ers,82,52,30,0.634,3956.0,107.4,108.5,102.0,103.9,5.4,4.6,0.663,1.64,19.1,0.286,0.736,0.52,0.163,0.535,0.568,102.2,100.75,83.96,8299,0.542,2017-18,2017
1610612756,Phoenix Suns,82,21,61,0.256,3941.0,100.8,102.8,110.6,111.7,-9.7,-9.0,0.553,1.35,15.6,0.271,0.724,0.493,0.155,0.495,0.532,102.6,101.14,84.28,8293,0.442,2017-18,2017
1610612757,Portland Trail Blazers,82,49,33,0.598,3951.0,106.1,108.4,104.2,105.7,1.9,2.7,0.496,1.44,15.0,0.279,0.746,0.513,0.139,0.511,0.549,98.8,97.11,80.93,7992,0.51,2017-18,2017
1610612758,Sacramento Kings,82,27,55,0.329,3951.0,101.1,103.1,109.0,110.4,-7.9,-7.3,0.556,1.57,16.6,0.264,0.731,0.489,0.143,0.502,0.529,97.1,95.5,79.58,7860,0.451,2017-18,2017
1610612759,San Antonio Spurs,82,47,35,0.573,3946.0,105.5,107.1,102.4,104.1,3.1,3.0,0.583,1.73,17.3,0.277,0.741,0.508,0.137,0.507,0.543,97.2,95.7,79.75,7867,0.525,2017-18,2017
1610612760,Oklahoma City Thunder,82,48,34,0.585,3966.0,107.6,110.1,104.7,106.4,2.9,3.7,0.535,1.53,15.8,0.32,0.725,0.515,0.143,0.514,0.546,99.2,97.34,81.11,8036,0.508,2017-18,2017
1610612761,Toronto Raptors,82,59,23,0.72,3966.0,111.0,113.0,103.4,105.3,7.6,7.7,0.59,1.82,17.9,0.274,0.725,0.502,0.135,0.539,0.575,99.8,98.02,81.68,8104,0.538,2017-18,2017
1610612762,Utah Jazz,82,48,34,0.585,3951.0,106.2,107.4,101.6,103.0,4.6,4.4,0.586,1.53,17.1,0.256,0.756,0.509,0.152,0.527,0.564,97.8,96.58,80.48,7951,0.532,2017-18,2017
1610612763,Memphis Grizzlies,82,22,60,0.268,3941.0,101.8,103.6,108.4,110.4,-6.6,-6.8,0.586,1.44,16.6,0.276,0.721,0.493,0.156,0.5,0.539,97.3,95.65,79.71,7865,0.46,2017-18,2017
1610612764,Washington Wizards,82,43,39,0.524,3971.0,106.9,108.1,106.2,107.7,0.7,0.4,0.631,1.73,18.4,0.274,0.732,0.504,0.148,0.525,0.56,98.9,97.67,81.39,8087,0.509,2017-18,2017
1610612765,Detroit Pistons,82,39,43,0.476,3961.0,104.9,106.6,104.8,106.7,0.0,-0.1,0.582,1.7,17.1,0.269,0.74,0.499,0.138,0.512,0.543,98.4,96.75,80.62,7981,0.489,2017-18,2017
1610612766,Charlotte Hornets,82,36,46,0.439,3956.0,107.0,109.0,107.0,109.0,0.0,-0.1,0.554,1.7,16.1,0.271,0.763,0.512,0.128,0.508,0.549,100.5,98.66,82.21,8143,0.5,2017-18,2017
1610612737,Atlanta Hawks,82,29,53,0.354,3971.0,105.5,107.5,111.2,113.1,-5.7,-5.5,0.624,1.52,17.7,0.284,0.718,0.496,0.162,0.522,0.555,106.4,104.56,87.13,8642,0.464,2018-19,2018
1610612738,Boston Celtics,82,49,33,0.598,3956.0,110.1,111.3,104.9,107.0,5.1,4.3,0.624,2.05,18.8,0.257,0.728,0.495,0.127,0.534,0.567,102.0,100.43,83.69,8282,0.53,2018-19,2018
1610612739,Cleveland Cavaliers,82,19,63,0.232,3951.0,105.0,106.8,115.1,116.8,-10.1,-10.0,0.532,1.54,15.6,0.282,0.732,0.496,0.138,0.503,0.54,98.9,97.37,81.14,8021,0.436,2018-19,2018
1610612740,New Orleans Pelicans,82,33,49,0.402,3951.0,108.6,110.7,110.4,112.0,-1.8,-1.3,0.619,1.82,18.6,0.285,0.729,0.509,0.142,0.529,0.563,105.6,103.89,86.58,8553,0.498,2018-19,2018
1610612741,Chicago Bulls,82,22,60,0.268,3981.0,102.5,104.5,110.9,112.8,-8.4,-8.3,0.55,1.55,16.3,0.242,0.727,0.483,0.141,0.505,0.541,101.1,99.3,82.75,8232,0.453,2018-19,2018
1610612742,Dallas Mavericks,82,33,49,0.402,3956.0,106.6,108.7,108.3,110.1,-1.7,-1.5,0.603,1.64,17.0,0.273,0.734,0.503,0.142,0.519,0.555,101.4,99.6,83.0,8216,0.492,2018-19,2018
1610612743,Denver Nuggets,82,54,28,0.659,3946.0,109.8,112.1,106.8,108.1,3.0,4.0,0.653,2.04,19.3,0.308,0.744,0.524,0.136,0.527,0.558,100.1,98.49,82.08,8096,0.524,2018-19,2018
1610612744,Golden State Warriors,82,57,25,0.695,3961.0,113.9,115.0,106.5,108.6,7.5,6.5,0.668,2.06,20.4,0.257,0.727,0.505,0.139,0.565,0.596,103.2,101.74,84.78,8390,0.546,2018-19,2018
1610612745,Houston Rockets,82,53,29,0.646,3966.0,112.5,114.9,107.9,110.1,4.6,4.8,0.541,1.59,15.9,0.269,0.7,0.481,0.135,0.542,0.581,100.4,98.39,81.99,8130,0.498,2018-19,2018
1610612746,LA Clippers,82,48,34,0.585,3966.0,109.7,111.4,109.0,110.4,0.7,1.0,0.582,1.65,17.1,0.263,0.722,0.5,0.141,0.529,0.575,104.1,102.66,85.55,8475,0.505,2018-19,2018
1610612747,Los Angeles Lakers,82,37,45,0.451,3956.0,105.2,107.4,107.3,108.9,-2.1,-1.6,0.6,1.63,17.8,0.27,0.725,0.502,0.15,0.527,0.554,105.5,103.6,86.33,8534,0.495,2018-19,2018
1610612748,Miami Heat,82,39,43,0.476,3946.0,104.6,106.7,105.1,107.1,-0.6,-0.4,0.612,1.65,17.6,0.291,0.731,0.509,0.149,0.515,0.542,100.7,98.73,82.28,8122,0.501,2018-19,2018
1610612749,Milwaukee Bucks,82,60,22,0.732,3956.0,111.5,113.5,103.0,104.9,8.5,8.6,0.601,1.88,18.3,0.25,0.757,0.516,0.133,0.55,0.583,105.4,103.57,86.31,8533,0.553,2018-19,2018
1610612750,Minnesota Timberwolves,82,36,46,0.439,3966.0,108.4,110.6,110.2,112.2,-1.9,-1.6,0.591,1.88,17.4,0.292,0.709,0.497,0.129,0.511,0.552,102.8,100.88,84.07,8341,0.498,2018-19,2018
1610612751,Brooklyn Nets,82,42,40,0.512,3996.0,106.9,108.9,107.0,109.0,-0.1,-0.1,0.592,1.58,16.9,0.282,0.72,0.501,0.146,0.52,0.556,103.4,101.52,84.6,8452,0.492,2018-19,2018
1610612752,New York Knicks,82,17,65,0.207,3956.0,102.1,104.0,110.9,112.9,-8.8,-8.9,0.525,1.43,14.9,0.264,0.717,0.486,0.14,0.49,0.529,102.0,100.16,83.46,8244,0.442,2018-19,2018
1610612753,Orlando Magic,82,42,40,0.512,3956.0,106.5,108.2,105.8,107.6,0.8,0.6,0.632,1.94,18.6,0.259,0.754,0.504,0.133,0.518,0.55,100.3,98.65,82.21,8133,0.508,2018-19,2018
1610612754,Indiana Pacers,82,48,34,0.585,3941.0,107.3,109.4,104.2,106.0,3.1,3.4,0.628,1.9,18.9,0.269,0.722,0.499,0.139,0.53,0.561,100.4,98.64,82.2,8097,0.527,2018-19,2018
1610612755,Philadelphia 76ers,82,51,31,0.622,3961.0,110.4,111.6,107.1,109.0,3.3,2.6,0.648,1.8,18.7,0.278,0.741,0.517,0.144,0.532,0.574,104.0,102.59,85.49,8467,0.529,2018-19,2018
1610612756,Phoenix Suns,82,19,63,0.232,3976.0,103.6,105.3,112.2,114.2,-8.6,-8.9,0.595,1.53,17.3,0.247,0.683,0.464,0.153,0.514,0.552,102.9,101.15,84.3,8371,0.45,2018-19,2018
1610612757,Portland Trail Blazers,82,53,29,0.646,3971.0,111.4,113.7,108.1,109.5,3.3,4.2,0.544,1.66,16.6,0.308,0.739,0.526,0.137,0.528,0.568,101.6,99.96,83.3,8269,0.521,2018-19,2018
1610612758,Sacramento Kings,82,39,43,0.476,3946.0,108.3,109.6,108.7,110.8,-0.4,-1.2,0.588,1.9,17.7,0.268,0.713,0.487,0.128,0.524,0.554,105.5,103.88,86.56,8545,0.495,2018-19,2018
1610612759,San Antonio Spurs,82,48,34,0.585,3961.0,111.1,112.2,108.3,110.6,2.8,1.6,0.58,2.03,18.1,0.246,0.744,0.501,0.122,0.534,0.572,100.4,98.88,82.4,8162,0.516,2018-19,2018
1610612760,Oklahoma City Thunder,82,49,33,0.598,3971.0,107.6,109.8,104.7,106.5,2.9,3.4,0.548,1.67,16.3,0.298,0.738,0.509,0.134,0.514,0.545,105.3,103.38,86.15,8549,0.506,2018-19,2018
1610612761,Toronto Raptors,82,58,24,0.707,3976.0,110.9,112.6,104.3,106.8,6.5,5.8,0.603,1.81,18.2,0.265,0.726,0.502,0.138,0.543,0.579,102.5,100.51,83.76,8334,0.533,2018-19,2018
1610612762,Utah Jazz,82,50,32,0.61,3951.0,108.8,110.3,103.2,105.3,5.5,5.0,0.644,1.72,18.5,0.275,0.759,0.522,0.149,0.538,0.572,102.5,100.84,84.03,8308,0.539,2018-19,2018
1610612763,Memphis Grizzlies,82,33,49,0.402,3976.0,103.8,105.6,106.2,108.0,-2.4,-2.4,0.631,1.71,17.9,0.247,0.724,0.484,0.143,0.508,0.548,98.8,97.15,80.96,8038,0.49,2018-19,2018
1610612764,Washington Wizards,82,32,50,0.39,3986.0,108.6,110.2,111.3,112.9,-2.7,-2.7,0.623,1.87,18.4,0.252,0.706,0.477,0.136,0.531,0.567,103.7,102.23,85.19,8486,0.487,2018-19,2018
1610612765,Detroit Pistons,82,41,41,0.5,3971.0,106.1,108.4,106.9,108.7,-0.7,-0.3,0.579,1.63,16.5,0.291,0.745,0.509,0.14,0.509,0.544,99.7,97.88,81.57,8101,0.482,2018-19,2018
1610612766,Charlotte Hornets,82,39,43,0.476,3966.0,108.3,110.7,110.2,112.0,-1.8,-1.3,0.578,1.9,17.0,0.268,0.731,0.495,0.122,0.514,0.554,101.1,99.18,82.65,8202,0.486,2018-19,2018
1610612737,Atlanta Hawks,67,20,47,0.299,3256.0,104.3,107.0,112.3,114.4,-8.0,-7.4,0.589,1.48,16.9,0.267,0.708,0.484,0.155,0.515,0.554,105.6,103.28,86.06,6999,0.454,2019-20,2019
1610612738,Boston Celtics,72,48,24,0.667,3486.0,110.4,112.8,104.5,106.5,6.0,6.3,0.557,1.66,16.7,0.283,0.731,0.509,0.137,0.531,0.57,101.9,99.92,83.27,7255,0.531,2019-20,2019
1610612739,Cleveland Cavaliers,65,19,46,0.292,3145.0,104.4,106.9,113.6,114.8,-9.2,-7.9,0.573,1.4,16.8,0.296,0.738,0.512,0.165,0.522,0.553,100.9,99.17,82.65,6497,0.453,2019-20,2019
1610612740,New Orleans Pelicans,72,30,42,0.417,3486.0,108.0,110.5,109.4,111.8,-1.4,-1.3,0.63,1.64,18.4,0.287,0.729,0.508,0.156,0.539,0.568,106.3,103.89,86.57,7548,0.495,2019-20,2019
1610612741,Chicago Bulls,65,22,43,0.338,3135.0,104.1,105.8,107.7,108.9,-3.6,-3.1,0.587,1.5,16.9,0.267,0.719,0.481,0.153,0.515,0.547,101.9,100.46,83.71,6563,0.466,2019-20,2019
1610612742,Dallas Mavericks,75,43,32,0.573,3635.0,113.7,115.9,109.5,111.2,4.2,4.8,0.592,1.94,17.7,0.275,0.74,0.509,0.126,0.545,0.581,101.7,99.89,83.24,7569,0.521,2019-20,2019
1610612743,Denver Nuggets,73,46,27,0.63,3549.0,110.1,112.6,108.6,110.4,1.5,2.2,0.636,1.94,19.1,0.294,0.725,0.509,0.139,0.535,0.567,99.5,97.64,81.37,7217,0.517,2019-20,2019
1610612744,Golden State Warriors,65,15,50,0.231,3145.0,102.9,104.4,110.9,113.0,-8.0,-8.6,0.663,1.72,18.2,0.255,0.722,0.481,0.146,0.497,0.54,102.7,101.04,84.2,6623,0.462,2019-20,2019
1610612745,Houston Rockets,72,44,28,0.611,3476.0,110.3,112.5,107.4,109.8,2.9,2.7,0.53,1.47,15.5,0.249,0.713,0.48,0.14,0.537,0.578,106.3,104.04,86.7,7539,0.494,2019-20,2019
1610612746,LA Clippers,72,49,23,0.681,3476.0,111.1,113.3,105.3,106.9,5.7,6.3,0.571,1.63,16.9,0.278,0.737,0.515,0.142,0.535,0.577,103.9,102.16,85.13,7396,0.532,2019-20,2019
1610612747,Los Angeles Lakers,71,52,19,0.732,3418.0,109.6,111.7,103.8,106.1,5.8,5.6,0.6,1.67,18.0,0.283,0.737,0.512,0.149,0.542,0.573,103.3,101.2,84.33,7211,0.539,2019-20,2019
1610612748,Miami Heat,73,44,29,0.603,3549.0,110.0,111.9,107.2,109.3,2.8,2.7,0.657,1.74,18.8,0.257,0.753,0.512,0.149,0.547,0.587,100.5,98.7,82.25,7306,0.525,2019-20,2019
1610612749,Milwaukee Bucks,73,56,17,0.767,3519.0,110.5,111.9,100.6,102.5,9.9,9.4,0.598,1.71,18.0,0.241,0.775,0.524,0.142,0.552,0.583,107.2,105.51,87.93,7739,0.562,2019-20,2019
1610612750,Minnesota Timberwolves,64,19,45,0.297,3112.0,105.3,107.6,110.0,111.6,-4.7,-4.0,0.59,1.55,16.7,0.264,0.731,0.488,0.146,0.514,0.551,105.9,103.94,86.62,6736,0.472,2019-20,2019
1610612751,Brooklyn Nets,72,35,37,0.486,3496.0,106.0,108.7,107.1,109.2,-1.1,-0.5,0.606,1.6,17.3,0.28,0.736,0.511,0.148,0.52,0.554,104.0,101.7,84.75,7404,0.5,2019-20,2019
1610612752,New York Knicks,66,21,45,0.318,3193.0,103.8,105.9,110.6,112.4,-6.8,-6.5,0.552,1.54,16.0,0.3,0.742,0.513,0.143,0.501,0.531,100.9,99.11,82.59,6594,0.461,2019-20,2019
1610612753,Orlando Magic,73,33,40,0.452,3514.0,106.1,107.9,107.1,109.2,-1.0,-1.3,0.608,1.86,17.5,0.267,0.749,0.5,0.129,0.506,0.544,100.9,98.99,82.49,7255,0.496,2019-20,2019
1610612754,Indiana Pacers,73,45,28,0.616,3524.0,107.9,109.5,105.1,107.5,2.9,1.9,0.614,1.95,18.9,0.243,0.718,0.487,0.132,0.534,0.565,101.3,99.41,82.84,7299,0.52,2019-20,2019
1610612755,Philadelphia 76ers,73,43,30,0.589,3519.0,109.1,110.7,106.3,108.4,2.8,2.3,0.628,1.82,18.5,0.281,0.753,0.516,0.142,0.534,0.566,101.3,99.59,82.99,7304,0.523,2019-20,2019
1610612756,Phoenix Suns,73,34,39,0.466,3519.0,109.7,111.3,108.4,110.8,1.4,0.5,0.661,1.84,19.2,0.261,0.734,0.498,0.145,0.532,0.576,103.7,101.74,84.79,7449,0.512,2019-20,2019
1610612757,Portland Trail Blazers,74,35,39,0.473,3567.0,111.1,113.2,111.8,114.3,-0.7,-1.1,0.488,1.61,15.2,0.266,0.712,0.492,0.126,0.533,0.57,103.2,101.17,84.31,7519,0.486,2019-20,2019
1610612758,Sacramento Kings,72,31,41,0.431,3491.0,107.8,109.5,109.6,111.4,-1.8,-1.9,0.582,1.64,17.4,0.258,0.736,0.492,0.144,0.534,0.566,101.2,99.6,83.0,7239,0.479,2019-20,2019
1610612759,San Antonio Spurs,71,32,39,0.451,3443.0,110.4,111.7,110.9,112.6,-0.5,-0.9,0.585,1.96,17.9,0.233,0.751,0.495,0.123,0.531,0.572,102.6,101.14,84.29,7249,0.502,2019-20,2019
1610612760,Oklahoma City Thunder,72,44,28,0.611,3486.0,108.4,110.1,106.3,108.1,2.1,2.1,0.543,1.58,16.3,0.241,0.728,0.492,0.137,0.53,0.573,101.1,99.42,82.85,7218,0.519,2019-20,2019
1610612761,Toronto Raptors,72,53,19,0.736,3476.0,109.0,110.8,102.0,104.7,7.0,6.1,0.627,1.7,18.1,0.256,0.721,0.496,0.146,0.536,0.574,103.3,101.19,84.32,7328,0.53,2019-20,2019
1610612762,Utah Jazz,72,44,28,0.611,3471.0,110.0,111.8,107.4,109.3,2.6,2.5,0.56,1.48,16.8,0.261,0.746,0.512,0.152,0.549,0.585,100.8,99.15,82.62,7169,0.513,2019-20,2019
1610612763,Memphis Grizzlies,73,34,39,0.466,3514.0,106.9,108.7,107.5,109.7,-0.6,-1.0,0.633,1.77,18.7,0.271,0.733,0.506,0.147,0.528,0.561,105.3,103.31,86.1,7562,0.507,2019-20,2019
1610612764,Washington Wizards,72,25,47,0.347,3471.0,108.2,110.2,112.7,114.7,-4.5,-4.5,0.602,1.77,17.6,0.262,0.712,0.478,0.136,0.523,0.562,105.2,103.38,86.15,7475,0.473,2019-20,2019
1610612765,Detroit Pistons,66,20,46,0.303,3193.0,106.1,108.8,110.4,112.3,-4.3,-3.5,0.612,1.58,17.7,0.277,0.717,0.493,0.155,0.529,0.561,99.9,97.86,81.55,6507,0.473,2019-20,2019
1610612766,Charlotte Hornets,65,23,42,0.354,3150.0,103.9,105.9,110.6,112.8,-6.8,-7.0,0.639,1.63,17.7,0.28,0.706,0.486,0.15,0.504,0.539,98.1,96.24,80.2,6317,0.455,2019-20,2019
1610612737,Atlanta Hawks,72,41,31,0.569,3481.0,113.0,114.3,110.6,112.1,2.5,2.2,0.591,1.82,17.6,0.284,0.742,0.516,0.133,0.539,0.581,99.9,98.68,82.23,7160,0.511,2020-21,2020
1610612738,Boston Celtics,72,36,36,0.5,3476.0,111.0,113.1,110.0,111.8,0.9,1.2,0.566,1.67,17.1,0.289,0.737,0.51,0.141,0.543,0.574,100.7,98.94,82.45,7172,0.501,2020-21,2020
1610612739,Cleveland Cavaliers,72,22,50,0.306,3486.0,103.1,105.2,112.1,113.5,-8.9,-8.3,0.618,1.54,17.5,0.28,0.729,0.499,0.157,0.508,0.543,99.6,97.96,81.64,7107,0.46,2020-21,2020
1610612740,New Orleans Pelicans,72,31,41,0.431,3486.0,110.8,113.0,111.6,113.3,-0.7,-0.3,0.612,1.78,18.3,0.302,0.755,0.527,0.144,0.537,0.57,102.3,100.54,83.79,7303,0.508,2020-21,2020
1610612741,Chicago Bulls,72,31,41,0.431,3476.0,108.7,110.4,109.9,111.5,-1.2,-1.1,0.635,1.77,19.2,0.267,0.767,0.519,0.151,0.547,0.575,101.1,99.58,82.99,7220,0.499,2020-21,2020
1610612742,Dallas Mavericks,72,42,30,0.583,3461.0,112.9,114.6,110.4,112.3,2.5,2.3,0.557,1.9,17.2,0.253,0.734,0.496,0.123,0.55,0.582,99.5,97.94,81.62,7062,0.51,2020-21,2020
1610612743,Denver Nuggets,72,47,25,0.653,3496.0,114.2,116.3,110.0,111.5,4.2,4.8,0.621,1.99,19.3,0.292,0.751,0.522,0.136,0.557,0.588,99.3,97.74,81.45,7123,0.525,2020-21,2020
1610612744,Golden State Warriors,72,39,33,0.542,3461.0,108.8,110.5,107.7,109.4,1.1,1.1,0.67,1.84,19.6,0.222,0.727,0.48,0.146,0.551,0.583,104.4,102.81,85.67,7412,0.51,2020-21,2020
1610612745,Houston Rockets,72,17,55,0.236,3461.0,104.9,107.0,112.4,114.4,-7.5,-7.4,0.601,1.6,17.2,0.24,0.723,0.474,0.145,0.521,0.553,103.6,101.69,84.74,7320,0.451,2020-21,2020
1610612746,LA Clippers,72,47,25,0.653,3456.0,115.2,116.7,108.7,110.6,6.6,6.1,0.584,1.85,18.1,0.27,0.754,0.518,0.135,0.564,0.599,99.1,97.63,81.35,7036,0.53,2020-21,2020
1610612747,Los Angeles Lakers,72,42,30,0.583,3491.0,107.5,109.8,104.8,106.8,2.7,2.9,0.607,1.62,18.0,0.269,0.748,0.511,0.152,0.536,0.569,100.8,98.85,82.37,7184,0.517,2020-21,2020
1610612748,Miami Heat,72,40,32,0.556,3476.0,109.1,110.6,108.5,110.7,0.6,-0.1,0.671,1.87,19.5,0.24,0.733,0.491,0.144,0.546,0.581,98.7,97.09,80.91,7036,0.509,2020-21,2020
1610612749,Milwaukee Bucks,72,46,26,0.639,3466.0,114.7,116.5,109.1,110.7,5.5,5.8,0.569,1.84,18.0,0.269,0.755,0.519,0.134,0.566,0.593,104.4,102.85,85.71,7423,0.533,2020-21,2020
1610612750,Minnesota Timberwolves,72,23,49,0.319,3481.0,107.0,109.3,112.1,114.5,-5.2,-5.3,0.63,1.8,18.0,0.271,0.717,0.484,0.139,0.52,0.555,104.1,101.96,84.96,7389,0.469,2020-21,2020
1610612751,Brooklyn Nets,72,48,24,0.667,3481.0,116.3,117.3,110.6,113.1,5.7,4.2,0.621,1.98,19.3,0.252,0.726,0.503,0.134,0.575,0.61,101.8,100.27,83.56,7280,0.532,2020-21,2020
1610612752,New York Knicks,72,41,31,0.569,3486.0,108.2,110.2,105.7,107.8,2.5,2.4,0.543,1.65,16.3,0.264,0.738,0.505,0.133,0.524,0.559,98.2,96.32,80.27,6994,0.502,2020-21,2020
1610612753,Orlando Magic,72,21,51,0.292,3466.0,102.9,104.6,112.1,113.9,-9.2,-9.3,0.57,1.7,16.3,0.252,0.744,0.488,0.129,0.49,0.527,100.8,99.17,82.64,7158,0.45,2020-21,2020
1610612754,Indiana Pacers,72,34,38,0.472,3491.0,109.9,111.9,109.6,111.9,0.3,0.1,0.633,2.02,19.2,0.247,0.701,0.476,0.131,0.542,0.575,104.0,102.05,85.04,7419,0.502,2020-21,2020
1610612755,Philadelphia 76ers,72,49,23,0.681,3486.0,110.8,112.5,105.1,107.0,5.7,5.5,0.572,1.64,17.2,0.277,0.737,0.511,0.143,0.541,0.579,101.8,100.12,83.43,7272,0.536,2020-21,2020
1610612756,Phoenix Suns,72,51,21,0.708,3496.0,114.9,116.3,108.8,110.4,6.1,5.9,0.622,2.15,19.6,0.248,0.741,0.5,0.126,0.564,0.597,99.3,98.0,81.67,7137,0.534,2020-21,2020
1610612757,Portland Trail Blazers,72,42,30,0.583,3461.0,114.9,117.1,113.4,115.3,1.5,1.8,0.515,1.92,15.9,0.273,0.731,0.495,0.112,0.54,0.577,100.8,98.97,82.48,7137,0.493,2020-21,2020
1610612758,Sacramento Kings,72,31,41,0.431,3461.0,111.1,112.7,114.6,116.5,-3.5,-3.8,0.599,1.91,18.4,0.253,0.713,0.482,0.133,0.549,0.578,102.2,100.71,83.92,7266,0.481,2020-21,2020
1610612759,San Antonio Spurs,72,33,39,0.458,3496.0,108.6,110.5,110.7,112.0,-2.1,-1.5,0.584,2.14,17.9,0.243,0.733,0.485,0.113,0.517,0.554,101.0,99.45,82.87,7236,0.493,2020-21,2020
1610612760,Oklahoma City Thunder,72,22,50,0.306,3471.0,101.3,102.8,111.9,113.4,-10.5,-10.6,0.568,1.37,16.1,0.254,0.742,0.494,0.158,0.509,0.539,103.1,101.61,84.67,7353,0.442,2020-21,2020
1610612761,Toronto Raptors,72,27,45,0.375,3461.0,109.3,111.6,109.8,112.0,-0.5,-0.4,0.607,1.82,17.7,0.256,0.716,0.479,0.133,0.529,0.567,101.6,99.57,82.98,7177,0.486,2020-21,2020
1610612762,Utah Jazz,72,52,20,0.722,3471.0,115.1,116.5,105.7,107.5,9.4,9.0,0.573,1.66,17.3,0.284,0.757,0.529,0.142,0.563,0.597,100.8,99.37,82.81,7193,0.542,2020-21,2020
1610612763,Memphis Grizzlies,72,38,34,0.528,3481.0,109.7,111.7,108.5,110.5,1.2,1.2,0.628,2.03,18.9,0.285,0.736,0.507,0.131,0.528,0.56,102.6,100.77,83.98,7302,0.511,2020-21,2020
1610612764,Washington Wizards,72,34,38,0.472,3481.0,108.9,110.7,110.5,112.3,-1.7,-1.6,0.59,1.77,17.8,0.25,0.736,0.494,0.137,0.531,0.569,106.4,104.67,87.22,7585,0.496,2020-21,2020
1610612765,Detroit Pistons,72,20,52,0.278,3486.0,105.4,107.6,110.3,112.2,-4.9,-4.5,0.626,1.62,17.8,0.267,0.725,0.493,0.151,0.519,0.556,100.1,98.19,81.82,7132,0.473,2020-21,2020
1610612766,Charlotte Hornets,72,33,39,0.458,3471.0,108.1,110.1,110.6,112.0,-2.5,-1.9,0.672,1.81,19.2,0.276,0.722,0.496,0.149,0.532,0.564,100.6,99.0,82.5,7159,0.489,2020-21,2020
1610612737,Atlanta Hawks,82,43,39,0.524,3941.0,114.0,115.4,112.1,113.7,1.9,1.6,0.593,2.08,18.1,0.269,0.731,0.501,0.12,0.543,0.581,100.0,98.67,82.22,8099,0.509,2021-22,2021
1610612738,Boston Celtics,82,51,31,0.622,3981.0,112.1,113.6,104.0,106.2,8.1,7.4,0.609,1.82,18.2,0.277,0.725,0.509,0.139,0.542,0.578,99.0,97.26,81.05,8068,0.547,2021-22,2021
1610612739,Cleveland Cavaliers,82,44,38,0.537,3946.0,109.4,111.0,107.0,108.9,2.4,2.1,0.634,1.75,18.7,0.277,0.724,0.506,0.148,0.538,0.571,98.4,96.83,80.69,7964,0.517,2021-22,2021
1610612740,New Orleans Pelicans,82,36,46,0.439,3951.0,109.0,111.2,110.5,112.0,-1.5,-0.8,0.621,1.78,18.1,0.306,0.742,0.518,0.143,0.517,0.557,99.7,98.02,81.69,8060,0.5,2021-22,2021
1610612741,Chicago Bulls,82,46,36,0.561,3946.0,111.0,112.7,111.1,113.2,-0.1,-0.5,0.572,1.86,17.8,0.249,0.735,0.495,0.13,0.541,0.579,100.4,98.76,82.3,8124,0.496,2021-22,2021
1610612742,Dallas Mavericks,82,52,30,0.634,3951.0,110.5,112.5,106.8,109.1,3.7,3.5,0.595,1.87,17.8,0.256,0.733,0.496,0.13,0.538,0.572,97.5,95.64,79.7,7871,0.511,2021-22,2021
1610612743,Denver Nuggets,82,48,34,0.585,3961.0,111.7,113.8,110.3,111.5,1.4,2.3,0.667,1.92,20.0,0.268,0.752,0.515,0.146,0.556,0.59,99.9,98.41,82.01,8123,0.516,2021-22,2021
1610612744,Golden State Warriors,82,53,29,0.646,3946.0,110.5,112.1,103.9,106.6,6.5,5.5,0.669,1.82,19.5,0.269,0.736,0.51,0.15,0.552,0.582,100.7,98.74,82.28,8121,0.536,2021-22,2021
1610612745,Houston Rockets,82,20,62,0.244,3951.0,105.4,108.1,114.4,116.4,-9.0,-8.3,0.598,1.43,17.1,0.265,0.71,0.485,0.162,0.534,0.565,103.3,101.16,84.3,8323,0.451,2021-22,2021
1610612746,LA Clippers,82,42,40,0.512,3956.0,107.7,109.5,107.5,109.5,0.2,0.0,0.599,1.75,17.7,0.254,0.706,0.486,0.139,0.531,0.564,100.2,98.51,82.09,8121,0.502,2021-22,2021
1610612747,Los Angeles Lakers,82,33,49,0.402,3996.0,107.9,110.0,110.9,112.8,-3.0,-2.9,0.576,1.65,17.3,0.256,0.72,0.49,0.142,0.537,0.567,102.3,100.47,83.73,8360,0.482,2021-22,2021
1610612748,Miami Heat,82,53,29,0.646,3971.0,111.2,113.0,106.3,108.4,4.9,4.5,0.644,1.75,18.8,0.278,0.735,0.51,0.149,0.547,0.584,98.2,96.53,80.44,7987,0.529,2021-22,2021
1610612749,Milwaukee Bucks,82,51,31,0.622,3951.0,112.5,114.3,109.4,111.1,3.1,3.2,0.572,1.78,17.3,0.269,0.747,0.512,0.133,0.546,0.58,102.2,100.59,83.83,8284,0.516,2021-22,2021
1610612750,Minnesota Timberwolves,82,46,36,0.561,3956.0,111.3,113.8,109.1,111.0,2.1,2.7,0.617,1.79,18.1,0.284,0.706,0.49,0.141,0.539,0.573,103.5,101.47,84.56,8357,0.504,2021-22,2021
1610612751,Brooklyn Nets,82,44,38,0.537,3951.0,111.0,113.2,109.6,112.3,1.3,0.9,0.602,1.8,18.3,0.281,0.704,0.499,0.141,0.54,0.576,101.6,99.4,82.83,8177,0.512,2021-22,2021
1610612752,New York Knicks,82,37,45,0.451,3956.0,108.0,109.7,107.6,110.2,0.4,-0.4,0.581,1.65,16.4,0.291,0.74,0.512,0.137,0.513,0.55,98.4,96.42,80.35,7958,0.491,2021-22,2021
1610612753,Orlando Magic,82,22,60,0.268,3956.0,101.8,103.9,110.3,112.1,-8.5,-8.1,0.62,1.64,17.4,0.249,0.735,0.49,0.144,0.503,0.538,101.5,99.71,83.09,8223,0.458,2021-22,2021
1610612754,Indiana Pacers,82,25,57,0.305,3976.0,109.2,111.9,113.9,115.5,-4.6,-3.6,0.612,1.76,18.1,0.31,0.725,0.512,0.145,0.531,0.564,100.5,98.55,82.13,8166,0.478,2021-22,2021
1610612755,Philadelphia 76ers,82,51,31,0.622,3961.0,111.0,113.0,108.3,110.2,2.7,2.8,0.602,1.89,17.9,0.246,0.724,0.49,0.129,0.534,0.578,98.4,96.71,80.59,7975,0.517,2021-22,2021
1610612756,Phoenix Suns,82,64,18,0.78,3946.0,112.5,114.2,104.7,106.8,7.8,7.5,0.627,2.12,19.5,0.264,0.728,0.503,0.129,0.549,0.581,102.0,100.26,83.55,8242,0.548,2021-22,2021
1610612757,Portland Trail Blazers,82,27,55,0.329,3946.0,105.5,107.3,114.0,116.3,-8.5,-9.1,0.595,1.58,17.0,0.268,0.721,0.487,0.146,0.515,0.55,100.6,98.74,82.28,8120,0.447,2021-22,2021
1610612758,Sacramento Kings,82,30,52,0.366,3961.0,107.2,109.6,112.9,114.8,-5.7,-5.2,0.585,1.68,17.3,0.259,0.714,0.484,0.14,0.525,0.561,102.1,100.1,83.41,8252,0.473,2021-22,2021
1610612759,San Antonio Spurs,82,34,48,0.415,3961.0,109.4,111.9,110.0,111.7,-0.6,0.2,0.646,2.19,19.5,0.281,0.711,0.494,0.126,0.527,0.556,102.4,100.51,83.76,8290,0.51,2021-22,2021
1610612760,Oklahoma City Thunder,82,24,58,0.293,3961.0,102.2,103.8,110.2,111.7,-8.0,-8.0,0.58,1.59,16.4,0.256,0.727,0.487,0.14,0.497,0.53,100.8,99.39,82.83,8198,0.451,2021-22,2021
1610612761,Toronto Raptors,82,48,34,0.585,3971.0,109.6,112.1,107.9,109.9,1.7,2.2,0.543,1.77,16.1,0.325,0.714,0.508,0.128,0.51,0.543,98.6,96.63,80.53,8000,0.494,2021-22,2021
1610612762,Utah Jazz,82,49,33,0.598,3946.0,114.0,116.2,107.7,110.0,6.2,6.2,0.552,1.6,16.7,0.3,0.738,0.525,0.143,0.555,0.589,99.5,97.5,81.25,8014,0.528,2021-22,2021
1610612763,Memphis Grizzlies,82,56,26,0.683,3956.0,111.6,114.3,106.2,108.9,5.4,5.3,0.597,1.97,17.9,0.338,0.726,0.526,0.13,0.522,0.553,103.1,100.52,83.77,8295,0.53,2021-22,2021
1610612764,Washington Wizards,82,35,47,0.427,3966.0,108.9,110.2,111.7,113.6,-2.8,-3.4,0.617,1.91,18.5,0.247,0.731,0.494,0.133,0.532,0.568,99.3,97.8,81.5,8079,0.496,2021-22,2021
1610612765,Detroit Pistons,82,23,59,0.28,3956.0,103.3,105.6,111.1,113.3,-7.9,-7.7,0.615,1.65,17.1,0.276,0.707,0.481,0.143,0.494,0.533,100.9,98.81,82.34,8141,0.45,2021-22,2021
1610612766,Charlotte Hornets,82,43,39,0.524,3976.0,111.7,113.6,111.0,113.1,0.7,0.5,0.656,2.12,19.6,0.27,0.706,0.486,0.131,0.544,0.572,102.3,100.52,83.76,8322,0.504,2021-22,2021
1610612737,Atlanta Hawks,82,41,41,0.5,3971.0,113.9,115.5,113.6,115.4,0.3,0.1,0.56,1.93,17.6,0.289,0.717,0.5,0.126,0.541,0.579,103.1,101.56,84.63,8407,0.5,2022-23,2022
1610612738,Boston Celtics,82,57,25,0.695,3996.0,115.7,117.3,108.8,110.6,7.0,6.7,0.632,2.0,19.1,0.255,0.746,0.506,0.133,0.566,0.6,100.6,99.15,82.63,8247,0.534,2022-23,2022
1610612739,Cleveland Cavaliers,82,51,31,0.622,3976.0,113.7,115.5,107.7,109.9,6.0,5.6,0.6,1.87,18.6,0.273,0.715,0.496,0.137,0.556,0.59,98.0,96.27,80.23,7972,0.531,2022-23,2022
1610612740,New Orleans Pelicans,82,42,40,0.512,3971.0,111.8,113.8,109.9,112.0,1.9,1.9,0.616,1.77,18.5,0.29,0.732,0.512,0.145,0.543,0.582,101.4,99.58,82.98,8239,0.514,2022-23,2022
1610612741,Chicago Bulls,82,40,42,0.488,3981.0,111.7,112.8,109.4,111.5,2.3,1.3,0.575,1.83,18.1,0.236,0.736,0.493,0.133,0.55,0.587,100.6,99.18,82.65,8225,0.512,2022-23,2022
1610612742,Dallas Mavericks,82,38,44,0.463,3986.0,114.3,115.9,114.0,116.1,0.3,-0.2,0.573,1.88,17.4,0.226,0.717,0.471,0.124,0.565,0.599,98.8,97.21,81.01,8082,0.487,2022-23,2022
1610612743,Denver Nuggets,82,53,29,0.646,3951.0,115.0,116.8,111.7,113.5,3.3,3.3,0.663,1.99,20.5,0.289,0.727,0.514,0.147,0.573,0.601,100.3,98.74,82.28,8129,0.525,2022-23,2022
1610612744,Golden State Warriors,82,44,38,0.537,3966.0,113.5,115.1,111.4,113.4,2.1,1.7,0.691,1.83,20.4,0.277,0.719,0.502,0.158,0.571,0.6,104.2,102.54,85.45,8472,0.51,2022-23,2022
1610612745,Houston Rockets,82,22,60,0.268,3951.0,107.7,110.5,116.9,118.6,-9.2,-8.1,0.551,1.38,16.0,0.344,0.729,0.53,0.162,0.516,0.554,101.8,99.74,83.11,8220,0.457,2022-23,2022
1610612746,LA Clippers,82,44,38,0.537,3966.0,112.4,114.0,112.0,113.6,0.3,0.5,0.581,1.68,17.5,0.273,0.731,0.505,0.143,0.551,0.588,100.2,98.84,82.37,8168,0.498,2022-23,2022
1610612747,Los Angeles Lakers,82,43,39,0.524,3976.0,111.8,113.9,111.5,113.2,0.3,0.7,0.589,1.8,17.9,0.269,0.727,0.505,0.137,0.542,0.582,103.6,101.92,84.93,8436,0.511,2022-23,2022
1610612748,Miami Heat,82,44,38,0.537,3961.0,110.4,112.3,110.6,112.8,-0.2,-0.5,0.608,1.77,17.8,0.274,0.733,0.498,0.138,0.53,0.574,98.6,96.76,80.63,7991,0.496,2022-23,2022
1610612749,Milwaukee Bucks,82,58,24,0.707,3966.0,112.8,114.3,109.4,110.9,3.3,3.4,0.604,1.76,18.1,0.284,0.745,0.521,0.143,0.555,0.583,102.8,101.45,84.54,8389,0.523,2022-23,2022
1610612750,Minnesota Timberwolves,82,42,40,0.512,3966.0,111.3,113.3,111.1,113.1,0.2,0.2,0.61,1.71,18.6,0.258,0.703,0.485,0.15,0.56,0.592,103.4,101.55,84.62,8383,0.503,2022-23,2022
1610612751,Brooklyn Nets,82,45,37,0.549,3946.0,113.0,114.6,110.9,113.5,2.1,1.1,0.616,1.86,18.9,0.234,0.689,0.472,0.139,0.562,0.598,100.7,98.77,82.31,8111,0.51,2022-23,2022
1610612752,New York Knicks,82,47,35,0.573,3991.0,114.9,117.0,111.8,114.2,3.1,2.8,0.546,1.77,16.6,0.318,0.727,0.521,0.131,0.541,0.577,99.7,97.75,81.46,8134,0.509,2022-23,2022
1610612753,Orlando Magic,82,34,48,0.415,3956.0,109.0,111.3,111.5,113.7,-2.4,-2.3,0.574,1.54,17.0,0.281,0.73,0.505,0.151,0.532,0.573,101.7,99.66,83.05,8205,0.485,2022-23,2022
1610612754,Indiana Pacers,82,35,47,0.427,3951.0,111.0,113.8,115.4,117.1,-4.4,-3.3,0.643,1.81,18.9,0.285,0.685,0.482,0.146,0.545,0.581,103.8,101.68,84.73,8377,0.482,2022-23,2022
1610612755,Philadelphia 76ers,82,54,28,0.659,3976.0,115.5,117.0,110.2,112.7,5.2,4.4,0.616,1.84,18.6,0.258,0.721,0.496,0.139,0.563,0.608,99.2,97.44,81.2,8072,0.524,2022-23,2022
1610612756,Phoenix Suns,82,45,37,0.549,3956.0,112.1,114.5,110.1,112.3,2.1,2.2,0.647,2.01,19.3,0.307,0.714,0.508,0.136,0.535,0.57,100.8,98.83,82.36,8141,0.514,2022-23,2022
1610612757,Portland Trail Blazers,82,33,49,0.402,3946.0,112.0,114.0,116.0,118.0,-4.0,-4.0,0.597,1.67,17.8,0.264,0.709,0.486,0.145,0.549,0.589,101.0,99.25,82.71,8157,0.474,2022-23,2022
1610612758,Sacramento Kings,82,48,34,0.585,3966.0,117.0,118.6,114.1,116.0,2.9,2.6,0.626,2.02,19.3,0.265,0.731,0.499,0.133,0.572,0.608,102.5,100.99,84.16,8343,0.511,2022-23,2022
1610612759,San Antonio Spurs,82,22,60,0.268,3971.0,107.2,109.7,117.7,119.6,-10.5,-9.9,0.632,1.78,18.7,0.299,0.709,0.495,0.148,0.525,0.554,104.1,102.07,85.06,8451,0.452,2022-23,2022
1610612760,Oklahoma City Thunder,82,40,42,0.488,3971.0,112.3,114.2,111.4,113.2,0.8,1.0,0.567,1.87,17.2,0.289,0.693,0.487,0.127,0.531,0.57,103.6,101.94,84.95,8435,0.498,2022-23,2022
1610612761,Toronto Raptors,82,41,41,0.5,3961.0,112.2,114.6,111.4,113.1,0.8,1.5,0.571,2.05,17.2,0.316,0.721,0.502,0.118,0.517,0.555,99.6,97.85,81.54,8076,0.496,2022-23,2022
1610612762,Utah Jazz,82,37,45,0.451,3961.0,112.7,115.3,113.8,116.0,-1.1,-0.7,0.611,1.69,18.2,0.308,0.711,0.512,0.151,0.547,0.584,103.1,101.02,84.18,8329,0.498,2022-23,2022
1610612763,Memphis Grizzlies,82,51,31,0.622,3956.0,112.3,114.7,108.3,110.7,4.0,4.0,0.596,1.91,18.2,0.302,0.711,0.507,0.133,0.54,0.57,103.7,101.5,84.58,8360,0.519,2022-23,2022
1610612764,Washington Wizards,82,35,47,0.427,3951.0,111.5,113.7,113.3,114.9,-1.8,-1.2,0.603,1.8,18.5,0.273,0.724,0.505,0.142,0.55,0.585,100.8,99.16,82.63,8161,0.504,2022-23,2022
1610612765,Detroit Pistons,82,17,65,0.207,3961.0,107.8,109.9,116.1,117.8,-8.2,-7.9,0.581,1.52,16.7,0.292,0.702,0.491,0.15,0.52,0.561,101.6,99.88,83.23,8231,0.449,2022-23,2022
1610612766,Charlotte Hornets,82,27,55,0.329,3966.0,106.7,108.4,112.6,114.7,-5.9,-6.3,0.609,1.77,17.8,0.276,0.717,0.491,0.139,0.516,0.551,103.3,101.47,84.56,8390,0.473,2022-23,2022
1610612737,Atlanta Hawks,82,36,46,0.439,3971.0,114.0,116.4,116.7,118.4,-2.6,-2.0,0.618,1.96,18.4,0.308,0.717,0.504,0.133,0.539,0.576,102.6,100.84,84.03,8339,0.482,2023-24,2023
1610612738,Boston Celtics,82,64,18,0.78,3966.0,120.2,122.2,109.0,110.6,11.2,11.7,0.613,2.25,19.3,0.287,0.726,0.515,0.121,0.578,0.609,99.5,97.98,81.65,8090,0.555,2023-24,2023
1610612739,Cleveland Cavaliers,82,48,34,0.585,3961.0,112.8,114.7,109.9,112.1,2.9,2.5,0.671,2.07,20.2,0.274,0.721,0.501,0.138,0.557,0.586,99.5,97.62,81.35,8053,0.519,2023-24,2023
1610612740,New Orleans Pelicans,82,49,33,0.598,3941.0,115.0,116.5,110.1,111.9,5.0,4.6,0.634,2.07,19.4,0.278,0.725,0.505,0.132,0.558,0.591,100.2,98.7,82.25,8101,0.524,2023-24,2023
1610612741,Chicago Bulls,82,39,43,0.476,3996.0,112.4,114.0,113.2,115.7,-0.8,-1.7,0.594,2.04,18.2,0.291,0.717,0.501,0.124,0.534,0.568,98.6,96.94,80.78,8078,0.493,2023-24,2023
1610612742,Dallas Mavericks,82,50,32,0.61,3941.0,115.2,117.0,112.6,114.9,2.6,2.1,0.596,2.05,18.5,0.257,0.711,0.485,0.124,0.562,0.592,102.4,100.6,83.83,8263,0.506,2023-24,2023
1610612743,Denver Nuggets,82,57,25,0.695,3941.0,115.6,117.8,110.5,112.3,5.0,5.5,0.669,2.33,20.9,0.3,0.718,0.515,0.13,0.562,0.589,99.1,97.43,81.19,7996,0.533,2023-24,2023
1610612744,Golden State Warriors,82,46,36,0.561,3966.0,114.7,116.9,112.4,114.5,2.3,2.4,0.671,2.05,20.1,0.315,0.725,0.521,0.142,0.557,0.586,101.8,99.91,83.26,8261,0.512,2023-24,2023
1610612745,Houston Rockets,82,41,41,0.5,3971.0,111.5,113.7,110.7,112.8,0.9,0.9,0.594,1.95,17.7,0.294,0.722,0.504,0.127,0.529,0.565,101.5,99.59,82.99,8248,0.501,2023-24,2023
1610612746,LA Clippers,82,51,31,0.622,3941.0,116.1,117.9,112.3,114.6,3.9,3.4,0.604,1.95,18.7,0.283,0.705,0.502,0.134,0.561,0.599,99.7,97.93,81.61,8040,0.52,2023-24,2023
1610612747,Los Angeles Lakers,82,47,35,0.573,3971.0,113.6,115.4,112.7,114.8,0.9,0.6,0.654,2.04,20.1,0.244,0.725,0.496,0.137,0.566,0.601,103.1,101.38,84.48,8387,0.518,2023-24,2023
1610612748,Miami Heat,82,46,36,0.561,3951.0,111.7,113.3,109.5,111.5,2.2,1.8,0.648,2.04,19.1,0.261,0.734,0.498,0.13,0.538,0.578,98.5,96.88,80.73,7975,0.509,2023-24,2023
1610612749,Milwaukee Bucks,82,49,33,0.598,3961.0,116.0,117.6,112.8,115.0,3.2,2.6,0.615,2.05,19.0,0.255,0.731,0.499,0.128,0.568,0.601,102.2,100.51,83.76,8295,0.511,2023-24,2023
1610612750,Minnesota Timberwolves,82,56,26,0.683,3961.0,113.1,114.6,106.2,108.4,6.9,6.3,0.646,1.88,19.3,0.275,0.725,0.508,0.144,0.559,0.594,99.5,97.79,81.49,8081,0.543,2023-24,2023
1610612751,Brooklyn Nets,82,32,50,0.39,3961.0,110.4,112.4,113.1,115.4,-2.7,-2.9,0.63,1.95,18.6,0.289,0.715,0.497,0.134,0.531,0.561,99.4,97.56,81.3,8050,0.483,2023-24,2023
1610612752,New York Knicks,82,50,32,0.61,3946.0,114.1,117.3,111.2,112.4,2.9,4.9,0.59,1.84,17.8,0.333,0.729,0.527,0.138,0.54,0.574,97.8,95.96,79.97,7883,0.515,2023-24,2023
1610612753,Orlando Magic,82,47,35,0.573,3956.0,110.6,112.9,108.6,110.8,2.0,2.2,0.61,1.68,18.1,0.297,0.737,0.515,0.15,0.541,0.577,99.4,97.37,81.14,8022,0.513,2023-24,2023
1610612754,Indiana Pacers,82,47,35,0.573,3941.0,117.9,120.5,115.5,117.6,2.5,2.9,0.654,2.38,21.0,0.284,0.7,0.492,0.126,0.578,0.606,104.2,102.16,85.13,8389,0.517,2023-24,2023
1610612755,Philadelphia 76ers,82,47,35,0.573,3956.0,113.8,116.2,111.0,113.0,2.8,3.1,0.6,2.07,18.0,0.292,0.701,0.493,0.122,0.532,0.574,100.1,98.17,81.81,8090,0.506,2023-24,2023
1610612756,Phoenix Suns,82,49,33,0.598,3956.0,114.9,116.8,111.5,113.7,3.4,3.1,0.637,1.82,19.4,0.292,0.714,0.514,0.15,0.565,0.603,100.8,99.0,82.5,8158,0.527,2023-24,2023
1610612757,Portland Trail Blazers,82,21,61,0.256,3976.0,105.0,107.6,114.5,116.6,-9.5,-9.0,0.587,1.52,16.7,0.32,0.697,0.498,0.154,0.503,0.539,100.0,97.88,81.56,8103,0.434,2023-24,2023
1610612758,Sacramento Kings,82,46,36,0.561,3971.0,113.8,116.2,112.9,114.4,0.9,1.8,0.654,2.16,19.9,0.285,0.744,0.507,0.131,0.556,0.582,101.1,99.46,82.88,8226,0.5,2023-24,2023
1610612759,San Antonio Spurs,82,22,60,0.268,3966.0,107.5,109.3,113.8,115.6,-6.3,-6.4,0.712,1.97,20.5,0.269,0.721,0.492,0.148,0.532,0.563,103.5,101.8,84.84,8413,0.48,2023-24,2023
1610612760,Oklahoma City Thunder,82,57,25,0.695,3961.0,117.0,118.3,109.1,111.0,7.9,7.3,0.609,2.14,19.4,0.25,0.698,0.484,0.125,0.573,0.608,102.3,100.85,84.04,8324,0.538,2023-24,2023
1610612761,Toronto Raptors,82,25,57,0.305,3961.0,109.8,111.8,115.8,118.1,-6.0,-6.3,0.674,2.04,19.9,0.281,0.694,0.484,0.139,0.535,0.566,101.8,99.91,83.26,8241,0.474,2023-24,2023
1610612762,Utah Jazz,82,31,51,0.378,3961.0,112.0,114.5,117.7,119.6,-5.8,-5.1,0.648,1.74,18.9,0.325,0.717,0.521,0.155,0.539,0.579,102.2,100.26,83.55,8281,0.478,2023-24,2023
1610612763,Memphis Grizzlies,82,27,55,0.329,3956.0,104.2,106.8,111.7,113.7,-7.5,-6.9,0.644,1.64,17.9,0.287,0.706,0.488,0.152,0.509,0.543,100.7,98.68,82.23,8128,0.458,2023-24,2023
1610612764,Washington Wizards,82,15,67,0.183,3946.0,108.3,110.2,116.8,118.9,-8.5,-8.7,0.65,2.0,19.5,0.24,0.683,0.459,0.136,0.538,0.567,104.9,103.07,85.89,8461,0.454,2023-24,2023
1610612765,Detroit Pistons,82,14,68,0.171,3951.0,107.2,109.0,116.0,118.0,-8.8,-9.0,0.623,1.67,18.2,0.277,0.73,0.499,0.151,0.526,0.562,102.2,100.45,83.71,8269,0.449,2023-24,2023
1610612766,Charlotte Hornets,82,21,61,0.256,3946.0,107.1,108.6,117.0,119.2,-9.9,-10.6,0.62,1.8,18.4,0.253,0.709,0.475,0.14,0.529,0.56,99.4,97.81,81.51,8047,0.447,2023-24,2023
1610612737,Atlanta Hawks,82,40,42,0.488,3956.0,111.9,113.7,112.6,114.8,-0.8,-1.1,0.682,1.91,19.9,0.3,0.715,0.503,0.149,0.546,0.579,105.2,103.41,86.17,8521,0.498,2024-25,2024
1610612738,Boston Celtics,82,61,21,0.744,3966.0,117.5,119.5,108.0,110.1,9.6,9.4,0.628,2.2,19.0,0.291,0.717,0.506,0.122,0.561,0.591,98.3,96.59,80.49,7979,0.542,2024-25,2024
1610612739,Cleveland Cavaliers,82,64,18,0.78,3951.0,119.1,121.0,109.0,111.8,10.1,9.2,0.631,2.13,19.6,0.296,0.7,0.505,0.131,0.578,0.607,102.4,100.31,83.59,8267,0.546,2024-25,2024
1610612740,New Orleans Pelicans,82,21,61,0.256,3951.0,107.6,109.7,116.6,119.1,-9.0,-9.4,0.636,1.76,18.3,0.303,0.682,0.487,0.146,0.519,0.552,101.8,99.77,83.14,8212,0.455,2024-25,2024
1610612741,Chicago Bulls,82,39,43,0.476,3951.0,111.9,113.2,112.5,114.8,-0.6,-1.6,0.673,1.98,19.9,0.26,0.722,0.496,0.141,0.553,0.585,105.3,103.61,86.34,8532,0.495,2024-25,2024
1610612742,Dallas Mavericks,82,39,43,0.476,3946.0,112.1,113.7,113.0,115.0,-0.9,-1.3,0.601,1.8,18.2,0.271,0.694,0.488,0.14,0.549,0.583,101.7,100.15,83.46,8238,0.496,2024-25,2024
1610612743,Denver Nuggets,82,50,32,0.61,3971.0,117.2,118.9,113.1,115.1,4.1,3.8,0.683,2.17,21.1,0.311,0.709,0.52,0.14,0.573,0.604,102.3,100.67,83.89,8328,0.529,2024-25,2024
1610612744,Golden State Warriors,82,48,34,0.585,3946.0,112.0,114.2,108.9,111.0,3.1,3.2,0.714,2.07,20.1,0.314,0.716,0.509,0.141,0.536,0.568,101.3,99.37,82.81,8173,0.515,2024-25,2024
1610612745,Houston Rockets,82,52,30,0.634,3956.0,111.4,114.9,108.0,110.3,3.4,4.6,0.549,1.68,16.4,0.363,0.715,0.533,0.14,0.523,0.553,101.6,99.03,82.53,8159,0.515,2024-25,2024
1610612746,LA Clippers,82,50,32,0.61,3961.0,112.4,114.3,107.9,109.4,4.5,4.9,0.605,1.69,18.4,0.282,0.734,0.512,0.151,0.554,0.589,99.7,98.24,81.87,8099,0.521,2024-25,2024
1610612747,Los Angeles Lakers,82,50,32,0.61,3946.0,113.4,115.0,111.4,113.8,2.1,1.2,0.635,1.86,18.9,0.273,0.702,0.495,0.142,0.557,0.593,100.1,98.34,81.95,8084,0.511,2024-25,2024
1610612748,Miami Heat,82,37,45,0.451,3986.0,110.8,112.4,110.6,112.0,0.3,0.4,0.653,1.94,19.2,0.263,0.724,0.496,0.138,0.544,0.576,98.4,97.08,80.9,8066,0.505,2024-25,2024
1610612749,Milwaukee Bucks,82,48,34,0.585,3951.0,113.6,115.1,110.9,112.7,2.7,2.4,0.607,1.91,18.7,0.235,0.725,0.491,0.133,0.568,0.598,101.4,99.92,83.26,8228,0.513,2024-25,2024
1610612750,Minnesota Timberwolves,82,49,33,0.598,3966.0,113.6,115.7,108.6,110.8,5.0,5.0,0.637,1.81,18.7,0.3,0.709,0.507,0.146,0.554,0.588,99.8,97.95,81.62,8097,0.524,2024-25,2024
1610612751,Brooklyn Nets,82,26,56,0.317,3956.0,105.7,108.1,112.8,115.4,-7.1,-7.3,0.669,1.66,18.4,0.294,0.699,0.487,0.156,0.516,0.552,99.0,96.73,80.61,7970,0.452,2024-25,2024
1610612752,New York Knicks,82,51,31,0.622,3976.0,115.0,117.3,111.8,113.3,3.2,4.0,0.634,2.07,19.6,0.305,0.71,0.508,0.134,0.556,0.589,99.3,97.64,81.37,8093,0.527,2024-25,2024
1610612753,Orlando Magic,82,41,41,0.5,3946.0,106.5,108.9,106.8,109.1,-0.3,-0.2,0.603,1.62,17.1,0.302,0.72,0.501,0.147,0.51,0.55,98.6,96.51,80.43,7935,0.497,2024-25,2024
1610612754,Indiana Pacers,82,50,32,0.61,3971.0,114.1,115.4,111.3,113.3,2.8,2.1,0.671,2.22,20.5,0.254,0.705,0.483,0.13,0.562,0.594,102.2,100.76,83.97,8341,0.521,2024-25,2024
1610612755,Philadelphia 76ers,82,24,58,0.293,3961.0,109.0,111.0,115.2,117.3,-6.1,-6.3,0.584,1.7,17.1,0.279,0.678,0.471,0.138,0.527,0.563,99.9,98.13,81.77,8098,0.459,2024-25,2024
1610612756,Phoenix Suns,82,36,46,0.439,3966.0,113.7,114.7,116.2,117.7,-2.5,-3.0,0.673,1.97,20.0,0.264,0.709,0.493,0.142,0.561,0.595,99.4,98.31,81.93,8121,0.495,2024-25,2024
1610612757,Portland Trail Blazers,82,36,46,0.439,3956.0,108.1,111.0,111.9,113.7,-3.8,-2.7,0.587,1.49,16.9,0.332,0.682,0.501,0.16,0.521,0.555,101.6,99.51,82.92,8192,0.473,2024-25,2024
1610612758,Sacramento Kings,82,40,42,0.488,3976.0,113.8,115.9,113.5,115.3,0.3,0.6,0.615,1.99,18.8,0.294,0.728,0.51,0.133,0.548,0.582,100.6,98.91,82.42,8189,0.502,2024-25,2024
1610612759,San Antonio Spurs,82,34,48,0.415,3946.0,111.7,113.5,114.1,116.3,-2.4,-2.8,0.685,2.06,20.1,0.278,0.69,0.485,0.138,0.544,0.575,101.9,100.08,83.4,8231,0.493,2024-25,2024
1610612760,Oklahoma City Thunder,82,68,14,0.829,3941.0,117.3,119.2,104.7,106.6,12.6,12.7,0.602,2.29,18.9,0.281,0.704,0.496,0.116,0.56,0.593,102.6,100.9,84.09,8286,0.562,2024-25,2024
1610612761,Toronto Raptors,82,30,52,0.366,3961.0,107.6,109.6,111.7,113.6,-4.1,-4.1,0.685,1.86,19.6,0.311,0.696,0.5,0.152,0.522,0.553,102.4,100.62,83.85,8297,0.477,2024-25,2024
1610612762,Utah Jazz,82,17,65,0.207,3961.0,107.8,110.2,117.7,119.4,-9.9,-9.2,0.633,1.48,17.9,0.311,0.705,0.508,0.17,0.533,0.568,102.7,100.85,84.04,8322,0.45,2024-25,2024
1610612763,Memphis Grizzlies,82,48,34,0.585,3941.0,114.4,117.2,110.0,112.6,4.4,4.7,0.635,1.81,19.1,0.33,0.702,0.518,0.151,0.554,0.588,106.2,103.69,86.4,8513,0.524,2024-25,2024
1610612764,Washington Wizards,82,18,64,0.22,3946.0,103.9,105.8,116.2,118.0,-12.3,-12.2,0.637,1.61,17.8,0.272,0.685,0.476,0.152,0.512,0.546,103.5,101.82,84.85,8371,0.437,2024-25,2024
1610612765,Detroit Pistons,82,44,38,0.537,3961.0,112.0,114.6,110.1,112.5,1.9,2.1,0.618,1.78,18.6,0.305,0.714,0.511,0.147,0.547,0.58,102.5,100.27,83.56,8268,0.509,2024-25,2024
1610612766,Charlotte Hornets,82,19,63,0.232,3951.0,104.0,106.7,113.8,115.7,-9.9,-9.1,0.635,1.57,17.5,0.308,0.705,0.5,0.157,0.503,0.537,100.3,98.22,81.85,8079,0.45,2024-25,2024
1610612737,Atlanta Hawks,82,46,36,0.561,3951.0,113.2,115.0,111.0,112.9,2.3,2.2,0.691,2.13,20.4,0.291,0.702,0.495,0.138,0.554,0.584,104.2,102.5,85.42,8444,0.51,2025-26,2025
1610612738,Boston Celtics,82,56,26,0.683,3946.0,116.8,120.0,109.7,111.7,7.1,8.3,0.585,1.99,18.0,0.336,0.71,0.525,0.129,0.553,0.583,97.7,95.58,79.65,7850,0.536,2025-26,2025
1610612739,Cleveland Cavaliers,82,52,30,0.634,3951.0,116.3,118.3,111.9,114.1,4.4,4.1,0.653,2.02,19.7,0.307,0.692,0.502,0.138,0.561,0.595,102.6,100.7,83.91,8286,0.522,2025-26,2025
1610612740,New Orleans Pelicans,82,26,56,0.317,3961.0,111.4,113.3,115.5,117.6,-4.2,-4.4,0.596,1.77,17.6,0.311,0.674,0.491,0.139,0.527,0.568,103.2,101.37,84.47,8363,0.48,2025-26,2025
1610612741,Chicago Bulls,82,31,51,0.378,3951.0,110.5,112.1,115.1,117.4,-4.6,-5.3,0.672,1.86,19.5,0.279,0.708,0.496,0.148,0.547,0.58,105.0,103.22,86.01,8506,0.48,2025-26,2025
1610612742,Dallas Mavericks,82,26,56,0.317,3971.0,108.5,110.3,113.9,115.5,-5.4,-5.2,0.604,1.74,17.7,0.279,0.702,0.492,0.141,0.527,0.564,104.2,102.62,85.52,8484,0.477,2025-26,2025
1610612743,Denver Nuggets,82,54,28,0.659,3986.0,119.4,121.2,114.7,116.0,4.7,5.2,0.665,2.25,20.3,0.286,0.717,0.511,0.128,0.577,0.616,100.8,99.49,82.91,8259,0.529,2025-26,2025
1610612744,Golden State Warriors,82,37,45,0.451,3961.0,112.0,113.8,112.6,114.4,-0.6,-0.5,0.706,1.85,20.0,0.302,0.684,0.49,0.156,0.549,0.584,101.7,100.05,83.37,8255,0.495,2025-26,2025
1610612745,Houston Rockets,82,52,30,0.634,3981.0,114.8,117.5,110.2,112.1,4.6,5.4,0.591,1.65,17.8,0.388,0.701,0.545,0.157,0.542,0.576,99.0,96.98,80.82,8042,0.533,2025-26,2025
1610612746,LA Clippers,82,42,40,0.512,3956.0,114.6,116.3,112.8,115.2,1.8,1.1,0.586,1.66,17.7,0.284,0.681,0.49,0.147,0.559,0.602,99.1,97.29,81.07,8019,0.508,2025-26,2025
1610612747,Los Angeles Lakers,82,53,29,0.646,3941.0,115.7,117.0,113.3,115.5,2.4,1.5,0.615,1.79,18.7,0.285,0.7,0.499,0.146,0.573,0.609,100.7,99.22,82.68,8156,0.513,2025-26,2025
1610612748,Miami Heat,82,43,39,0.524,3941.0,113.9,115.8,111.5,113.6,2.4,2.1,0.663,2.12,19.5,0.296,0.703,0.499,0.131,0.542,0.58,106.1,104.22,86.85,8561,0.514,2025-26,2025
1610612749,Milwaukee Bucks,82,32,50,0.39,3951.0,110.4,112.2,116.4,118.3,-6.0,-6.1,0.633,1.7,18.9,0.263,0.695,0.482,0.154,0.565,0.589,99.9,98.33,81.94,8087,0.464,2025-26,2025
1610612750,Minnesota Timberwolves,82,49,33,0.598,3956.0,114.1,115.6,110.2,112.5,4.0,3.1,0.612,1.76,18.3,0.302,0.691,0.499,0.145,0.559,0.592,103.2,101.5,84.59,8372,0.516,2025-26,2025
1610612751,Brooklyn Nets,82,20,62,0.244,3951.0,105.8,108.2,116.0,118.2,-10.2,-10.0,0.668,1.59,18.3,0.287,0.687,0.478,0.161,0.52,0.559,99.6,97.6,81.34,8028,0.436,2025-26,2025
1610612752,New York Knicks,82,53,29,0.646,3951.0,116.8,118.7,110.2,112.3,6.6,6.4,0.643,2.01,19.4,0.328,0.715,0.522,0.139,0.557,0.59,99.4,97.71,81.43,8046,0.533,2025-26,2025
1610612753,Orlando Magic,82,45,37,0.549,3966.0,111.7,114.2,111.6,113.6,0.1,0.6,0.647,1.87,18.6,0.306,0.71,0.505,0.14,0.531,0.576,102.6,100.56,83.8,8310,0.505,2025-26,2025
1610612754,Indiana Pacers,82,19,63,0.232,3951.0,108.5,110.1,115.7,117.9,-7.3,-7.8,0.678,1.91,19.4,0.263,0.695,0.475,0.142,0.533,0.568,103.4,101.78,84.81,8377,0.465,2025-26,2025
1610612755,Philadelphia 76ers,82,45,37,0.549,3976.0,112.5,114.3,112.0,114.4,0.4,-0.1,0.589,1.81,17.4,0.306,0.678,0.491,0.134,0.53,0.572,102.3,100.39,83.66,8314,0.497,2025-26,2025
1610612756,Phoenix Suns,82,45,37,0.549,3951.0,112.0,114.2,110.7,112.9,1.3,1.4,0.601,1.7,17.6,0.331,0.677,0.498,0.147,0.537,0.568,100.1,98.14,81.79,8083,0.495,2025-26,2025
1610612757,Portland Trail Blazers,82,42,40,0.512,3951.0,110.6,113.1,111.7,113.5,-1.1,-0.4,0.616,1.46,17.3,0.354,0.688,0.517,0.169,0.534,0.57,103.6,101.63,84.69,8370,0.488,2025-26,2025
1610612758,Sacramento Kings,82,22,60,0.268,3951.0,109.0,110.6,118.0,120.3,-9.0,-9.7,0.615,1.78,18.2,0.298,0.685,0.487,0.143,0.525,0.56,101.8,100.12,83.43,8233,0.455,2025-26,2025
1610612759,San Antonio Spurs,82,62,20,0.756,3946.0,116.6,118.7,108.5,110.4,8.1,8.4,0.646,2.09,19.5,0.306,0.724,0.521,0.133,0.559,0.595,102.5,100.72,83.93,8275,0.542,2025-26,2025
1610612760,Oklahoma City Thunder,82,64,18,0.78,3971.0,116.3,117.6,104.8,106.5,11.5,11.1,0.598,2.05,18.5,0.264,0.697,0.49,0.124,0.561,0.599,101.7,100.37,83.64,8301,0.562,2025-26,2025
1610612761,Toronto Raptors,82,46,36,0.561,3956.0,113.0,115.0,110.0,112.1,2.9,2.9,0.692,2.16,20.5,0.3,0.693,0.496,0.137,0.546,0.581,101.0,99.22,82.68,8177,0.522,2025-26,2025
1610612762,Utah Jazz,82,22,60,0.268,3966.0,111.2,112.7,119.3,120.8,-8.0,-8.2,0.696,1.91,19.9,0.298,0.693,0.492,0.149,0.536,0.575,104.9,103.54,86.28,8558,0.464,2025-26,2025
1610612763,Memphis Grizzlies,82,25,57,0.305,3946.0,109.7,112.4,115.8,118.4,-6.1,-6.0,0.673,1.85,19.2,0.301,0.663,0.478,0.148,0.533,0.57,104.1,101.69,84.74,8365,0.47,2025-26,2025
1610612764,Washington Wizards,82,17,65,0.207,3951.0,108.2,109.7,119.6,121.5,-11.4,-11.8,0.599,1.6,17.6,0.285,0.664,0.471,0.152,0.535,0.566,104.0,102.49,85.41,8442,0.433,2025-26,2025
1610612765,Detroit Pistons,82,60,22,0.732,3961.0,114.3,117.3,106.6,108.9,7.6,8.4,0.641,1.84,19.1,0.354,0.689,0.524,0.151,0.546,0.583,102.3,99.88,83.23,8231,0.552,2025-26,2025
1610612766,Charlotte Hornets,82,44,38,0.537,3951.0,114.7,118.4,111.9,113.5,2.9,4.9,0.643,1.71,18.6,0.358,0.722,0.539,0.157,0.552,0.589,99.9,97.59,81.33,8033,0.516,2025-26,2025
